Gmt time,Open,High,Low,Close,% change
02.01.2017 22:00:00.000,38.94,39.48,38.81,39.31,0.950179764
03.01.2017 22:00:00.000,39.42,39.54,39.18,39.35,-0.177574835
04.01.2017 22:00:00.000,39.3,39.72,39.25,39.7,1.017811705
05.01.2017 22:00:00.000,39.76,40.39,39.65,40.31,1.383299799
08.01.2017 22:00:00.000,40.32,40.5,40.15,40.33,0.024801587
09.01.2017 22:00:00.000,40.39,40.45,40.18,40.24,-0.371379054
10.01.2017 22:00:00.000,40.25,40.4,40.08,40.4,0.372670807
11.01.2017 22:00:00.000,40.36,40.37,39.96,40.32,-0.099108028
12.01.2017 22:00:00.000,40.37,40.56,40.34,40.39,0.049541739
16.01.2017 22:00:00.000,40.35,40.36,40.02,40.23,-0.29739777
17.01.2017 22:00:00.000,40.29,40.31,40.05,40.3,0.024820055
18.01.2017 22:00:00.000,40.26,40.47,40.09,40.11,-0.372578241
19.01.2017 22:00:00.000,40.35,40.35,40.11,40.25,-0.247831475
22.01.2017 22:00:00.000,40.3,41.04,40.21,40.97,1.662531017
23.01.2017 22:00:00.000,41.12,41.3,40.9,41.19,0.170233463
24.01.2017 22:00:00.000,41.48,41.79,41.28,41.78,0.723240116
25.01.2017 22:00:00.000,41.89,41.89,41.35,41.61,-0.668417283
26.01.2017 22:00:00.000,41.73,42.07,41.03,41.17,-1.34196022
29.01.2017 22:00:00.000,40.73,40.79,39.99,40.12,-1.497667567
30.01.2017 22:00:00.000,39.84,40.05,39.53,39.84,0
31.01.2017 22:00:00.000,39.99,40.05,39.56,39.78,-0.525131283
01.02.2017 22:00:00.000,39.73,40.12,39.6,39.93,0.503397936
02.02.2017 22:00:00.000,40.1,40.3,40.02,40.07,-0.074812968
05.02.2017 22:00:00.000,39.99,40.08,39.78,40.07,0.200050013
06.02.2017 22:00:00.000,40.1,40.53,40.1,40.35,0.623441397
07.02.2017 22:00:00.000,40.35,40.59,40.17,40.42,0.173482032
08.02.2017 22:00:00.000,40.48,40.53,40.23,40.48,0
09.02.2017 22:00:00.000,40.59,40.76,40.49,40.68,0.22172949
12.02.2017 22:00:00.000,40.8,41.04,40.78,40.96,0.392156863
13.02.2017 22:00:00.000,40.95,41.15,40.81,41.02,0.170940171
14.02.2017 22:00:00.000,40.97,41.15,40.92,40.95,-0.048816207
15.02.2017 22:00:00.000,41,41.22,40.96,41.21,0.512195122
16.02.2017 22:00:00.000,41.15,41.4,41.09,41.4,0.607533414
20.02.2017 22:00:00.000,41.48,41.67,41.42,41.58,0.241080039
21.02.2017 22:00:00.000,41.43,41.66,41.43,41.54,0.265508086
22.02.2017 22:00:00.000,41.51,41.62,41.15,41.57,0.144543483
23.02.2017 22:00:00.000,41.39,41.45,41.21,41.43,0.096641701
26.02.2017 22:00:00.000,41.23,41.52,41.21,41.46,0.557846228
27.02.2017 22:00:00.000,41.28,41.4,41.02,41.16,-0.290697674
28.02.2017 22:00:00.000,41.44,41.81,41.38,41.76,0.772200772
01.03.2017 22:00:00.000,41.69,41.71,41.48,41.53,-0.38378508
02.03.2017 22:00:00.000,41.53,41.57,41.3,41.45,-0.192631832
05.03.2017 22:00:00.000,41.35,41.44,41.12,41.39,0.096735187
06.03.2017 22:00:00.000,41.37,41.67,41.35,41.6,0.555958424
07.03.2017 22:00:00.000,41.68,41.91,41.6,41.77,0.215930902
08.03.2017 22:00:00.000,41.8,42.1,41.72,41.93,0.311004785
09.03.2017 22:00:00.000,42.16,42.24,41.98,42.16,0
12.03.2017 22:00:00.000,42.2,42.42,42.16,42.28,0.18957346
13.03.2017 22:00:00.000,42.18,42.36,42.04,42.28,0.237079184
14.03.2017 22:00:00.000,42.38,42.43,42.04,42.36,-0.047192072
15.03.2017 22:00:00.000,42.45,42.54,42.31,42.44,-0.023557126
16.03.2017 22:00:00.000,42.58,42.67,42.36,42.61,0.070455613
19.03.2017 22:00:00.000,42.5,42.5,42.26,42.42,-0.188235294
20.03.2017 22:00:00.000,42.57,42.67,41.46,41.52,-2.466525722
21.03.2017 22:00:00.000,41.6,41.78,41.36,41.48,-0.288461538
22.03.2017 22:00:00.000,41,41.12,40.62,40.88,-0.292682927
23.03.2017 22:00:00.000,41,41.1,40.45,40.72,-0.682926829
26.03.2017 22:00:00.000,40.35,41.08,40.18,40.98,1.56133829
27.03.2017 22:00:00.000,41.02,41.3,40.71,41.05,0.073135056
28.03.2017 22:00:00.000,41.25,41.63,41.14,41.57,0.775757576
29.03.2017 22:00:00.000,41.68,41.68,41.45,41.58,-0.239923225
30.03.2017 22:00:00.000,41.45,41.58,41.37,41.48,0.072376357
02.04.2017 22:00:00.000,41.46,42.04,41.46,41.93,1.133622769
03.04.2017 22:00:00.000,41.57,41.76,41.47,41.73,0.384892952
04.04.2017 22:00:00.000,41.78,42.12,41.55,41.57,-0.502632839
05.04.2017 22:00:00.000,41.62,41.82,41.32,41.39,-0.552618933
06.04.2017 22:00:00.000,41.4,41.41,41.05,41.23,-0.410628019
09.04.2017 22:00:00.000,41.27,41.47,41.19,41.24,-0.072692028
10.04.2017 22:00:00.000,41.24,41.36,40.86,41.17,-0.169738118
11.04.2017 22:00:00.000,41.1,41.33,41.05,41.22,0.291970803
12.04.2017 22:00:00.000,41.27,41.32,41.07,41.18,-0.218076084
16.04.2017 22:00:00.000,41.25,41.89,41.22,41.86,1.478787879
17.04.2017 22:00:00.000,41.71,41.94,41.67,41.84,0.311675857
18.04.2017 22:00:00.000,41.99,42.11,41.81,41.91,-0.190521553
19.04.2017 22:00:00.000,42.07,42.26,41.97,42.08,0.023769907
20.04.2017 22:00:00.000,42.14,42.19,42.04,42.16,0.047460845
23.04.2017 22:00:00.000,42.56,43.17,42.51,43.14,1.362781955
24.04.2017 22:00:00.000,43.25,43.75,43.14,43.62,0.855491329
25.04.2017 22:00:00.000,43.71,43.79,43.39,43.59,-0.274536719
26.04.2017 22:00:00.000,43.68,43.77,43.52,43.71,0.068681319
27.04.2017 22:00:00.000,45.55,45.84,45.29,45.3,-0.54884742
30.04.2017 22:00:00.000,45.14,45.78,45.1,45.63,1.085511741
01.05.2017 22:00:00.000,45.48,46.03,45.48,45.82,0.747581354
02.05.2017 22:00:00.000,45.65,46.4,45.65,46.35,1.533406353
03.05.2017 22:00:00.000,46.3,46.78,46.23,46.58,0.60475162
04.05.2017 22:00:00.000,46.68,46.75,46.26,46.36,-0.685518423
07.05.2017 22:00:00.000,46.31,46.85,46.27,46.72,0.88533794
08.05.2017 22:00:00.000,46.85,46.87,46.48,46.61,-0.512273212
09.05.2017 22:00:00.000,46.6,46.6,46.26,46.44,-0.343347639
10.05.2017 22:00:00.000,46.3,46.62,46.16,46.53,0.496760259
11.05.2017 22:00:00.000,46.67,46.67,46.4,46.61,-0.128562246
14.05.2017 22:00:00.000,46.65,46.91,46.47,46.85,0.428724544
15.05.2017 22:00:00.000,47,47.15,46.88,47.15,0.319148936
16.05.2017 22:00:00.000,46.78,46.97,45.91,45.98,-1.710132535
17.05.2017 22:00:00.000,46.04,46.66,45.94,46.51,1.020851434
18.05.2017 22:00:00.000,46.57,46.88,46.56,46.7,0.279149667
21.05.2017 22:00:00.000,46.77,47.09,46.76,47.09,0.684199273
22.05.2017 22:00:00.000,47.4,47.56,47.14,47.44,0.084388186
23.05.2017 22:00:00.000,47.65,47.75,47.48,47.75,0.209863589
24.05.2017 22:00:00.000,47.87,48.63,47.78,48.48,1.274284521
25.05.2017 22:00:00.000,48.49,48.73,48.25,48.57,0.164982471
29.05.2017 22:00:00.000,48.52,48.81,48.48,48.79,0.556471558
30.05.2017 22:00:00.000,48.76,48.96,48.05,48.24,-1.066447908
31.05.2017 22:00:00.000,48.45,48.57,48,48.35,-0.206398349
01.06.2017 22:00:00.000,48.47,48.78,48.31,48.78,0.639570869
04.06.2017 22:00:00.000,48.83,49.34,48.76,49.18,0.716772476
05.06.2017 22:00:00.000,49.16,49.41,48.76,48.83,-0.671277461
06.06.2017 22:00:00.000,48.98,49.21,48.79,49.05,0.142915476
07.06.2017 22:00:00.000,49.12,49.22,48.86,49.17,0.101791531
08.06.2017 22:00:00.000,49.23,49.23,46.79,47.49,-3.534430225
11.06.2017 22:00:00.000,46.98,47.47,45.82,47.15,0.361856109
12.06.2017 22:00:00.000,47.6,48,47.23,47.67,0.147058824
13.06.2017 22:00:00.000,48,48.04,47.11,47.54,-0.958333333
14.06.2017 22:00:00.000,46.7,47.15,46.25,47.12,0.899357602
15.06.2017 22:00:00.000,47.07,47.1,46.59,46.99,-0.169959635
18.06.2017 22:00:00.000,47.5,48,47.46,47.87,0.778947368
19.06.2017 22:00:00.000,47.88,48.08,47.5,47.53,-0.730994152
20.06.2017 22:00:00.000,47.68,48,47.56,47.97,0.608221477
21.06.2017 22:00:00.000,47.94,48.04,47.75,47.85,-0.187734668
22.06.2017 22:00:00.000,47.84,48.3,47.76,48.28,0.919732441
25.06.2017 22:00:00.000,48.5,48.65,47.55,47.61,-1.835051546
26.06.2017 22:00:00.000,47.12,47.41,46.35,46.37,-1.591680815
27.06.2017 22:00:00.000,46.45,47.14,45.82,47.02,1.227125942
28.06.2017 22:00:00.000,46.53,46.56,45.53,45.89,-1.375456695
29.06.2017 22:00:00.000,46.3,46.3,45.43,45.44,-1.857451404
02.07.2017 22:00:00.000,45.56,45.67,44.75,44.94,-1.360842845
04.07.2017 22:00:00.000,45.09,45.72,44.95,45.59,1.108893324
05.07.2017 22:00:00.000,45.21,45.74,44.99,45.33,0.265428003
06.07.2017 22:00:00.000,45.44,46.07,45.44,45.93,1.07834507
09.07.2017 22:00:00.000,46.09,46.52,45.98,46.44,0.759383814
10.07.2017 22:00:00.000,46.48,46.57,46.13,46.5,0.04302926
11.07.2017 22:00:00.000,46.93,47.32,46.72,47.19,0.55401662
12.07.2017 22:00:00.000,47.31,47.72,47.16,47.36,0.105685902
13.07.2017 22:00:00.000,47.6,47.85,47.43,47.8,0.420168067
16.07.2017 22:00:00.000,47.85,48.04,47.48,47.67,-0.376175549
17.07.2017 22:00:00.000,47.65,48.4,47.54,48.27,1.30115425
18.07.2017 22:00:00.000,48.39,48.65,48.23,48.54,0.309981401
19.07.2017 22:00:00.000,48.75,48.8,48.09,48.41,-0.697435897
20.07.2017 22:00:00.000,48.11,48.66,48.05,48.65,1.12242777
23.07.2017 22:00:00.000,48.61,49.31,48.55,49.02,0.84344785
24.07.2017 22:00:00.000,47.69,47.99,47.27,47.54,-0.314531348
25.07.2017 22:00:00.000,47.74,47.74,47.12,47.39,-0.73313783
26.07.2017 22:00:00.000,47.49,47.52,46,46.7,-1.663508107
27.07.2017 22:00:00.000,46.44,47.19,46.39,47.08,1.378122308
30.07.2017 22:00:00.000,47.09,47.18,46.32,46.53,-1.189212147
31.07.2017 22:00:00.000,46.62,46.86,46.47,46.54,-0.171600172
01.08.2017 22:00:00.000,46.43,46.61,45.83,46.52,0.19384019
02.08.2017 22:00:00.000,46.52,46.55,46.12,46.18,-0.730868444
03.08.2017 22:00:00.000,46.34,46.51,46.16,46.4,0.129477773
06.08.2017 22:00:00.000,46.45,46.58,46.33,46.47,0.043057051
07.08.2017 22:00:00.000,46.35,46.78,46.29,46.34,-0.021574973
08.08.2017 22:00:00.000,46.03,46.29,45.87,46.15,0.260699544
09.08.2017 22:00:00.000,45.88,45.95,45.33,45.36,-1.133391456
10.08.2017 22:00:00.000,45.38,45.88,45.3,45.72,0.749228735
13.08.2017 22:00:00.000,46.13,46.23,45.91,46.13,0
14.08.2017 22:00:00.000,46.21,46.33,46,46.11,-0.216403376
15.08.2017 22:00:00.000,46.26,46.63,46.18,46.35,0.194552529
16.08.2017 22:00:00.000,46.29,46.33,45.55,45.55,-1.598617412
17.08.2017 22:00:00.000,45.52,45.76,45.38,45.53,0.021968366
20.08.2017 22:00:00.000,45.5,45.62,45.18,45.33,-0.373626374
21.08.2017 22:00:00.000,45.64,46.29,45.6,46.23,1.292725679
22.08.2017 22:00:00.000,46.1,46.5,45.98,46.35,0.542299349
23.08.2017 22:00:00.000,46.43,46.54,45.78,46.06,-0.796898557
24.08.2017 22:00:00.000,46.17,46.27,45.78,45.79,-0.823045267
27.08.2017 22:00:00.000,45.8,45.95,45.6,45.69,-0.240174672
28.08.2017 22:00:00.000,45.26,46.16,45.25,46.06,1.767565179
29.08.2017 22:00:00.000,46,46.54,46,46.48,1.043478261
30.08.2017 22:00:00.000,46.59,47.09,46.59,46.97,0.815625671
31.08.2017 22:00:00.000,47.03,47.11,46.76,46.87,-0.340208378
04.09.2017 22:00:00.000,46.65,46.85,46.1,46.42,-0.493033226
05.09.2017 22:00:00.000,46.51,46.53,45.98,46.39,-0.25800903
06.09.2017 22:00:00.000,46.59,46.82,46.21,46.8,0.450740502
07.09.2017 22:00:00.000,46.82,46.85,46.25,46.33,-1.046561299
10.09.2017 22:00:00.000,46.71,46.92,46.35,46.45,-0.55662599
11.09.2017 22:00:00.000,46.63,46.67,46.2,46.6,-0.064336264
12.09.2017 22:00:00.000,46.53,46.86,46.5,46.75,0.472813239
13.09.2017 22:00:00.000,46.56,46.63,46.2,46.26,-0.644329897
14.09.2017 22:00:00.000,46.23,46.32,45.83,46.01,-0.475881462
17.09.2017 22:00:00.000,46,46.1,45.54,45.75,-0.543478261
18.09.2017 14:00:00.000,46,46.1,45.85,46.04,0.086956522
18.09.2017 15:00:00.000,46.03,46.08,45.9,45.98,-0.10862481
18.09.2017 16:00:00.000,45.98,46.05,45.9,45.9,-0.173988691
18.09.2017 17:00:00.000,45.9,45.93,45.78,45.84,-0.130718954
18.09.2017 18:00:00.000,45.84,45.9,45.81,45.89,0.109075044
18.09.2017 19:00:00.000,45.89,45.9,45.53,45.65,-0.522989758
18.09.2017 20:00:00.000,45.65,45.79,45.64,45.73,0.17524644
18.09.2017 21:00:00.000,45.75,45.75,45.75,45.75,0
19.09.2017 14:00:00.000,45.85,45.91,45.63,45.7,-0.327153762
19.09.2017 15:00:00.000,45.7,45.95,45.63,45.94,0.525164114
19.09.2017 16:00:00.000,45.94,46.06,45.84,46,0.130605137
19.09.2017 17:00:00.000,46,46.08,45.98,46.01,0.02173913
19.09.2017 18:00:00.000,46.01,46.02,45.94,46.01,0
19.09.2017 19:00:00.000,46.01,46.08,46,46.03,0.043468811
19.09.2017 20:00:00.000,46.03,46.12,46,46.09,0.130349772
19.09.2017 21:00:00.000,46.08,46.08,46.08,46.08,0
20.09.2017 14:00:00.000,46.08,46.48,46.08,46.36,0.607638889
20.09.2017 15:00:00.000,46.36,46.69,46.33,46.33,-0.064710958
20.09.2017 16:00:00.000,46.33,46.58,46.28,46.57,0.518022879
20.09.2017 17:00:00.000,46.57,46.64,46.52,46.52,-0.107365257
20.09.2017 18:00:00.000,46.52,46.56,46.44,46.47,-0.107480653
20.09.2017 19:00:00.000,46.48,46.55,46.23,46.48,0
20.09.2017 20:00:00.000,46.48,46.61,46.37,46.56,0.17211704
20.09.2017 21:00:00.000,46.57,46.58,46.57,46.58,0.021473051
21.09.2017 14:00:00.000,46.58,46.58,46.18,46.26,-0.686990125
21.09.2017 15:00:00.000,46.26,46.47,46.2,46.47,0.453955901
21.09.2017 16:00:00.000,46.47,46.7,46.45,46.6,0.279750377
21.09.2017 17:00:00.000,46.6,46.73,46.6,46.67,0.150214592
21.09.2017 18:00:00.000,46.67,46.8,46.67,46.79,0.257124491
21.09.2017 19:00:00.000,46.79,46.82,46.72,46.8,0.021372088
21.09.2017 20:00:00.000,46.8,46.81,46.61,46.62,-0.384615385
21.09.2017 21:00:00.000,46.62,46.62,46.62,46.62,0
22.09.2017 14:00:00.000,46.62,46.65,46.35,46.5,-0.257400257
22.09.2017 15:00:00.000,46.5,46.73,46.5,46.63,0.279569892
22.09.2017 16:00:00.000,46.63,46.66,46.53,46.56,-0.15011795
22.09.2017 17:00:00.000,46.56,46.58,46.4,46.4,-0.343642612
22.09.2017 18:00:00.000,46.4,46.41,46.32,46.41,0.021551724
22.09.2017 19:00:00.000,46.4,46.43,46.36,46.39,-0.021551724
22.09.2017 20:00:00.000,46.39,46.48,46.36,46.41,0.04311274
22.09.2017 21:00:00.000,46.43,46.43,46.43,46.43,0
25.09.2017 14:00:00.000,46.26,46.27,45.8,45.8,-0.994379594
25.09.2017 15:00:00.000,45.81,46.03,45.67,45.71,-0.218292949
25.09.2017 16:00:00.000,45.72,45.8,45.58,45.61,-0.240594926
25.09.2017 17:00:00.000,45.61,45.73,45.49,45.69,0.175400132
25.09.2017 18:00:00.000,45.68,45.73,45.62,45.69,0.021891419
25.09.2017 19:00:00.000,45.69,45.77,45.66,45.75,0.131319764
25.09.2017 20:00:00.000,45.75,46.07,45.73,46.06,0.677595628
25.09.2017 21:00:00.000,46.05,46.05,46.03,46.03,-0.043431053
26.09.2017 14:00:00.000,46.12,46.35,46.05,46.26,0.303555941
26.09.2017 15:00:00.000,46.25,46.39,46.13,46.17,-0.172972973
26.09.2017 16:00:00.000,46.17,46.3,46.08,46.29,0.259909032
26.09.2017 17:00:00.000,46.29,46.39,46.28,46.35,0.129617628
26.09.2017 18:00:00.000,46.35,46.53,46.33,46.45,0.21574973
26.09.2017 19:00:00.000,46.45,46.47,46.28,46.33,-0.258342304
26.09.2017 20:00:00.000,46.33,46.38,46.2,46.23,-0.215842866
26.09.2017 21:00:00.000,46.22,46.22,46.22,46.22,0
27.09.2017 14:00:00.000,46.22,46.77,46.22,46.64,0.908697534
27.09.2017 15:00:00.000,46.64,46.7,46.5,46.59,-0.107204117
27.09.2017 16:00:00.000,46.59,46.79,46.55,46.72,0.279029835
27.09.2017 17:00:00.000,46.72,46.78,46.67,46.77,0.107020548
27.09.2017 18:00:00.000,46.77,46.84,46.75,46.8,0.064143682
27.09.2017 19:00:00.000,46.8,47.21,46.8,47.2,0.854700855
27.09.2017 20:00:00.000,47.2,47.5,47.19,47.22,0.042372881
27.09.2017 21:00:00.000,47.22,47.22,47.22,47.22,0
28.09.2017 14:00:00.000,47.22,47.4,47.02,47.37,0.317662008
28.09.2017 15:00:00.000,47.37,47.53,47.2,47.38,0.021110407
28.09.2017 16:00:00.000,47.38,47.42,47.24,47.26,-0.253271423
28.09.2017 17:00:00.000,47.26,47.34,47.24,47.32,0.126957258
28.09.2017 18:00:00.000,47.32,47.47,47.28,47.46,0.295857988
28.09.2017 19:00:00.000,47.45,47.47,47.36,47.43,-0.042149631
28.09.2017 20:00:00.000,47.43,47.5,47.37,47.47,0.084334809
28.09.2017 21:00:00.000,47.49,47.49,47.49,47.49,0
29.09.2017 14:00:00.000,47.49,47.99,47.49,47.74,0.526426616
29.09.2017 15:00:00.000,47.73,47.92,47.67,47.84,0.230463021
29.09.2017 16:00:00.000,47.84,47.95,47.8,47.9,0.12541806
29.09.2017 17:00:00.000,47.9,47.96,47.87,47.94,0.083507307
29.09.2017 18:00:00.000,47.94,47.96,47.87,47.94,0
29.09.2017 19:00:00.000,47.94,47.96,47.88,47.94,0
29.09.2017 20:00:00.000,47.94,47.97,47.8,47.94,0
29.09.2017 21:00:00.000,47.94,47.94,47.94,47.94,0
02.10.2017 14:00:00.000,47.94,48.12,47.76,47.92,-0.041718815
02.10.2017 15:00:00.000,47.92,48.03,47.85,47.89,-0.062604341
02.10.2017 16:00:00.000,47.89,47.9,47.47,47.47,-0.877009814
02.10.2017 17:00:00.000,47.47,47.71,47.38,47.67,0.421318728
02.10.2017 18:00:00.000,47.67,47.72,47.6,47.61,-0.125865324
02.10.2017 19:00:00.000,47.61,47.69,47.53,47.62,0.021003991
02.10.2017 20:00:00.000,47.62,47.69,47.57,47.65,0.06299874
02.10.2017 21:00:00.000,47.65,47.65,47.65,47.65,0
03.10.2017 14:00:00.000,47.65,47.8,47.55,47.71,0.125918153
03.10.2017 15:00:00.000,47.7,47.73,47.45,47.68,-0.041928721
03.10.2017 16:00:00.000,47.66,47.7,47.55,47.58,-0.167855644
03.10.2017 17:00:00.000,47.58,47.72,47.57,47.61,0.063051702
03.10.2017 18:00:00.000,47.61,47.71,47.58,47.69,0.168031926
03.10.2017 19:00:00.000,47.69,47.82,47.69,47.8,0.230656322
03.10.2017 20:00:00.000,47.81,47.89,47.74,47.89,0.167329011
03.10.2017 21:00:00.000,47.9,47.9,47.9,47.9,0
04.10.2017 14:00:00.000,47.9,48.01,47.71,47.88,-0.041753653
04.10.2017 15:00:00.000,47.88,47.88,47.75,47.84,-0.083542189
04.10.2017 16:00:00.000,47.83,47.87,47.72,47.73,-0.209073803
04.10.2017 17:00:00.000,47.74,47.86,47.73,47.81,0.146627566
04.10.2017 18:00:00.000,47.81,47.81,47.61,47.68,-0.271909642
04.10.2017 19:00:00.000,47.67,47.74,47.66,47.73,0.125865324
04.10.2017 20:00:00.000,47.73,47.75,47.54,47.58,-0.314267756
04.10.2017 21:00:00.000,47.58,47.58,47.58,47.58,0
05.10.2017 14:00:00.000,47.76,47.97,47.76,47.82,0.125628141
05.10.2017 15:00:00.000,47.82,47.97,47.82,47.94,0.250941029
05.10.2017 16:00:00.000,47.94,48.06,47.9,48.03,0.187734668
05.10.2017 17:00:00.000,48.03,48.38,48.03,48.37,0.707890902
05.10.2017 18:00:00.000,48.37,48.41,48.28,48.32,-0.103369857
05.10.2017 19:00:00.000,48.32,48.49,48.28,48.46,0.289735099
05.10.2017 20:00:00.000,48.46,48.53,48.4,48.5,0.082542303
05.10.2017 21:00:00.000,48.49,48.5,48.49,48.5,0.020622809
06.10.2017 14:00:00.000,48.5,48.6,48.17,48.46,-0.082474227
06.10.2017 15:00:00.000,48.46,48.64,48.45,48.48,0.041271151
06.10.2017 16:00:00.000,48.48,48.63,48.48,48.63,0.309405941
06.10.2017 17:00:00.000,48.63,48.92,48.58,48.87,0.493522517
06.10.2017 18:00:00.000,48.87,48.91,48.85,48.88,0.020462451
06.10.2017 19:00:00.000,48.88,48.9,48.82,48.88,0
06.10.2017 20:00:00.000,48.88,48.96,48.75,48.94,0.122749591
06.10.2017 21:00:00.000,48.94,48.94,48.94,48.94,0
09.10.2017 14:00:00.000,48.98,49.16,48.85,49.16,0.367496938
09.10.2017 15:00:00.000,49.16,49.26,49.11,49.18,0.040683483
09.10.2017 16:00:00.000,49.18,49.22,49.07,49.08,-0.203334689
09.10.2017 17:00:00.000,49.08,49.15,49.07,49.13,0.101874491
09.10.2017 18:00:00.000,49.13,49.18,49.04,49.05,-0.162833299
09.10.2017 19:00:00.000,49.05,49.1,48.84,48.98,-0.142711519
09.10.2017 20:00:00.000,48.98,48.98,48.81,48.83,-0.306247448
09.10.2017 21:00:00.000,48.83,48.84,48.83,48.84,0.020479214
10.10.2017 14:00:00.000,48.98,49.05,48.65,48.66,-0.653327889
10.10.2017 15:00:00.000,48.66,48.72,48.51,48.63,-0.061652281
10.10.2017 16:00:00.000,48.63,48.64,48.32,48.36,-0.555212832
10.10.2017 17:00:00.000,48.36,48.56,48.3,48.51,0.310173697
10.10.2017 18:00:00.000,48.52,48.66,48.52,48.57,0.103050289
10.10.2017 19:00:00.000,48.57,48.62,48.56,48.6,0.061766523
10.10.2017 20:00:00.000,48.6,48.73,48.6,48.62,0.041152263
10.10.2017 21:00:00.000,48.63,48.63,48.63,48.63,0
11.10.2017 14:00:00.000,48.65,48.86,48.6,48.78,0.2672148
11.10.2017 15:00:00.000,48.78,49.13,48.76,49.08,0.61500615
11.10.2017 16:00:00.000,49.08,49.15,48.97,49.09,0.020374898
11.10.2017 17:00:00.000,49.09,49.34,49.09,49.26,0.346302709
11.10.2017 18:00:00.000,49.26,49.3,49.21,49.27,0.020300447
11.10.2017 19:00:00.000,49.27,49.4,49.23,49.38,0.22325959
11.10.2017 20:00:00.000,49.37,49.53,49.37,49.46,0.182296941
11.10.2017 21:00:00.000,49.46,49.46,49.46,49.46,0
12.10.2017 14:00:00.000,49.35,49.48,49.25,49.39,0.081053698
12.10.2017 15:00:00.000,49.39,49.56,49.32,49.34,-0.101235068
12.10.2017 16:00:00.000,49.34,49.45,49.3,49.44,0.202675314
12.10.2017 17:00:00.000,49.44,49.57,49.37,49.4,-0.080906149
12.10.2017 18:00:00.000,49.41,49.71,49.4,49.64,0.465492815
12.10.2017 19:00:00.000,49.64,49.68,49.44,49.48,-0.322320709
12.10.2017 20:00:00.000,49.48,49.52,49.32,49.38,-0.202101859
13.10.2017 14:00:00.000,49.6,49.71,49.53,49.63,0.060483871
13.10.2017 15:00:00.000,49.63,49.85,49.63,49.73,0.201491034
13.10.2017 16:00:00.000,49.73,49.78,49.67,49.71,-0.040217173
13.10.2017 17:00:00.000,49.71,49.82,49.68,49.8,0.181050091
13.10.2017 18:00:00.000,49.8,49.84,49.64,49.64,-0.321285141
13.10.2017 19:00:00.000,49.65,49.65,49.49,49.57,-0.161127895
13.10.2017 20:00:00.000,49.57,49.61,49.45,49.46,-0.221908412
16.10.2017 14:00:00.000,49.65,49.66,49.43,49.44,-0.422960725
16.10.2017 15:00:00.000,49.44,49.45,49.25,49.28,-0.323624595
16.10.2017 16:00:00.000,49.28,49.4,49.28,49.34,0.121753247
16.10.2017 17:00:00.000,49.34,49.39,49.26,49.33,-0.020267531
16.10.2017 18:00:00.000,49.34,49.36,49.2,49.28,-0.121605188
16.10.2017 19:00:00.000,49.28,49.5,49.28,49.47,0.385551948
16.10.2017 20:00:00.000,49.47,49.64,49.46,49.61,0.282999798
17.10.2017 14:00:00.000,49.5,49.73,49.45,49.72,0.444444444
17.10.2017 15:00:00.000,49.72,49.82,49.49,49.6,-0.241351569
17.10.2017 16:00:00.000,49.61,49.61,49.41,49.44,-0.342672848
17.10.2017 17:00:00.000,49.44,49.58,49.44,49.54,0.202265372
17.10.2017 18:00:00.000,49.53,49.6,49.48,49.59,0.121138704
17.10.2017 19:00:00.000,49.59,49.6,49.48,49.53,-0.120992136
17.10.2017 20:00:00.000,49.54,49.62,49.51,49.59,0.100928543
18.10.2017 14:00:00.000,49.6,49.6,49.33,49.47,-0.262096774
18.10.2017 15:00:00.000,49.47,49.83,49.47,49.72,0.505356782
18.10.2017 16:00:00.000,49.72,49.81,49.65,49.66,-0.120675784
18.10.2017 17:00:00.000,49.66,49.73,49.65,49.66,0
18.10.2017 18:00:00.000,49.66,49.69,49.55,49.6,-0.120821587
18.10.2017 19:00:00.000,49.6,49.77,49.59,49.71,0.221774194
18.10.2017 20:00:00.000,49.71,49.73,49.55,49.65,-0.12070006
18.10.2017 21:00:00.000,49.64,49.64,49.64,49.64,0
19.10.2017 14:00:00.000,49.2,49.25,48.9,49.08,-0.243902439
19.10.2017 15:00:00.000,49.08,49.29,49.01,49.24,0.32599837
19.10.2017 16:00:00.000,49.24,49.35,49.16,49.16,-0.162469537
19.10.2017 17:00:00.000,49.16,49.18,49.05,49.18,0.040683483
19.10.2017 18:00:00.000,49.17,49.23,49.15,49.17,0
19.10.2017 19:00:00.000,49.17,49.28,49.12,49.22,0.101688021
19.10.2017 20:00:00.000,49.22,49.35,49.14,49.24,0.040633889
20.10.2017 14:00:00.000,49.4,49.46,49.3,49.41,0.020242915
20.10.2017 15:00:00.000,49.4,49.54,49.25,49.25,-0.303643725
20.10.2017 16:00:00.000,49.25,49.35,49.23,49.31,0.121827411
20.10.2017 17:00:00.000,49.31,49.38,49.3,49.36,0.10139931
20.10.2017 18:00:00.000,49.36,49.45,49.36,49.38,0.040518639
20.10.2017 19:00:00.000,49.38,49.45,49.36,49.42,0.081004455
20.10.2017 20:00:00.000,49.42,49.42,49.29,49.33,-0.182112505
23.10.2017 14:00:00.000,49.32,49.35,48.87,49.05,-0.547445255
23.10.2017 15:00:00.000,49.05,49.15,48.76,48.78,-0.550458716
23.10.2017 16:00:00.000,48.76,48.84,48.7,48.74,-0.041017227
23.10.2017 17:00:00.000,48.74,48.75,48.65,48.71,-0.061551087
23.10.2017 18:00:00.000,48.71,48.79,48.62,48.69,-0.041059331
23.10.2017 19:00:00.000,48.69,48.77,48.64,48.68,-0.020538098
23.10.2017 20:00:00.000,48.67,48.67,48.3,48.38,-0.595849599
24.10.2017 14:00:00.000,48.23,48.41,48.06,48.21,-0.041467966
24.10.2017 15:00:00.000,48.21,48.57,48.21,48.55,0.705247874
24.10.2017 16:00:00.000,48.55,48.6,48.44,48.48,-0.144181256
24.10.2017 17:00:00.000,48.47,48.54,48.43,48.47,0
24.10.2017 18:00:00.000,48.48,48.53,48.43,48.45,-0.061881188
24.10.2017 19:00:00.000,48.44,48.5,48.39,48.46,0.041288192
24.10.2017 20:00:00.000,48.46,48.55,48.4,48.54,0.165084606
25.10.2017 14:00:00.000,48.57,48.82,48.46,48.51,-0.123533045
25.10.2017 15:00:00.000,48.51,48.68,48.43,48.48,-0.061842919
25.10.2017 16:00:00.000,48.48,48.48,48.03,48.19,-0.598184818
25.10.2017 17:00:00.000,48.19,48.39,48.09,48.33,0.290516705
25.10.2017 18:00:00.000,48.33,48.47,48.25,48.45,0.248292986
25.10.2017 19:00:00.000,48.45,48.6,48.44,48.59,0.288957688
25.10.2017 20:00:00.000,48.59,48.68,48.46,48.67,0.164642931
25.10.2017 21:00:00.000,48.65,48.65,48.65,48.65,0
26.10.2017 14:00:00.000,49.29,49.37,48.97,49,-0.588354636
26.10.2017 15:00:00.000,48.98,49.05,48.8,48.96,-0.040832993
26.10.2017 16:00:00.000,48.96,48.98,48.8,48.95,-0.020424837
26.10.2017 17:00:00.000,48.95,49.03,48.83,48.83,-0.24514811
26.10.2017 18:00:00.000,48.83,48.91,48.7,48.71,-0.245750563
26.10.2017 19:00:00.000,48.71,48.9,48.71,48.88,0.349004311
26.10.2017 20:00:00.000,48.88,48.95,48.77,48.78,-0.204582651
27.10.2017 14:00:00.000,50.61,51.74,50.61,51.71,2.173483501
27.10.2017 15:00:00.000,51.7,52.42,51.62,51.62,-0.154738878
27.10.2017 16:00:00.000,51.61,51.93,51.58,51.7,0.174384809
27.10.2017 17:00:00.000,51.7,51.93,51.6,51.62,-0.154738878
27.10.2017 18:00:00.000,51.62,51.65,51.28,51.55,-0.135606354
27.10.2017 19:00:00.000,51.53,51.61,51.26,51.35,-0.349311081
27.10.2017 20:00:00.000,51.35,51.35,50.99,51,-0.681596884
30.10.2017 14:00:00.000,50.82,51.01,50.7,50.83,0.019677292
30.10.2017 15:00:00.000,50.83,51.24,50.75,51.06,0.452488688
30.10.2017 16:00:00.000,51.05,51.14,50.5,50.57,-0.940254652
30.10.2017 17:00:00.000,50.57,50.76,50.36,50.7,0.257069409
30.10.2017 18:00:00.000,50.7,50.82,50.61,50.63,-0.138067061
30.10.2017 19:00:00.000,50.63,50.85,50.59,50.81,0.355520442
30.10.2017 20:00:00.000,50.81,50.92,50.68,50.9,0.177130486
31.10.2017 14:00:00.000,50.62,50.78,50.54,50.61,-0.019755038
31.10.2017 15:00:00.000,50.61,50.77,50.51,50.7,0.177830468
31.10.2017 16:00:00.000,50.7,50.96,50.7,50.82,0.236686391
31.10.2017 17:00:00.000,50.8,50.83,50.72,50.8,0
31.10.2017 18:00:00.000,50.8,50.9,50.71,50.87,0.137795276
31.10.2017 19:00:00.000,50.88,51.2,50.87,50.93,0.09827044
31.10.2017 20:00:00.000,50.93,50.99,50.75,50.77,-0.314156686
01.11.2017 14:00:00.000,51.22,51.31,50.93,51,-0.429519719
01.11.2017 15:00:00.000,51.01,51.35,50.95,51.19,0.352871986
01.11.2017 16:00:00.000,51.19,51.41,51.13,51.25,0.117210393
01.11.2017 17:00:00.000,51.25,51.48,51.25,51.44,0.370731707
01.11.2017 18:00:00.000,51.45,51.47,51.18,51.32,-0.252672498
01.11.2017 19:00:00.000,51.32,51.44,51.29,51.36,0.077942323
01.11.2017 20:00:00.000,51.34,51.34,51.23,51.25,-0.175301909
01.11.2017 21:00:00.000,51.25,51.25,51.25,51.25,0
02.11.2017 14:00:00.000,51.05,51.31,51.01,51.14,0.176297747
02.11.2017 15:00:00.000,51.15,51.18,50.65,51.03,-0.234604106
02.11.2017 16:00:00.000,51.03,51.15,50.77,51.05,0.039192632
02.11.2017 17:00:00.000,51.05,51.18,51.02,51.16,0.215475024
02.11.2017 18:00:00.000,51.16,51.33,51.15,51.16,0
02.11.2017 19:00:00.000,51.16,51.37,51.11,51.34,0.351837373
02.11.2017 20:00:00.000,51.34,51.4,51.24,51.3,-0.077911959
03.11.2017 14:00:00.000,51.09,51.22,51.01,51.16,0.137013114
03.11.2017 15:00:00.000,51.16,51.22,51.05,51.19,0.058639562
03.11.2017 16:00:00.000,51.17,51.35,51.14,51.33,0.312683213
03.11.2017 17:00:00.000,51.33,51.41,51.27,51.36,0.058445354
03.11.2017 18:00:00.000,51.36,51.53,51.36,51.41,0.097352025
03.11.2017 19:00:00.000,51.41,51.62,51.41,51.58,0.330674966
03.11.2017 20:00:00.000,51.58,51.63,51.5,51.62,0.077549438
06.11.2017 14:00:00.000,51.55,51.73,51.5,51.62,0.135790495
06.11.2017 15:00:00.000,51.62,51.62,51.43,51.53,-0.174351027
06.11.2017 16:00:00.000,51.51,51.57,51.38,51.42,-0.174723355
06.11.2017 17:00:00.000,51.42,51.51,51.42,51.45,0.058343057
06.11.2017 18:00:00.000,51.46,51.53,51.43,51.51,0.097162845
06.11.2017 19:00:00.000,51.51,51.51,51.38,51.41,-0.194137061
06.11.2017 20:00:00.000,51.41,51.45,51.26,51.29,-0.233417623
07.11.2017 14:00:00.000,51.48,51.58,51.43,51.43,-0.097125097
07.11.2017 15:00:00.000,51.43,51.53,51.35,51.39,-0.077775617
07.11.2017 16:00:00.000,51.39,51.45,51.25,51.3,-0.175131349
07.11.2017 17:00:00.000,51.3,51.64,51.28,51.61,0.604288499
07.11.2017 18:00:00.000,51.61,51.62,51.47,51.47,-0.271265259
07.11.2017 19:00:00.000,51.48,51.53,51.47,51.51,0.058275058
07.11.2017 20:00:00.000,51.51,51.69,51.46,51.66,0.291205591
08.11.2017 14:00:00.000,51.61,51.61,51.41,51.49,-0.232513079
08.11.2017 15:00:00.000,51.49,51.71,51.49,51.67,0.349582443
08.11.2017 16:00:00.000,51.67,51.91,51.67,51.82,0.290303851
08.11.2017 17:00:00.000,51.82,51.91,51.8,51.88,0.115785411
08.11.2017 18:00:00.000,51.89,52.14,51.88,52.13,0.462516863
08.11.2017 19:00:00.000,52.13,52.18,51.98,51.99,-0.268559371
08.11.2017 20:00:00.000,51.98,52.05,51.89,51.99,0.019238169
08.11.2017 21:00:00.000,51.99,51.99,51.99,51.99,0
09.11.2017 14:00:00.000,51.35,51.42,51,51.2,-0.29211295
09.11.2017 15:00:00.000,51.2,51.46,51.12,51.46,0.5078125
09.11.2017 16:00:00.000,51.46,51.48,51.17,51.26,-0.38865138
09.11.2017 17:00:00.000,51.25,51.31,51.02,51.08,-0.331707317
09.11.2017 18:00:00.000,51.08,51.21,50.99,51.15,0.137039937
09.11.2017 19:00:00.000,51.15,51.43,51.13,51.35,0.391006843
09.11.2017 20:00:00.000,51.36,51.59,51.35,51.57,0.408878505
10.11.2017 14:00:00.000,51.36,51.45,51.27,51.3,-0.11682243
10.11.2017 15:00:00.000,51.3,51.44,51.26,51.33,0.058479532
10.11.2017 16:00:00.000,51.33,51.4,51.28,51.38,0.097408923
10.11.2017 17:00:00.000,51.38,51.45,51.37,51.37,-0.019462826
10.11.2017 18:00:00.000,51.38,51.46,51.3,51.4,0.038925652
10.11.2017 19:00:00.000,51.4,51.53,51.39,51.47,0.13618677
10.11.2017 20:00:00.000,51.47,51.5,51.33,51.4,-0.136001554
13.11.2017 14:00:00.000,51.17,51.48,51.15,51.4,0.449482118
13.11.2017 15:00:00.000,51.4,51.46,51.34,51.45,0.097276265
13.11.2017 16:00:00.000,51.45,51.58,51.42,51.43,-0.038872692
13.11.2017 17:00:00.000,51.44,51.47,51.36,51.42,-0.038880249
13.11.2017 18:00:00.000,51.42,51.45,51.35,51.37,-0.097238429
13.11.2017 19:00:00.000,51.37,51.43,51.35,51.39,0.03893323
13.11.2017 20:00:00.000,51.39,51.44,51.2,51.27,-0.233508465
14.11.2017 14:00:00.000,51.25,51.25,50.9,50.9,-0.682926829
14.11.2017 15:00:00.000,50.9,51.22,50.71,51.16,0.510805501
14.11.2017 16:00:00.000,51.15,51.19,51.05,51.19,0.078201369
14.11.2017 17:00:00.000,51.18,51.26,51.07,51.08,-0.195388824
14.11.2017 18:00:00.000,51.08,51.22,50.98,51.2,0.234925607
14.11.2017 19:00:00.000,51.22,51.3,51.18,51.25,0.058570871
14.11.2017 20:00:00.000,51.25,51.34,51.2,51.29,0.07804878
15.11.2017 14:00:00.000,51.05,51.17,50.77,50.99,-0.117531832
15.11.2017 15:00:00.000,50.99,51.18,50.95,51.08,0.176505197
15.11.2017 16:00:00.000,51.07,51.2,51.07,51.17,0.195809673
15.11.2017 17:00:00.000,51.17,51.17,51.01,51.05,-0.23451241
15.11.2017 18:00:00.000,51.06,51.07,50.96,51,-0.117508813
15.11.2017 19:00:00.000,51.01,51.2,51,51.15,0.274455989
15.11.2017 20:00:00.000,51.15,51.19,50.89,51.05,-0.195503421
15.11.2017 21:00:00.000,51.05,51.05,51.05,51.05,0
16.11.2017 14:00:00.000,51.24,51.36,51.18,51.31,0.136612022
16.11.2017 15:00:00.000,51.31,51.59,51.28,51.5,0.370298187
16.11.2017 16:00:00.000,51.5,51.6,51.5,51.55,0.097087379
16.11.2017 17:00:00.000,51.55,51.79,51.55,51.78,0.446168768
16.11.2017 18:00:00.000,51.78,51.78,51.61,51.65,-0.251062186
16.11.2017 19:00:00.000,51.65,51.68,51.57,51.6,-0.096805421
16.11.2017 20:00:00.000,51.61,51.68,51.6,51.65,0.07750436
17.11.2017 14:00:00.000,51.58,51.6,51.46,51.55,-0.058162078
17.11.2017 15:00:00.000,51.55,51.57,51.38,51.52,-0.058195926
17.11.2017 16:00:00.000,51.52,51.57,51.41,51.42,-0.194099379
17.11.2017 17:00:00.000,51.42,51.49,51.36,51.39,-0.058343057
17.11.2017 18:00:00.000,51.39,51.4,51.19,51.19,-0.389180774
17.11.2017 19:00:00.000,51.19,51.24,51,51.04,-0.293025982
17.11.2017 20:00:00.000,51.04,51.1,50.89,50.91,-0.254702194
21.11.2017 15:00:00.000,51.38,51.4,51.31,51.39,0.019462826
21.11.2017 16:00:00.000,51.39,51.53,51.35,51.5,0.214049426
21.11.2017 17:00:00.000,51.5,51.53,51.48,51.49,-0.019417476
21.11.2017 18:00:00.000,51.49,51.61,51.49,51.58,0.174791222
21.11.2017 19:00:00.000,51.56,51.67,51.55,51.62,0.116369279
21.11.2017 20:00:00.000,51.62,51.71,51.59,51.64,0.038744673
22.11.2017 14:00:00.000,51.78,51.81,51.63,51.68,-0.193124759
22.11.2017 15:00:00.000,51.68,51.74,51.6,51.63,-0.096749226
22.11.2017 16:00:00.000,51.63,51.67,51.56,51.63,0
22.11.2017 17:00:00.000,51.63,51.72,51.62,51.71,0.154948673
22.11.2017 18:00:00.000,51.72,51.77,51.68,51.74,0.03866976
22.11.2017 19:00:00.000,51.74,51.98,51.73,51.92,0.347893313
22.11.2017 20:00:00.000,51.92,51.92,51.77,51.77,-0.288906009
24.11.2017 14:00:00.000,51.82,52.09,51.82,52.01,0.366653802
24.11.2017 15:00:00.000,52.01,52.14,51.95,52.12,0.211497789
24.11.2017 16:00:00.000,52.11,52.15,52.03,52.04,-0.134331222
24.11.2017 17:00:00.000,52.04,52.14,52.03,52.03,-0.019215988
27.11.2017 14:00:00.000,51.95,52.4,51.95,52.28,0.635226179
27.11.2017 15:00:00.000,52.29,52.5,52.29,52.5,0.401606426
27.11.2017 16:00:00.000,52.5,52.59,52.21,52.42,-0.152380952
27.11.2017 17:00:00.000,52.41,52.49,52.34,52.48,0.133562297
27.11.2017 18:00:00.000,52.48,52.69,52.47,52.68,0.381097561
27.11.2017 19:00:00.000,52.68,52.68,52.48,52.56,-0.227790433
27.11.2017 20:00:00.000,52.56,52.72,52.52,52.71,0.285388128
28.11.2017 14:00:00.000,53.04,53.05,52.57,52.78,-0.490196078
28.11.2017 15:00:00.000,52.81,52.92,52.66,52.66,-0.284037114
28.11.2017 16:00:00.000,52.66,52.78,52.59,52.66,0
28.11.2017 17:00:00.000,52.64,52.7,52.5,52.56,-0.151975684
28.11.2017 18:00:00.000,52.57,52.6,52.18,52.2,-0.703823473
28.11.2017 19:00:00.000,52.19,52.54,52,52.36,0.325732899
28.11.2017 20:00:00.000,52.37,52.52,52.28,52.32,-0.095474508
29.11.2017 14:00:00.000,51.8,51.81,51.36,51.36,-0.849420849
29.11.2017 15:00:00.000,51.36,51.61,51.01,51.22,-0.27258567
29.11.2017 16:00:00.000,51.22,51.23,50.78,50.78,-0.859039438
29.11.2017 17:00:00.000,50.78,51.12,50.78,51.07,0.571090981
29.11.2017 18:00:00.000,51.07,51.21,50.93,51.05,-0.039161935
29.11.2017 19:00:00.000,51.05,51.18,50.84,51,-0.097943193
29.11.2017 20:00:00.000,51,51.23,50.96,51.07,0.137254902
30.11.2017 14:00:00.000,51.27,51.41,50.75,51.01,-0.507119173
30.11.2017 15:00:00.000,51.01,51.34,51,51.15,0.274455989
30.11.2017 16:00:00.000,51.15,51.38,51.07,51.12,-0.058651026
30.11.2017 17:00:00.000,51.12,51.3,51.03,51.11,-0.019561815
30.11.2017 18:00:00.000,51.11,51.21,50.91,50.98,-0.254353356
30.11.2017 19:00:00.000,50.99,51.08,50.91,50.92,-0.13728182
30.11.2017 20:00:00.000,50.92,51.13,50.85,51.12,0.392772977
01.12.2017 14:00:00.000,51.05,51.1,50.8,50.89,-0.313418217
01.12.2017 15:00:00.000,50.89,51.07,50.86,50.86,-0.058950678
01.12.2017 16:00:00.000,50.86,50.88,50.1,50.44,-0.825796304
01.12.2017 17:00:00.000,50.48,50.61,50.28,50.56,0.158478605
01.12.2017 18:00:00.000,50.56,50.6,50.37,50.44,-0.237341772
01.12.2017 19:00:00.000,50.44,50.45,50.29,50.34,-0.198255353
01.12.2017 20:00:00.000,50.34,50.53,50.29,50.49,0.297973778
04.12.2017 14:00:00.000,50.38,50.79,50.3,50.51,0.258038904
04.12.2017 15:00:00.000,50.48,50.5,49.8,49.87,-1.208399366
04.12.2017 16:00:00.000,49.87,50.26,49.86,50.01,0.280729898
04.12.2017 17:00:00.000,50.01,50.31,49.97,50.3,0.579884023
04.12.2017 18:00:00.000,50.3,50.48,50.3,50.48,0.357852883
04.12.2017 19:00:00.000,50.48,50.48,49.93,49.94,-1.069730586
04.12.2017 20:00:00.000,49.94,50.09,49.78,49.93,-0.020024029
05.12.2017 14:00:00.000,49.92,50.49,49.92,50.42,1.001602564
05.12.2017 15:00:00.000,50.42,50.78,50.4,50.74,0.634668782
05.12.2017 16:00:00.000,50.74,51.01,50.56,50.63,-0.216791486
05.12.2017 17:00:00.000,50.63,50.7,50.44,50.44,-0.375271578
05.12.2017 18:00:00.000,50.44,50.6,50.39,50.49,0.099127676
05.12.2017 19:00:00.000,50.49,50.58,50.21,50.23,-0.514953456
05.12.2017 20:00:00.000,50.23,50.45,50.2,50.25,0.039816843
06.12.2017 14:00:00.000,50.53,50.82,50.53,50.6,0.138531565
06.12.2017 15:00:00.000,50.58,50.83,50.54,50.8,0.434954527
06.12.2017 16:00:00.000,50.8,50.91,50.71,50.8,0
06.12.2017 17:00:00.000,50.8,50.97,50.8,50.83,0.059055118
06.12.2017 18:00:00.000,50.83,51.02,50.8,50.99,0.314774739
06.12.2017 19:00:00.000,51,51.18,50.98,51.15,0.294117647
06.12.2017 20:00:00.000,51.15,51.24,50.85,50.92,-0.449657869
07.12.2017 14:00:00.000,51.22,51.41,51.06,51.15,-0.136665365
07.12.2017 15:00:00.000,51.15,51.65,51.08,51.63,0.938416422
07.12.2017 16:00:00.000,51.63,51.7,51.51,51.68,0.096842921
07.12.2017 17:00:00.000,51.69,51.69,51.53,51.6,-0.174114916
07.12.2017 18:00:00.000,51.6,51.71,51.54,51.67,0.135658915
07.12.2017 19:00:00.000,51.66,51.69,51.4,51.5,-0.309717383
07.12.2017 20:00:00.000,51.5,51.61,51.44,51.53,0.058252427
08.12.2017 14:00:00.000,51.97,52.06,51.91,51.96,-0.01924187
08.12.2017 15:00:00.000,51.96,52.1,51.9,51.92,-0.076982294
08.12.2017 16:00:00.000,51.94,52.01,51.69,51.81,-0.250288795
08.12.2017 17:00:00.000,51.81,52.04,51.8,51.91,0.193012932
08.12.2017 18:00:00.000,51.91,51.96,51.8,51.82,-0.173376999
08.12.2017 19:00:00.000,51.82,51.82,51.63,51.76,-0.115785411
08.12.2017 20:00:00.000,51.76,51.86,51.66,51.86,0.193199382
11.12.2017 14:00:00.000,51.86,51.98,51.7,51.84,-0.038565368
11.12.2017 15:00:00.000,51.85,51.93,51.73,51.79,-0.115718419
11.12.2017 16:00:00.000,51.79,51.89,51.6,51.83,0.077234987
11.12.2017 17:00:00.000,51.83,52.14,51.82,52.13,0.578815358
11.12.2017 18:00:00.000,52.13,52.17,52.01,52.16,0.057548437
11.12.2017 19:00:00.000,52.16,52.19,52.05,52.1,-0.115030675
11.12.2017 20:00:00.000,52.1,52.1,51.97,52.04,-0.115163148
12.12.2017 14:00:00.000,51.84,52.17,51.7,52.17,0.636574074
12.12.2017 15:00:00.000,52.17,52.31,52.13,52.27,0.191681043
12.12.2017 16:00:00.000,52.27,52.5,52.25,52.44,0.32523436
12.12.2017 17:00:00.000,52.44,52.5,52.25,52.25,-0.362318841
12.12.2017 18:00:00.000,52.27,52.36,52.03,52.09,-0.344365793
12.12.2017 19:00:00.000,52.09,52.3,52.04,52.26,0.326358226
12.12.2017 20:00:00.000,52.26,52.28,51.96,52.01,-0.478377344
13.12.2017 14:00:00.000,52.17,52.27,51.92,52.14,-0.057504313
13.12.2017 15:00:00.000,52.14,52.18,52.04,52.14,0
13.12.2017 16:00:00.000,52.12,52.17,51.96,51.97,-0.287797391
13.12.2017 17:00:00.000,51.97,52.08,51.9,52.06,0.173176833
13.12.2017 18:00:00.000,52.06,52.08,51.93,51.94,-0.230503265
13.12.2017 19:00:00.000,51.96,52.17,51.93,52.14,0.346420323
13.12.2017 20:00:00.000,52.14,52.23,52.01,52.05,-0.172612198
14.12.2017 14:00:00.000,52.42,52.49,52.21,52.44,0.038153377
14.12.2017 15:00:00.000,52.44,52.86,52.38,52.83,0.743707094
14.12.2017 16:00:00.000,52.82,52.91,52.61,52.84,0.037864445
14.12.2017 17:00:00.000,52.84,52.9,52.65,52.68,-0.302800908
14.12.2017 18:00:00.000,52.68,52.7,52.34,52.57,-0.208807897
14.12.2017 19:00:00.000,52.57,52.65,52.4,52.47,-0.19022256
14.12.2017 20:00:00.000,52.46,52.49,52.38,52.45,-0.019062143
15.12.2017 14:00:00.000,52.64,52.81,52.55,52.63,-0.01899696
15.12.2017 15:00:00.000,52.63,52.91,52.6,52.88,0.47501425
15.12.2017 16:00:00.000,52.88,53.09,52.88,53.05,0.321482602
15.12.2017 17:00:00.000,53.05,53.19,53.03,53.08,0.056550424
15.12.2017 18:00:00.000,53.09,53.21,53.05,53.21,0.226031268
15.12.2017 19:00:00.000,53.2,53.38,53.2,53.25,0.093984962
15.12.2017 20:00:00.000,53.24,53.27,53.16,53.19,-0.09391435
18.12.2017 14:00:00.000,53.2,53.54,53.1,53.41,0.394736842
18.12.2017 15:00:00.000,53.41,53.71,53.41,53.65,0.449354054
18.12.2017 16:00:00.000,53.65,53.77,53.54,53.74,0.167753961
18.12.2017 17:00:00.000,53.74,53.83,53.72,53.81,0.130256792
18.12.2017 18:00:00.000,53.81,53.83,53.71,53.83,0.037167813
18.12.2017 19:00:00.000,53.82,53.86,53.78,53.84,0.037160907
18.12.2017 20:00:00.000,53.84,53.91,53.77,53.87,0.055720654
19.12.2017 14:00:00.000,53.77,53.79,53.54,53.63,-0.260368235
19.12.2017 15:00:00.000,53.62,53.7,53.4,53.45,-0.317045878
19.12.2017 16:00:00.000,53.45,53.53,53.38,53.38,-0.130963517
19.12.2017 17:00:00.000,53.38,53.4,53.18,53.33,-0.09366804
19.12.2017 18:00:00.000,53.33,53.49,53.31,53.47,0.262516407
19.12.2017 19:00:00.000,53.48,53.58,53.44,53.47,-0.018698579
19.12.2017 20:00:00.000,53.47,53.62,53.36,53.61,0.261829063
20.12.2017 14:00:00.000,53.6,53.61,53.16,53.23,-0.690298507
20.12.2017 15:00:00.000,53.23,53.41,53.08,53.16,-0.131504791
20.12.2017 16:00:00.000,53.16,53.22,53.08,53.15,-0.018811136
20.12.2017 17:00:00.000,53.15,53.3,53.13,53.25,0.188146754
20.12.2017 18:00:00.000,53.25,53.37,53.25,53.33,0.150234742
20.12.2017 19:00:00.000,53.33,53.37,53.21,53.24,-0.168760548
20.12.2017 20:00:00.000,53.24,53.32,53.21,53.25,0.01878287
21.12.2017 14:00:00.000,53.3,53.42,53.12,53.15,-0.281425891
21.12.2017 15:00:00.000,53.15,53.23,53.08,53.13,-0.037629351
21.12.2017 16:00:00.000,53.13,53.4,53.09,53.35,0.414078675
21.12.2017 17:00:00.000,53.35,53.41,53.31,53.39,0.07497657
21.12.2017 18:00:00.000,53.39,53.46,53.37,53.4,0.018730099
21.12.2017 19:00:00.000,53.4,53.4,53.22,53.24,-0.299625468
21.12.2017 20:00:00.000,53.24,53.3,53.11,53.16,-0.15026296
22.12.2017 14:00:00.000,53.14,53.2,53,53.14,0
22.12.2017 15:00:00.000,53.15,53.18,53.03,53.07,-0.150517404
22.12.2017 16:00:00.000,53.07,53.13,53.01,53.04,-0.056529112
22.12.2017 17:00:00.000,53.04,53.05,52.97,52.99,-0.094268477
22.12.2017 18:00:00.000,52.99,53.04,52.98,53.01,0.03774297
22.12.2017 19:00:00.000,53.02,53.03,52.97,53.01,-0.018860807
22.12.2017 20:00:00.000,53.03,53.04,52.99,52.99,-0.075429002
26.12.2017 14:00:00.000,52.91,52.91,52.51,52.66,-0.472500473
26.12.2017 15:00:00.000,52.66,52.81,52.66,52.69,0.056969237
26.12.2017 16:00:00.000,52.69,52.78,52.66,52.75,0.1138736
26.12.2017 17:00:00.000,52.75,52.85,52.75,52.79,0.075829384
26.12.2017 18:00:00.000,52.79,52.8,52.73,52.78,-0.018942982
26.12.2017 19:00:00.000,52.78,52.8,52.75,52.75,-0.056839712
26.12.2017 20:00:00.000,52.75,52.77,52.66,52.73,-0.037914692
27.12.2017 14:00:00.000,52.75,52.89,52.67,52.73,-0.037914692
27.12.2017 15:00:00.000,52.74,52.77,52.58,52.62,-0.227531286
27.12.2017 16:00:00.000,52.61,52.66,52.45,52.45,-0.304124691
27.12.2017 17:00:00.000,52.45,52.58,52.41,52.52,0.133460439
27.12.2017 18:00:00.000,52.52,52.58,52.51,52.55,0.057121097
27.12.2017 19:00:00.000,52.55,52.56,52.44,52.47,-0.152235966
27.12.2017 20:00:00.000,52.47,52.48,52.4,52.47,0
28.12.2017 14:00:00.000,52.62,52.73,52.6,52.67,0.095020905
28.12.2017 15:00:00.000,52.67,52.69,52.43,52.46,-0.398708942
28.12.2017 16:00:00.000,52.46,52.51,52.44,52.47,0.019062143
28.12.2017 17:00:00.000,52.47,52.48,52.42,52.42,-0.095292548
28.12.2017 18:00:00.000,52.42,52.44,52.38,52.38,-0.076306753
28.12.2017 19:00:00.000,52.38,52.41,52.34,52.35,-0.057273769
28.12.2017 20:00:00.000,52.35,52.38,52.24,52.36,0.019102197
29.12.2017 14:00:00.000,52.32,52.43,52.31,52.4,0.152905199
29.12.2017 15:00:00.000,52.39,52.46,52.25,52.31,-0.152700897
29.12.2017 16:00:00.000,52.31,52.38,52.26,52.38,0.133817626
29.12.2017 17:00:00.000,52.38,52.38,52.28,52.28,-0.190912562
29.12.2017 18:00:00.000,52.28,52.31,52.25,52.25,-0.057383321
29.12.2017 19:00:00.000,52.25,52.35,52.25,52.34,0.172248804
29.12.2017 20:00:00.000,52.34,52.45,52.26,52.29,-0.095529232
02.01.2018 14:00:00.000,52.35,52.69,52.26,52.67,0.611270296
02.01.2018 15:00:00.000,52.67,53.13,52.67,53.13,0.873362445
02.01.2018 16:00:00.000,53.13,53.32,53.09,53.27,0.263504611
02.01.2018 17:00:00.000,53.27,53.3,53.15,53.18,-0.168950629
02.01.2018 18:00:00.000,53.18,53.26,53.13,53.18,0
02.01.2018 19:00:00.000,53.18,53.27,53.11,53.22,0.075216247
02.01.2018 20:00:00.000,53.22,53.32,53.16,53.25,0.056369786
03.01.2018 14:00:00.000,53.39,53.74,53.39,53.69,0.561902978
03.01.2018 15:00:00.000,53.69,53.79,53.51,53.69,0
03.01.2018 16:00:00.000,53.69,54.04,53.63,54.04,0.651890482
03.01.2018 17:00:00.000,54.05,54.31,54.02,54.23,0.333024977
03.01.2018 18:00:00.000,54.23,54.28,54.06,54.09,-0.25815969
03.01.2018 19:00:00.000,54.09,54.27,54.03,54.2,0.203364762
03.01.2018 20:00:00.000,54.2,54.23,54.02,54.18,-0.036900369
04.01.2018 14:00:00.000,54.46,54.66,54.36,54.58,0.220345207
04.01.2018 15:00:00.000,54.58,54.67,54.4,54.49,-0.164895566
04.01.2018 16:00:00.000,54.49,54.49,54.24,54.27,-0.403743806
04.01.2018 17:00:00.000,54.27,54.42,54.24,54.39,0.221116639
04.01.2018 18:00:00.000,54.39,54.41,54.2,54.25,-0.257400257
04.01.2018 19:00:00.000,54.25,54.37,54.24,54.32,0.129032258
04.01.2018 20:00:00.000,54.32,54.43,54.24,54.34,0.036818851
05.01.2018 14:00:00.000,54.61,54.74,54.56,54.69,0.146493316
05.01.2018 15:00:00.000,54.69,55.2,54.69,55.18,0.895959042
05.01.2018 16:00:00.000,55.18,55.19,55.02,55.1,-0.144980065
05.01.2018 17:00:00.000,55.1,55.14,55.03,55.08,-0.036297641
05.01.2018 18:00:00.000,55.08,55.12,55.03,55.06,-0.036310821
05.01.2018 19:00:00.000,55.06,55.08,54.99,54.99,-0.127134036
05.01.2018 20:00:00.000,54.99,55.12,54.98,55.08,0.163666121
08.01.2018 14:00:00.000,55.16,55.43,55.11,55.35,0.344452502
08.01.2018 15:00:00.000,55.34,55.55,55.22,55.48,0.252981568
08.01.2018 16:00:00.000,55.5,55.54,55.43,55.46,-0.072072072
08.01.2018 17:00:00.000,55.46,55.5,55.35,55.38,-0.144248107
08.01.2018 18:00:00.000,55.38,55.43,55.31,55.33,-0.090285302
08.01.2018 19:00:00.000,55.33,55.42,55.29,55.31,-0.036146756
08.01.2018 20:00:00.000,55.31,55.4,55.26,55.28,-0.05423974
09.01.2018 14:00:00.000,55.42,55.52,55.08,55.15,-0.487188741
09.01.2018 15:00:00.000,55.15,55.34,55.06,55.17,0.036264733
09.01.2018 16:00:00.000,55.16,55.46,55.16,55.39,0.416968818
09.01.2018 17:00:00.000,55.39,55.46,55.29,55.38,-0.0180538
09.01.2018 18:00:00.000,55.38,55.46,55.33,55.34,-0.072228241
09.01.2018 19:00:00.000,55.34,55.37,55.29,55.32,-0.036140224
09.01.2018 20:00:00.000,55.32,55.41,55.21,55.27,-0.090383225
10.01.2018 14:00:00.000,55.05,55.23,54.83,54.92,-0.236148955
10.01.2018 15:00:00.000,54.93,54.99,54.81,54.98,0.091024941
10.01.2018 16:00:00.000,54.98,55.07,54.9,54.96,-0.036376864
10.01.2018 17:00:00.000,54.96,55.08,54.92,55,0.072780204
10.01.2018 18:00:00.000,55,55.03,54.86,54.99,-0.018181818
10.01.2018 19:00:00.000,54.99,55.02,54.85,55,0.018185125
10.01.2018 20:00:00.000,55,55.15,55,55.13,0.236363636
11.01.2018 14:00:00.000,55.26,55.3,55.01,55.09,-0.307636627
11.01.2018 15:00:00.000,55.09,55.24,55.01,55.03,-0.108912688
11.01.2018 16:00:00.000,55.03,55.07,54.97,55.03,0
11.01.2018 17:00:00.000,55.03,55.13,54.98,55.12,0.163547156
11.01.2018 18:00:00.000,55.12,55.21,55.07,55.07,-0.090711176
11.01.2018 19:00:00.000,55.08,55.11,55.01,55.03,-0.090777052
11.01.2018 20:00:00.000,55.03,55.21,55.01,55.2,0.308922406
12.01.2018 14:00:00.000,55.21,55.67,55.21,55.62,0.742619091
12.01.2018 15:00:00.000,55.64,55.96,55.62,55.93,0.521207764
12.01.2018 16:00:00.000,55.92,56.04,55.83,56.02,0.178826896
12.01.2018 17:00:00.000,56.02,56.03,55.95,56.01,-0.017850768
12.01.2018 18:00:00.000,56.02,56.04,55.91,55.98,-0.07140307
12.01.2018 19:00:00.000,55.98,56.1,55.96,56,0.035727045
12.01.2018 20:00:00.000,56,56.13,55.9,56.08,0.142857143
16.01.2018 14:00:00.000,56.7,56.99,56.56,56.79,0.158730159
16.01.2018 15:00:00.000,56.79,56.85,56.5,56.56,-0.40500088
16.01.2018 16:00:00.000,56.54,56.74,56.38,56.38,-0.282985497
16.01.2018 17:00:00.000,56.38,56.53,56.17,56.18,-0.354735722
16.01.2018 18:00:00.000,56.18,56.29,56.06,56.08,-0.177999288
16.01.2018 19:00:00.000,56.08,56.12,55.88,55.94,-0.249643367
16.01.2018 20:00:00.000,55.94,56.19,55.94,56.05,0.196639256
17.01.2018 14:00:00.000,55.98,56.22,55.9,55.99,0.017863523
17.01.2018 15:00:00.000,55.99,56.1,55.85,55.9,-0.16074299
17.01.2018 16:00:00.000,55.9,56.11,55.89,56.01,0.196779964
17.01.2018 17:00:00.000,56.01,56.37,56.01,56.37,0.642742367
17.01.2018 18:00:00.000,56.38,56.57,56.35,56.43,0.08868393
17.01.2018 19:00:00.000,56.43,56.55,56.41,56.44,0.01772107
17.01.2018 20:00:00.000,56.44,56.6,56.42,56.55,0.194897236
18.01.2018 14:00:00.000,56.43,56.58,56.22,56.27,-0.283537126
18.01.2018 15:00:00.000,56.27,56.29,55.89,56.19,-0.142171672
18.01.2018 16:00:00.000,56.19,56.43,56.13,56.3,0.195764371
18.01.2018 17:00:00.000,56.3,56.47,56.26,56.32,0.035523979
18.01.2018 18:00:00.000,56.33,56.34,56.19,56.32,-0.01775253
18.01.2018 19:00:00.000,56.31,56.53,56.3,56.53,0.39069437
18.01.2018 20:00:00.000,56.52,56.58,56.36,56.46,-0.106157113
19.01.2018 14:00:00.000,56.67,56.88,56.5,56.61,-0.105876125
19.01.2018 15:00:00.000,56.58,56.69,56.45,56.51,-0.123718628
19.01.2018 16:00:00.000,56.48,56.58,56.4,56.42,-0.106232295
19.01.2018 17:00:00.000,56.42,56.55,56.42,56.51,0.159517901
19.01.2018 18:00:00.000,56.51,56.55,56.45,56.52,0.017695983
19.01.2018 19:00:00.000,56.52,56.8,56.52,56.75,0.406935598
19.01.2018 20:00:00.000,56.75,56.79,56.71,56.78,0.052863436
22.01.2018 14:00:00.000,56.88,57.31,56.87,57.26,0.668073136
22.01.2018 15:00:00.000,57.26,57.79,57.22,57.71,0.785888928
22.01.2018 16:00:00.000,57.71,57.82,57.69,57.82,0.190608213
22.01.2018 17:00:00.000,57.82,57.98,57.79,57.86,0.069180214
22.01.2018 18:00:00.000,57.86,57.89,57.65,57.72,-0.24196336
22.01.2018 19:00:00.000,57.73,57.75,57.48,57.58,-0.259830244
22.01.2018 20:00:00.000,57.58,57.69,57.49,57.67,0.156304272
23.01.2018 14:00:00.000,57.97,58.35,57.93,57.98,0.017250302
23.01.2018 15:00:00.000,57.99,58.48,57.99,58.42,0.741507156
23.01.2018 16:00:00.000,58.42,58.46,58.17,58.19,-0.393700787
23.01.2018 17:00:00.000,58.22,58.3,58.15,58.15,-0.120233597
23.01.2018 18:00:00.000,58.17,58.37,58.13,58.29,0.206291903
23.01.2018 19:00:00.000,58.29,58.4,58.19,58.36,0.120089209
23.01.2018 20:00:00.000,58.36,58.57,58.35,58.47,0.188485264
24.01.2018 14:00:00.000,58.93,58.95,58.41,58.6,-0.559986425
24.01.2018 15:00:00.000,58.63,58.91,58.59,58.65,0.034112229
24.01.2018 16:00:00.000,58.65,58.71,58.13,58.41,-0.409207161
24.01.2018 17:00:00.000,58.41,58.45,58.05,58.26,-0.256805342
24.01.2018 18:00:00.000,58.26,58.58,58.04,58.51,0.429110882
24.01.2018 19:00:00.000,58.51,58.73,58.45,58.58,0.119637669
24.01.2018 20:00:00.000,58.58,58.6,58.21,58.25,-0.563332195
25.01.2018 14:00:00.000,58.5,58.7,58.11,58.16,-0.581196581
25.01.2018 15:00:00.000,58.17,58.53,58.17,58.5,0.567302733
25.01.2018 16:00:00.000,58.49,58.56,58.35,58.51,0.034193879
25.01.2018 17:00:00.000,58.52,58.68,58.49,58.67,0.256322625
25.01.2018 18:00:00.000,58.67,58.79,58.61,58.71,0.068177944
25.01.2018 19:00:00.000,58.71,58.72,58.27,58.32,-0.664282064
25.01.2018 20:00:00.000,58.32,58.44,58.2,58.41,0.154320988
26.01.2018 14:00:00.000,58.41,58.6,58.31,58.31,-0.171203561
26.01.2018 15:00:00.000,58.31,58.7,58.2,58.63,0.548790945
26.01.2018 16:00:00.000,58.63,58.65,58.33,58.34,-0.494627324
26.01.2018 17:00:00.000,58.34,58.52,58.25,58.46,0.205690778
26.01.2018 18:00:00.000,58.46,58.56,58.42,58.54,0.136845706
26.01.2018 19:00:00.000,58.54,58.59,58.48,58.49,-0.085411684
26.01.2018 20:00:00.000,58.49,58.73,58.48,58.73,0.410326552
29.01.2018 14:00:00.000,58.74,59.32,58.72,59.04,0.51072523
29.01.2018 15:00:00.000,59.04,59.08,58.79,58.95,-0.152439024
29.01.2018 16:00:00.000,58.95,59.13,58.77,58.96,0.016963528
29.01.2018 17:00:00.000,58.97,59.05,58.88,58.94,-0.050873325
29.01.2018 18:00:00.000,58.94,59,58.91,58.92,-0.033932813
29.01.2018 19:00:00.000,58.92,58.99,58.81,58.88,-0.067888663
29.01.2018 20:00:00.000,58.88,58.94,58.63,58.79,-0.152853261
30.01.2018 14:00:00.000,58.5,58.64,58.25,58.36,-0.239316239
30.01.2018 15:00:00.000,58.36,58.62,58.28,58.57,0.359835504
30.01.2018 16:00:00.000,58.58,58.8,58.43,58.44,-0.238989416
30.01.2018 17:00:00.000,58.46,58.57,58.37,58.5,0.068422853
30.01.2018 18:00:00.000,58.5,58.5,58.32,58.46,-0.068376068
30.01.2018 19:00:00.000,58.46,58.56,58.35,58.37,-0.15395142
30.01.2018 20:00:00.000,58.36,58.49,58.24,58.27,-0.154215216
31.01.2018 14:00:00.000,58.38,58.65,58.38,58.5,0.205549846
31.01.2018 15:00:00.000,58.45,58.54,58.3,58.39,-0.102651839
31.01.2018 16:00:00.000,58.39,58.51,58.34,58.35,-0.068504881
31.01.2018 17:00:00.000,58.35,58.58,58.31,58.51,0.274207369
31.01.2018 18:00:00.000,58.51,58.56,58.4,58.42,-0.15381986
31.01.2018 19:00:00.000,58.42,58.48,58.05,58.12,-0.513522766
31.01.2018 20:00:00.000,58.12,58.43,57.95,58.39,0.464556091
01.02.2018 14:00:00.000,58.16,58.28,57.86,58.05,-0.189133425
01.02.2018 15:00:00.000,58.06,58.61,58.02,58.57,0.878401653
01.02.2018 16:00:00.000,58.55,58.64,58.27,58.44,-0.187873612
01.02.2018 17:00:00.000,58.42,58.57,58.28,58.54,0.205409106
01.02.2018 18:00:00.000,58.55,58.69,58.36,58.38,-0.290350128
01.02.2018 19:00:00.000,58.38,58.43,58.06,58.33,-0.085645769
01.02.2018 20:00:00.000,58.33,58.46,57.89,58.34,0.017143837
02.02.2018 14:00:00.000,55.93,56.15,55.45,55.65,-0.500625782
02.02.2018 15:00:00.000,55.62,56.06,55.38,56.01,0.701186624
02.02.2018 16:00:00.000,56.01,56.11,55.74,55.74,-0.482056776
02.02.2018 17:00:00.000,55.75,56.01,55.73,55.94,0.340807175
02.02.2018 18:00:00.000,55.93,56.02,55.8,55.99,0.107276953
02.02.2018 19:00:00.000,55.99,56.01,55.7,55.77,-0.392927308
02.02.2018 20:00:00.000,55.76,55.9,55.63,55.71,-0.089670014
05.02.2018 14:00:00.000,54.62,54.8,54.26,54.68,0.109849872
05.02.2018 15:00:00.000,54.68,55.47,54.58,54.93,0.45720556
05.02.2018 16:00:00.000,54.93,55.12,54.5,54.68,-0.455124704
05.02.2018 17:00:00.000,54.66,54.75,54.5,54.54,-0.219538968
05.02.2018 18:00:00.000,54.54,54.54,54.22,54.49,-0.091675834
05.02.2018 19:00:00.000,54.5,54.5,53.5,53.6,-1.651376147
05.02.2018 20:00:00.000,53.6,53.91,52.59,52.9,-1.305970149
06.02.2018 14:00:00.000,52.44,53.85,52.44,53.45,1.926010679
06.02.2018 15:00:00.000,53.45,53.98,51.76,52.51,-1.758652947
06.02.2018 16:00:00.000,52.51,52.81,52.1,52.63,0.228527899
06.02.2018 17:00:00.000,52.6,53.1,52.45,52.96,0.684410646
06.02.2018 18:00:00.000,52.96,53.2,52.36,52.38,-1.095166163
06.02.2018 19:00:00.000,52.38,53.38,52.26,53.36,1.870943108
06.02.2018 20:00:00.000,53.36,54.04,53.35,53.84,0.899550225
07.02.2018 14:00:00.000,53.58,53.86,53.11,53.47,-0.205300485
07.02.2018 15:00:00.000,53.47,53.75,53.28,53.56,0.168318683
07.02.2018 16:00:00.000,53.57,53.72,53.41,53.51,-0.112002987
07.02.2018 17:00:00.000,53.51,53.53,53.03,53.03,-0.897028593
07.02.2018 18:00:00.000,53.04,53.15,52.65,53.03,-0.018853695
07.02.2018 19:00:00.000,53.01,53.03,52.46,52.6,-0.773438974
07.02.2018 20:00:00.000,52.58,53.04,52.55,52.62,0.076074553
08.02.2018 14:00:00.000,52.5,52.75,52.01,52.2,-0.571428571
08.02.2018 15:00:00.000,52.2,52.45,51.45,51.61,-1.130268199
08.02.2018 16:00:00.000,51.61,52,51.27,51.58,-0.05812827
08.02.2018 17:00:00.000,51.55,51.74,51,51.25,-0.581959263
08.02.2018 18:00:00.000,51.24,51.92,51.15,51.72,0.93676815
08.02.2018 19:00:00.000,51.73,51.76,51.03,51.21,-1.005219408
08.02.2018 20:00:00.000,51.21,51.45,50.46,50.56,-1.269283343
09.02.2018 14:00:00.000,51.2,51.52,50.68,51.27,0.13671875
09.02.2018 15:00:00.000,51.27,51.55,50.45,50.92,-0.682660425
09.02.2018 16:00:00.000,50.97,51.32,50.56,50.6,-0.725917206
09.02.2018 17:00:00.000,50.6,50.64,49.62,50.42,-0.355731225
09.02.2018 18:00:00.000,50.43,50.68,49.63,50.46,0.0594884
09.02.2018 19:00:00.000,50.47,51.6,50.45,51.1,1.248266297
09.02.2018 20:00:00.000,51.1,52.18,50.62,51.94,1.643835616
12.02.2018 14:00:00.000,52.51,52.64,52.1,52.15,-0.685583698
12.02.2018 15:00:00.000,52.15,52.64,52.01,52.47,0.613614573
12.02.2018 16:00:00.000,52.47,53.06,52.47,53.04,1.086335049
12.02.2018 17:00:00.000,53.06,53.06,52.56,52.64,-0.791556728
12.02.2018 18:00:00.000,52.64,52.89,52.47,52.84,0.37993921
12.02.2018 19:00:00.000,52.85,53,52.61,52.81,-0.075685904
12.02.2018 20:00:00.000,52.81,53.01,52.55,52.7,-0.208293884
13.02.2018 14:00:00.000,52.4,52.52,52.18,52.44,0.076335878
13.02.2018 15:00:00.000,52.44,52.9,52.41,52.7,0.495804729
13.02.2018 16:00:00.000,52.7,52.79,52.5,52.75,0.09487666
13.02.2018 17:00:00.000,52.75,52.84,52.5,52.56,-0.360189573
13.02.2018 18:00:00.000,52.56,52.85,52.56,52.81,0.47564688
13.02.2018 19:00:00.000,52.81,52.91,52.64,52.75,-0.113614846
13.02.2018 20:00:00.000,52.75,52.78,52.53,52.62,-0.246445498
14.02.2018 14:00:00.000,52.49,52.68,52.32,52.56,0.133358735
14.02.2018 15:00:00.000,52.58,53.26,52.47,52.97,0.741726892
14.02.2018 16:00:00.000,52.97,53.49,52.97,53.1,0.245421937
14.02.2018 17:00:00.000,53.09,53.44,53,53.41,0.602750047
14.02.2018 18:00:00.000,53.41,53.52,53.27,53.3,-0.205953941
14.02.2018 19:00:00.000,53.3,53.41,53.18,53.29,-0.018761726
14.02.2018 20:00:00.000,53.29,53.56,53.29,53.45,0.300243948
15.02.2018 14:00:00.000,53.81,54.16,53.7,54.11,0.55751719
15.02.2018 15:00:00.000,54.11,54.11,53.3,53.3,-1.496950656
15.02.2018 16:00:00.000,53.3,54.01,53.21,53.96,1.238273921
15.02.2018 17:00:00.000,53.96,54.06,53.73,54.04,0.148257969
15.02.2018 18:00:00.000,54.04,54.13,53.95,54.09,0.092524056
15.02.2018 19:00:00.000,54.09,54.33,54.05,54.25,0.295803291
15.02.2018 20:00:00.000,54.25,54.55,54.24,54.28,0.055299539
16.02.2018 14:00:00.000,54.52,55.14,54.5,55.05,0.972120323
16.02.2018 15:00:00.000,55.05,55.18,54.75,54.86,-0.345140781
16.02.2018 16:00:00.000,54.86,55.1,54.86,55.08,0.40102078
16.02.2018 17:00:00.000,55.08,55.22,54.95,55.1,0.036310821
16.02.2018 18:00:00.000,55.1,55.15,54.7,54.75,-0.635208711
16.02.2018 19:00:00.000,54.75,54.87,54.52,54.79,0.073059361
16.02.2018 20:00:00.000,54.79,54.93,54.7,54.86,0.12776054
20.02.2018 14:00:00.000,54.68,55.23,54.65,54.95,0.493782004
20.02.2018 15:00:00.000,54.95,55.38,54.86,55.12,0.309372157
20.02.2018 16:00:00.000,55.1,55.48,55.1,55.47,0.671506352
20.02.2018 17:00:00.000,55.48,55.59,55.4,55.52,0.072098053
20.02.2018 18:00:00.000,55.52,55.68,55.3,55.66,0.252161383
20.02.2018 19:00:00.000,55.67,55.69,55.22,55.24,-0.772408838
20.02.2018 20:00:00.000,55.24,55.28,54.83,55.19,-0.09051412
21.02.2018 14:00:00.000,55.59,55.79,55.5,55.76,0.305810398
21.02.2018 15:00:00.000,55.76,56.07,55.64,56,0.430416069
21.02.2018 16:00:00.000,56,56.57,55.97,56.33,0.589285714
21.02.2018 17:00:00.000,56.34,56.37,56.08,56.15,-0.337238197
21.02.2018 18:00:00.000,56.18,56.44,56.15,56.34,0.284798861
21.02.2018 19:00:00.000,56.34,56.69,56.18,56.28,-0.106496273
21.02.2018 20:00:00.000,56.3,56.3,55.73,55.79,-0.905861456
22.02.2018 14:00:00.000,56.06,56.07,55.45,55.55,-0.909739565
22.02.2018 15:00:00.000,55.61,56,55.51,55.77,0.287718036
22.02.2018 16:00:00.000,55.77,56.02,55.75,55.97,0.358615743
22.02.2018 17:00:00.000,55.96,56.04,55.58,55.7,-0.464617584
22.02.2018 18:00:00.000,55.71,55.75,55.26,55.47,-0.430802369
22.02.2018 19:00:00.000,55.47,55.65,55.24,55.25,-0.396610781
22.02.2018 20:00:00.000,55.25,55.45,55.12,55.36,0.199095023
23.02.2018 14:00:00.000,55.49,55.68,55.36,55.41,-0.144170121
23.02.2018 15:00:00.000,55.4,55.55,55.21,55.52,0.216606498
23.02.2018 16:00:00.000,55.52,55.65,55.47,55.65,0.234149856
23.02.2018 17:00:00.000,55.65,55.7,55.59,55.65,0
23.02.2018 18:00:00.000,55.65,55.8,55.57,55.76,0.197663971
23.02.2018 19:00:00.000,55.76,56.04,55.71,55.96,0.358680057
23.02.2018 20:00:00.000,55.96,56.24,55.96,56.2,0.42887777
26.02.2018 14:00:00.000,56.58,56.87,56.55,56.77,0.335807706
26.02.2018 15:00:00.000,56.77,56.79,56.47,56.55,-0.387528624
26.02.2018 16:00:00.000,56.55,56.76,56.53,56.53,-0.035366932
26.02.2018 17:00:00.000,56.54,56.64,56.39,56.6,0.106119561
26.02.2018 18:00:00.000,56.62,56.78,56.55,56.78,0.282585659
26.02.2018 19:00:00.000,56.78,56.97,56.78,56.93,0.264177527
26.02.2018 20:00:00.000,56.93,57.14,56.9,57.04,0.193219744
27.02.2018 14:00:00.000,56.85,57.01,56.63,56.68,-0.299032542
27.02.2018 15:00:00.000,56.7,57.07,56.6,56.68,-0.035273369
27.02.2018 16:00:00.000,56.68,56.75,56.27,56.28,-0.705716302
27.02.2018 17:00:00.000,56.28,56.49,56.13,56.47,0.337597726
27.02.2018 18:00:00.000,56.47,56.6,56.2,56.23,-0.425004427
27.02.2018 19:00:00.000,56.26,56.35,56.1,56.18,-0.142196943
27.02.2018 20:00:00.000,56.17,56.27,55.9,56.05,-0.213637173
28.02.2018 14:00:00.000,55.75,56.31,55.68,56.31,1.004484305
28.02.2018 15:00:00.000,56.29,56.37,55.7,55.78,-0.906022384
28.02.2018 16:00:00.000,55.78,55.86,55.45,55.65,-0.233058444
28.02.2018 17:00:00.000,55.65,55.85,55.52,55.83,0.323450135
28.02.2018 18:00:00.000,55.83,56.14,55.8,56.13,0.537345513
28.02.2018 19:00:00.000,56.13,56.2,55.7,55.7,-0.766078746
28.02.2018 20:00:00.000,55.72,55.75,55.19,55.25,-0.84350323
01.03.2018 14:00:00.000,55.36,55.4,54.51,54.58,-1.408959538
01.03.2018 15:00:00.000,54.58,55.51,54.51,54.89,0.567973617
01.03.2018 16:00:00.000,54.88,55.17,54.82,54.98,0.182215743
01.03.2018 17:00:00.000,54.98,55.01,54.42,54.44,-0.982175336
01.03.2018 18:00:00.000,54.42,54.42,53.6,53.6,-1.506798971
01.03.2018 19:00:00.000,53.6,53.77,53.35,53.6,0
01.03.2018 20:00:00.000,53.6,54.04,53.36,53.64,0.074626866
02.03.2018 14:00:00.000,52.94,53.05,52.41,52.63,-0.585568568
02.03.2018 15:00:00.000,52.63,52.92,52.51,52.71,0.15200456
02.03.2018 16:00:00.000,52.7,53.54,52.66,53.44,1.404174573
02.03.2018 17:00:00.000,53.43,53.76,53.25,53.69,0.486618005
02.03.2018 18:00:00.000,53.69,53.73,53.23,53.41,-0.521512386
02.03.2018 19:00:00.000,53.41,53.81,53.41,53.6,0.355738626
02.03.2018 20:00:00.000,53.59,54,53.45,54,0.76506811
05.03.2018 14:00:00.000,53.75,53.97,53.55,53.61,-0.260465116
05.03.2018 15:00:00.000,53.61,54.08,53.45,54.05,0.820742399
05.03.2018 16:00:00.000,54.06,54.59,54.02,54.5,0.81391047
05.03.2018 17:00:00.000,54.53,54.69,54.41,54.61,0.146708234
05.03.2018 18:00:00.000,54.61,54.77,54.45,54.58,-0.054934994
05.03.2018 19:00:00.000,54.55,54.77,54.28,54.76,0.384967919
05.03.2018 20:00:00.000,54.76,54.85,54.53,54.58,-0.328707085
06.03.2018 14:00:00.000,54.89,54.93,54.6,54.92,0.054654764
06.03.2018 15:00:00.000,54.9,54.97,54.62,54.66,-0.43715847
06.03.2018 16:00:00.000,54.66,54.79,54.49,54.76,0.18294914
06.03.2018 17:00:00.000,54.76,54.86,54.6,54.86,0.182615047
06.03.2018 18:00:00.000,54.86,55.02,54.85,54.97,0.20051039
06.03.2018 19:00:00.000,54.98,55.08,54.86,54.93,-0.090942161
06.03.2018 20:00:00.000,54.93,54.94,54.69,54.73,-0.364099763
07.03.2018 14:00:00.000,54.6,54.87,54.56,54.62,0.036630037
07.03.2018 15:00:00.000,54.62,55.03,54.53,54.95,0.604174295
07.03.2018 16:00:00.000,54.95,54.99,54.65,54.75,-0.363967243
07.03.2018 17:00:00.000,54.75,54.89,54.51,54.86,0.200913242
07.03.2018 18:00:00.000,54.86,55.06,54.71,55.03,0.309879694
07.03.2018 19:00:00.000,55.03,55.24,54.97,55.06,0.054515719
07.03.2018 20:00:00.000,55.06,55.61,55.05,55.46,0.726480203
08.03.2018 14:00:00.000,55.96,56.18,55.9,56,0.071479628
08.03.2018 15:00:00.000,56,56.04,55.78,55.88,-0.214285714
08.03.2018 16:00:00.000,55.88,56.1,55.86,55.95,0.125268432
08.03.2018 17:00:00.000,55.95,56,55.77,55.91,-0.071492404
08.03.2018 18:00:00.000,55.91,55.94,55.63,55.88,-0.053657664
08.03.2018 19:00:00.000,55.85,56.21,55.81,56.21,0.644583706
08.03.2018 20:00:00.000,56.2,56.36,56.02,56.15,-0.088967972
09.03.2018 14:00:00.000,56.88,56.93,56.6,56.72,-0.281293952
09.03.2018 15:00:00.000,56.7,57.15,56.7,57.06,0.634920635
09.03.2018 16:00:00.000,57.06,57.36,57.06,57.34,0.490711532
09.03.2018 17:00:00.000,57.34,57.47,57.34,57.43,0.156958493
09.03.2018 18:00:00.000,57.43,57.53,57.35,57.5,0.121887515
09.03.2018 19:00:00.000,57.5,57.67,57.49,57.65,0.260869565
09.03.2018 20:00:00.000,57.65,57.92,57.62,57.89,0.416305291
12.03.2018 14:00:00.000,58.02,58.41,57.96,58.4,0.65494657
12.03.2018 15:00:00.000,58.41,58.69,58.35,58.48,0.119842493
12.03.2018 16:00:00.000,58.48,58.63,58.2,58.58,0.170998632
12.03.2018 17:00:00.000,58.58,58.7,58.52,58.63,0.085353363
12.03.2018 18:00:00.000,58.63,58.85,58.57,58.57,-0.102336688
12.03.2018 19:00:00.000,58.57,58.64,58.24,58.4,-0.290250982
12.03.2018 20:00:00.000,58.38,58.54,58.3,58.3,-0.137033231
13.03.2018 14:00:00.000,58.73,58.81,58.28,58.31,-0.715137068
13.03.2018 15:00:00.000,58.31,58.54,57.9,57.91,-0.685988681
13.03.2018 16:00:00.000,57.91,57.93,57.33,57.5,-0.707995165
13.03.2018 17:00:00.000,57.54,57.54,57.07,57.44,-0.173792145
13.03.2018 18:00:00.000,57.44,57.6,57.38,57.42,-0.034818942
13.03.2018 19:00:00.000,57.42,57.51,56.94,57,-0.731452456
13.03.2018 20:00:00.000,57,57.08,56.66,56.94,-0.105263158
14.03.2018 14:00:00.000,57.23,57.45,57.12,57.44,0.366940416
14.03.2018 15:00:00.000,57.47,57.71,57.3,57.59,0.208804594
14.03.2018 16:00:00.000,57.6,57.66,57.07,57.29,-0.538194444
14.03.2018 17:00:00.000,57.29,57.66,57.07,57.6,0.54110665
14.03.2018 18:00:00.000,57.6,57.92,57.4,57.76,0.277777778
14.03.2018 19:00:00.000,57.76,57.86,57.25,57.62,-0.242382271
14.03.2018 20:00:00.000,57.62,57.64,57.28,57.43,-0.329746616
15.03.2018 14:00:00.000,57.26,57.39,56.73,57.14,-0.209570381
15.03.2018 15:00:00.000,57.14,57.86,57.1,57.85,1.242562128
15.03.2018 16:00:00.000,57.85,58.05,57.65,57.65,-0.345721694
15.03.2018 17:00:00.000,57.65,57.73,57.57,57.59,-0.104076323
15.03.2018 18:00:00.000,57.59,57.62,57.25,57.25,-0.590380274
15.03.2018 19:00:00.000,57.25,57.54,57.15,57.54,0.506550218
15.03.2018 20:00:00.000,57.54,57.64,57.41,57.46,-0.139033716
16.03.2018 14:00:00.000,57.6,57.71,57.35,57.58,-0.034722222
16.03.2018 15:00:00.000,57.58,57.63,57.23,57.34,-0.416811393
16.03.2018 16:00:00.000,57.34,57.35,56.72,56.75,-1.028950122
16.03.2018 17:00:00.000,56.75,56.97,56.75,56.93,0.317180617
16.03.2018 18:00:00.000,56.93,56.96,56.68,56.78,-0.263481468
16.03.2018 19:00:00.000,56.8,56.85,56.66,56.68,-0.211267606
16.03.2018 20:00:00.000,56.68,56.85,56.59,56.83,0.264643613
19.03.2018 14:00:00.000,55.62,55.72,55.35,55.43,-0.34160374
19.03.2018 15:00:00.000,55.43,55.59,55.06,55.06,-0.667508569
19.03.2018 16:00:00.000,55.06,55.13,54.45,54.53,-0.96258627
19.03.2018 17:00:00.000,54.53,54.91,54.45,54.83,0.550155877
19.03.2018 18:00:00.000,54.83,54.83,54.5,54.67,-0.291811052
19.03.2018 19:00:00.000,54.67,54.95,54.53,54.84,0.310956649
19.03.2018 20:00:00.000,54.8,54.95,54.63,54.86,0.109489051
20.03.2018 14:00:00.000,54.9,55.24,54.65,54.9,0
20.03.2018 15:00:00.000,54.93,55.1,54.52,54.9,-0.054614965
20.03.2018 16:00:00.000,54.9,54.94,54.16,54.48,-0.765027322
20.03.2018 17:00:00.000,54.5,55.02,54.5,54.75,0.458715596
20.03.2018 18:00:00.000,54.75,54.82,54.51,54.6,-0.273972603
20.03.2018 19:00:00.000,54.6,54.99,54.55,54.95,0.641025641
20.03.2018 20:00:00.000,54.96,55.01,54.75,54.82,-0.254730713
21.03.2018 14:00:00.000,54.62,54.9,54.41,54.8,0.329549616
21.03.2018 15:00:00.000,54.82,55.2,54.82,54.9,0.145932142
21.03.2018 16:00:00.000,54.9,55.24,54.8,55.15,0.455373406
21.03.2018 17:00:00.000,55.15,55.27,55.05,55.14,-0.018132366
21.03.2018 18:00:00.000,55.14,55.21,54.92,55.14,0
21.03.2018 19:00:00.000,55.14,55.3,54.25,54.51,-1.142546246
21.03.2018 20:00:00.000,54.51,54.89,54.46,54.62,0.201797835
22.03.2018 14:00:00.000,53.78,53.9,53.6,53.65,-0.241725549
22.03.2018 15:00:00.000,53.62,54.05,52.89,52.95,-1.249533756
22.03.2018 16:00:00.000,52.95,53.04,52.6,52.83,-0.226628895
22.03.2018 17:00:00.000,52.83,53.35,52.64,53,0.321786864
22.03.2018 18:00:00.000,53,53.48,52.81,53.32,0.603773585
22.03.2018 19:00:00.000,53.32,53.4,52.78,52.83,-0.918979745
22.03.2018 20:00:00.000,52.83,52.98,52.29,52.51,-0.605716449
23.03.2018 14:00:00.000,52.79,53.07,52.27,53.02,0.435688577
23.03.2018 15:00:00.000,53.02,53.15,52.61,53.02,0
23.03.2018 16:00:00.000,52.99,53.05,52.1,52.1,-1.679562182
23.03.2018 17:00:00.000,52.1,52.46,52.08,52.12,0.038387716
23.03.2018 18:00:00.000,52.12,52.7,52.03,52.61,0.940138143
23.03.2018 19:00:00.000,52.63,52.68,51.7,51.76,-1.653049591
23.03.2018 20:00:00.000,51.77,51.91,51.06,51.12,-1.255553409
26.03.2018 14:00:00.000,52.58,52.73,52.11,52.14,-0.836820084
26.03.2018 15:00:00.000,52.14,52.25,51.25,51.34,-1.534330648
26.03.2018 16:00:00.000,51.34,51.34,50.41,51.01,-0.642773666
26.03.2018 17:00:00.000,51.01,51.37,50.71,51.01,0
26.03.2018 18:00:00.000,51.01,51.38,50.9,51.12,0.215643991
26.03.2018 19:00:00.000,51.12,52.21,51.1,51.93,1.584507042
26.03.2018 20:00:00.000,51.93,52.63,51.93,52.61,1.309455036
27.03.2018 14:00:00.000,52.75,52.98,52.51,52.69,-0.113744076
27.03.2018 15:00:00.000,52.69,52.75,52.12,52.2,-0.929967736
27.03.2018 16:00:00.000,52.2,52.42,52.08,52.2,0
27.03.2018 17:00:00.000,52.2,52.28,51.76,51.95,-0.478927203
27.03.2018 18:00:00.000,51.95,52.13,51.55,51.64,-0.596727623
27.03.2018 19:00:00.000,51.61,51.67,51.03,51.05,-1.085061035
27.03.2018 20:00:00.000,51.05,51.09,49.83,50.08,-1.900097943
28.03.2018 14:00:00.000,49.78,50.41,49.03,50.32,1.084773001
28.03.2018 15:00:00.000,50.38,51.05,49.71,50.36,-0.039698293
28.03.2018 16:00:00.000,50.36,50.69,49.86,50.33,-0.059571088
28.03.2018 17:00:00.000,50.33,51.2,50.17,50.37,0.079475462
28.03.2018 18:00:00.000,50.35,51.01,50.1,50.73,0.754716981
28.03.2018 19:00:00.000,50.73,50.88,50.28,50.33,-0.788488074
28.03.2018 20:00:00.000,50.33,50.63,50,50.34,0.019868865
29.03.2018 14:00:00.000,50.56,50.63,50.13,50.35,-0.415348101
29.03.2018 15:00:00.000,50.36,51.82,50.29,51.8,2.859412232
29.03.2018 16:00:00.000,51.82,51.92,51.4,51.61,-0.405248939
29.03.2018 17:00:00.000,51.61,51.7,51.2,51.55,-0.116256539
29.03.2018 18:00:00.000,51.55,51.99,51.34,51.93,0.7371484
29.03.2018 19:00:00.000,51.93,52.07,51.72,51.98,0.096283459
29.03.2018 20:00:00.000,51.98,52.14,51.55,51.57,-0.78876491
02.04.2018 14:00:00.000,51.39,51.74,50.8,50.9,-0.953492897
02.04.2018 15:00:00.000,50.9,50.99,50.45,50.49,-0.805500982
02.04.2018 16:00:00.000,50.49,50.52,49.78,49.93,-1.109130521
02.04.2018 17:00:00.000,49.93,50.48,49.83,50.26,0.660925295
02.04.2018 18:00:00.000,50.26,50.34,49.75,49.75,-1.014723438
02.04.2018 19:00:00.000,49.75,50.01,49.52,49.93,0.361809045
02.04.2018 20:00:00.000,49.94,50.51,49.81,50.48,1.081297557
03.04.2018 14:00:00.000,50.71,51.02,50.43,50.47,-0.473279432
03.04.2018 15:00:00.000,50.43,50.47,49.7,50.4,-0.0594884
03.04.2018 16:00:00.000,50.35,50.83,50.1,50.11,-0.476663357
03.04.2018 17:00:00.000,50.12,50.5,49.96,50.19,0.139664804
03.04.2018 18:00:00.000,50.19,50.45,50.07,50.26,0.139470014
03.04.2018 19:00:00.000,50.25,50.55,49.88,50.44,0.378109453
03.04.2018 20:00:00.000,50.44,50.87,50.38,50.62,0.356859635
04.04.2018 14:00:00.000,50.24,50.29,49.76,49.9,-0.676751592
04.04.2018 15:00:00.000,49.9,50.13,49.7,50.08,0.360721443
04.04.2018 16:00:00.000,50.08,50.64,49.88,50.43,0.698881789
04.04.2018 17:00:00.000,50.43,50.66,50.23,50.3,-0.257783066
04.04.2018 18:00:00.000,50.3,50.32,49.9,50.03,-0.536779324
04.04.2018 19:00:00.000,50.06,50.75,50.03,50.72,1.318417899
04.04.2018 20:00:00.000,50.71,51.43,50.69,51.4,1.360678367
05.04.2018 14:00:00.000,52.05,52.05,51.42,51.75,-0.576368876
05.04.2018 15:00:00.000,51.75,51.86,51.46,51.76,0.019323671
05.04.2018 16:00:00.000,51.76,51.99,51.75,51.9,0.270479134
05.04.2018 17:00:00.000,51.9,51.93,51.51,51.62,-0.539499037
05.04.2018 18:00:00.000,51.64,51.73,51,51.21,-0.832687839
05.04.2018 19:00:00.000,51.21,51.54,51.12,51.5,0.566295645
05.04.2018 20:00:00.000,51.5,51.66,51.23,51.48,-0.038834951
06.04.2018 14:00:00.000,51.08,51.56,51.03,51.38,0.587314017
06.04.2018 15:00:00.000,51.32,51.4,50.85,51,-0.623538581
06.04.2018 16:00:00.000,51.01,51.33,50.8,51.31,0.588119976
06.04.2018 17:00:00.000,51.31,51.47,50.97,51.43,0.233872539
06.04.2018 18:00:00.000,51.44,51.44,50.4,50.4,-2.021772939
06.04.2018 19:00:00.000,50.4,50.55,50.17,50.27,-0.257936508
06.04.2018 20:00:00.000,50.31,50.62,50.15,50.5,0.377658517
09.04.2018 14:00:00.000,50.9,51.76,50.82,51.49,1.15913556
09.04.2018 15:00:00.000,51.45,51.7,51.35,51.52,0.136054422
09.04.2018 16:00:00.000,51.52,51.81,51.4,51.76,0.465838509
09.04.2018 17:00:00.000,51.74,51.88,51.66,51.79,0.096637031
09.04.2018 18:00:00.000,51.78,51.98,51.6,51.8,0.038624952
09.04.2018 19:00:00.000,51.8,51.85,51.4,51.55,-0.482625483
09.04.2018 20:00:00.000,51.55,51.55,50.84,50.86,-1.338506305
10.04.2018 14:00:00.000,50.79,51.02,50.56,50.84,0.098444576
10.04.2018 15:00:00.000,50.84,51.28,50.8,51.07,0.452399685
10.04.2018 16:00:00.000,51.07,51.31,50.95,51.18,0.21539064
10.04.2018 17:00:00.000,51.18,51.27,50.9,50.96,-0.429855412
10.04.2018 18:00:00.000,50.96,51.28,50.88,51.26,0.588697017
10.04.2018 19:00:00.000,51.26,51.46,51.1,51.42,0.312134218
10.04.2018 20:00:00.000,51.46,51.8,51.32,51.62,0.310921104
11.04.2018 14:00:00.000,51.33,51.55,51.01,51.17,-0.311708553
11.04.2018 15:00:00.000,51.19,51.41,50.96,51.04,-0.293025982
11.04.2018 16:00:00.000,51.03,51.34,50.79,51.16,0.254752107
11.04.2018 17:00:00.000,51.16,51.45,51.06,51.09,-0.136825645
11.04.2018 18:00:00.000,51.07,51.3,50.99,51.3,0.450362248
11.04.2018 19:00:00.000,51.3,51.42,51.12,51.17,-0.253411306
11.04.2018 20:00:00.000,51.17,51.25,50.99,51.01,-0.312683213
12.04.2018 14:00:00.000,51.08,51.68,51.08,51.62,1.057165231
12.04.2018 15:00:00.000,51.64,52.03,51.59,51.77,0.251742835
12.04.2018 16:00:00.000,51.77,51.97,51.61,51.76,-0.019316206
12.04.2018 17:00:00.000,51.76,51.85,51.65,51.82,0.115919629
12.04.2018 18:00:00.000,51.83,51.89,51.41,51.62,-0.405170751
12.04.2018 19:00:00.000,51.62,51.94,51.61,51.85,0.445563735
12.04.2018 20:00:00.000,51.87,51.92,51.61,51.66,-0.4048583
13.04.2018 14:00:00.000,52.12,52.3,51.93,51.99,-0.249424405
13.04.2018 15:00:00.000,51.99,52.04,51.55,51.72,-0.519330641
13.04.2018 16:00:00.000,51.72,51.75,51.45,51.61,-0.212683681
13.04.2018 17:00:00.000,51.63,51.7,51.45,51.58,-0.096842921
13.04.2018 18:00:00.000,51.58,51.92,51.56,51.84,0.504071345
13.04.2018 19:00:00.000,51.84,51.89,51.53,51.54,-0.578703704
13.04.2018 20:00:00.000,51.54,51.58,51.14,51.49,-0.097012029
16.04.2018 14:00:00.000,51.77,51.77,51.32,51.48,-0.560169983
16.04.2018 15:00:00.000,51.48,51.88,51.48,51.72,0.466200466
16.04.2018 16:00:00.000,51.71,51.77,51.42,51.65,-0.116031715
16.04.2018 17:00:00.000,51.65,52,51.65,51.97,0.619554695
16.04.2018 18:00:00.000,51.96,52.16,51.96,52.03,0.134719015
16.04.2018 19:00:00.000,52.03,52.08,51.9,52.04,0.019219681
16.04.2018 20:00:00.000,52.04,52.1,51.82,51.99,-0.096079939
17.04.2018 14:00:00.000,52.51,53.13,52.51,53.11,1.142639497
17.04.2018 15:00:00.000,53.11,53.3,53.02,53.27,0.301261533
17.04.2018 16:00:00.000,53.3,53.54,53.27,53.4,0.187617261
17.04.2018 17:00:00.000,53.43,53.56,53.43,53.51,0.149728617
17.04.2018 18:00:00.000,53.51,53.67,53.48,53.58,0.13081667
17.04.2018 19:00:00.000,53.58,53.84,53.56,53.77,0.354609929
17.04.2018 20:00:00.000,53.77,53.89,53.69,53.75,-0.037195462
18.04.2018 14:00:00.000,53.79,53.84,53.38,53.63,-0.297453058
18.04.2018 15:00:00.000,53.61,53.68,53.31,53.62,0.018653236
18.04.2018 16:00:00.000,53.63,53.75,53.39,53.5,-0.242401641
18.04.2018 17:00:00.000,53.5,53.76,53.5,53.63,0.242990654
18.04.2018 18:00:00.000,53.63,53.67,53.52,53.52,-0.205109081
18.04.2018 19:00:00.000,53.52,53.79,53.48,53.66,0.261584454
18.04.2018 20:00:00.000,53.66,53.76,53.55,53.6,-0.111815132
19.04.2018 14:00:00.000,53.56,53.9,53.4,53.87,0.578790142
19.04.2018 15:00:00.000,53.84,53.97,53.66,53.9,0.111441308
19.04.2018 16:00:00.000,53.9,54.06,53.78,53.84,-0.111317254
19.04.2018 17:00:00.000,53.82,54.03,53.67,53.85,0.05574136
19.04.2018 18:00:00.000,53.84,54.07,53.78,54.03,0.352897474
19.04.2018 19:00:00.000,54.03,54.3,53.93,54.25,0.407181196
19.04.2018 20:00:00.000,54.25,54.7,54.22,54.38,0.239631336
20.04.2018 14:00:00.000,54.02,54.18,53.86,54.06,0.074046649
20.04.2018 15:00:00.000,54.06,54.58,53.93,54.29,0.4254532
20.04.2018 16:00:00.000,54.29,54.31,53.9,54,-0.534168355
20.04.2018 17:00:00.000,54,54.01,53.69,53.77,-0.425925926
20.04.2018 18:00:00.000,53.78,54.14,53.71,53.91,0.241725549
20.04.2018 19:00:00.000,53.92,53.98,53.63,53.71,-0.389465875
20.04.2018 20:00:00.000,53.73,53.73,53.47,53.6,-0.241950493
23.04.2018 14:00:00.000,53.7,53.76,53.3,53.37,-0.61452514
23.04.2018 15:00:00.000,53.38,53.89,53.33,53.75,0.693143499
23.04.2018 16:00:00.000,53.75,54.13,53.71,53.78,0.055813953
23.04.2018 17:00:00.000,53.73,53.9,53.61,53.64,-0.167504188
23.04.2018 18:00:00.000,53.62,53.99,53.62,53.83,0.391644909
23.04.2018 19:00:00.000,53.8,53.83,53.01,53.09,-1.319702602
23.04.2018 20:00:00.000,53.1,53.5,53.06,53.36,0.489642185
24.04.2018 14:00:00.000,52.04,52.18,51.7,51.97,-0.134511914
24.04.2018 15:00:00.000,51.99,52.04,51.22,51.25,-1.423350644
24.04.2018 16:00:00.000,51.25,51.66,50.75,51.43,0.351219512
24.04.2018 17:00:00.000,51.42,51.54,50.74,51,-0.8168028
24.04.2018 18:00:00.000,50.97,51.29,50.91,51.01,0.078477536
24.04.2018 19:00:00.000,51.01,51.09,50.65,50.91,-0.196039992
24.04.2018 20:00:00.000,50.91,51.11,50.52,51.01,0.196425064
25.04.2018 14:00:00.000,51.22,51.26,50.77,50.95,-0.527137837
25.04.2018 15:00:00.000,50.95,51.48,50.91,51.3,0.686947988
25.04.2018 16:00:00.000,51.3,51.61,50.97,51.02,-0.545808967
25.04.2018 17:00:00.000,51.02,51.38,50.91,51.2,0.352802822
25.04.2018 18:00:00.000,51.2,51.36,50.99,51.22,0.0390625
25.04.2018 19:00:00.000,51.22,51.42,50.95,51.42,0.390472472
25.04.2018 20:00:00.000,51.42,51.47,50.96,51,-0.8168028
26.04.2018 14:00:00.000,51.21,51.5,50.91,51.49,0.546768209
26.04.2018 15:00:00.000,51.49,51.89,51.44,51.83,0.660322393
26.04.2018 16:00:00.000,51.83,51.9,51.68,51.77,-0.115763072
26.04.2018 17:00:00.000,51.77,52.06,51.76,51.96,0.36700792
26.04.2018 18:00:00.000,51.96,52.25,51.96,52.16,0.38491147
26.04.2018 19:00:00.000,52.16,52.39,52.1,52.18,0.038343558
26.04.2018 20:00:00.000,52.18,52.28,51.86,51.97,-0.402453047
27.04.2018 14:00:00.000,52.43,52.47,51.72,51.73,-1.335113485
27.04.2018 15:00:00.000,51.71,51.89,51.3,51.38,-0.638174434
27.04.2018 16:00:00.000,51.38,51.76,51.35,51.6,0.428182172
27.04.2018 17:00:00.000,51.59,51.8,51.28,51.54,-0.096918007
27.04.2018 18:00:00.000,51.54,51.64,51.34,51.34,-0.388048118
27.04.2018 19:00:00.000,51.34,51.51,51.28,51.44,0.194779899
27.04.2018 20:00:00.000,51.44,51.57,51.29,51.52,0.155520995
30.04.2018 14:00:00.000,51.54,51.67,51.4,51.57,0.058207218
30.04.2018 15:00:00.000,51.58,51.84,51.51,51.54,-0.077549438
30.04.2018 16:00:00.000,51.54,51.59,51.1,51.14,-0.776096236
30.04.2018 17:00:00.000,51.14,51.16,50.84,51.01,-0.254204145
30.04.2018 18:00:00.000,51.01,51.16,50.88,51.13,0.235247991
30.04.2018 19:00:00.000,51.13,51.15,50.9,51.05,-0.156463916
30.04.2018 20:00:00.000,51.05,51.19,50.89,50.94,-0.215475024
01.05.2018 14:00:00.000,50.78,50.8,50.4,50.76,-0.039385585
01.05.2018 15:00:00.000,50.75,51.17,50.61,50.96,0.413793103
01.05.2018 16:00:00.000,50.95,51.15,50.83,50.93,-0.039254171
01.05.2018 17:00:00.000,50.93,51.12,50.93,51.06,0.255252307
01.05.2018 18:00:00.000,51.06,51.36,50.91,51.36,0.587544066
01.05.2018 19:00:00.000,51.36,51.55,51.33,51.49,0.253115265
01.05.2018 20:00:00.000,51.49,51.85,51.49,51.83,0.660322393
02.05.2018 14:00:00.000,51.54,51.87,51.38,51.75,0.407450524
02.05.2018 15:00:00.000,51.75,52,51.5,51.58,-0.328502415
02.05.2018 16:00:00.000,51.58,51.78,51.3,51.52,-0.116324157
02.05.2018 17:00:00.000,51.51,51.71,51.41,51.67,0.310619297
02.05.2018 18:00:00.000,51.67,51.8,51.64,51.66,-0.01935359
02.05.2018 19:00:00.000,51.69,52,51.57,51.63,-0.116076611
02.05.2018 20:00:00.000,51.62,51.72,51.13,51.18,-0.852382797
03.05.2018 14:00:00.000,50.96,51.17,50.81,51.05,0.176609105
03.05.2018 15:00:00.000,51.08,51.16,50.31,50.46,-1.213782302
03.05.2018 16:00:00.000,50.46,50.9,50.41,50.8,0.673801031
03.05.2018 17:00:00.000,50.8,51.2,50.52,51.13,0.649606299
03.05.2018 18:00:00.000,51.16,51.39,50.94,51.25,0.175918686
03.05.2018 19:00:00.000,51.25,51.47,51.09,51.14,-0.214634146
03.05.2018 20:00:00.000,51.14,51.36,51.07,51.07,-0.136879155
04.05.2018 14:00:00.000,50.91,51.17,50.87,51.11,0.392850128
04.05.2018 15:00:00.000,51.11,51.86,51,51.82,1.389160634
04.05.2018 16:00:00.000,51.84,51.93,51.75,51.85,0.019290123
04.05.2018 17:00:00.000,51.85,51.97,51.8,51.95,0.192864031
04.05.2018 18:00:00.000,51.95,52.22,51.92,52.21,0.500481232
04.05.2018 19:00:00.000,52.21,52.39,52.15,52.27,0.114920513
04.05.2018 20:00:00.000,52.27,52.39,52.25,52.29,0.038262866
07.05.2018 14:00:00.000,52.54,53.05,52.53,52.9,0.685192234
07.05.2018 15:00:00.000,52.9,52.91,52.75,52.9,0
07.05.2018 16:00:00.000,52.89,52.96,52.78,52.94,0.094535829
07.05.2018 17:00:00.000,52.94,53.02,52.79,52.8,-0.264450321
07.05.2018 18:00:00.000,52.8,52.87,52.69,52.83,0.056818182
07.05.2018 19:00:00.000,52.83,52.99,52.77,52.84,0.018928639
07.05.2018 20:00:00.000,52.82,52.9,52.59,52.66,-0.302915562
08.05.2018 14:00:00.000,52.95,52.97,52.51,52.63,-0.60434372
08.05.2018 15:00:00.000,52.6,52.63,52.36,52.4,-0.380228137
08.05.2018 16:00:00.000,52.4,52.8,52.37,52.59,0.36259542
08.05.2018 17:00:00.000,52.59,52.69,52.46,52.53,-0.114090131
08.05.2018 18:00:00.000,52.52,52.77,52.52,52.61,0.17136329
08.05.2018 19:00:00.000,52.62,52.82,52.43,52.58,-0.076016724
08.05.2018 20:00:00.000,52.58,52.73,52.51,52.66,0.152149106
09.05.2018 14:00:00.000,52.87,53.23,52.85,53.13,0.491772272
09.05.2018 15:00:00.000,53.12,53.64,53.05,53.35,0.432981928
09.05.2018 16:00:00.000,53.35,53.54,53.28,53.54,0.356138707
09.05.2018 17:00:00.000,53.53,53.79,53.5,53.73,0.373622268
09.05.2018 18:00:00.000,53.73,54.02,53.7,54.02,0.539735716
09.05.2018 19:00:00.000,54.02,54.26,53.98,54.2,0.333209922
09.05.2018 20:00:00.000,54.19,54.26,54.08,54.09,-0.184535892
10.05.2018 14:00:00.000,54.5,55,54.5,54.84,0.623853211
10.05.2018 15:00:00.000,54.86,54.89,54.6,54.83,-0.054684652
10.05.2018 16:00:00.000,54.83,54.91,54.63,54.66,-0.310049243
10.05.2018 17:00:00.000,54.67,54.88,54.65,54.87,0.365831352
10.05.2018 18:00:00.000,54.88,54.95,54.55,54.63,-0.455539359
10.05.2018 19:00:00.000,54.63,54.74,54.52,54.64,0.018304961
10.05.2018 20:00:00.000,54.64,54.89,54.55,54.79,0.274524158
11.05.2018 14:00:00.000,54.65,54.77,54.54,54.73,0.146386093
11.05.2018 15:00:00.000,54.73,55.03,54.68,54.98,0.456787868
11.05.2018 16:00:00.000,54.98,55.06,54.81,54.96,-0.036376864
11.05.2018 17:00:00.000,54.96,54.96,54.61,54.74,-0.400291121
11.05.2018 18:00:00.000,54.75,54.85,54.65,54.7,-0.091324201
11.05.2018 19:00:00.000,54.7,54.74,54.56,54.66,-0.073126143
11.05.2018 20:00:00.000,54.66,54.83,54.63,54.83,0.311013538
14.05.2018 14:00:00.000,55.31,55.54,55.17,55.48,0.307358525
14.05.2018 15:00:00.000,55.46,55.5,55.23,55.3,-0.288496213
14.05.2018 16:00:00.000,55.27,55.44,55.17,55.27,0
14.05.2018 17:00:00.000,55.27,55.45,55.16,55.18,-0.162836982
14.05.2018 18:00:00.000,55.18,55.23,55.05,55.13,-0.090612541
14.05.2018 19:00:00.000,55.13,55.2,55.01,55.18,0.090694722
14.05.2018 20:00:00.000,55.18,55.23,54.95,54.97,-0.380572671
15.05.2018 14:00:00.000,54.21,54.37,53.98,54.02,-0.35048884
15.05.2018 15:00:00.000,54.01,54.4,53.95,54.08,0.129605629
15.05.2018 16:00:00.000,54.09,54.22,53.95,54,-0.166389351
15.05.2018 17:00:00.000,54,54.17,53.91,54.06,0.111111111
15.05.2018 18:00:00.000,54.06,54.09,53.75,53.75,-0.573436922
15.05.2018 19:00:00.000,53.75,53.96,53.7,53.83,0.148837209
15.05.2018 20:00:00.000,53.83,53.96,53.66,53.9,0.130039012
16.05.2018 14:00:00.000,53.9,54.13,53.81,54.07,0.315398887
16.05.2018 15:00:00.000,54.07,54.4,54.05,54.29,0.40687997
16.05.2018 16:00:00.000,54.28,54.31,54.11,54.31,0.055268976
16.05.2018 17:00:00.000,54.31,54.43,54.29,54.32,0.018412815
16.05.2018 18:00:00.000,54.32,54.34,54.18,54.25,-0.128865979
16.05.2018 19:00:00.000,54.25,54.32,54.23,54.28,0.055299539
16.05.2018 20:00:00.000,54.28,54.28,53.9,54.04,-0.442151805
17.05.2018 14:00:00.000,53.92,54.14,53.88,53.89,-0.055637982
17.05.2018 15:00:00.000,53.9,54.34,53.89,54.28,0.705009276
17.05.2018 16:00:00.000,54.28,54.29,54.1,54.11,-0.313190862
17.05.2018 17:00:00.000,54.11,54.25,53.93,53.95,-0.295693957
17.05.2018 18:00:00.000,53.95,54.05,53.78,53.78,-0.31510658
17.05.2018 19:00:00.000,53.78,54.01,53.65,53.99,0.390479732
17.05.2018 20:00:00.000,53.99,54,53.83,53.91,-0.148175588
18.05.2018 14:00:00.000,53.16,53.42,53.1,53.25,0.169300226
18.05.2018 15:00:00.000,53.26,53.26,53.03,53.16,-0.187758167
18.05.2018 16:00:00.000,53.17,53.47,53.16,53.46,0.54542035
18.05.2018 17:00:00.000,53.46,53.46,53.28,53.38,-0.149644594
18.05.2018 18:00:00.000,53.38,53.4,53.26,53.3,-0.149868865
18.05.2018 19:00:00.000,53.3,53.41,53.27,53.35,0.09380863
18.05.2018 20:00:00.000,53.35,53.42,53.28,53.35,0
21.05.2018 14:00:00.000,54.16,54.39,54.11,54.2,0.073855244
21.05.2018 15:00:00.000,54.17,54.29,53.99,54.06,-0.203064427
21.05.2018 16:00:00.000,54.06,54.12,53.68,53.92,-0.258971513
21.05.2018 17:00:00.000,53.93,54.11,53.87,54.06,0.241053217
21.05.2018 18:00:00.000,54.05,54.19,54.01,54.07,0.037002775
21.05.2018 19:00:00.000,54.06,54.06,53.76,53.93,-0.240473548
21.05.2018 20:00:00.000,53.93,53.96,53.84,53.96,0.055627665
22.05.2018 14:00:00.000,54.24,54.32,53.93,54.03,-0.387168142
22.05.2018 15:00:00.000,54.03,54.05,53.71,53.95,-0.148065889
22.05.2018 16:00:00.000,53.95,54.02,53.7,53.78,-0.31510658
22.05.2018 17:00:00.000,53.79,53.83,53.61,53.72,-0.130135713
22.05.2018 18:00:00.000,53.71,53.8,53.65,53.76,0.093092534
22.05.2018 19:00:00.000,53.76,53.8,53.65,53.65,-0.204613095
22.05.2018 20:00:00.000,53.65,53.73,53.33,53.42,-0.428704567
23.05.2018 14:00:00.000,53.28,53.41,53.17,53.17,-0.206456456
23.05.2018 15:00:00.000,53.17,53.44,53.08,53.15,-0.037615197
23.05.2018 16:00:00.000,53.15,53.48,53.15,53.35,0.376293509
23.05.2018 17:00:00.000,53.35,53.93,53.33,53.73,0.712277413
23.05.2018 18:00:00.000,53.74,53.77,53.5,53.52,-0.409378489
23.05.2018 19:00:00.000,53.54,53.89,53.5,53.87,0.616361599
23.05.2018 20:00:00.000,53.88,53.97,53.77,53.96,0.148478099
24.05.2018 14:00:00.000,53.95,53.98,53.52,53.59,-0.667284523
24.05.2018 15:00:00.000,53.59,53.73,53.32,53.33,-0.485165143
24.05.2018 16:00:00.000,53.33,53.76,53.3,53.76,0.806300394
24.05.2018 17:00:00.000,53.76,53.96,53.66,53.82,0.111607143
24.05.2018 18:00:00.000,53.83,53.92,53.81,53.89,0.11146201
24.05.2018 19:00:00.000,53.89,54,53.85,53.93,0.074225274
24.05.2018 20:00:00.000,53.93,54.02,53.85,53.88,-0.092712776
25.05.2018 14:00:00.000,53.93,54.1,53.8,54.07,0.259595772
25.05.2018 15:00:00.000,54.07,54.13,53.9,53.99,-0.147956353
25.05.2018 16:00:00.000,53.99,54.04,53.83,53.9,-0.166697537
25.05.2018 17:00:00.000,53.9,53.92,53.79,53.89,-0.018552876
25.05.2018 18:00:00.000,53.89,53.92,53.76,53.77,-0.222675821
25.05.2018 19:00:00.000,53.77,53.92,53.76,53.8,0.055793193
25.05.2018 20:00:00.000,53.8,53.84,53.69,53.76,-0.074349442
29.05.2018 14:00:00.000,53.45,53.63,53.25,53.49,0.074836296
29.05.2018 15:00:00.000,53.49,53.52,53.01,53.15,-0.635632829
29.05.2018 16:00:00.000,53.15,53.32,52.98,53.08,-0.131702728
29.05.2018 17:00:00.000,53.08,53.19,52.86,53.17,0.169555388
29.05.2018 18:00:00.000,53.17,53.17,52.92,52.93,-0.451382358
29.05.2018 19:00:00.000,52.92,53.1,52.78,52.89,-0.056689342
29.05.2018 20:00:00.000,52.89,53.06,52.76,52.99,0.189071658
30.05.2018 14:00:00.000,53.09,53.18,52.85,52.91,-0.339046901
30.05.2018 15:00:00.000,52.92,53.2,52.83,53.15,0.434618292
30.05.2018 16:00:00.000,53.16,53.45,53.1,53.38,0.413844996
30.05.2018 17:00:00.000,53.38,53.45,53.25,53.3,-0.149868865
30.05.2018 18:00:00.000,53.3,53.43,53.25,53.28,-0.037523452
30.05.2018 19:00:00.000,53.28,53.42,53.28,53.42,0.262762763
30.05.2018 20:00:00.000,53.42,53.44,53.32,53.44,0.037439161
31.05.2018 14:00:00.000,53.83,54.27,53.8,54.21,0.705926064
31.05.2018 15:00:00.000,54.21,54.71,54.19,54.43,0.405829183
31.05.2018 16:00:00.000,54.4,54.84,54.4,54.63,0.422794118
31.05.2018 17:00:00.000,54.63,54.71,54.37,54.56,-0.128134725
31.05.2018 18:00:00.000,54.56,54.62,54.3,54.3,-0.476539589
31.05.2018 19:00:00.000,54.31,54.54,54.22,54.48,0.31301786
31.05.2018 20:00:00.000,54.48,54.66,54.38,54.45,-0.055066079
01.06.2018 14:00:00.000,55.05,55.32,55.05,55.28,0.417801998
01.06.2018 15:00:00.000,55.28,55.9,55.24,55.79,0.922575977
01.06.2018 16:00:00.000,55.79,55.96,55.73,55.92,0.23301667
01.06.2018 17:00:00.000,55.92,55.95,55.84,55.87,-0.089413448
01.06.2018 18:00:00.000,55.87,56,55.87,55.88,0.017898693
01.06.2018 19:00:00.000,55.88,55.9,55.74,55.85,-0.053686471
01.06.2018 20:00:00.000,55.86,55.97,55.77,55.95,0.161117078
04.06.2018 14:00:00.000,56.46,57.03,56.46,57,0.95642933
04.06.2018 15:00:00.000,56.99,57.09,56.66,56.88,-0.193016319
04.06.2018 16:00:00.000,56.88,56.94,56.6,56.7,-0.316455696
04.06.2018 17:00:00.000,56.7,56.86,56.45,56.77,0.12345679
04.06.2018 18:00:00.000,56.77,56.9,56.75,56.9,0.228994187
04.06.2018 19:00:00.000,56.9,56.95,56.79,56.86,-0.07029877
04.06.2018 20:00:00.000,56.86,56.99,56.8,56.95,0.158283503
05.06.2018 14:00:00.000,56.81,57.04,56.65,57,0.334448161
05.06.2018 15:00:00.000,56.99,57.28,56.96,57.22,0.403579575
05.06.2018 16:00:00.000,57.22,57.24,56.71,56.87,-0.61167424
05.06.2018 17:00:00.000,56.88,56.88,56.75,56.86,-0.035161744
05.06.2018 18:00:00.000,56.86,56.98,56.85,56.89,0.052761168
05.06.2018 19:00:00.000,56.89,57.07,56.81,57.03,0.246088944
05.06.2018 20:00:00.000,57.03,57.05,56.89,57.01,-0.035069262
06.06.2018 14:00:00.000,57.05,57.06,56.7,56.71,-0.595968449
06.06.2018 15:00:00.000,56.73,56.81,56.38,56.63,-0.176273577
06.06.2018 16:00:00.000,56.63,56.91,56.6,56.82,0.335511213
06.06.2018 17:00:00.000,56.82,56.87,56.63,56.67,-0.263991552
06.06.2018 18:00:00.000,56.67,56.73,56.28,56.46,-0.370566437
06.06.2018 19:00:00.000,56.47,56.76,56.46,56.75,0.495838498
06.06.2018 20:00:00.000,56.75,56.87,56.65,56.84,0.158590308
07.06.2018 14:00:00.000,56.4,56.7,56.4,56.62,0.390070922
07.06.2018 15:00:00.000,56.6,56.63,55.82,56.04,-0.989399293
07.06.2018 16:00:00.000,56.05,56.36,55.96,56.16,0.196253345
07.06.2018 17:00:00.000,56.16,56.31,55.9,56.01,-0.267094017
07.06.2018 18:00:00.000,56,56.07,55.86,56,0
07.06.2018 19:00:00.000,56,56.33,55.93,56.24,0.428571429
07.06.2018 20:00:00.000,56.24,56.33,56.12,56.22,-0.035561878
08.06.2018 14:00:00.000,55.87,56.09,55.85,55.96,0.161088241
08.06.2018 15:00:00.000,55.93,55.97,55.6,55.88,-0.089397461
08.06.2018 16:00:00.000,55.88,56.15,55.86,56.06,0.322118826
08.06.2018 17:00:00.000,56.06,56.23,56.04,56.18,0.214056368
08.06.2018 18:00:00.000,56.18,56.22,56.1,56.15,-0.053399786
08.06.2018 19:00:00.000,56.15,56.33,56.15,56.19,0.071237756
08.06.2018 20:00:00.000,56.19,56.21,56.06,56.06,-0.231357893
11.06.2018 14:00:00.000,56.21,56.42,56.09,56.34,0.231275574
11.06.2018 15:00:00.000,56.34,56.35,56.02,56.24,-0.177493788
11.06.2018 16:00:00.000,56.26,56.76,56.15,56.7,0.782083185
11.06.2018 17:00:00.000,56.7,56.86,56.7,56.75,0.088183422
11.06.2018 18:00:00.000,56.75,56.83,56.68,56.74,-0.017621145
11.06.2018 19:00:00.000,56.74,56.74,56.58,56.62,-0.211491012
11.06.2018 20:00:00.000,56.62,56.7,56.53,56.54,-0.141292829
12.06.2018 14:00:00.000,56.59,56.91,56.55,56.76,0.300406432
12.06.2018 15:00:00.000,56.75,56.85,56.62,56.71,-0.070484581
12.06.2018 16:00:00.000,56.71,56.77,56.6,56.76,0.088167872
12.06.2018 17:00:00.000,56.77,56.79,56.68,56.71,-0.105689625
12.06.2018 18:00:00.000,56.71,56.83,56.69,56.81,0.176335743
12.06.2018 19:00:00.000,56.81,56.82,56.55,56.55,-0.457665904
12.06.2018 20:00:00.000,56.55,56.91,56.53,56.89,0.601237843
13.06.2018 14:00:00.000,57.11,57.11,56.84,56.87,-0.420241639
13.06.2018 15:00:00.000,56.87,57.15,56.85,57,0.228591525
13.06.2018 16:00:00.000,57,57.26,57,57.16,0.280701754
13.06.2018 17:00:00.000,57.16,57.17,56.9,57.13,-0.052484255
13.06.2018 18:00:00.000,57.13,57.3,57.05,57.3,0.297566953
13.06.2018 19:00:00.000,57.3,57.3,56.9,57.17,-0.226876091
13.06.2018 20:00:00.000,57.17,57.32,56.83,56.84,-0.577225818
14.06.2018 14:00:00.000,57.2,57.3,57.01,57.16,-0.06993007
14.06.2018 15:00:00.000,57.16,57.49,57.16,57.23,0.122463261
14.06.2018 16:00:00.000,57.23,57.55,57.15,57.5,0.471780535
14.06.2018 17:00:00.000,57.52,57.7,57.5,57.66,0.243393602
14.06.2018 18:00:00.000,57.66,57.77,57.58,57.6,-0.104058273
14.06.2018 19:00:00.000,57.6,57.68,57.35,57.45,-0.260416667
14.06.2018 20:00:00.000,57.46,57.65,57.43,57.51,0.087017055
15.06.2018 14:00:00.000,57.5,57.66,57.17,57.36,-0.243478261
15.06.2018 15:00:00.000,57.38,57.55,57.25,57.42,0.069710701
15.06.2018 16:00:00.000,57.42,57.46,57.26,57.36,-0.104493208
15.06.2018 17:00:00.000,57.36,57.42,57.3,57.41,0.087168759
15.06.2018 18:00:00.000,57.41,57.42,57.3,57.32,-0.156767114
15.06.2018 19:00:00.000,57.32,57.46,57.32,57.43,0.191905094
15.06.2018 20:00:00.000,57.43,57.57,57.38,57.51,0.139300017
18.06.2018 14:00:00.000,57.29,57.8,57.18,57.65,0.628381917
18.06.2018 15:00:00.000,57.65,58.15,57.53,58.02,0.64180399
18.06.2018 16:00:00.000,58.02,58.23,58.02,58.21,0.327473285
18.06.2018 19:00:00.000,58.54,58.6,58.49,58.57,0.051247011
18.06.2018 20:00:00.000,58.56,58.72,58.55,58.66,0.170765027
19.06.2018 14:00:00.000,58.1,58.54,57.99,58.1,0
19.06.2018 15:00:00.000,58.1,58.11,57.67,57.98,-0.206540448
19.06.2018 16:00:00.000,57.98,58.2,57.91,58.07,0.15522594
19.06.2018 17:00:00.000,58.07,58.09,57.83,57.94,-0.223867746
19.06.2018 18:00:00.000,57.94,58.14,57.89,58.12,0.310666206
19.06.2018 19:00:00.000,58.12,58.56,58.09,58.52,0.688231246
19.06.2018 20:00:00.000,58.52,58.53,58.3,58.39,-0.222146275
20.06.2018 14:00:00.000,58.95,59.16,58.77,58.99,0.067854114
20.06.2018 15:00:00.000,58.98,59.19,58.83,58.94,-0.0678196
20.06.2018 16:00:00.000,58.94,59.09,58.86,59.08,0.237529691
20.06.2018 17:00:00.000,59.08,59.31,59.06,59.27,0.321597833
20.06.2018 18:00:00.000,59.27,59.3,58.99,59.07,-0.337438839
20.06.2018 19:00:00.000,59.07,59.14,58.76,58.76,-0.524801083
20.06.2018 20:00:00.000,58.77,58.83,58.55,58.58,-0.323294198
21.06.2018 14:00:00.000,58.64,58.79,58.25,58.62,-0.034106412
21.06.2018 15:00:00.000,58.62,58.67,57.66,58.1,-0.88706926
21.06.2018 16:00:00.000,58.1,58.41,57.95,58.23,0.223752151
21.06.2018 17:00:00.000,58.23,58.26,57.9,57.96,-0.463678516
21.06.2018 18:00:00.000,57.96,58.17,57.91,58.03,0.120772947
21.06.2018 19:00:00.000,58.02,58.13,57.91,57.96,-0.103412616
21.06.2018 20:00:00.000,57.96,58.05,57.61,57.8,-0.27605245
22.06.2018 14:00:00.000,57.85,57.9,57.37,57.51,-0.58772688
22.06.2018 15:00:00.000,57.51,57.72,57.35,57.65,0.243435924
22.06.2018 16:00:00.000,57.66,57.76,57.6,57.72,0.104058273
22.06.2018 17:00:00.000,57.72,57.92,57.72,57.83,0.190575191
22.06.2018 18:00:00.000,57.83,58.05,57.83,57.92,0.155628566
22.06.2018 19:00:00.000,57.92,57.93,57.8,57.83,-0.15538674
22.06.2018 20:00:00.000,57.84,57.92,57.73,57.79,-0.086445367
25.06.2018 14:00:00.000,57.08,57.09,56.55,56.61,-0.823405746
25.06.2018 15:00:00.000,56.61,56.71,56.32,56.37,-0.423953365
25.06.2018 16:00:00.000,56.37,56.45,55.85,56.15,-0.390278517
25.06.2018 17:00:00.000,56.15,56.2,55.81,56.04,-0.195903829
25.06.2018 18:00:00.000,56.03,56.06,55.63,55.83,-0.356951633
25.06.2018 19:00:00.000,55.81,55.88,55.63,55.8,-0.017917936
25.06.2018 20:00:00.000,55.8,56.35,55.71,56.32,0.931899642
26.06.2018 14:00:00.000,56.05,56.62,55.94,56.37,0.570918822
26.06.2018 15:00:00.000,56.39,56.58,55.85,55.98,-0.727079269
26.06.2018 16:00:00.000,55.98,56.17,55.95,56.11,0.232225795
26.06.2018 17:00:00.000,56.13,56.42,56.11,56.36,0.40976305
26.06.2018 18:00:00.000,56.36,56.64,56.3,56.32,-0.070972321
26.06.2018 19:00:00.000,56.32,56.33,56.11,56.13,-0.337357955
26.06.2018 20:00:00.000,56.11,56.15,55.83,55.93,-0.320798432
27.06.2018 14:00:00.000,56.21,56.58,56.07,56.5,0.515922434
27.06.2018 15:00:00.000,56.49,56.53,56.2,56.2,-0.513365197
27.06.2018 16:00:00.000,56.2,56.29,55.86,56.14,-0.106761566
27.06.2018 17:00:00.000,56.14,56.23,55.85,55.88,-0.463127895
27.06.2018 18:00:00.000,55.87,55.91,55.46,55.63,-0.429568641
27.06.2018 19:00:00.000,55.61,55.77,55.45,55.53,-0.143859018
27.06.2018 20:00:00.000,55.53,55.77,55.29,55.48,-0.090041419
28.06.2018 14:00:00.000,55.15,55.54,55.02,55.45,0.543970988
28.06.2018 15:00:00.000,55.45,55.55,55.03,55.53,0.144274121
28.06.2018 16:00:00.000,55.53,55.78,55.45,55.7,0.306140825
28.06.2018 17:00:00.000,55.7,55.78,55.3,55.54,-0.287253142
28.06.2018 18:00:00.000,55.52,55.64,55.45,55.6,0.144092219
28.06.2018 19:00:00.000,55.6,56.02,55.5,56.02,0.755395683
28.06.2018 20:00:00.000,56.02,56.12,55.69,55.73,-0.51767226
29.06.2018 14:00:00.000,56.06,56.39,56.05,56.29,0.410274706
29.06.2018 15:00:00.000,56.29,56.4,56.1,56.3,0.017765145
29.06.2018 16:00:00.000,56.3,56.34,55.93,56.05,-0.444049734
29.06.2018 17:00:00.000,56.05,56.11,55.88,55.97,-0.142729706
29.06.2018 18:00:00.000,55.97,56.12,55.93,56.04,0.125067
29.06.2018 19:00:00.000,56.04,56.12,55.95,56.1,0.107066381
29.06.2018 20:00:00.000,56.1,56.14,55.8,55.9,-0.356506239
02.07.2018 14:00:00.000,54.86,55.53,54.86,55.45,1.07546482
02.07.2018 15:00:00.000,55.41,55.71,55.39,55.55,0.252661974
02.07.2018 16:00:00.000,55.55,55.7,55.48,55.56,0.0180018
02.07.2018 17:00:00.000,55.55,55.56,55.4,55.48,-0.126012601
02.07.2018 18:00:00.000,55.48,55.85,55.39,55.82,0.612833453
02.07.2018 19:00:00.000,55.83,56.27,55.79,56.01,0.322407308
02.07.2018 20:00:00.000,56.04,56.33,55.99,56.28,0.428265525
03.07.2018 14:00:00.000,56.55,56.56,55.93,56.05,-0.884173298
03.07.2018 15:00:00.000,56.05,56.15,55.89,55.91,-0.249776985
03.07.2018 16:00:00.000,55.92,55.94,55.54,55.67,-0.447067239
03.07.2018 17:00:00.000,55.68,55.69,55.01,55.09,-1.059626437
03.07.2018 18:00:00.000,55.1,55.1,55.1,55.1,0
05.07.2018 14:00:00.000,55.6,55.79,55.43,55.63,0.053956835
05.07.2018 15:00:00.000,55.61,55.74,55.41,55.46,-0.269735659
05.07.2018 16:00:00.000,55.46,55.87,55.43,55.85,0.70320952
05.07.2018 17:00:00.000,55.85,56.19,55.85,56.11,0.465532677
05.07.2018 18:00:00.000,56.12,56.22,56.04,56.12,0
05.07.2018 19:00:00.000,56.13,56.24,55.95,56.23,0.178157848
05.07.2018 20:00:00.000,56.24,56.36,56.01,56.24,0
06.07.2018 14:00:00.000,56.06,56.44,56.05,56.38,0.570816982
06.07.2018 15:00:00.000,56.38,56.63,56.31,56.62,0.425682866
06.07.2018 16:00:00.000,56.6,56.98,56.56,56.9,0.530035336
06.07.2018 17:00:00.000,56.9,57.01,56.86,56.99,0.158172232
06.07.2018 18:00:00.000,56.99,57.02,56.91,56.91,-0.140375504
06.07.2018 19:00:00.000,56.9,56.97,56.82,56.95,0.087873462
06.07.2018 20:00:00.000,56.95,57.04,56.83,56.95,0
09.07.2018 14:00:00.000,57.4,57.58,57.28,57.48,0.139372822
09.07.2018 15:00:00.000,57.48,57.48,57.16,57.39,-0.1565762
09.07.2018 16:00:00.000,57.36,57.45,57.24,57.36,0
09.07.2018 17:00:00.000,57.32,57.48,57.26,57.32,0
09.07.2018 18:00:00.000,57.32,57.44,57.28,57.4,0.139567341
09.07.2018 19:00:00.000,57.41,57.5,57.35,57.5,0.156767114
09.07.2018 20:00:00.000,57.49,57.64,57.42,57.61,0.208731953
10.07.2018 14:00:00.000,57.73,57.92,57.65,57.72,-0.017322016
10.07.2018 15:00:00.000,57.72,57.94,57.7,57.89,0.294525295
10.07.2018 16:00:00.000,57.89,57.95,57.76,57.88,-0.017274141
10.07.2018 17:00:00.000,57.88,57.95,57.81,57.93,0.086385625
10.07.2018 18:00:00.000,57.93,57.97,57.53,57.73,-0.34524426
10.07.2018 19:00:00.000,57.73,57.85,57.66,57.82,0.155898147
10.07.2018 20:00:00.000,57.82,57.85,57.47,57.62,-0.345901072
11.07.2018 14:00:00.000,57.52,57.89,57.5,57.77,0.434631433
11.07.2018 15:00:00.000,57.78,58.2,57.77,58.05,0.46728972
11.07.2018 16:00:00.000,58.05,58.09,57.75,57.9,-0.258397933
11.07.2018 17:00:00.000,57.9,58.04,57.76,57.91,0.017271157
11.07.2018 18:00:00.000,57.92,58.13,57.89,57.93,0.017265193
11.07.2018 19:00:00.000,57.93,58.04,57.81,57.93,0
11.07.2018 20:00:00.000,57.93,58.03,57.85,57.85,-0.138097704
12.07.2018 14:00:00.000,58.04,58.36,58.03,58.35,0.534114404
12.07.2018 15:00:00.000,58.34,58.73,58.34,58.61,0.462804251
12.07.2018 16:00:00.000,58.61,58.95,58.61,58.93,0.545981914
12.07.2018 17:00:00.000,58.93,59.07,58.88,58.95,0.033938571
12.07.2018 18:00:00.000,58.95,59,58.89,58.92,-0.050890585
12.07.2018 19:00:00.000,58.92,59.07,58.89,59.03,0.186693822
12.07.2018 20:00:00.000,59.03,59.16,58.93,59.1,0.118583771
13.07.2018 14:00:00.000,59.24,59.27,58.99,59,-0.405131668
13.07.2018 15:00:00.000,58.99,59.76,58.99,59.57,0.983217494
13.07.2018 16:00:00.000,59.56,59.67,59.49,59.64,0.134318334
13.07.2018 17:00:00.000,59.64,59.71,59.51,59.54,-0.167672703
13.07.2018 18:00:00.000,59.55,59.61,59.39,59.42,-0.218303946
13.07.2018 19:00:00.000,59.42,59.44,59.2,59.37,-0.084146752
13.07.2018 20:00:00.000,59.37,59.51,59.33,59.46,0.151591713
16.07.2018 14:00:00.000,59.28,59.39,59,59.24,-0.067476383
16.07.2018 15:00:00.000,59.24,59.54,59.16,59.16,-0.135043889
16.07.2018 16:00:00.000,59.16,59.45,59.15,59.38,0.371872887
16.07.2018 17:00:00.000,59.38,59.43,59.3,59.33,-0.084203436
16.07.2018 18:00:00.000,59.33,59.38,59.25,59.28,-0.084274397
16.07.2018 19:00:00.000,59.28,59.31,58.95,59.12,-0.269905533
16.07.2018 20:00:00.000,59.12,59.25,59.03,59.13,0.01691475
17.07.2018 14:00:00.000,58.86,59.26,58.65,59.17,0.526673462
17.07.2018 15:00:00.000,59.17,59.34,58.96,59.3,0.219705932
17.07.2018 16:00:00.000,59.3,59.52,59.25,59.51,0.354131535
17.07.2018 17:00:00.000,59.5,60.09,59.44,59.89,0.655462185
17.07.2018 18:00:00.000,59.9,60.15,59.9,59.93,0.050083472
17.07.2018 19:00:00.000,59.93,60.06,59.9,59.91,-0.033372268
17.07.2018 20:00:00.000,59.91,60.07,59.73,59.89,-0.033383408
18.07.2018 14:00:00.000,60.14,60.21,59.55,59.73,-0.681742601
18.07.2018 15:00:00.000,59.73,59.88,59.51,59.81,0.133936046
18.07.2018 16:00:00.000,59.83,59.92,59.7,59.9,0.116998161
18.07.2018 17:00:00.000,59.9,60.14,59.76,60.08,0.300500835
18.07.2018 18:00:00.000,60.08,60.15,59.93,60.02,-0.099866844
18.07.2018 19:00:00.000,60.02,60.21,59.83,59.88,-0.233255581
18.07.2018 20:00:00.000,59.88,60.05,59.85,59.95,0.116900468
19.07.2018 14:00:00.000,59.85,59.99,59.4,59.56,-0.484544695
19.07.2018 15:00:00.000,59.54,59.7,59.43,59.61,0.117568021
19.07.2018 16:00:00.000,59.61,59.65,59.49,59.5,-0.184532797
19.07.2018 17:00:00.000,59.5,59.52,59.15,59.3,-0.336134454
19.07.2018 18:00:00.000,59.3,59.48,59.23,59.41,0.18549747
19.07.2018 19:00:00.000,59.42,59.53,59.26,59.35,-0.117805453
19.07.2018 20:00:00.000,59.35,59.49,59.2,59.32,-0.050547599
20.07.2018 14:00:00.000,59.3,59.58,59.26,59.35,0.084317032
20.07.2018 15:00:00.000,59.36,59.79,59.33,59.7,0.57277628
20.07.2018 16:00:00.000,59.7,59.84,59.6,59.64,-0.100502513
20.07.2018 17:00:00.000,59.6,59.65,59.39,59.44,-0.268456376
20.07.2018 18:00:00.000,59.44,59.5,59.3,59.42,-0.033647376
20.07.2018 19:00:00.000,59.42,59.47,59.22,59.31,-0.185122854
20.07.2018 20:00:00.000,59.33,59.38,59.21,59.22,-0.185403674
23.07.2018 14:00:00.000,59.18,59.37,59.12,59.37,0.32105441
23.07.2018 15:00:00.000,59.38,59.8,59.38,59.75,0.623105423
23.07.2018 16:00:00.000,59.75,60.03,59.73,59.99,0.40167364
23.07.2018 17:00:00.000,59.98,60.02,59.85,59.87,-0.183394465
23.07.2018 18:00:00.000,59.87,59.95,59.71,59.87,0
23.07.2018 19:00:00.000,59.88,60.27,59.85,60.14,0.434201737
23.07.2018 20:00:00.000,60.14,60.32,60.05,60.14,0
24.07.2018 14:00:00.000,62.76,63.13,62.4,62.59,-0.270873168
24.07.2018 15:00:00.000,62.59,63.15,62.54,62.96,0.591148746
24.07.2018 16:00:00.000,62.96,62.99,62.44,62.56,-0.635324015
24.07.2018 17:00:00.000,62.56,62.64,62.05,62.23,-0.527493606
24.07.2018 18:00:00.000,62.22,62.32,61.78,62.11,-0.176792028
24.07.2018 19:00:00.000,62.11,62.46,61.88,62.41,0.483014007
24.07.2018 20:00:00.000,62.41,62.43,62.26,62.37,-0.064092293
25.07.2018 14:00:00.000,62.14,62.84,62.08,62.83,1.11039588
25.07.2018 15:00:00.000,62.82,62.84,62.5,62.56,-0.41388093
25.07.2018 16:00:00.000,62.6,62.8,62.47,62.74,0.223642173
25.07.2018 17:00:00.000,62.74,62.86,62.65,62.75,0.015938795
25.07.2018 18:00:00.000,62.75,62.8,62.64,62.79,0.06374502
25.07.2018 19:00:00.000,62.79,63,62.75,62.92,0.207039337
25.07.2018 20:00:00.000,62.92,63.28,62.88,63.17,0.397329943
26.07.2018 14:00:00.000,62.74,63.07,62.51,62.59,-0.239081925
26.07.2018 15:00:00.000,62.62,63.03,62.61,62.99,0.590865538
26.07.2018 16:00:00.000,62.99,63.35,62.92,63.27,0.444515002
26.07.2018 17:00:00.000,63.27,63.42,63.06,63.12,-0.237079184
26.07.2018 18:00:00.000,63.12,63.3,63.06,63.2,0.126742712
26.07.2018 19:00:00.000,63.2,63.37,63.19,63.24,0.063291139
26.07.2018 20:00:00.000,63.24,63.42,63.2,63.41,0.268817204
27.07.2018 14:00:00.000,63.34,63.36,62.93,62.95,-0.615724661
27.07.2018 15:00:00.000,62.95,63.04,62.57,62.75,-0.31771247
27.07.2018 16:00:00.000,62.75,62.78,62.55,62.55,-0.3187251
27.07.2018 17:00:00.000,62.55,62.55,61.75,61.76,-1.262989608
27.07.2018 18:00:00.000,61.74,62.11,61.55,62.09,0.566893424
27.07.2018 19:00:00.000,62.1,62.12,61.63,61.72,-0.611916264
27.07.2018 20:00:00.000,61.73,62.01,61.73,61.85,0.194394946
30.07.2018 14:00:00.000,61.39,61.42,60.56,60.69,-1.140250855
30.07.2018 15:00:00.000,60.66,61.37,60.63,60.91,0.412133201
30.07.2018 16:00:00.000,60.92,61.35,60.74,61.27,0.574523966
30.07.2018 17:00:00.000,61.27,61.29,60.62,60.84,-0.701811653
30.07.2018 18:00:00.000,60.84,61.21,60.69,61.16,0.525969757
30.07.2018 19:00:00.000,61.16,61.3,61,61.04,-0.196206671
30.07.2018 20:00:00.000,61.04,61.21,60.85,60.96,-0.131061599
31.07.2018 14:00:00.000,61.11,61.29,60.61,60.66,-0.736377025
31.07.2018 15:00:00.000,60.66,60.78,60.28,60.56,-0.164853281
31.07.2018 16:00:00.000,60.56,61.29,60.55,61.25,1.139365918
31.07.2018 17:00:00.000,61.25,61.38,61.08,61.17,-0.130612245
31.07.2018 18:00:00.000,61.18,61.24,60.95,61.11,-0.114416476
31.07.2018 19:00:00.000,61.12,61.27,61.05,61.2,0.130890052
31.07.2018 20:00:00.000,61.19,61.19,60.81,60.85,-0.555646347
01.08.2018 14:00:00.000,61.53,61.66,61.21,61.39,-0.227531286
01.08.2018 15:00:00.000,61.35,61.39,61,61.06,-0.472697637
01.08.2018 16:00:00.000,61.06,61.09,60.6,60.72,-0.556829348
01.08.2018 17:00:00.000,60.73,60.93,60.65,60.81,0.131730611
01.08.2018 18:00:00.000,60.81,60.84,60.62,60.65,-0.263114619
01.08.2018 19:00:00.000,60.65,61.08,60.52,61.07,0.692497939
01.08.2018 20:00:00.000,61.07,61.2,60.93,61.15,0.130997216
02.08.2018 14:00:00.000,60.34,60.65,60.32,60.45,0.182300298
02.08.2018 15:00:00.000,60.45,60.68,60.36,60.53,0.132340778
02.08.2018 16:00:00.000,60.53,61.11,60.41,60.94,0.677350074
02.08.2018 17:00:00.000,60.94,61.3,60.85,61.15,0.344601247
02.08.2018 18:00:00.000,61.15,61.49,61.15,61.22,0.114472608
02.08.2018 19:00:00.000,61.22,61.34,61.19,61.29,0.114341718
02.08.2018 20:00:00.000,61.28,61.41,61.18,61.33,0.081592689
03.08.2018 14:00:00.000,61.13,61.23,60.87,61.15,0.03271716
03.08.2018 15:00:00.000,61.16,61.36,60.84,60.84,-0.523217789
03.08.2018 16:00:00.000,60.84,61.01,60.75,60.76,-0.131492439
03.08.2018 17:00:00.000,60.76,61,60.76,60.94,0.296247531
03.08.2018 18:00:00.000,60.95,61.05,60.9,61.03,0.131255127
03.08.2018 19:00:00.000,61.03,61.06,60.97,61.04,0.016385384
03.08.2018 20:00:00.000,61.04,61.22,60.96,61.16,0.196592398
06.08.2018 14:00:00.000,61.23,61.27,60.83,61.11,-0.195982362
06.08.2018 15:00:00.000,61.13,61.16,60.81,60.91,-0.359888762
06.08.2018 16:00:00.000,60.91,60.97,60.77,60.89,-0.032835331
06.08.2018 17:00:00.000,60.89,61.07,60.86,61.06,0.279191986
06.08.2018 18:00:00.000,61.06,61.16,61.01,61.05,-0.016377334
06.08.2018 19:00:00.000,61.05,61.2,61.04,61.16,0.18018018
06.08.2018 20:00:00.000,61.16,61.24,61.1,61.18,0.032701112
07.08.2018 14:00:00.000,62.19,62.25,61.99,62.16,-0.048239267
07.08.2018 15:00:00.000,62.18,62.48,62.07,62.23,0.080411708
07.08.2018 16:00:00.000,62.21,62.34,62.06,62.29,0.128596689
07.08.2018 17:00:00.000,62.29,62.55,62.29,62.52,0.369240649
07.08.2018 18:00:00.000,62.52,62.53,62.28,62.35,-0.271912988
07.08.2018 19:00:00.000,62.35,62.4,62.13,62.18,-0.27265437
07.08.2018 20:00:00.000,62.17,62.23,62.03,62.06,-0.176934213
08.08.2018 14:00:00.000,62.16,62.43,62.03,62.42,0.418275418
08.08.2018 15:00:00.000,62.45,62.8,62.23,62.79,0.544435548
08.08.2018 16:00:00.000,62.79,62.82,62.59,62.59,-0.318522058
08.08.2018 17:00:00.000,62.59,62.68,62.5,62.53,-0.095861959
08.08.2018 18:00:00.000,62.53,62.6,62.51,62.59,0.095953942
08.08.2018 19:00:00.000,62.6,62.61,62.41,62.51,-0.143769968
08.08.2018 20:00:00.000,62.51,62.65,62.46,62.46,-0.079987202
09.08.2018 14:00:00.000,62.4,62.61,62.31,62.34,-0.096153846
09.08.2018 15:00:00.000,62.34,62.65,62.3,62.54,0.320821303
09.08.2018 16:00:00.000,62.54,62.65,62.41,62.43,-0.175887432
09.08.2018 17:00:00.000,62.42,62.55,62.42,62.55,0.208266581
09.08.2018 18:00:00.000,62.55,62.73,62.5,62.7,0.239808153
09.08.2018 19:00:00.000,62.7,62.78,62.6,62.64,-0.09569378
09.08.2018 20:00:00.000,62.64,62.65,62.38,62.43,-0.335249042
10.08.2018 14:00:00.000,62.15,62.25,61.91,61.98,-0.273531778
10.08.2018 15:00:00.000,61.95,62.18,61.81,61.88,-0.11299435
10.08.2018 16:00:00.000,61.88,62.09,61.87,62.01,0.210084034
10.08.2018 17:00:00.000,62,62.04,61.9,61.98,-0.032258065
10.08.2018 18:00:00.000,61.98,62.04,61.72,61.74,-0.387221684
10.08.2018 19:00:00.000,61.74,61.87,61.6,61.66,-0.12957564
10.08.2018 20:00:00.000,61.66,61.86,61.61,61.82,0.259487512
13.08.2018 14:00:00.000,62.04,62.13,61.9,62.06,0.032237266
13.08.2018 15:00:00.000,62.08,62.46,62,62.32,0.386597938
13.08.2018 16:00:00.000,62.32,62.32,61.78,61.78,-0.866495507
13.08.2018 17:00:00.000,61.78,62.05,61.78,61.91,0.210424085
13.08.2018 18:00:00.000,61.91,62,61.76,61.92,0.016152479
13.08.2018 19:00:00.000,61.92,62.07,61.86,61.87,-0.080749354
13.08.2018 20:00:00.000,61.87,62,61.66,61.76,-0.177792145
14.08.2018 14:00:00.000,61.68,61.76,61.25,61.45,-0.372892348
14.08.2018 15:00:00.000,61.45,61.77,61.28,61.7,0.406834825
14.08.2018 16:00:00.000,61.7,61.97,61.7,61.88,0.291734198
14.08.2018 17:00:00.000,61.88,62.15,61.88,62.05,0.274725275
14.08.2018 18:00:00.000,62.05,62.16,61.96,62.12,0.112812248
14.08.2018 19:00:00.000,62.12,62.2,61.97,62.18,0.09658725
14.08.2018 20:00:00.000,62.18,62.29,62.09,62.09,-0.144741074
15.08.2018 14:00:00.000,61.52,61.77,61.22,61.26,-0.422626788
15.08.2018 15:00:00.000,61.27,61.27,60.48,60.7,-0.930308471
15.08.2018 16:00:00.000,60.68,61.03,60.61,60.64,-0.065919578
15.08.2018 17:00:00.000,60.64,60.95,60.63,60.85,0.346306069
15.08.2018 18:00:00.000,60.85,61,60.65,60.67,-0.295809367
15.08.2018 19:00:00.000,60.66,60.76,60.53,60.76,0.164853281
15.08.2018 20:00:00.000,60.76,61.02,60.7,60.75,-0.016458196
16.08.2018 14:00:00.000,61.16,61.21,60.95,60.99,-0.277959451
16.08.2018 15:00:00.000,60.99,61.19,60.99,61.08,0.147565175
16.08.2018 16:00:00.000,61.09,61.28,61.08,61.18,0.147323621
16.08.2018 17:00:00.000,61.18,61.28,61.11,61.11,-0.114416476
16.08.2018 18:00:00.000,61.12,61.18,60.8,60.8,-0.523560209
16.08.2018 19:00:00.000,60.79,60.84,60.42,60.53,-0.427701925
16.08.2018 20:00:00.000,60.53,60.6,60.19,60.22,-0.512142739
17.08.2018 14:00:00.000,60.21,60.45,59.86,59.97,-0.398604883
17.08.2018 15:00:00.000,59.95,60.02,59.4,59.65,-0.500417014
17.08.2018 16:00:00.000,59.66,59.91,59.62,59.87,0.351994636
17.08.2018 17:00:00.000,59.87,59.92,59.62,59.67,-0.334057124
17.08.2018 18:00:00.000,59.67,59.85,59.59,59.81,0.234623764
17.08.2018 19:00:00.000,59.81,60.33,59.8,60.24,0.718943321
17.08.2018 20:00:00.000,60.25,60.29,60.05,60.12,-0.215767635
20.08.2018 14:00:00.000,60.25,60.39,59.72,59.77,-0.796680498
20.08.2018 15:00:00.000,59.77,60.03,59.72,59.95,0.301154425
20.08.2018 16:00:00.000,59.94,60.29,59.9,60.06,0.2002002
20.08.2018 17:00:00.000,60.06,60.28,60.01,60.19,0.216450216
20.08.2018 18:00:00.000,60.19,60.22,60.06,60.2,0.016614055
20.08.2018 19:00:00.000,60.2,60.29,60.19,60.25,0.083056478
20.08.2018 20:00:00.000,60.25,60.53,60.21,60.38,0.215767635
21.08.2018 14:00:00.000,60.59,60.75,60.32,60.67,0.132034989
21.08.2018 15:00:00.000,60.67,60.85,60.52,60.67,0
21.08.2018 16:00:00.000,60.67,60.69,60.46,60.63,-0.065930443
21.08.2018 17:00:00.000,60.63,60.85,60.63,60.77,0.230908791
21.08.2018 18:00:00.000,60.77,60.82,60.55,60.55,-0.362020734
21.08.2018 19:00:00.000,60.55,60.56,60.13,60.25,-0.495458299
21.08.2018 20:00:00.000,60.25,60.3,60.03,60.09,-0.265560166
22.08.2018 14:00:00.000,60.15,60.42,60.06,60.12,-0.049875312
22.08.2018 15:00:00.000,60.12,60.55,59.97,60.5,0.632069195
22.08.2018 16:00:00.000,60.5,60.57,60.4,60.44,-0.099173554
22.08.2018 17:00:00.000,60.42,60.46,60.19,60.27,-0.248262165
22.08.2018 18:00:00.000,60.26,60.38,60.22,60.29,0.049784268
22.08.2018 19:00:00.000,60.29,60.36,60.22,60.3,0.016586499
22.08.2018 20:00:00.000,60.3,60.53,60.26,60.41,0.182421227
23.08.2018 14:00:00.000,60.49,60.86,60.41,60.68,0.314101504
23.08.2018 15:00:00.000,60.68,61.05,60.68,60.76,0.131839156
23.08.2018 16:00:00.000,60.76,60.83,60.23,60.32,-0.724160632
23.08.2018 17:00:00.000,60.32,60.48,60.28,60.42,0.165782493
23.08.2018 18:00:00.000,60.42,60.5,60.36,60.47,0.082754055
23.08.2018 19:00:00.000,60.47,60.67,60.47,60.61,0.231519762
23.08.2018 20:00:00.000,60.61,60.65,60.25,60.27,-0.560963537
24.08.2018 14:00:00.000,60.5,60.57,60.3,60.39,-0.181818182
24.08.2018 15:00:00.000,60.37,60.92,60.37,60.83,0.761967865
24.08.2018 16:00:00.000,60.82,60.94,60.71,60.88,0.098651759
24.08.2018 17:00:00.000,60.88,60.91,60.81,60.81,-0.114980289
24.08.2018 18:00:00.000,60.81,60.85,60.65,60.69,-0.197335964
24.08.2018 19:00:00.000,60.69,61,60.69,60.96,0.444883836
24.08.2018 20:00:00.000,60.96,61.05,60.96,61.04,0.131233596
27.08.2018 14:00:00.000,61.52,61.66,61.25,61.66,0.22756827
27.08.2018 15:00:00.000,61.65,61.91,61.61,61.87,0.356853204
27.08.2018 16:00:00.000,61.87,61.91,61.74,61.81,-0.096977534
27.08.2018 17:00:00.000,61.81,61.95,61.75,61.86,0.080893059
27.08.2018 18:00:00.000,61.86,61.98,61.84,61.9,0.06466214
27.08.2018 19:00:00.000,61.9,62.03,61.9,62.03,0.210016155
27.08.2018 20:00:00.000,62.03,62.15,62,62.04,0.016121232
28.08.2018 14:00:00.000,61.85,61.89,61.56,61.75,-0.161681487
28.08.2018 15:00:00.000,61.75,61.89,61.67,61.73,-0.032388664
28.08.2018 16:00:00.000,61.73,61.98,61.68,61.78,0.080997894
28.08.2018 17:00:00.000,61.78,61.88,61.73,61.78,0
28.08.2018 18:00:00.000,61.78,61.78,61.63,61.67,-0.178051149
28.08.2018 19:00:00.000,61.67,61.69,61.53,61.62,-0.081076699
28.08.2018 20:00:00.000,61.62,61.7,61.45,61.49,-0.210970464
29.08.2018 14:00:00.000,61.98,62.25,61.98,62.16,0.290416263
29.08.2018 15:00:00.000,62.16,62.36,62.08,62.23,0.112612613
29.08.2018 16:00:00.000,62.23,62.45,62.17,62.34,0.176763619
29.08.2018 17:00:00.000,62.33,62.46,62.3,62.35,0.032087277
29.08.2018 18:00:00.000,62.35,62.35,62.22,62.23,-0.192461909
29.08.2018 19:00:00.000,62.23,62.49,62.23,62.44,0.337457818
29.08.2018 20:00:00.000,62.44,62.53,62.37,62.44,0
30.08.2018 14:00:00.000,62.12,62.35,62.08,62.25,0.209272376
30.08.2018 15:00:00.000,62.25,62.69,62.21,62.48,0.369477912
30.08.2018 16:00:00.000,62.48,62.57,62.15,62.25,-0.368117798
30.08.2018 17:00:00.000,62.25,62.53,62.23,62.48,0.369477912
30.08.2018 18:00:00.000,62.48,62.51,62.24,62.26,-0.352112676
30.08.2018 19:00:00.000,62.26,62.32,61.78,61.78,-0.770960488
30.08.2018 20:00:00.000,61.78,61.91,61.61,61.9,0.194237617
31.08.2018 14:00:00.000,61.79,61.79,61.36,61.51,-0.453147759
31.08.2018 15:00:00.000,61.45,61.72,61.34,61.35,-0.16273393
31.08.2018 16:00:00.000,61.35,61.4,61.11,61.14,-0.342298289
31.08.2018 17:00:00.000,61.14,61.19,60.98,61.03,-0.179914949
31.08.2018 18:00:00.000,61.03,61.07,60.83,60.88,-0.245780764
31.08.2018 19:00:00.000,60.88,60.91,60.56,60.79,-0.1478318
31.08.2018 20:00:00.000,60.79,60.92,60.71,60.87,0.131600592
05.09.2018 15:00:00.000,58.93,59.23,58.4,58.71,-0.373324283
05.09.2018 16:00:00.000,58.71,58.73,58.08,58.68,-0.05109862
05.09.2018 17:00:00.000,58.68,59.13,58.68,59.01,0.562372188
05.09.2018 18:00:00.000,59.01,59.34,59.01,59.27,0.440603288
05.09.2018 19:00:00.000,59.27,59.38,59.17,59.24,-0.050615826
05.09.2018 20:00:00.000,59.24,59.29,59.05,59.2,-0.067521945
06.09.2018 14:00:00.000,59.01,59.02,58.4,58.56,-0.762582613
06.09.2018 15:00:00.000,58.56,58.57,57.7,57.88,-1.161202186
06.09.2018 16:00:00.000,57.88,58.17,57.6,58.13,0.431928127
06.09.2018 17:00:00.000,58.13,58.23,57.81,57.81,-0.55049028
06.09.2018 18:00:00.000,57.81,58.21,57.7,58.11,0.51894136
06.09.2018 19:00:00.000,58.12,58.32,58,58.29,0.292498279
06.09.2018 20:00:00.000,58.3,58.63,58.29,58.61,0.531732419
07.09.2018 14:00:00.000,58.02,58.79,58.01,58.64,1.068597036
07.09.2018 15:00:00.000,58.63,58.69,58.44,58.6,-0.051168344
07.09.2018 16:00:00.000,58.6,58.7,58.38,58.38,-0.375426621
07.09.2018 17:00:00.000,58.38,58.47,58.01,58.43,0.085645769
07.09.2018 18:00:00.000,58.43,58.44,58.13,58.21,-0.376518912
07.09.2018 19:00:00.000,58.21,58.37,58.18,58.33,0.206150146
07.09.2018 20:00:00.000,58.32,58.37,58.13,58.25,-0.120027435
10.09.2018 14:00:00.000,58.4,58.65,58.25,58.27,-0.22260274
10.09.2018 15:00:00.000,58.26,58.37,58,58.24,-0.034328871
10.09.2018 16:00:00.000,58.24,58.48,58.14,58.4,0.274725275
10.09.2018 17:00:00.000,58.4,58.4,58.22,58.27,-0.22260274
10.09.2018 18:00:00.000,58.27,58.29,58.16,58.2,-0.120130427
10.09.2018 19:00:00.000,58.21,58.3,58.13,58.27,0.103075073
10.09.2018 20:00:00.000,58.28,58.33,58.18,58.2,-0.13726836
11.09.2018 14:00:00.000,57.93,58.59,57.9,58.45,0.897635077
11.09.2018 15:00:00.000,58.45,58.83,58.43,58.53,0.136869119
11.09.2018 16:00:00.000,58.55,58.8,58.5,58.78,0.392826644
11.09.2018 17:00:00.000,58.78,58.84,58.6,58.71,-0.119088125
11.09.2018 18:00:00.000,58.71,58.76,58.38,58.56,-0.255493102
11.09.2018 19:00:00.000,58.55,58.82,58.46,58.75,0.341588386
11.09.2018 20:00:00.000,58.75,58.89,58.73,58.88,0.221276596
12.09.2018 14:00:00.000,58.67,58.77,58.3,58.4,-0.460201125
12.09.2018 15:00:00.000,58.4,58.57,57.91,57.99,-0.702054795
12.09.2018 16:00:00.000,58,58.46,57.91,57.92,-0.137931034
12.09.2018 17:00:00.000,57.92,58.16,57.92,58.07,0.258977901
12.09.2018 18:00:00.000,58.07,58.14,57.94,57.99,-0.137764767
12.09.2018 19:00:00.000,58,58.07,57.94,58,0
12.09.2018 20:00:00.000,58,58.23,58,58.11,0.189655172
13.09.2018 14:00:00.000,58.35,58.92,58.34,58.5,0.257069409
13.09.2018 15:00:00.000,58.5,58.7,58.14,58.35,-0.256410256
13.09.2018 16:00:00.000,58.32,58.69,58.23,58.68,0.617283951
13.09.2018 17:00:00.000,58.68,58.72,58.52,58.54,-0.23858214
13.09.2018 18:00:00.000,58.55,58.63,58.43,58.62,0.119555935
13.09.2018 19:00:00.000,58.62,58.72,58.52,58.69,0.11941317
13.09.2018 20:00:00.000,58.69,58.73,58.53,58.73,0.068154711
14.09.2018 14:00:00.000,58.75,58.86,58.63,58.7,-0.085106383
14.09.2018 15:00:00.000,58.7,58.81,58.55,58.72,0.03407155
14.09.2018 16:00:00.000,58.72,58.87,58.67,58.76,0.068119891
14.09.2018 17:00:00.000,58.76,58.77,58.4,58.46,-0.510551396
14.09.2018 19:00:00.000,58.54,58.62,58.53,58.59,0.085411684
14.09.2018 20:00:00.000,58.59,58.74,58.58,58.69,0.17067759
17.09.2018 14:00:00.000,58.66,58.66,58.13,58.26,-0.68189567
17.09.2018 15:00:00.000,58.26,58.27,57.7,57.83,-0.738070717
17.09.2018 16:00:00.000,57.83,58.01,57.79,58,0.29396507
17.09.2018 17:00:00.000,58.01,58.23,57.98,58.21,0.344768143
17.09.2018 18:00:00.000,58.21,58.4,58.12,58.33,0.206150146
17.09.2018 19:00:00.000,58.33,58.36,58.06,58.1,-0.394308246
17.09.2018 20:00:00.000,58.1,58.15,57.75,57.75,-0.602409639
18.09.2018 14:00:00.000,58.21,58.21,57.93,58.13,-0.137433431
18.09.2018 15:00:00.000,58.14,58.39,58.1,58.38,0.412796698
18.09.2018 16:00:00.000,58.38,58.79,58.36,58.7,0.548132922
18.09.2018 17:00:00.000,58.72,58.75,58.32,58.42,-0.510899183
18.09.2018 18:00:00.000,58.42,58.51,58.35,58.47,0.085587128
18.09.2018 19:00:00.000,58.47,58.53,58.32,58.33,-0.239439029
18.09.2018 20:00:00.000,58.34,58.42,58.03,58.04,-0.514226945
19.09.2018 14:00:00.000,58.19,58.27,57.71,57.82,-0.635848084
19.09.2018 15:00:00.000,57.82,57.99,57.73,57.79,-0.051885161
19.09.2018 16:00:00.000,57.79,58.18,57.76,58.17,0.65755321
19.09.2018 17:00:00.000,58.17,58.26,58.08,58.22,0.08595496
19.09.2018 18:00:00.000,58.25,58.28,58.06,58.28,0.051502146
19.09.2018 19:00:00.000,58.28,58.47,58.26,58.45,0.291695264
19.09.2018 20:00:00.000,58.45,58.65,58.43,58.56,0.188195038
20.09.2018 14:00:00.000,58.67,58.96,58.67,58.88,0.357934208
20.09.2018 15:00:00.000,58.89,59.23,58.88,59.04,0.254712175
20.09.2018 16:00:00.000,59.05,59.31,59.05,59.27,0.372565622
20.09.2018 17:00:00.000,59.27,59.41,59.18,59.38,0.185591362
20.09.2018 18:00:00.000,59.38,59.44,59.15,59.22,-0.269450994
20.09.2018 19:00:00.000,59.22,59.39,59.17,59.37,0.253292806
20.09.2018 20:00:00.000,59.37,59.49,59.26,59.33,-0.067374095
21.09.2018 14:00:00.000,59.45,59.52,58.95,59.07,-0.639192599
21.09.2018 15:00:00.000,59.07,59.17,58.8,58.86,-0.355510411
21.09.2018 16:00:00.000,58.86,59.19,58.8,59.09,0.39075773
21.09.2018 17:00:00.000,59.09,59.15,58.86,58.92,-0.287696734
21.09.2018 18:00:00.000,58.92,58.93,58.76,58.77,-0.254582485
21.09.2018 19:00:00.000,58.77,58.77,58.54,58.57,-0.340309682
21.09.2018 20:00:00.000,58.57,58.62,58.37,58.61,0.068294349
24.09.2018 14:00:00.000,57.51,58.22,57.51,58.15,1.112849939
24.09.2018 15:00:00.000,58.15,58.27,57.76,58.01,-0.240756664
24.09.2018 16:00:00.000,58.01,58.57,57.88,58.51,0.861920359
24.09.2018 17:00:00.000,58.51,58.76,58.45,58.63,0.205093146
24.09.2018 18:00:00.000,58.64,58.9,58.57,58.84,0.34106412
24.09.2018 19:00:00.000,58.84,58.9,58.65,58.66,-0.305914344
24.09.2018 20:00:00.000,58.66,58.81,58.61,58.64,-0.034094783
25.09.2018 14:00:00.000,58.42,58.99,58.42,58.93,0.872988702
25.09.2018 15:00:00.000,58.93,58.95,58.64,58.65,-0.475139997
25.09.2018 16:00:00.000,58.65,59.06,58.63,59.01,0.613810742
25.09.2018 17:00:00.000,59.01,59.16,58.99,59.08,0.118623962
25.09.2018 18:00:00.000,59.08,59.24,59.02,59.13,0.084631009
25.09.2018 19:00:00.000,59.13,59.22,59.06,59.21,0.135295112
25.09.2018 20:00:00.000,59.21,59.34,59.12,59.27,0.101334234
26.09.2018 14:00:00.000,59.13,59.15,58.89,58.93,-0.338237781
26.09.2018 15:00:00.000,58.93,59.32,58.74,59.26,0.559986425
26.09.2018 16:00:00.000,59.25,59.38,59.17,59.22,-0.050632911
26.09.2018 17:00:00.000,59.22,59.25,59.01,59.11,-0.185748058
26.09.2018 18:00:00.000,59.11,59.3,59.07,59.26,0.253764168
26.09.2018 19:00:00.000,59.26,59.7,59.1,59.46,0.337495781
26.09.2018 20:00:00.000,59.46,59.58,58.86,58.92,-0.908173562
27.09.2018 14:00:00.000,59.34,59.79,59.34,59.63,0.488709134
27.09.2018 15:00:00.000,59.63,59.98,59.63,59.93,0.503102465
27.09.2018 16:00:00.000,59.93,59.98,59.65,59.86,-0.116802937
27.09.2018 17:00:00.000,59.86,60.09,59.85,59.95,0.150350819
27.09.2018 18:00:00.000,59.95,60.05,59.88,60.04,0.150125104
27.09.2018 19:00:00.000,60.04,60.04,59.78,59.8,-0.399733511
27.09.2018 20:00:00.000,59.8,59.89,59.63,59.75,-0.08361204
28.09.2018 14:00:00.000,59.52,59.71,59.3,59.43,-0.151209677
28.09.2018 15:00:00.000,59.43,59.62,59.28,59.56,0.218744742
28.09.2018 16:00:00.000,59.57,59.68,59.46,59.48,-0.15108276
28.09.2018 17:00:00.000,59.48,59.55,59.28,59.4,-0.134498991
28.09.2018 18:00:00.000,59.4,59.57,59.22,59.51,0.185185185
28.09.2018 19:00:00.000,59.51,59.65,59.42,59.58,0.11762729
28.09.2018 20:00:00.000,59.58,59.71,59.51,59.57,-0.016784156
01.10.2018 14:00:00.000,60.04,60.48,60.04,60.32,0.466355763
01.10.2018 15:00:00.000,60.33,60.44,60.17,60.28,-0.082877507
01.10.2018 16:00:00.000,60.28,60.28,59.97,60.03,-0.414731254
01.10.2018 17:00:00.000,60.03,60.03,59.76,59.81,-0.366483425
01.10.2018 18:00:00.000,59.81,59.94,59.76,59.9,0.150476509
01.10.2018 19:00:00.000,59.9,59.91,59.71,59.74,-0.267111853
01.10.2018 20:00:00.000,59.74,59.79,59.51,59.67,-0.117174422
02.10.2018 14:00:00.000,59.65,59.95,59.3,59.9,0.419111484
02.10.2018 15:00:00.000,59.9,60.32,59.8,60.2,0.500834725
02.10.2018 16:00:00.000,60.2,60.49,60.16,60.4,0.332225914
02.10.2018 17:00:00.000,60.4,60.46,60.03,60.08,-0.529801325
02.10.2018 18:00:00.000,60.08,60.19,60.04,60.07,-0.016644474
02.10.2018 19:00:00.000,60.07,60.16,59.96,60.06,-0.016647245
02.10.2018 20:00:00.000,60.06,60.06,59.86,59.98,-0.133200133
03.10.2018 14:00:00.000,60.06,60.15,59.68,59.73,-0.549450549
03.10.2018 15:00:00.000,59.73,60.04,59.72,59.85,0.200904068
03.10.2018 16:00:00.000,59.85,60.15,59.72,60.14,0.484544695
03.10.2018 17:00:00.000,60.14,60.16,59.97,60.06,-0.133022946
03.10.2018 18:00:00.000,60.06,60.17,60,60.03,-0.04995005
03.10.2018 19:00:00.000,60.03,60.08,59.83,59.96,-0.116608362
03.10.2018 20:00:00.000,59.96,60.15,59.92,60.1,0.233488993
04.10.2018 14:00:00.000,59.55,59.63,59.11,59.16,-0.654911839
04.10.2018 15:00:00.000,59.16,59.16,58.51,58.6,-0.946585531
04.10.2018 16:00:00.000,58.6,58.8,58.27,58.31,-0.494880546
04.10.2018 17:00:00.000,58.31,58.46,58.12,58.19,-0.205796604
04.10.2018 18:00:00.000,58.19,58.24,57.91,57.98,-0.36088675
04.10.2018 19:00:00.000,57.98,58.36,57.78,58.33,0.603656433
04.10.2018 20:00:00.000,58.32,58.46,58.07,58.45,0.222908093
05.10.2018 14:00:00.000,58.24,58.68,57.9,57.95,-0.49793956
05.10.2018 15:00:00.000,57.95,58.38,57.9,58.05,0.172562554
05.10.2018 16:00:00.000,58.05,58.05,57.43,57.46,-1.016365202
05.10.2018 17:00:00.000,57.46,57.64,57.27,57.51,0.087017055
05.10.2018 18:00:00.000,57.51,57.81,57.35,57.76,0.434707007
05.10.2018 19:00:00.000,57.76,58,57.59,57.9,0.242382271
05.10.2018 20:00:00.000,57.9,58.08,57.79,57.98,0.138169257
08.10.2018 14:00:00.000,57.54,58.25,57.5,58.1,0.97323601
08.10.2018 15:00:00.000,58.1,58.17,57.58,57.67,-0.74010327
08.10.2018 16:00:00.000,57.66,57.68,56.96,57.3,-0.624349636
08.10.2018 17:00:00.000,57.3,57.47,56.35,56.38,-1.605584642
08.10.2018 18:00:00.000,56.38,57.12,56.35,56.91,0.940049663
08.10.2018 19:00:00.000,56.91,57.46,56.85,57.28,0.650149359
08.10.2018 20:00:00.000,57.29,57.53,57.21,57.48,0.331646012
09.10.2018 14:00:00.000,57.3,57.7,57.07,57.48,0.314136126
09.10.2018 15:00:00.000,57.48,57.69,57.1,57.5,0.034794711
09.10.2018 16:00:00.000,57.5,57.61,57.25,57.49,-0.017391304
09.10.2018 17:00:00.000,57.49,57.6,57.04,57.08,-0.713167507
09.10.2018 18:00:00.000,57.08,57.36,56.91,57.12,0.070077085
09.10.2018 19:00:00.000,57.12,57.3,56.97,57.23,0.192577031
09.10.2018 20:00:00.000,57.23,57.26,56.87,56.95,-0.489253888
10.10.2018 14:00:00.000,56.09,56.21,55.41,55.58,-0.909252986
10.10.2018 15:00:00.000,55.58,55.97,55.45,55.78,0.35984167
10.10.2018 16:00:00.000,55.78,55.78,55.25,55.5,-0.501972033
10.10.2018 17:00:00.000,55.5,55.83,55.32,55.53,0.054054054
10.10.2018 18:00:00.000,55.53,56.07,55.38,55.63,0.180082838
10.10.2018 19:00:00.000,55.63,55.72,55.19,55.35,-0.503325544
10.10.2018 20:00:00.000,55.35,55.4,54.45,54.45,-1.62601626
11.10.2018 14:00:00.000,53.85,55.31,53.72,55.1,2.321262767
11.10.2018 15:00:00.000,55.1,55.11,53.82,53.9,-2.177858439
11.10.2018 16:00:00.000,53.9,54.82,53.47,54.3,0.742115028
11.10.2018 17:00:00.000,54.31,54.91,54.29,54.74,0.791751059
11.10.2018 18:00:00.000,54.73,55.05,54.45,54.61,-0.219258177
11.10.2018 19:00:00.000,54.62,54.93,53.41,53.88,-1.354815086
11.10.2018 20:00:00.000,53.88,54.9,53.75,54.09,0.389755011
12.10.2018 14:00:00.000,55.33,55.58,55.12,55.42,0.162660401
12.10.2018 15:00:00.000,55.42,55.53,55,55.23,-0.342836521
12.10.2018 16:00:00.000,55.23,55.33,54.67,54.78,-0.814774579
12.10.2018 17:00:00.000,54.78,54.84,54.29,54.8,0.036509675
12.10.2018 18:00:00.000,54.8,55.1,54.59,54.99,0.346715328
12.10.2018 19:00:00.000,54.99,55.12,54.6,54.99,0
12.10.2018 20:00:00.000,55.02,55.59,54.95,55.57,0.999636496
15.10.2018 14:00:00.000,55.06,55.15,54.81,54.83,-0.417726117
15.10.2018 15:00:00.000,54.83,55.08,54.44,55.02,0.346525625
15.10.2018 16:00:00.000,55.03,55.54,54.83,54.91,-0.218062875
15.10.2018 17:00:00.000,54.91,55.2,54.75,55.04,0.236751047
15.10.2018 18:00:00.000,55.05,55.36,54.91,55.26,0.38147139
15.10.2018 19:00:00.000,55.26,55.26,54.8,55.11,-0.271444083
15.10.2018 20:00:00.000,55.11,55.25,54.65,54.74,-0.671384504
16.10.2018 14:00:00.000,55.31,55.83,55.16,55.83,0.940155487
16.10.2018 15:00:00.000,55.83,55.85,55.2,55.67,-0.286584274
16.10.2018 16:00:00.000,55.67,56,55.6,55.81,0.251481947
16.10.2018 17:00:00.000,55.81,55.89,55.67,55.86,0.089589679
16.10.2018 18:00:00.000,55.87,55.91,55.78,55.8,-0.125290854
16.10.2018 19:00:00.000,55.8,55.95,55.71,55.75,-0.089605735
16.10.2018 20:00:00.000,55.75,56.2,55.71,56.16,0.735426009
17.10.2018 14:00:00.000,55.79,55.88,55.31,55.32,-0.842444883
17.10.2018 15:00:00.000,55.32,55.49,55.1,55.4,0.14461316
17.10.2018 16:00:00.000,55.4,55.76,55.2,55.7,0.541516245
17.10.2018 17:00:00.000,55.7,55.82,55.53,55.73,0.053859964
17.10.2018 18:00:00.000,55.73,56.03,55.69,55.79,0.107661942
17.10.2018 19:00:00.000,55.79,55.92,55.38,55.8,0.017924359
17.10.2018 20:00:00.000,55.8,55.94,55.65,55.75,-0.089605735
18.10.2018 14:00:00.000,55.2,55.46,55.13,55.15,-0.09057971
18.10.2018 15:00:00.000,55.15,55.3,55,55.16,0.018132366
18.10.2018 16:00:00.000,55.16,55.23,54.11,54.32,-1.52284264
18.10.2018 17:00:00.000,54.32,54.7,54.2,54.4,0.147275405
18.10.2018 18:00:00.000,54.4,54.46,53.85,54.14,-0.477941176
18.10.2018 19:00:00.000,54.14,54.63,54.11,54.5,0.664942741
18.10.2018 20:00:00.000,54.5,54.58,54.28,54.3,-0.366972477
19.10.2018 14:00:00.000,54.8,55.35,54.71,55.23,0.784671533
19.10.2018 15:00:00.000,55.23,55.5,54.82,54.98,-0.452652544
19.10.2018 16:00:00.000,54.98,55.12,54.69,54.89,-0.163695889
19.10.2018 17:00:00.000,54.89,54.96,54.41,54.83,-0.109309528
19.10.2018 18:00:00.000,54.83,55.02,54.63,54.71,-0.218858289
19.10.2018 19:00:00.000,54.71,54.81,54.36,54.66,-0.091390971
19.10.2018 20:00:00.000,54.66,55.01,54.55,54.88,0.402488108
22.10.2018 14:00:00.000,55.53,55.6,54.75,54.87,-1.188546731
22.10.2018 15:00:00.000,54.87,55.48,54.53,55.37,0.91124476
22.10.2018 16:00:00.000,55.37,55.45,54.94,55.08,-0.523749323
22.10.2018 17:00:00.000,55.08,55.32,55,55.23,0.272331155
22.10.2018 18:00:00.000,55.23,55.37,55.03,55.03,-0.362122035
22.10.2018 19:00:00.000,55.03,55.25,55.02,55.17,0.254406687
22.10.2018 20:00:00.000,55.17,55.48,55.09,55.12,-0.090628965
23.10.2018 14:00:00.000,54.22,54.45,53.98,54,-0.405754334
23.10.2018 15:00:00.000,54,54.18,53.5,53.98,-0.037037037
23.10.2018 16:00:00.000,53.98,54.46,53.87,54.04,0.111152279
23.10.2018 17:00:00.000,54.04,54.74,54.03,54.52,0.88823094
23.10.2018 18:00:00.000,54.52,54.92,54.37,54.44,-0.146735143
23.10.2018 19:00:00.000,54.44,55.35,54.41,55.27,1.524614254
23.10.2018 20:00:00.000,55.27,55.39,55,55.04,-0.416138954
24.10.2018 14:00:00.000,54.97,55.14,54.61,54.65,-0.58213571
24.10.2018 15:00:00.000,54.65,55.13,54.51,54.75,0.182982617
24.10.2018 16:00:00.000,54.75,54.86,54.25,54.75,0
24.10.2018 17:00:00.000,54.75,54.82,54.28,54.51,-0.438356164
24.10.2018 18:00:00.000,54.51,54.51,53.86,53.9,-1.119060723
24.10.2018 19:00:00.000,53.9,54.01,53.45,53.46,-0.816326531
24.10.2018 20:00:00.000,53.46,53.46,52.6,52.61,-1.589973812
25.10.2018 14:00:00.000,53.72,54.3,53.46,54.27,1.023827252
25.10.2018 15:00:00.000,54.27,54.71,54.04,54.42,0.276395799
25.10.2018 16:00:00.000,54.42,54.95,54.25,54.81,0.716648291
25.10.2018 17:00:00.000,54.81,54.84,54.3,54.5,-0.565590221
25.10.2018 18:00:00.000,54.52,54.87,54.32,54.83,0.568598679
25.10.2018 19:00:00.000,54.83,55.53,54.75,55.32,0.893671348
25.10.2018 20:00:00.000,55.34,55.49,54.95,54.96,-0.686664257
26.10.2018 14:00:00.000,52.29,53.46,52.21,52.9,1.166571046
26.10.2018 15:00:00.000,52.91,52.91,51.71,51.9,-1.908901909
26.10.2018 16:00:00.000,51.9,53.36,51.89,53.05,2.215799615
26.10.2018 17:00:00.000,53.05,54.62,53.02,54.32,2.393967955
26.10.2018 18:00:00.000,54.32,55.31,53.76,54.02,-0.552282769
26.10.2018 19:00:00.000,54.02,54.13,52.82,52.9,-2.073306183
26.10.2018 20:00:00.000,52.9,53.83,52.75,53.64,1.398865784
29.10.2018 14:00:00.000,54.05,54.45,53.82,54.33,0.518038853
29.10.2018 15:00:00.000,54.33,54.84,53.65,53.7,-1.159580342
29.10.2018 16:00:00.000,53.7,53.76,52.71,52.74,-1.787709497
29.10.2018 17:00:00.000,52.74,52.87,52.05,52.27,-0.891164202
29.10.2018 18:00:00.000,52.26,52.76,52.23,52.3,0.076540375
29.10.2018 19:00:00.000,52.3,52.38,51.2,51.26,-1.988527725
29.10.2018 20:00:00.000,51.26,51.27,49.78,50.92,-0.663285213
30.10.2018 14:00:00.000,50.82,51.22,50.26,51.12,0.590318772
30.10.2018 15:00:00.000,51.13,51.86,50.63,50.96,-0.33248582
30.10.2018 16:00:00.000,50.97,51.82,50.8,51.28,0.608200902
30.10.2018 17:00:00.000,51.28,51.58,51,51.02,-0.507020281
30.10.2018 18:00:00.000,51.02,51.15,50.45,51.12,0.196001568
30.10.2018 19:00:00.000,51.13,51.43,50.6,51.43,0.586739683
30.10.2018 20:00:00.000,51.43,51.85,51.21,51.72,0.563873226
31.10.2018 14:00:00.000,53.01,53.91,52.91,53.81,1.509149217
31.10.2018 15:00:00.000,53.81,54.13,53.57,53.75,-0.111503438
31.10.2018 16:00:00.000,53.75,54.04,53.4,53.64,-0.204651163
31.10.2018 17:00:00.000,53.64,54.04,53.35,53.93,0.540641312
31.10.2018 18:00:00.000,53.93,54.37,53.92,54.27,0.630446876
31.10.2018 19:00:00.000,54.27,54.59,54,54.1,-0.313248572
31.10.2018 20:00:00.000,54.1,54.23,53.77,53.91,-0.351201479
01.11.2018 14:00:00.000,53.85,54.16,53.25,53.5,-0.649953575
01.11.2018 15:00:00.000,53.5,53.87,53.12,53.78,0.523364486
01.11.2018 16:00:00.000,53.78,54.04,53.57,53.6,-0.334696913
01.11.2018 17:00:00.000,53.6,53.79,53.45,53.78,0.335820896
01.11.2018 18:00:00.000,53.78,53.98,53.63,53.63,-0.278914094
01.11.2018 19:00:00.000,53.63,53.68,53.51,53.58,-0.0932314
01.11.2018 20:00:00.000,53.58,53.6,53.4,53.48,-0.186636805
02.11.2018 14:00:00.000,53.64,54.13,53.5,53.55,-0.167785235
02.11.2018 15:00:00.000,53.55,53.6,52.86,53.38,-0.317460317
02.11.2018 16:00:00.000,53.38,53.42,52.96,53.39,0.018733608
02.11.2018 17:00:00.000,53.39,53.43,52.85,52.96,-0.805394269
02.11.2018 18:00:00.000,52.96,53.24,52.7,53.03,0.132175227
02.11.2018 19:00:00.000,53.03,53.34,52.76,52.96,-0.132000754
02.11.2018 20:00:00.000,52.97,53.14,52.8,52.84,-0.245421937
05.11.2018 14:00:00.000,52.64,52.74,51.86,52.05,-1.120820669
05.11.2018 15:00:00.000,52.05,52.11,51.31,51.68,-0.710854947
05.11.2018 16:00:00.000,51.68,51.83,51.08,51.23,-0.870743034
05.11.2018 17:00:00.000,51.23,51.39,51.05,51.32,0.175678313
05.11.2018 18:00:00.000,51.32,51.6,51.25,51.52,0.389711613
05.11.2018 19:00:00.000,51.52,51.95,51.44,51.84,0.621118012
05.11.2018 20:00:00.000,51.84,51.94,51.6,51.91,0.135030864
06.11.2018 14:00:00.000,52.27,53.22,52.27,52.94,1.281806007
06.11.2018 15:00:00.000,52.94,53.04,52.42,52.44,-0.944465433
06.11.2018 16:00:00.000,52.44,52.69,52.27,52.5,0.114416476
06.11.2018 17:00:00.000,52.51,52.77,52.44,52.68,0.323747858
06.11.2018 18:00:00.000,52.68,52.8,52.51,52.53,-0.284738041
06.11.2018 19:00:00.000,52.53,52.57,52.11,52.4,-0.247477632
06.11.2018 20:00:00.000,52.4,52.75,52.3,52.68,0.534351145
07.11.2018 14:00:00.000,53.65,53.97,53.4,53.55,-0.18639329
07.11.2018 15:00:00.000,53.55,54.54,53.54,54.06,0.952380952
07.11.2018 16:00:00.000,54.06,54.36,53.9,54.33,0.499445061
07.11.2018 17:00:00.000,54.33,54.41,54,54.19,-0.257684521
07.11.2018 18:00:00.000,54.2,54.3,54.01,54.16,-0.073800738
07.11.2018 19:00:00.000,54.16,54.55,54.16,54.35,0.350812408
07.11.2018 20:00:00.000,54.35,54.62,54.32,54.57,0.404783809
08.11.2018 14:00:00.000,54.06,54.34,53.72,54.24,0.332963374
08.11.2018 15:00:00.000,54.24,54.37,53.6,53.93,-0.571533923
08.11.2018 16:00:00.000,53.94,54.25,53.76,54.2,0.482017056
08.11.2018 17:00:00.000,54.2,54.21,53.95,53.99,-0.387453875
08.11.2018 18:00:00.000,53.99,54.04,53.71,54.02,0.055565846
08.11.2018 19:00:00.000,54.02,54.24,53.65,53.86,-0.296186598
08.11.2018 20:00:00.000,53.86,54.03,53.61,53.99,0.241366506
09.11.2018 14:00:00.000,53.48,53.57,53.12,53.56,0.149588631
09.11.2018 15:00:00.000,53.56,53.68,53.23,53.28,-0.522778193
09.11.2018 16:00:00.000,53.28,53.36,52.91,52.93,-0.656906907
09.11.2018 17:00:00.000,52.93,53.05,52.83,52.91,-0.037785755
09.11.2018 18:00:00.000,52.91,53.02,52.77,52.82,-0.17010017
09.11.2018 19:00:00.000,52.82,53.3,52.65,53.14,0.605831125
09.11.2018 20:00:00.000,53.14,53.41,53.07,53.35,0.395182537
12.11.2018 14:00:00.000,52.6,52.63,52.25,52.58,-0.038022814
12.11.2018 15:00:00.000,52.58,52.73,52.1,52.12,-0.87485736
12.11.2018 16:00:00.000,52.12,52.27,51.53,52.22,0.191864927
12.11.2018 17:00:00.000,52.22,52.45,52.15,52.23,0.019149751
12.11.2018 18:00:00.000,52.23,52.28,51.93,52.24,0.019146085
12.11.2018 19:00:00.000,52.24,52.55,52.1,52.13,-0.210566616
12.11.2018 20:00:00.000,52.13,52.29,51.85,51.88,-0.479570305
13.11.2018 14:00:00.000,52.69,52.75,51.84,51.85,-1.594230404
13.11.2018 15:00:00.000,51.85,52.4,51.56,52.36,0.983606557
13.11.2018 16:00:00.000,52.36,52.81,52.32,52.41,0.095492743
13.11.2018 17:00:00.000,52.41,52.57,52.03,52.12,-0.553329517
13.11.2018 18:00:00.000,52.12,52.35,52,52.11,-0.019186493
13.11.2018 19:00:00.000,52.11,52.15,51.7,51.9,-0.402993667
13.11.2018 20:00:00.000,51.9,52.08,51.63,51.95,0.096339114
14.11.2018 14:00:00.000,52.31,52.73,52.18,52.45,0.267635251
14.11.2018 15:00:00.000,52.45,52.53,51.73,51.87,-1.105815062
14.11.2018 16:00:00.000,51.87,51.87,51.55,51.83,-0.077115867
14.11.2018 17:00:00.000,51.83,52.05,51.61,51.7,-0.250819988
14.11.2018 18:00:00.000,51.69,52.03,51.6,52.02,0.638421358
14.11.2018 19:00:00.000,52.02,52.54,51.79,52.47,0.865051903
14.11.2018 20:00:00.000,52.47,52.69,52.12,52.19,-0.533638269
15.11.2018 14:00:00.000,52.04,52.5,51.81,51.85,-0.365103766
15.11.2018 15:00:00.000,51.85,52.2,51.55,52.12,0.520732883
15.11.2018 16:00:00.000,52.12,52.58,51.99,52.4,0.537221796
15.11.2018 17:00:00.000,52.4,52.69,52.22,52.31,-0.171755725
15.11.2018 18:00:00.000,52.31,53.1,52.11,53.02,1.357293061
15.11.2018 19:00:00.000,53.02,53.58,53,53.19,0.320633723
15.11.2018 20:00:00.000,53.19,53.3,52.72,53.29,0.188005264
16.11.2018 14:00:00.000,52.7,53.24,52.46,53.03,0.626185958
16.11.2018 15:00:00.000,53.03,53.1,52.65,52.68,-0.660003771
16.11.2018 16:00:00.000,52.68,52.81,52.53,52.59,-0.170842825
16.11.2018 17:00:00.000,52.59,53.3,52.4,52.98,0.741585853
16.11.2018 18:00:00.000,52.97,53.02,52.64,52.67,-0.566358316
16.11.2018 19:00:00.000,52.67,53.14,52.67,53.1,0.816404025
16.11.2018 20:00:00.000,53.1,53.28,52.99,53.2,0.188323917
19.11.2018 14:00:00.000,52.7,52.82,52.25,52.49,-0.398481973
19.11.2018 15:00:00.000,52.49,52.56,52.15,52.38,-0.209563726
19.11.2018 16:00:00.000,52.37,52.44,51.45,51.59,-1.48940233
19.11.2018 17:00:00.000,51.59,51.69,51.2,51.34,-0.484590037
19.11.2018 18:00:00.000,51.34,51.81,51.21,51.28,-0.116867939
19.11.2018 19:00:00.000,51.29,51.41,50.97,51.36,0.136478846
19.11.2018 20:00:00.000,51.36,51.46,50.81,50.93,-0.837227414
20.11.2018 14:00:00.000,50.22,50.9,50.03,50.36,0.278773397
20.11.2018 15:00:00.000,50.32,51.27,49.8,51.22,1.788553259
20.11.2018 16:00:00.000,51.22,51.55,50.71,51.33,0.214759859
20.11.2018 17:00:00.000,51.33,51.48,50.95,51.03,-0.584453536
20.11.2018 18:00:00.000,51.02,51.21,50.78,50.83,-0.372402979
20.11.2018 19:00:00.000,50.83,51.05,50.66,50.88,0.098367106
20.11.2018 20:00:00.000,50.9,51.47,50.63,51.25,0.68762279
21.11.2018 14:00:00.000,52,52.13,51.63,51.98,-0.038461538
21.11.2018 15:00:00.000,51.98,52.32,51.81,52.04,0.115429011
21.11.2018 16:00:00.000,52.04,52.42,51.95,52.21,0.326671791
21.11.2018 17:00:00.000,52.21,52.34,51.97,52.3,0.17238077
21.11.2018 18:00:00.000,52.32,52.4,52.13,52.19,-0.248470948
21.11.2018 19:00:00.000,52.19,52.31,52.15,52.15,-0.076643035
21.11.2018 20:00:00.000,52.15,52.32,51.85,52.02,-0.24928092
23.11.2018 14:00:00.000,51.67,51.85,51.5,51.69,0.03870718
23.11.2018 15:00:00.000,51.69,51.75,51.45,51.53,-0.309537628
23.11.2018 16:00:00.000,51.55,51.63,51.22,51.23,-0.620756547
23.11.2018 17:00:00.000,51.23,51.42,51.11,51.17,-0.117118876
23.11.2018 18:00:00.000,51.17,51.17,51.05,51.05,-0.23451241
26.11.2018 14:00:00.000,51.92,52.37,51.68,52.37,0.866718028
26.11.2018 15:00:00.000,52.37,52.39,51.92,52.22,-0.286423525
26.11.2018 16:00:00.000,52.22,52.32,51.94,52.01,-0.402144772
26.11.2018 17:00:00.000,52.01,52.14,51.71,51.98,-0.057681215
26.11.2018 18:00:00.000,51.97,52.11,51.92,52.07,0.192418703
26.11.2018 19:00:00.000,52.07,52.3,52.02,52.28,0.403303246
26.11.2018 20:00:00.000,52.28,52.41,52.13,52.35,0.133894415
27.11.2018 14:00:00.000,52.24,52.59,51.91,52.56,0.612557427
27.11.2018 15:00:00.000,52.56,52.75,52.3,52.6,0.076103501
27.11.2018 16:00:00.000,52.6,52.86,52.38,52.53,-0.133079848
27.11.2018 17:00:00.000,52.53,52.58,52.31,52.41,-0.228440891
27.11.2018 18:00:00.000,52.41,52.54,52.26,52.41,0
27.11.2018 19:00:00.000,52.4,52.55,52.1,52.12,-0.534351145
27.11.2018 20:00:00.000,52.12,52.21,51.95,52.18,0.115118956
28.11.2018 14:00:00.000,52.48,52.61,52.2,52.27,-0.400152439
28.11.2018 15:00:00.000,52.27,52.44,51.75,51.93,-0.65046872
28.11.2018 16:00:00.000,51.93,52.25,51.9,52.04,0.211823609
28.11.2018 17:00:00.000,52.05,53.65,52.05,53.33,2.459173871
28.11.2018 18:00:00.000,53.33,54.08,53.15,54.07,1.387586724
28.11.2018 19:00:00.000,54.09,54.3,54,54.16,0.12941394
28.11.2018 20:00:00.000,54.16,54.34,54.1,54.31,0.276957164
29.11.2018 14:00:00.000,53.91,54.52,53.8,54.45,1.001669449
29.11.2018 15:00:00.000,54.45,54.53,53.9,53.98,-0.863177227
29.11.2018 16:00:00.000,53.98,54.29,53.96,54.08,0.185253798
29.11.2018 17:00:00.000,54.07,54.17,53.92,54.15,0.147956353
29.11.2018 18:00:00.000,54.15,54.38,54.02,54.25,0.184672207
29.11.2018 19:00:00.000,54.25,54.69,54.17,54.66,0.755760369
29.11.2018 20:00:00.000,54.66,54.7,54.48,54.61,-0.09147457
30.11.2018 14:00:00.000,54.25,54.38,53.95,54.21,-0.073732719
30.11.2018 15:00:00.000,54.21,54.64,54.1,54.25,0.073787124
30.11.2018 16:00:00.000,54.25,54.56,54.19,54.5,0.460829493
30.11.2018 17:00:00.000,54.5,54.51,54.01,54.01,-0.899082569
30.11.2018 18:00:00.000,54.01,54.36,53.89,54.3,0.536937604
30.11.2018 19:00:00.000,54.3,54.33,54.14,54.18,-0.220994475
30.11.2018 20:00:00.000,54.18,54.54,54.18,54.5,0.590623846
03.12.2018 14:00:00.000,56.02,56.14,55.46,55.54,-0.856836844
03.12.2018 15:00:00.000,55.54,56.17,55.45,55.7,0.288080663
03.12.2018 16:00:00.000,55.71,56.04,55.6,55.62,-0.161550889
03.12.2018 17:00:00.000,55.62,55.82,55.56,55.66,0.071916577
03.12.2018 18:00:00.000,55.66,55.79,55.2,55.33,-0.592885375
03.12.2018 19:00:00.000,55.33,55.59,55.19,55.38,0.09036689
03.12.2018 20:00:00.000,55.38,55.5,55.17,55.25,-0.234741784
04.12.2018 14:00:00.000,54.75,55.11,54.65,54.81,0.109589041
04.12.2018 15:00:00.000,54.81,55.09,54.63,54.64,-0.310162379
04.12.2018 16:00:00.000,54.64,54.74,54.53,54.54,-0.183016105
04.12.2018 17:00:00.000,54.54,54.57,53.4,53.63,-1.668500183
04.12.2018 18:00:00.000,53.63,53.71,52.82,53.2,-0.801790043
04.12.2018 19:00:00.000,53.2,53.56,53.05,53.2,0
04.12.2018 20:00:00.000,53.2,53.2,52.51,52.66,-1.015037594
06.12.2018 14:00:00.000,51.93,52.6,51.7,51.88,-0.096283459
06.12.2018 15:00:00.000,51.88,52.43,51.81,51.86,-0.038550501
06.12.2018 16:00:00.000,51.87,52.51,51.52,52.49,1.195295932
06.12.2018 17:00:00.000,52.49,53.1,52.3,52.9,0.781101162
06.12.2018 18:00:00.000,52.9,53.09,52.45,53.07,0.321361059
06.12.2018 19:00:00.000,53.07,53.15,52.45,52.88,-0.358017712
06.12.2018 20:00:00.000,52.88,53.32,52.71,53.27,0.737518911
07.12.2018 14:00:00.000,53.25,53.77,53.12,53.21,-0.075117371
07.12.2018 15:00:00.000,53.21,53.56,52.44,52.68,-0.996053373
07.12.2018 16:00:00.000,52.68,52.77,52.15,52.22,-0.873196659
07.12.2018 17:00:00.000,52.22,52.53,51.88,52.22,0
07.12.2018 18:00:00.000,52.22,52.32,51.95,52.03,-0.36384527
07.12.2018 19:00:00.000,52.03,52.14,51.53,51.59,-0.845665962
07.12.2018 20:00:00.000,51.59,52.1,51.41,51.8,0.407055631
10.12.2018 14:00:00.000,52.11,52.41,51.63,51.75,-0.690846287
10.12.2018 15:00:00.000,51.75,52.22,51.5,51.51,-0.463768116
10.12.2018 16:00:00.000,51.53,51.9,51.14,51.66,0.252280225
10.12.2018 17:00:00.000,51.66,52.14,51.4,51.95,0.561362756
10.12.2018 18:00:00.000,51.95,52.09,51.66,51.92,-0.057747834
10.12.2018 19:00:00.000,51.93,52.3,51.78,51.96,0.057770075
10.12.2018 20:00:00.000,51.96,52.36,51.83,52.18,0.423402617
11.12.2018 14:00:00.000,52.5,52.86,52.45,52.63,0.247619048
11.12.2018 15:00:00.000,52.62,52.72,52.18,52.24,-0.722158875
11.12.2018 16:00:00.000,52.24,52.55,52.1,52.48,0.45941807
11.12.2018 17:00:00.000,52.48,52.56,52.05,52.42,-0.114329268
11.12.2018 18:00:00.000,52.42,52.51,52.01,52.01,-0.78214422
11.12.2018 19:00:00.000,52.01,52.72,51.98,52.6,1.134397231
11.12.2018 20:00:00.000,52.61,53.02,52.47,52.72,0.209085725
12.12.2018 14:00:00.000,53.54,53.63,53.25,53.47,-0.130743369
12.12.2018 15:00:00.000,53.47,53.78,53.35,53.73,0.486253974
12.12.2018 16:00:00.000,53.73,54.03,53.65,53.98,0.46528941
12.12.2018 17:00:00.000,53.99,54.07,53.72,54,0.018521949
12.12.2018 18:00:00.000,54,54.03,53.71,53.77,-0.425925926
12.12.2018 19:00:00.000,53.77,53.78,53.3,53.53,-0.446345546
12.12.2018 20:00:00.000,53.53,53.71,53.4,53.47,-0.11208668
13.12.2018 14:00:00.000,53.47,53.96,53.44,53.47,0
13.12.2018 15:00:00.000,53.47,53.8,53.2,53.39,-0.149616607
13.12.2018 16:00:00.000,53.39,53.43,53.05,53.05,-0.636823375
13.12.2018 17:00:00.000,53.05,53.17,52.8,53.04,-0.018850141
13.12.2018 18:00:00.000,53.04,53.26,52.85,53.08,0.075414781
13.12.2018 19:00:00.000,53.08,53.11,52.69,52.81,-0.508666164
13.12.2018 20:00:00.000,52.83,53.22,52.73,53.07,0.454287337
14.12.2018 14:00:00.000,52.36,52.73,52.21,52.67,0.592055004
14.12.2018 15:00:00.000,52.67,53.01,52.51,52.96,0.550598063
14.12.2018 16:00:00.000,52.96,53.11,52.3,52.3,-1.246223565
14.12.2018 17:00:00.000,52.3,52.62,52.28,52.45,0.286806883
14.12.2018 18:00:00.000,52.45,52.56,52.16,52.28,-0.324118208
14.12.2018 19:00:00.000,52.28,52.43,52.07,52.23,-0.095638868
14.12.2018 20:00:00.000,52.22,52.41,52.08,52.19,-0.057449253
17.12.2018 14:00:00.000,51.85,51.96,51.31,51.46,-0.75216972
17.12.2018 15:00:00.000,51.46,52.19,51.41,52.01,1.068791294
17.12.2018 16:00:00.000,52.01,52.52,51.92,52.51,0.961353586
17.12.2018 17:00:00.000,52.52,52.64,51.88,51.88,-1.218583397
17.12.2018 18:00:00.000,51.88,52.09,51.04,51.19,-1.32999229
17.12.2018 19:00:00.000,51.19,51.28,50.92,51.07,-0.234420785
17.12.2018 20:00:00.000,51.07,51.1,50.38,50.6,-0.920305463
18.12.2018 14:00:00.000,51.28,51.67,51.09,51.53,0.487519501
18.12.2018 15:00:00.000,51.53,52,51.32,51.84,0.601591306
18.12.2018 16:00:00.000,51.84,52.12,51.54,51.98,0.270061728
18.12.2018 17:00:00.000,51.98,52.46,51.98,52.21,0.442477876
18.12.2018 18:00:00.000,52.23,52.33,51.93,52.04,-0.363775608
18.12.2018 19:00:00.000,52.04,52.29,51.35,51.35,-1.325903151
18.12.2018 20:00:00.000,51.35,52.01,51.2,51.69,0.662122687
19.12.2018 14:00:00.000,51.74,52.9,51.68,52.75,1.952068032
19.12.2018 15:00:00.000,52.75,52.95,52.47,52.93,0.341232227
19.12.2018 16:00:00.000,52.94,53,52.51,52.94,0
19.12.2018 17:00:00.000,52.94,53.08,52.63,52.63,-0.585568568
19.12.2018 18:00:00.000,52.63,52.65,52.18,52.65,0.03800114
19.12.2018 19:00:00.000,52.69,52.84,51.17,51.39,-2.46726134
19.12.2018 20:00:00.000,51.39,51.42,50.43,51.25,-0.272426542
20.12.2018 14:00:00.000,51.15,51.45,50.76,51.35,0.391006843
20.12.2018 15:00:00.000,51.35,51.7,50.8,50.97,-0.740019474
20.12.2018 16:00:00.000,50.97,50.97,49.92,50.26,-1.392976261
20.12.2018 17:00:00.000,50.26,51.03,50.26,50.69,0.855551134
20.12.2018 18:00:00.000,50.69,50.7,50.29,50.35,-0.670743736
20.12.2018 19:00:00.000,50.35,50.78,49.81,50.4,0.099304866
20.12.2018 20:00:00.000,50.4,50.76,50.1,50.28,-0.238095238
21.12.2018 14:00:00.000,50.9,50.96,50.53,50.66,-0.47151277
21.12.2018 15:00:00.000,50.66,51.14,50.2,50.24,-0.829056455
21.12.2018 16:00:00.000,50.24,50.25,49.31,49.31,-1.85111465
21.12.2018 17:00:00.000,49.31,49.59,48.69,49.07,-0.48671669
21.12.2018 18:00:00.000,49.07,49.58,49.04,49.43,0.733645812
21.12.2018 19:00:00.000,49.43,49.68,49.15,49.31,-0.24276755
21.12.2018 20:00:00.000,49.31,49.43,48.73,48.9,-0.831474346
24.12.2018 14:00:00.000,49.2,49.22,48.51,48.91,-0.589430894
24.12.2018 15:00:00.000,48.91,50.18,48.9,49.64,1.492537313
24.12.2018 16:00:00.000,49.64,49.82,49.11,49.21,-0.866236906
24.12.2018 17:00:00.000,49.21,49.45,48.75,48.75,-0.934769356
24.12.2018 18:00:00.000,48.75,48.81,48.71,48.81,0.123076923
26.12.2018 14:00:00.000,49.88,50.19,49.57,49.58,-0.601443464
26.12.2018 15:00:00.000,49.58,49.83,49.15,49.22,-0.726099234
26.12.2018 16:00:00.000,49.22,50.15,49.13,50.13,1.848841934
26.12.2018 17:00:00.000,50.13,50.76,50.03,50.68,1.097147417
26.12.2018 18:00:00.000,50.68,50.94,50.26,50.9,0.43409629
26.12.2018 19:00:00.000,50.9,50.94,50.47,50.84,-0.117878193
26.12.2018 20:00:00.000,50.83,51.81,50.73,51.77,1.849301594
27.12.2018 14:00:00.000,50.92,51.54,50.78,51.02,0.196386489
27.12.2018 15:00:00.000,51.02,51.3,50.51,50.82,-0.392003136
27.12.2018 16:00:00.000,50.82,51,50.43,50.56,-0.511609603
27.12.2018 17:00:00.000,50.57,50.64,50.16,50.41,-0.316393118
27.12.2018 18:00:00.000,50.41,50.52,49.86,50.05,-0.714144019
27.12.2018 19:00:00.000,50.05,50.75,49.83,50.73,1.358641359
27.12.2018 20:00:00.000,50.73,52.01,50.5,51.66,1.833234772
28.12.2018 14:00:00.000,51.85,52.58,51.75,52.39,1.041465767
28.12.2018 15:00:00.000,52.39,52.45,51.65,51.85,-1.030731056
28.12.2018 16:00:00.000,51.85,52.16,51.76,52.07,0.424300868
28.12.2018 17:00:00.000,52.07,52.31,51.96,52.12,0.096024582
28.12.2018 18:00:00.000,52.12,52.24,51.76,52.09,-0.057559478
28.12.2018 19:00:00.000,52.09,52.75,52.09,52.67,1.113457477
28.12.2018 20:00:00.000,52.67,52.7,51.65,51.72,-1.803683311
31.12.2018 14:00:00.000,52.47,52.55,51.76,51.91,-1.067276539
31.12.2018 15:00:00.000,51.91,51.98,51.3,51.37,-1.040261992
31.12.2018 16:00:00.000,51.37,51.63,51.17,51.59,0.428265525
31.12.2018 17:00:00.000,51.59,51.7,51.46,51.56,-0.058150804
31.12.2018 18:00:00.000,51.56,51.92,51.55,51.72,0.310318076
31.12.2018 19:00:00.000,51.74,51.75,51.61,51.64,-0.193274063
02.01.2019 14:00:00.000,51.15,51.4,51,51.09,-0.117302053
02.01.2019 15:00:00.000,51.1,51.75,50.94,51.6,0.978473581
02.01.2019 16:00:00.000,51.6,51.88,51.5,51.51,-0.174418605
02.01.2019 17:00:00.000,51.51,52.14,51.45,52.05,1.048340128
02.01.2019 18:00:00.000,52.05,52.6,52.05,52.58,1.018251681
02.01.2019 19:00:00.000,52.59,52.59,52.16,52.31,-0.532420612
02.01.2019 20:00:00.000,52.31,52.42,51.7,52.1,-0.401452877
03.01.2019 14:00:00.000,52.32,52.42,51.7,51.78,-1.032110092
03.01.2019 15:00:00.000,51.78,51.78,51,51.31,-0.907686365
03.01.2019 16:00:00.000,51.31,51.79,51.17,51.43,0.233872539
03.01.2019 17:00:00.000,51.43,51.55,51.09,51.4,-0.058331713
03.01.2019 18:00:00.000,51.4,51.4,50.82,50.83,-1.108949416
03.01.2019 19:00:00.000,50.83,51.21,50.77,50.84,0.019673421
03.01.2019 20:00:00.000,50.84,51.09,50.7,50.79,-0.098347758
04.01.2019 14:00:00.000,51.45,52.08,51.36,52.03,1.127308066
04.01.2019 15:00:00.000,52.03,52.57,51.69,52.56,1.018643091
04.01.2019 16:00:00.000,52.56,53.06,52.47,53,0.837138508
04.01.2019 17:00:00.000,53,53.25,52.83,53.18,0.339622642
04.01.2019 18:00:00.000,53.18,53.45,53.13,53.32,0.263256863
04.01.2019 19:00:00.000,53.32,53.5,53.12,53.2,-0.225056264
04.01.2019 20:00:00.000,53.2,53.47,53.15,53.32,0.22556391
07.01.2019 14:00:00.000,53.51,53.66,53.19,53.3,-0.392450009
07.01.2019 15:00:00.000,53.3,53.3,52.71,52.9,-0.750469043
07.01.2019 16:00:00.000,52.89,53.5,52.79,53.39,0.945358291
07.01.2019 17:00:00.000,53.39,53.58,53.23,53.41,0.037460199
07.01.2019 18:00:00.000,53.41,53.49,53.11,53.23,-0.33701554
07.01.2019 19:00:00.000,53.23,53.28,53.12,53.13,-0.187863986
07.01.2019 20:00:00.000,53.13,53.51,53.13,53.36,0.432900433
08.01.2019 14:00:00.000,54.03,54.22,53.53,53.68,-0.647788266
08.01.2019 15:00:00.000,53.68,53.72,53.01,53.17,-0.950074516
08.01.2019 16:00:00.000,53.18,53.49,53.11,53.34,0.300864987
08.01.2019 17:00:00.000,53.34,53.59,53.24,53.34,0
08.01.2019 18:00:00.000,53.34,53.72,53.28,53.68,0.637420322
08.01.2019 19:00:00.000,53.68,53.8,53.64,53.7,0.037257824
08.01.2019 20:00:00.000,53.7,53.9,53.65,53.73,0.055865922
09.01.2019 14:00:00.000,53.92,54.11,53.73,53.98,0.111275964
09.01.2019 15:00:00.000,53.98,54.08,53.32,53.49,-0.907743609
09.01.2019 16:00:00.000,53.49,53.87,53.46,53.76,0.504767246
09.01.2019 17:00:00.000,53.76,53.96,53.65,53.93,0.316220238
09.01.2019 18:00:00.000,53.93,53.96,53.68,53.78,-0.278138327
09.01.2019 19:00:00.000,53.77,54,53.5,53.72,-0.092988655
09.01.2019 20:00:00.000,53.72,53.9,53.61,53.65,-0.130305287
10.01.2019 14:00:00.000,53.3,53.38,53.08,53.14,-0.300187617
10.01.2019 15:00:00.000,53.14,53.37,52.88,53.28,0.263455024
10.01.2019 16:00:00.000,53.28,53.36,53.08,53.22,-0.112612613
10.01.2019 17:00:00.000,53.22,53.41,53.15,53.35,0.244269072
10.01.2019 18:00:00.000,53.35,53.36,52.98,53.18,-0.318650422
10.01.2019 19:00:00.000,53.18,53.52,53.18,53.3,0.22564874
10.01.2019 20:00:00.000,53.3,53.54,53.28,53.53,0.4315197
11.01.2019 14:00:00.000,53.12,53.15,52.69,52.85,-0.508283133
11.01.2019 15:00:00.000,52.85,52.93,52.42,52.69,-0.302743614
11.01.2019 16:00:00.000,52.69,52.84,52.58,52.72,0.0569368
11.01.2019 17:00:00.000,52.72,52.81,52.63,52.72,0
11.01.2019 18:00:00.000,52.72,52.74,52.52,52.53,-0.360394537
11.01.2019 19:00:00.000,52.53,52.81,52.49,52.74,0.399771559
11.01.2019 20:00:00.000,52.74,52.96,52.72,52.9,0.303375047
14.01.2019 14:00:00.000,52.15,52.52,52.11,52.14,-0.019175455
14.01.2019 15:00:00.000,52.14,52.51,52.05,52.43,0.55619486
14.01.2019 16:00:00.000,52.43,52.55,52.33,52.4,-0.057219149
14.01.2019 17:00:00.000,52.4,52.52,52.34,52.39,-0.019083969
14.01.2019 18:00:00.000,52.39,52.52,52.33,52.33,-0.114525673
14.01.2019 19:00:00.000,52.33,52.38,52.22,52.35,0.038218995
14.01.2019 20:00:00.000,52.35,52.39,52.08,52.11,-0.458452722
15.01.2019 14:00:00.000,52.6,53.24,52.6,53.18,1.102661597
15.01.2019 15:00:00.000,53.18,53.41,53.1,53.31,0.244452802
15.01.2019 16:00:00.000,53.31,53.87,53.25,53.86,1.031701369
15.01.2019 17:00:00.000,53.86,53.98,53.56,53.65,-0.38989974
15.01.2019 18:00:00.000,53.65,53.77,53.58,53.75,0.18639329
15.01.2019 19:00:00.000,53.75,53.75,53.23,53.49,-0.48372093
15.01.2019 20:00:00.000,53.48,53.85,53.47,53.81,0.617053104
16.01.2019 14:00:00.000,54.31,54.59,54.08,54.43,0.220953784
16.01.2019 15:00:00.000,54.43,54.6,54.01,54.11,-0.587911078
16.01.2019 16:00:00.000,54.11,54.35,54.01,54.16,0.092404361
16.01.2019 17:00:00.000,54.16,54.28,54.01,54.14,-0.036927622
16.01.2019 18:00:00.000,54.14,54.19,53.98,54,-0.258588844
16.01.2019 19:00:00.000,54,54.19,54,54.09,0.166666667
16.01.2019 20:00:00.000,54.09,54.22,53.99,54.06,-0.055463117
17.01.2019 14:00:00.000,53.88,54.35,53.8,54.32,0.816629547
17.01.2019 15:00:00.000,54.32,54.32,53.81,53.91,-0.754786451
17.01.2019 16:00:00.000,53.91,54.07,53.88,53.97,0.111296605
17.01.2019 17:00:00.000,53.97,54.09,53.9,53.9,-0.129701686
17.01.2019 18:00:00.000,53.9,54.05,53.88,53.95,0.092764378
17.01.2019 19:00:00.000,53.95,54.56,53.88,54.2,0.46339203
17.01.2019 20:00:00.000,54.2,54.37,54.05,54.28,0.147601476
18.01.2019 14:00:00.000,54.75,54.89,54.55,54.69,-0.109589041
18.01.2019 15:00:00.000,54.69,55.27,54.62,55.25,1.023953191
18.01.2019 16:00:00.000,55.25,55.42,55.16,55.26,0.018099548
18.01.2019 17:00:00.000,55.27,55.39,55.15,55.2,-0.126650986
18.01.2019 18:00:00.000,55.2,55.25,55.1,55.13,-0.126811594
18.01.2019 19:00:00.000,55.13,55.15,54.66,54.8,-0.598585162
18.01.2019 20:00:00.000,54.8,55.05,54.75,54.76,-0.072992701
22.01.2019 14:00:00.000,54.37,54.54,54.25,54.5,0.239102446
22.01.2019 15:00:00.000,54.5,54.5,54.2,54.32,-0.330275229
22.01.2019 16:00:00.000,54.32,54.34,53.95,53.95,-0.681148748
22.01.2019 17:00:00.000,53.95,54.05,53.86,53.86,-0.166821131
22.01.2019 18:00:00.000,53.86,53.86,53.47,53.68,-0.334199777
22.01.2019 19:00:00.000,53.68,53.69,53.22,53.29,-0.726527571
22.01.2019 20:00:00.000,53.29,53.57,53.17,53.26,-0.05629574
23.01.2019 14:00:00.000,54.08,54.2,53.79,53.82,-0.480769231
23.01.2019 15:00:00.000,53.82,53.99,53.45,53.5,-0.594574508
23.01.2019 16:00:00.000,53.5,53.55,53.03,53.07,-0.803738318
23.01.2019 17:00:00.000,53.07,53.46,52.97,53.44,0.697192387
23.01.2019 18:00:00.000,53.44,53.55,53.27,53.38,-0.112275449
23.01.2019 19:00:00.000,53.38,53.65,53.34,53.46,0.149868865
23.01.2019 20:00:00.000,53.46,53.76,53.43,53.57,0.205761317
24.01.2019 14:00:00.000,53.8,53.94,53.54,53.56,-0.446096654
24.01.2019 15:00:00.000,53.56,53.73,53.18,53.32,-0.448095594
24.01.2019 16:00:00.000,53.31,53.54,53.03,53.54,0.431438754
24.01.2019 17:00:00.000,53.54,53.55,53.25,53.29,-0.466940605
24.01.2019 18:00:00.000,53.28,53.36,53.07,53.28,0
24.01.2019 19:00:00.000,53.29,53.4,53.23,53.35,0.112591481
24.01.2019 20:00:00.000,53.35,53.65,53.32,53.61,0.487347704
25.01.2019 14:00:00.000,54.09,54.4,54.08,54.36,0.499168053
25.01.2019 15:00:00.000,54.36,54.57,54.3,54.53,0.312729948
25.01.2019 16:00:00.000,54.53,54.66,54.37,54.63,0.183385292
25.01.2019 17:00:00.000,54.63,54.63,54.37,54.43,-0.366099213
25.01.2019 18:00:00.000,54.43,54.54,54.38,54.48,0.091861106
25.01.2019 19:00:00.000,54.48,54.5,54.24,54.36,-0.220264317
25.01.2019 20:00:00.000,54.36,54.54,54.31,54.43,0.128771155
28.01.2019 14:00:00.000,53.84,53.86,53.44,53.58,-0.482912333
28.01.2019 15:00:00.000,53.58,53.66,53.32,53.32,-0.485255692
28.01.2019 16:00:00.000,53.32,53.47,53.18,53.26,-0.112528132
28.01.2019 17:00:00.000,53.25,53.56,53.18,53.42,0.319248826
28.01.2019 18:00:00.000,53.4,53.77,53.35,53.62,0.411985019
28.01.2019 19:00:00.000,53.62,53.66,53.45,53.6,-0.037299515
28.01.2019 20:00:00.000,53.6,53.66,53.38,53.45,-0.279850746
29.01.2019 14:00:00.000,53.56,53.56,53.2,53.36,-0.373412995
29.01.2019 15:00:00.000,53.36,53.5,52.78,52.92,-0.824587706
29.01.2019 16:00:00.000,52.92,53.16,52.84,53.09,0.321239607
29.01.2019 17:00:00.000,53.09,53.3,53.08,53.18,0.169523451
29.01.2019 18:00:00.000,53.18,53.26,53.1,53.2,0.037608123
29.01.2019 19:00:00.000,53.2,53.22,52.95,52.96,-0.45112782
29.01.2019 20:00:00.000,52.96,53.09,52.93,53.01,0.094410876
30.01.2019 14:00:00.000,53.65,53.87,53.55,53.77,0.223671948
30.01.2019 15:00:00.000,53.77,53.77,53.34,53.36,-0.762506974
30.01.2019 16:00:00.000,53.36,53.58,53.35,53.56,0.374812594
30.01.2019 17:00:00.000,53.56,53.79,53.5,53.77,0.392083645
30.01.2019 18:00:00.000,53.77,53.89,53.62,53.62,-0.278965966
30.01.2019 19:00:00.000,53.62,54.54,53.62,54.47,1.585229392
30.01.2019 20:00:00.000,54.47,54.51,54.25,54.29,-0.330457132
31.01.2019 14:00:00.000,54.78,55.4,54.78,55.33,1.004016064
31.01.2019 15:00:00.000,55.33,55.74,55.28,55.63,0.542201337
31.01.2019 16:00:00.000,55.63,55.85,55.55,55.78,0.269638684
31.01.2019 17:00:00.000,55.78,55.79,55.51,55.59,-0.34062388
31.01.2019 18:00:00.000,55.59,55.69,55.45,55.63,0.071955388
31.01.2019 19:00:00.000,55.65,55.81,55.65,55.79,0.251572327
31.01.2019 20:00:00.000,55.79,55.83,55.6,55.8,0.017924359
01.02.2019 14:00:00.000,55.45,56.23,55.45,55.56,0.198376916
01.02.2019 15:00:00.000,55.56,56.12,55.56,55.74,0.323974082
01.02.2019 16:00:00.000,55.75,55.97,55.7,55.91,0.286995516
01.02.2019 17:00:00.000,55.91,55.94,55.57,55.74,-0.304060097
01.02.2019 18:00:00.000,55.76,55.82,55.52,55.67,-0.161406026
01.02.2019 19:00:00.000,55.67,55.7,55.52,55.55,-0.215555955
01.02.2019 20:00:00.000,55.55,55.74,55.52,55.59,0.072007201
04.02.2019 14:00:00.000,55.76,56.12,55.6,56.11,0.6276901
04.02.2019 15:00:00.000,56.11,56.34,55.94,56.28,0.302976297
04.02.2019 16:00:00.000,56.28,56.59,56.18,56.2,-0.142146411
04.02.2019 17:00:00.000,56.2,56.25,56.06,56.13,-0.12455516
04.02.2019 18:00:00.000,56.13,56.31,56.05,56.26,0.231605202
04.02.2019 19:00:00.000,56.26,56.52,56.25,56.49,0.40881621
04.02.2019 20:00:00.000,56.49,56.6,56.26,56.53,0.070808993
05.02.2019 14:00:00.000,56.51,56.65,56.15,56.33,-0.318527694
05.02.2019 15:00:00.000,56.33,56.41,56.07,56.21,-0.213030357
05.02.2019 16:00:00.000,56.21,56.35,55.85,56.28,0.124533001
05.02.2019 17:00:00.000,56.28,56.34,56.13,56.26,-0.035536603
05.02.2019 18:00:00.000,56.26,56.5,56.23,56.49,0.40881621
05.02.2019 19:00:00.000,56.49,56.88,56.49,56.86,0.654983183
05.02.2019 20:00:00.000,56.86,57.33,56.85,57.25,0.685895181
06.02.2019 14:00:00.000,57.06,57.09,56.63,56.65,-0.718541886
06.02.2019 15:00:00.000,56.65,56.69,56.18,56.6,-0.088261253
06.02.2019 16:00:00.000,56.6,56.64,56.07,56.07,-0.93639576
06.02.2019 17:00:00.000,56.07,56.13,55.85,56.03,-0.071339397
06.02.2019 18:00:00.000,56.03,56.1,55.81,55.83,-0.356951633
06.02.2019 19:00:00.000,55.83,55.85,55.64,55.68,-0.268672757
06.02.2019 20:00:00.000,55.68,55.94,55.68,55.93,0.448994253
07.02.2019 14:00:00.000,55.15,55.17,54.8,54.96,-0.344514959
07.02.2019 15:00:00.000,54.96,54.96,54.51,54.54,-0.76419214
07.02.2019 16:00:00.000,54.53,54.75,54.37,54.43,-0.183385292
07.02.2019 17:00:00.000,54.43,54.61,54.3,54.47,0.073488885
07.02.2019 18:00:00.000,54.47,54.7,54.47,54.54,0.128511107
07.02.2019 19:00:00.000,54.55,54.81,54.39,54.72,0.311640697
07.02.2019 20:00:00.000,54.72,54.9,54.6,54.78,0.109649123
08.02.2019 14:00:00.000,54.47,54.58,54.38,54.46,-0.01835873
08.02.2019 15:00:00.000,54.46,54.95,54.4,54.7,0.440690415
08.02.2019 16:00:00.000,54.7,54.8,54.52,54.78,0.146252285
08.02.2019 17:00:00.000,54.78,54.83,54.57,54.64,-0.255567725
08.02.2019 18:00:00.000,54.64,54.73,54.57,54.7,0.109809663
08.02.2019 19:00:00.000,54.7,54.86,54.69,54.76,0.109689214
08.02.2019 20:00:00.000,54.76,54.79,54.61,54.67,-0.164353543
11.02.2019 14:00:00.000,55.1,55.26,54.82,54.88,-0.399274047
11.02.2019 15:00:00.000,54.88,55.04,54.78,54.84,-0.072886297
11.02.2019 16:00:00.000,54.84,54.9,54.66,54.8,-0.07293946
11.02.2019 17:00:00.000,54.8,54.98,54.8,54.89,0.164233577
11.02.2019 18:00:00.000,54.89,54.93,54.7,54.77,-0.218619056
11.02.2019 19:00:00.000,54.77,54.83,54.63,54.69,-0.146065364
11.02.2019 20:00:00.000,54.68,54.88,54.67,54.87,0.347476225
12.02.2019 14:00:00.000,55.44,55.76,55.37,55.75,0.559163059
12.02.2019 15:00:00.000,55.75,56.13,55.69,56.08,0.591928251
12.02.2019 16:00:00.000,56.08,56.2,56,56.09,0.017831669
12.02.2019 17:00:00.000,56.09,56.12,55.91,55.94,-0.267427349
12.02.2019 18:00:00.000,55.94,56.05,55.9,56.05,0.196639256
12.02.2019 19:00:00.000,56.04,56.25,55.81,55.87,-0.303354747
12.02.2019 20:00:00.000,55.87,56.26,55.87,56.03,0.286379094
13.02.2019 14:00:00.000,56.5,56.66,56.36,56.6,0.17699115
13.02.2019 15:00:00.000,56.6,56.74,56.34,56.5,-0.176678445
13.02.2019 16:00:00.000,56.5,56.62,56.21,56.42,-0.14159292
13.02.2019 17:00:00.000,56.42,56.49,56.28,56.34,-0.14179369
13.02.2019 18:00:00.000,56.34,56.44,56.3,56.41,0.124245651
13.02.2019 19:00:00.000,56.41,56.42,56.26,56.32,-0.15954618
13.02.2019 20:00:00.000,56.32,56.33,55.91,55.96,-0.639204545
14.02.2019 14:00:00.000,55.72,55.8,55.5,55.66,-0.107681263
14.02.2019 15:00:00.000,55.66,56.14,55.55,56.01,0.628817822
14.02.2019 16:00:00.000,56.02,56.21,55.88,56.11,0.160656908
14.02.2019 17:00:00.000,56.11,56.4,56.06,56.36,0.445553377
14.02.2019 18:00:00.000,56.36,56.41,56.21,56.23,-0.230660043
14.02.2019 19:00:00.000,56.23,56.34,56.11,56.14,-0.160056909
14.02.2019 20:00:00.000,56.14,56.29,56.03,56.14,0
15.02.2019 14:00:00.000,56.22,56.25,55.69,55.69,-0.942725009
15.02.2019 15:00:00.000,55.69,56.03,55.56,55.85,0.287304723
15.02.2019 16:00:00.000,55.85,55.95,55.61,55.72,-0.232766338
15.02.2019 17:00:00.000,55.72,55.9,55.67,55.7,-0.035893754
15.02.2019 18:00:00.000,55.7,55.74,55.56,55.61,-0.161579892
15.02.2019 19:00:00.000,55.61,55.74,55.6,55.71,0.179823773
15.02.2019 20:00:00.000,55.71,55.71,55.53,55.54,-0.305151678
19.02.2019 14:00:00.000,55.65,55.96,55.64,55.88,0.413297394
19.02.2019 15:00:00.000,55.88,56.06,55.85,55.97,0.161059413
19.02.2019 16:00:00.000,55.97,56.02,55.88,55.98,0.017866714
19.02.2019 17:00:00.000,55.98,56.01,55.79,55.8,-0.321543408
19.02.2019 18:00:00.000,55.8,55.89,55.74,55.74,-0.107526882
19.02.2019 19:00:00.000,55.74,56.09,55.73,56.04,0.538213132
19.02.2019 20:00:00.000,56.04,56.08,55.86,55.92,-0.214132762
20.02.2019 14:00:00.000,55.98,56.11,55.91,55.97,-0.017863523
20.02.2019 15:00:00.000,55.97,56.08,55.85,56.04,0.125067
20.02.2019 16:00:00.000,56.04,56.16,56,56.13,0.160599572
20.02.2019 17:00:00.000,56.13,56.16,55.56,55.7,-0.766078746
20.02.2019 18:00:00.000,55.7,55.97,55.69,55.87,0.305206463
20.02.2019 19:00:00.000,55.87,55.93,55.26,55.61,-0.465366028
20.02.2019 20:00:00.000,55.61,55.82,55.56,55.74,0.233770905
21.02.2019 14:00:00.000,55.31,55.31,54.75,54.95,-0.650876876
21.02.2019 15:00:00.000,54.92,54.99,54.67,54.83,-0.163874727
21.02.2019 16:00:00.000,54.83,55.09,54.75,55.05,0.401240197
21.02.2019 17:00:00.000,55.05,55.28,55.05,55.25,0.363306085
21.02.2019 18:00:00.000,55.25,55.27,55.02,55.07,-0.325791855
21.02.2019 19:00:00.000,55.07,55.09,54.69,54.76,-0.56291992
21.02.2019 20:00:00.000,54.76,54.85,54.62,54.78,0.036523009
22.02.2019 14:00:00.000,54.99,55.16,54.75,55.13,0.254591744
22.02.2019 15:00:00.000,55.13,55.33,55.08,55.33,0.362778886
22.02.2019 16:00:00.000,55.33,55.52,55.29,55.49,0.289174047
22.02.2019 17:00:00.000,55.49,55.55,55.33,55.37,-0.216255181
22.02.2019 18:00:00.000,55.37,55.39,55.21,55.3,-0.12642225
22.02.2019 19:00:00.000,55.3,55.38,55.02,55.11,-0.34358047
22.02.2019 20:00:00.000,55.11,55.3,55.11,55.28,0.308473961
25.02.2019 14:00:00.000,55.85,55.92,55.5,55.5,-0.626678603
25.02.2019 15:00:00.000,55.5,55.82,55.44,55.73,0.414414414
25.02.2019 16:00:00.000,55.73,55.76,55.63,55.69,-0.071774628
25.02.2019 17:00:00.000,55.69,55.69,55.35,55.46,-0.413000539
25.02.2019 18:00:00.000,55.46,55.52,55.38,55.42,-0.072124053
25.02.2019 19:00:00.000,55.42,55.68,55.42,55.66,0.433056658
25.02.2019 20:00:00.000,55.67,55.79,55.55,55.62,-0.089814981
26.02.2019 14:00:00.000,55.15,55.19,54.97,55.18,0.054397099
26.02.2019 15:00:00.000,55.2,55.55,55.18,55.27,0.126811594
26.02.2019 16:00:00.000,55.27,55.6,55.25,55.43,0.289487968
26.02.2019 17:00:00.000,55.43,55.48,55.25,55.39,-0.072163089
26.02.2019 18:00:00.000,55.39,55.6,55.38,55.55,0.288860805
26.02.2019 19:00:00.000,55.55,55.88,55.51,55.88,0.594059406
26.02.2019 20:00:00.000,55.88,55.97,55.69,55.76,-0.214745884
27.02.2019 14:00:00.000,55.59,55.7,55.42,55.47,-0.215866163
27.02.2019 15:00:00.000,55.46,55.46,55.05,55.36,-0.180310133
27.02.2019 16:00:00.000,55.36,55.61,55.3,55.55,0.343208092
27.02.2019 17:00:00.000,55.56,55.68,55.55,55.56,0
27.02.2019 18:00:00.000,55.56,55.76,55.56,55.73,0.305975522
27.02.2019 19:00:00.000,55.73,55.89,55.67,55.72,-0.017943657
27.02.2019 20:00:00.000,55.72,55.84,55.67,55.7,-0.035893754
28.02.2019 14:00:00.000,55.7,56.12,55.66,56.08,0.682226212
28.02.2019 15:00:00.000,56.06,56.15,55.75,56.09,0.053514092
28.02.2019 16:00:00.000,56.09,56.29,56,56.27,0.320912819
28.02.2019 17:00:00.000,56.27,56.37,56.21,56.32,0.088857295
28.02.2019 18:00:00.000,56.32,56.35,56.12,56.18,-0.248579545
28.02.2019 19:00:00.000,56.18,56.19,56,56.05,-0.231399074
28.02.2019 20:00:00.000,56.07,56.12,55.97,56.02,-0.089174246
01.03.2019 14:00:00.000,56.52,56.63,56.43,56.58,0.106157113
01.03.2019 15:00:00.000,56.58,56.72,56.4,56.58,0
01.03.2019 16:00:00.000,56.58,56.59,56.4,56.48,-0.176740898
01.03.2019 17:00:00.000,56.48,56.78,56.47,56.77,0.513456091
01.03.2019 18:00:00.000,56.77,56.97,56.69,56.96,0.334683812
01.03.2019 19:00:00.000,56.96,57.13,56.94,57.01,0.087780899
01.03.2019 20:00:00.000,57.01,57.12,56.9,56.99,-0.035081565
04.03.2019 14:00:00.000,57.41,57.91,57.41,57.87,0.801254137
04.03.2019 15:00:00.000,57.87,57.88,57.38,57.38,-0.846725419
04.03.2019 16:00:00.000,57.38,57.45,56.58,56.65,-1.272220286
04.03.2019 17:00:00.000,56.66,56.86,56.52,56.72,0.105894811
04.03.2019 18:00:00.000,56.72,56.96,56.56,56.92,0.352609309
04.03.2019 19:00:00.000,56.92,57.16,56.77,57.05,0.228390724
04.03.2019 20:00:00.000,57.05,57.35,57.01,57.3,0.438212095
05.03.2019 14:00:00.000,57.58,57.84,57.3,57.46,-0.208405696
05.03.2019 15:00:00.000,57.46,57.89,57.44,57.81,0.609119387
05.03.2019 16:00:00.000,57.81,57.92,57.62,57.69,-0.207576544
05.03.2019 17:00:00.000,57.7,57.73,57.57,57.7,0
05.03.2019 18:00:00.000,57.7,57.92,57.66,57.91,0.363951473
05.03.2019 19:00:00.000,57.91,58.22,57.9,58.21,0.518045243
05.03.2019 20:00:00.000,58.21,58.47,58.14,58.33,0.206150146
06.03.2019 14:00:00.000,58.11,58.31,57.9,58.15,0.068834968
06.03.2019 15:00:00.000,58.15,58.35,57.8,58.1,-0.085984523
06.03.2019 16:00:00.000,58.1,58.22,57.86,58,-0.17211704
06.03.2019 17:00:00.000,58,58.1,57.88,57.93,-0.120689655
06.03.2019 18:00:00.000,57.93,58.05,57.88,57.97,0.069048852
06.03.2019 19:00:00.000,57.97,58.11,57.91,58,0.051750906
06.03.2019 20:00:00.000,58,58.06,57.76,57.83,-0.293103448
07.03.2019 14:00:00.000,57.65,57.65,57.05,57.21,-0.763226366
07.03.2019 15:00:00.000,57.21,57.41,57,57.3,0.157315155
07.03.2019 16:00:00.000,57.3,57.55,57.16,57.28,-0.034904014
07.03.2019 17:00:00.000,57.28,57.43,57.24,57.35,0.122206704
07.03.2019 18:00:00.000,57.35,57.45,57.15,57.18,-0.296425458
07.03.2019 19:00:00.000,57.18,57.25,56.73,56.85,-0.577124869
07.03.2019 20:00:00.000,56.86,57.09,56.82,56.93,0.123109391
08.03.2019 14:00:00.000,56.33,56.9,56.31,56.79,0.816616368
08.03.2019 15:00:00.000,56.79,57.2,56.6,57.07,0.49304455
08.03.2019 16:00:00.000,57.06,57.35,57,57.01,-0.087627059
08.03.2019 17:00:00.000,57.01,57.04,56.68,56.7,-0.543764252
08.03.2019 18:00:00.000,56.7,56.79,56.57,56.7,0
08.03.2019 19:00:00.000,56.7,57.1,56.66,56.95,0.440917108
08.03.2019 20:00:00.000,56.95,57.13,56.8,57.11,0.2809482
11.03.2019 14:00:00.000,57.38,57.6,57.38,57.55,0.296270478
11.03.2019 15:00:00.000,57.55,58.01,57.54,57.98,0.747176368
11.03.2019 16:00:00.000,57.98,58.26,57.97,58.23,0.431183167
11.03.2019 17:00:00.000,58.23,58.32,58.11,58.18,-0.085866392
11.03.2019 18:00:00.000,58.18,58.35,58.09,58.35,0.292196631
11.03.2019 19:00:00.000,58.35,58.47,58.29,58.41,0.102827763
12.03.2019 13:00:00.000,58.62,58.88,58.62,58.79,0.290003412
12.03.2019 14:00:00.000,58.79,59.84,58.79,59.58,1.343765947
12.03.2019 15:00:00.000,59.58,59.88,59.3,59.88,0.503524673
12.03.2019 16:00:00.000,59.88,60,59.66,59.97,0.150300601
12.03.2019 17:00:00.000,59.97,59.99,59.8,59.8,-0.283475071
12.03.2019 18:00:00.000,59.8,59.88,59.62,59.79,-0.016722408
12.03.2019 19:00:00.000,59.79,59.88,59.72,59.81,0.03345041
13.03.2019 14:00:00.000,59.85,59.98,59.71,59.87,0.033416876
13.03.2019 15:00:00.000,59.87,59.93,59.75,59.88,0.016702856
13.03.2019 16:00:00.000,59.88,60,59.87,59.94,0.100200401
13.03.2019 17:00:00.000,59.94,59.97,59.75,59.87,-0.11678345
13.03.2019 18:00:00.000,59.87,59.97,59.84,59.95,0.13362285
13.03.2019 19:00:00.000,59.95,60.03,59.75,59.93,-0.033361134
13.03.2019 20:00:00.000,59.93,59.97,59.65,59.68,-0.417153346
14.03.2019 14:00:00.000,59.6,59.82,59.45,59.7,0.167785235
14.03.2019 15:00:00.000,59.7,59.88,59.63,59.69,-0.016750419
14.03.2019 16:00:00.000,59.69,59.73,59.46,59.56,-0.217791925
14.03.2019 17:00:00.000,59.56,59.62,59.42,59.55,-0.016789792
14.03.2019 18:00:00.000,59.54,59.6,59.38,59.38,-0.268726906
14.03.2019 19:00:00.000,59.38,59.49,59.35,59.43,0.084203436
14.03.2019 20:00:00.000,59.43,59.48,59.34,59.42,-0.016826519
15.03.2019 14:00:00.000,59.39,59.6,59.35,59.57,0.303081327
15.03.2019 15:00:00.000,59.57,59.58,59.2,59.31,-0.436461306
15.03.2019 16:00:00.000,59.31,59.6,59.28,59.57,0.438374642
15.03.2019 17:00:00.000,59.57,59.77,59.54,59.64,0.117508813
15.03.2019 18:00:00.000,59.64,59.83,59.64,59.77,0.217974514
15.03.2019 19:00:00.000,59.77,59.77,59.25,59.35,-0.702693659
15.03.2019 20:00:00.000,59.35,59.36,59.13,59.17,-0.303285594
18.03.2019 14:00:00.000,59.15,59.28,58.86,59.26,0.185967878
18.03.2019 15:00:00.000,59.26,59.5,59.15,59.32,0.101248734
18.03.2019 16:00:00.000,59.32,59.4,58.97,59.02,-0.505731625
18.03.2019 17:00:00.000,59.02,59.09,58.86,59.03,0.016943409
18.03.2019 18:00:00.000,59.03,59.24,58.98,59.24,0.355751313
18.03.2019 19:00:00.000,59.24,59.36,59.2,59.25,0.016880486
18.03.2019 20:00:00.000,59.25,59.26,59.07,59.15,-0.168776371
19.03.2019 14:00:00.000,59.59,59.59,59.31,59.37,-0.369189461
19.03.2019 15:00:00.000,59.38,59.61,59.3,59.31,-0.11788481
19.03.2019 16:00:00.000,59.31,59.67,59.28,59.66,0.59011971
19.03.2019 17:00:00.000,59.66,59.75,59.3,59.53,-0.217901442
19.03.2019 18:00:00.000,59.53,59.69,59.48,59.68,0.251973795
19.03.2019 19:00:00.000,59.68,59.93,59.65,59.86,0.301608579
19.03.2019 20:00:00.000,59.86,59.88,59.49,59.69,-0.283995991
20.03.2019 14:00:00.000,59.97,60.32,59.8,60.23,0.433550108
20.03.2019 15:00:00.000,60.23,60.43,60.15,60.32,0.149427196
20.03.2019 16:00:00.000,60.31,60.55,60.17,60.23,-0.132647985
20.03.2019 17:00:00.000,60.24,60.41,60.16,60.38,0.232403718
20.03.2019 18:00:00.000,60.37,60.42,60.31,60.33,-0.066258075
20.03.2019 19:00:00.000,60.33,61.32,60.33,61.3,1.607823637
20.03.2019 20:00:00.000,61.31,61.35,60.86,61.11,-0.326211059
21.03.2019 14:00:00.000,60.81,61.12,60.77,60.97,0.263114619
21.03.2019 15:00:00.000,60.96,61.23,60.85,61.21,0.410104987
21.03.2019 16:00:00.000,61.21,61.38,61.13,61.31,0.163371998
21.03.2019 17:00:00.000,61.31,61.33,61.09,61.11,-0.326211059
21.03.2019 18:00:00.000,61.11,61.24,61.07,61.15,0.065455736
21.03.2019 19:00:00.000,61.15,61.54,61.14,61.48,0.539656582
21.03.2019 20:00:00.000,61.48,61.56,61.38,61.47,-0.016265452
22.03.2019 14:00:00.000,61.33,61.5,60.85,60.92,-0.668514593
22.03.2019 15:00:00.000,60.92,61.39,60.9,60.9,-0.032829941
22.03.2019 16:00:00.000,60.9,60.94,60.31,60.33,-0.935960591
22.03.2019 17:00:00.000,60.33,60.63,60.32,60.6,0.447538538
22.03.2019 18:00:00.000,60.6,60.71,60.13,60.3,-0.495049505
22.03.2019 19:00:00.000,60.3,60.51,60.26,60.45,0.248756219
22.03.2019 20:00:00.000,60.45,60.56,60.25,60.28,-0.281224152
25.03.2019 14:00:00.000,59.92,60.32,59.85,59.92,0
25.03.2019 15:00:00.000,59.92,60.13,59.83,59.99,0.11682243
25.03.2019 16:00:00.000,59.99,60.1,59.75,59.75,-0.400066678
25.03.2019 17:00:00.000,59.75,59.85,59.51,59.71,-0.066945607
25.03.2019 18:00:00.000,59.71,59.79,59.43,59.57,-0.234466589
25.03.2019 19:00:00.000,59.57,59.63,59.35,59.61,0.067147893
25.03.2019 20:00:00.000,59.6,59.85,59.59,59.67,0.117449664
26.03.2019 14:00:00.000,59.83,60.12,59.7,60.12,0.484706669
26.03.2019 15:00:00.000,60.11,60.14,59.5,59.64,-0.78189985
26.03.2019 16:00:00.000,59.63,59.7,59.45,59.56,-0.117390575
26.03.2019 17:00:00.000,59.57,59.61,59.35,59.46,-0.184656706
26.03.2019 18:00:00.000,59.46,59.67,59.2,59.22,-0.403632694
26.03.2019 19:00:00.000,59.21,59.24,58.85,58.93,-0.472893092
26.03.2019 20:00:00.000,58.93,59.05,58.83,58.99,0.101815714
27.03.2019 14:00:00.000,59.06,59.13,58.8,58.85,-0.355570606
27.03.2019 15:00:00.000,58.85,58.98,58.54,58.63,-0.373831776
27.03.2019 16:00:00.000,58.63,58.8,57.95,58,-1.074535221
27.03.2019 17:00:00.000,58,58.36,57.96,58.22,0.379310345
27.03.2019 18:00:00.000,58.22,58.76,58.16,58.61,0.669872896
27.03.2019 19:00:00.000,58.61,58.64,58.29,58.47,-0.238867088
27.03.2019 20:00:00.000,58.49,58.75,58.38,58.5,0.01709694
28.03.2019 14:00:00.000,58.23,58.46,58.19,58.33,0.171732784
28.03.2019 15:00:00.000,58.33,58.55,58.2,58.25,-0.137150694
28.03.2019 16:00:00.000,58.25,58.28,57.98,58.18,-0.120171674
28.03.2019 17:00:00.000,58.18,58.39,58.01,58.34,0.275008594
28.03.2019 18:00:00.000,58.34,58.46,58.29,58.37,0.051422695
28.03.2019 19:00:00.000,58.37,58.46,58.27,58.33,-0.068528354
28.03.2019 20:00:00.000,58.33,58.5,58.3,58.45,0.205726041
29.03.2019 14:00:00.000,58.73,58.73,58.25,58.42,-0.527839264
29.03.2019 15:00:00.000,58.42,58.51,58.13,58.25,-0.290996234
29.03.2019 16:00:00.000,58.25,58.72,58.25,58.52,0.463519313
29.03.2019 17:00:00.000,58.52,58.66,58.45,58.6,0.1367054
29.03.2019 18:00:00.000,58.6,58.62,58.46,58.48,-0.204778157
29.03.2019 19:00:00.000,58.48,58.55,58.37,58.54,0.102599179
29.03.2019 20:00:00.000,58.54,58.68,58.48,58.62,0.136658695
01.04.2019 14:00:00.000,59.27,59.47,59.14,59.45,0.303694955
01.04.2019 15:00:00.000,59.45,59.62,59.21,59.61,0.269133726
01.04.2019 16:00:00.000,59.61,59.73,59.47,59.57,-0.067102835
01.04.2019 17:00:00.000,59.57,59.74,59.42,59.72,0.2518046
01.04.2019 18:00:00.000,59.72,59.76,59.6,59.75,0.050234427
01.04.2019 19:00:00.000,59.75,59.83,59.66,59.82,0.117154812
01.04.2019 20:00:00.000,59.82,59.82,59.62,59.66,-0.267469074
02.04.2019 14:00:00.000,59.67,59.81,59.29,59.46,-0.351935646
02.04.2019 15:00:00.000,59.46,59.77,59.31,59.74,0.47090481
02.04.2019 16:00:00.000,59.74,59.76,59.55,59.61,-0.217609642
02.04.2019 17:00:00.000,59.61,59.74,59.58,59.74,0.218084214
02.04.2019 18:00:00.000,59.74,59.9,59.71,59.86,0.200870439
02.04.2019 19:00:00.000,59.86,59.99,59.83,59.95,0.150350819
02.04.2019 20:00:00.000,59.95,60.05,59.91,60.04,0.150125104
03.04.2019 14:00:00.000,60.13,60.29,60.03,60.23,0.166306336
03.04.2019 15:00:00.000,60.23,60.6,60.13,60.6,0.614311805
03.04.2019 16:00:00.000,60.6,60.8,60.56,60.63,0.04950495
03.04.2019 17:00:00.000,60.63,60.71,60.54,60.58,-0.082467425
03.04.2019 18:00:00.000,60.58,60.61,60.12,60.14,-0.726312314
03.04.2019 19:00:00.000,60.14,60.32,60.12,60.27,0.216162288
03.04.2019 20:00:00.000,60.27,60.38,60.17,60.26,-0.016592003
04.04.2019 14:00:00.000,60.28,60.73,60.26,60.65,0.613802256
04.04.2019 15:00:00.000,60.65,60.71,60.36,60.6,-0.082440231
04.04.2019 16:00:00.000,60.6,60.69,60.43,60.56,-0.066006601
04.04.2019 17:00:00.000,60.55,60.63,60.29,60.51,-0.066061107
04.04.2019 18:00:00.000,60.51,60.68,60.51,60.64,0.214840522
04.04.2019 19:00:00.000,60.64,60.74,60.6,60.72,0.131926121
04.04.2019 20:00:00.000,60.72,60.74,60.48,60.73,0.016469038
05.04.2019 14:00:00.000,60.62,60.72,60.4,60.68,0.098977235
05.04.2019 15:00:00.000,60.66,60.71,60.5,60.64,-0.032970656
05.04.2019 16:00:00.000,60.64,60.7,60.45,60.45,-0.313324538
05.04.2019 17:00:00.000,60.45,60.49,60.36,60.41,-0.066170389
05.04.2019 18:00:00.000,60.41,60.54,60.41,60.46,0.082767754
05.04.2019 19:00:00.000,60.46,60.46,60.37,60.42,-0.066159444
05.04.2019 20:00:00.000,60.42,60.53,60.28,60.3,-0.198609732
08.04.2019 14:00:00.000,59.99,60.25,59.99,60.18,0.316719453
08.04.2019 15:00:00.000,60.18,60.41,60.05,60.2,0.033233632
08.04.2019 16:00:00.000,60.21,60.31,60.18,60.22,0.016608537
08.04.2019 17:00:00.000,60.22,60.26,60.03,60.15,-0.116240452
08.04.2019 18:00:00.000,60.15,60.21,60.06,60.2,0.08312552
08.04.2019 19:00:00.000,60.19,60.22,60.05,60.18,-0.016614055
08.04.2019 20:00:00.000,60.18,60.32,60.13,60.26,0.13293453
09.04.2019 14:00:00.000,59.89,60.1,59.83,59.89,0
09.04.2019 15:00:00.000,59.89,59.99,59.73,59.83,-0.10018367
09.04.2019 16:00:00.000,59.83,59.92,59.76,59.79,-0.066856092
09.04.2019 17:00:00.000,59.79,59.85,59.77,59.78,-0.016725205
09.04.2019 18:00:00.000,59.78,59.82,59.72,59.76,-0.033456005
09.04.2019 19:00:00.000,59.76,59.82,59.73,59.79,0.050200803
09.04.2019 20:00:00.000,59.79,59.9,59.74,59.85,0.100351229
10.04.2019 14:00:00.000,60.05,60.18,59.98,60.11,0.099916736
10.04.2019 15:00:00.000,60.11,60.14,59.88,59.91,-0.332723341
10.04.2019 16:00:00.000,59.91,60.03,59.91,60.01,0.166917042
10.04.2019 17:00:00.000,60.01,60.05,59.92,59.96,-0.083319447
10.04.2019 18:00:00.000,59.96,60.02,59.89,59.98,0.03335557
10.04.2019 19:00:00.000,59.98,60.02,59.81,59.99,0.016672224
10.04.2019 20:00:00.000,60,60.19,59.98,60.15,0.25
11.04.2019 14:00:00.000,60.1,60.16,60,60.06,-0.06655574
11.04.2019 15:00:00.000,60.08,60.31,60.07,60.31,0.382822903
11.04.2019 16:00:00.000,60.31,60.39,60.17,60.25,-0.099485989
11.04.2019 17:00:00.000,60.25,60.32,60.15,60.3,0.082987552
11.04.2019 18:00:00.000,60.3,60.33,60.18,60.21,-0.149253731
11.04.2019 19:00:00.000,60.21,60.25,60.11,60.16,-0.083042684
11.04.2019 20:00:00.000,60.16,60.22,60.09,60.18,0.033244681
12.04.2019 14:00:00.000,60.45,60.65,60.43,60.56,0.181968569
12.04.2019 15:00:00.000,60.57,60.66,60.5,60.63,0.09905894
12.04.2019 16:00:00.000,60.63,60.66,60.49,60.53,-0.164934851
12.04.2019 17:00:00.000,60.53,60.72,60.49,60.68,0.247811003
12.04.2019 18:00:00.000,60.68,60.71,60.61,60.7,0.032959789
12.04.2019 19:00:00.000,60.7,60.82,60.69,60.79,0.148270181
12.04.2019 20:00:00.000,60.79,60.83,60.7,60.82,0.049350222
15.04.2019 14:00:00.000,60.97,61.08,60.71,60.82,-0.246022634
15.04.2019 15:00:00.000,60.82,60.82,60.46,60.62,-0.328839198
15.04.2019 16:00:00.000,60.62,60.78,60.56,60.78,0.263939294
15.04.2019 17:00:00.000,60.78,60.88,60.69,60.88,0.164527805
15.04.2019 18:00:00.000,60.88,61,60.87,60.94,0.098554534
15.04.2019 19:00:00.000,60.94,61.14,60.92,61.13,0.311782081
15.04.2019 20:00:00.000,61.13,61.21,60.95,61.02,-0.179944381
16.04.2019 14:00:00.000,61.18,61.4,61.16,61.28,0.163452109
16.04.2019 15:00:00.000,61.28,61.34,61,61.18,-0.163185379
16.04.2019 16:00:00.000,61.18,61.28,61.05,61.22,0.065380843
16.04.2019 17:00:00.000,61.21,61.32,61.18,61.31,0.163371998
16.04.2019 18:00:00.000,61.31,61.45,61.31,61.39,0.130484423
16.04.2019 19:00:00.000,61.39,61.51,61.39,61.49,0.162892979
16.04.2019 20:00:00.000,61.49,61.51,61.22,61.26,-0.37404456
17.04.2019 14:00:00.000,61.69,61.91,61.56,61.58,-0.178310909
17.04.2019 15:00:00.000,61.56,61.95,61.39,61.91,0.568551007
17.04.2019 16:00:00.000,61.91,62.02,61.71,61.78,-0.209982232
17.04.2019 17:00:00.000,61.78,61.82,61.58,61.77,-0.016186468
17.04.2019 18:00:00.000,61.77,61.89,61.72,61.83,0.097134531
17.04.2019 19:00:00.000,61.83,61.86,61.62,61.8,-0.048520136
17.04.2019 20:00:00.000,61.8,61.91,61.69,61.8,0
18.04.2019 14:00:00.000,61.99,62.09,61.88,61.88,-0.177447975
18.04.2019 15:00:00.000,61.88,62.02,61.81,61.96,0.129282482
18.04.2019 16:00:00.000,61.96,62.02,61.85,61.98,0.03227889
18.04.2019 17:00:00.000,61.98,62.05,61.86,61.86,-0.193610842
18.04.2019 18:00:00.000,61.86,61.9,61.78,61.81,-0.080827675
18.04.2019 19:00:00.000,61.81,61.89,61.79,61.86,0.080893059
18.04.2019 20:00:00.000,61.86,61.87,61.73,61.78,-0.129324281
22.04.2019 14:00:00.000,61.48,61.72,61.43,61.7,0.357839948
22.04.2019 15:00:00.000,61.7,61.96,61.6,61.96,0.421393841
22.04.2019 16:00:00.000,61.96,62.07,61.9,61.97,0.016139445
22.04.2019 17:00:00.000,61.97,62.05,61.92,62.04,0.112957883
22.04.2019 18:00:00.000,62.04,62.21,62,62.18,0.225660864
22.04.2019 19:00:00.000,62.18,62.45,62.18,62.37,0.30556449
22.04.2019 20:00:00.000,62.37,62.42,62.29,62.41,0.064133397
23.04.2019 14:00:00.000,62.45,62.84,62.35,62.75,0.480384307
23.04.2019 15:00:00.000,62.75,63.06,62.74,62.97,0.35059761
23.04.2019 16:00:00.000,62.97,63.28,62.86,63.28,0.49229792
23.04.2019 17:00:00.000,63.28,63.41,63.25,63.3,0.031605563
23.04.2019 18:00:00.000,63.3,63.45,63.2,63.31,0.015797788
23.04.2019 19:00:00.000,63.31,63.42,63.28,63.35,0.063181172
23.04.2019 20:00:00.000,63.34,63.42,63.04,63.17,-0.268392801
24.04.2019 14:00:00.000,63.19,63.19,62.95,63.1,-0.142427599
24.04.2019 15:00:00.000,63.1,63.38,63.06,63.33,0.364500792
24.04.2019 16:00:00.000,63.33,63.4,63.18,63.2,-0.205273962
24.04.2019 17:00:00.000,63.2,63.23,62.96,62.97,-0.363924051
24.04.2019 18:00:00.000,62.97,63.09,62.9,62.9,-0.111164046
24.04.2019 19:00:00.000,62.91,63,62.85,62.99,0.127165792
24.04.2019 20:00:00.000,63,63.02,62.81,62.87,-0.206349206
25.04.2019 14:00:00.000,62.82,63,62.58,62.91,0.143266476
25.04.2019 15:00:00.000,62.91,63.2,62.61,63.16,0.397393101
25.04.2019 16:00:00.000,63.16,63.38,63.07,63.3,0.221659278
25.04.2019 17:00:00.000,63.3,63.33,63,63.05,-0.394944708
25.04.2019 18:00:00.000,63.05,63.1,62.96,62.97,-0.126883426
25.04.2019 19:00:00.000,62.97,63.21,62.97,63.21,0.381133873
25.04.2019 20:00:00.000,63.21,63.32,63.05,63.22,0.015820282
26.04.2019 14:00:00.000,63.1,63.29,63,63.11,0.015847861
26.04.2019 15:00:00.000,63.13,63.6,63.09,63.44,0.491050214
26.04.2019 16:00:00.000,63.44,63.46,63.28,63.36,-0.126103405
26.04.2019 17:00:00.000,63.36,63.36,63.1,63.17,-0.299873737
26.04.2019 18:00:00.000,63.17,63.26,63.02,63.25,0.126642394
26.04.2019 19:00:00.000,63.25,63.4,63.2,63.36,0.173913043
26.04.2019 20:00:00.000,63.36,63.6,63.36,63.59,0.363005051
29.04.2019 14:00:00.000,63.55,63.56,63.32,63.45,-0.157356412
29.04.2019 15:00:00.000,63.45,63.61,63.34,63.58,0.204885737
29.04.2019 16:00:00.000,63.58,63.66,63.51,63.65,0.110097515
29.04.2019 17:00:00.000,63.65,63.88,63.6,63.82,0.267085625
29.04.2019 18:00:00.000,63.82,64.03,63.77,64.01,0.297712316
29.04.2019 19:00:00.000,64.02,64.45,64.01,64.42,0.624804749
29.04.2019 20:00:00.000,64.42,64.42,64.12,64.25,-0.263893201
30.04.2019 14:00:00.000,59.47,59.62,58.99,59.48,0.016815201
30.04.2019 15:00:00.000,59.48,59.54,58.84,59.07,-0.68930733
30.04.2019 16:00:00.000,59.07,59.32,58.74,59.25,0.30472321
30.04.2019 17:00:00.000,59.25,59.49,58.96,58.99,-0.438818565
30.04.2019 18:00:00.000,58.99,59.28,58.93,59.24,0.423800644
30.04.2019 19:00:00.000,59.24,59.27,59,59.13,-0.185685348
30.04.2019 20:00:00.000,59.13,59.33,59,59.32,0.321325892
01.05.2019 14:00:00.000,59.05,59.19,58.91,59.13,0.135478408
01.05.2019 15:00:00.000,59.05,59.17,58.91,59.02,-0.050804403
01.05.2019 16:00:00.000,59.02,59.03,58.49,58.58,-0.745509997
01.05.2019 17:00:00.000,58.58,58.6,58.43,58.48,-0.170706726
01.05.2019 18:00:00.000,58.48,58.72,58.48,58.69,0.359097127
01.05.2019 19:00:00.000,58.69,58.78,58.45,58.57,-0.204464134
01.05.2019 20:00:00.000,58.56,58.62,58.38,58.39,-0.290300546
02.05.2019 14:00:00.000,58.44,58.55,58.14,58.15,-0.496235455
02.05.2019 15:00:00.000,58.16,58.3,58,58.1,-0.103163686
02.05.2019 16:00:00.000,58.1,58.28,57.75,57.82,-0.481927711
02.05.2019 17:00:00.000,57.82,58.02,57.8,57.99,0.294015911
02.05.2019 18:00:00.000,58.01,58.19,57.89,58.1,0.155145665
02.05.2019 19:00:00.000,58.1,58.21,57.91,57.95,-0.258175559
02.05.2019 20:00:00.000,57.95,58.13,57.91,58.09,0.241587575
03.05.2019 14:00:00.000,58.59,58.69,58.44,58.65,0.102406554
03.05.2019 15:00:00.000,58.65,58.97,58.61,58.96,0.52855925
03.05.2019 16:00:00.000,58.96,59.05,58.8,58.92,-0.067842605
03.05.2019 17:00:00.000,58.92,59.14,58.9,59.1,0.305498982
03.05.2019 18:00:00.000,59.1,59.34,59.08,59.28,0.304568528
03.05.2019 19:00:00.000,59.28,59.33,59.13,59.16,-0.20242915
03.05.2019 20:00:00.000,59.16,59.26,59.07,59.23,0.118323191
06.05.2019 14:00:00.000,58.5,58.9,58.5,58.87,0.632478632
06.05.2019 15:00:00.000,58.87,59.3,58.75,59.25,0.645490063
06.05.2019 16:00:00.000,59.24,59.32,59.02,59.02,-0.371370695
06.05.2019 17:00:00.000,59.02,59.06,58.85,58.92,-0.16943409
06.05.2019 18:00:00.000,58.92,59.22,58.9,59.19,0.458248473
06.05.2019 19:00:00.000,59.19,59.49,59.11,59.47,0.473052881
06.05.2019 20:00:00.000,59.47,59.53,59.39,59.51,0.067260804
07.05.2019 14:00:00.000,59.26,59.5,59.01,59.03,-0.388120148
07.05.2019 15:00:00.000,59.03,59.06,58.48,58.54,-0.830086397
07.05.2019 16:00:00.000,58.54,58.86,58.41,58.64,0.170823369
07.05.2019 17:00:00.000,58.64,58.88,58.57,58.62,-0.034106412
07.05.2019 18:00:00.000,58.62,58.66,58.27,58.27,-0.597065848
07.05.2019 19:00:00.000,58.27,58.54,58.05,58.17,-0.171614896
07.05.2019 20:00:00.000,58.17,58.55,58.08,58.51,0.584493725
08.05.2019 14:00:00.000,58.75,58.85,58.52,58.64,-0.187234043
08.05.2019 15:00:00.000,58.64,58.84,58.54,58.75,0.187585266
08.05.2019 16:00:00.000,58.77,59.01,58.51,58.65,-0.204185809
08.05.2019 17:00:00.000,58.65,58.84,58.5,58.79,0.238704177
08.05.2019 18:00:00.000,58.8,58.84,58.61,58.65,-0.255102041
08.05.2019 19:00:00.000,58.65,58.66,58.55,58.61,-0.068201194
08.05.2019 20:00:00.000,58.61,58.79,58.46,58.49,-0.204743218
09.05.2019 14:00:00.000,57.98,58.03,57.6,57.81,-0.293204553
09.05.2019 15:00:00.000,57.81,57.85,57.53,57.57,-0.415153088
09.05.2019 16:00:00.000,57.57,57.95,57.55,57.79,0.382143478
09.05.2019 17:00:00.000,57.79,58.47,57.63,58.13,0.588337083
09.05.2019 18:00:00.000,58.13,58.31,57.93,58.08,-0.086014106
09.05.2019 19:00:00.000,58.08,58.22,57.94,57.97,-0.189393939
09.05.2019 20:00:00.000,57.97,58.22,57.85,58.09,0.207003623
10.05.2019 14:00:00.000,58.15,58.31,57.95,57.95,-0.343938091
10.05.2019 15:00:00.000,57.95,57.95,57.21,57.23,-1.242450388
10.05.2019 16:00:00.000,57.23,57.54,57.12,57.3,0.122313472
10.05.2019 17:00:00.000,57.3,57.81,57.17,57.76,0.802792321
10.05.2019 18:00:00.000,57.76,58.07,57.73,58.06,0.519390582
10.05.2019 19:00:00.000,58.06,58.18,57.81,58.16,0.172235618
10.05.2019 20:00:00.000,58.15,58.62,58.09,58.18,0.051590714
13.05.2019 14:00:00.000,57.27,57.38,56.7,56.8,-0.820674
13.05.2019 15:00:00.000,56.8,56.83,56.3,56.41,-0.686619718
13.05.2019 16:00:00.000,56.41,56.45,56.1,56.39,-0.035454707
13.05.2019 17:00:00.000,56.39,56.56,56.27,56.48,0.159602766
13.05.2019 18:00:00.000,56.48,56.67,56.31,56.63,0.265580737
13.05.2019 19:00:00.000,56.62,56.84,56.38,56.71,0.158954433
13.05.2019 20:00:00.000,56.71,56.83,56.32,56.52,-0.335037912
14.05.2019 14:00:00.000,56.84,56.95,56.36,56.47,-0.650950035
14.05.2019 15:00:00.000,56.47,56.87,56.35,56.59,0.212502214
14.05.2019 16:00:00.000,56.6,56.85,56.46,56.83,0.406360424
14.05.2019 17:00:00.000,56.83,56.86,56.52,56.54,-0.510293859
14.05.2019 18:00:00.000,56.54,56.68,56.43,56.43,-0.194552529
14.05.2019 19:00:00.000,56.43,56.43,56.2,56.28,-0.265816055
14.05.2019 20:00:00.000,56.28,56.36,55.98,56.05,-0.408670931
15.05.2019 14:00:00.000,56.38,56.56,56.15,56.52,0.248315005
15.05.2019 15:00:00.000,56.52,57.43,56.52,57.31,1.397735315
15.05.2019 16:00:00.000,57.31,57.89,57.2,57.72,0.715407433
15.05.2019 17:00:00.000,57.73,57.93,57.72,57.77,0.069288065
15.05.2019 18:00:00.000,57.77,58.42,57.75,58.29,0.90012117
15.05.2019 19:00:00.000,58.29,58.4,58.23,58.29,0
15.05.2019 20:00:00.000,58.29,58.56,58.19,58.48,0.325956425
16.05.2019 14:00:00.000,58.31,58.96,58.26,58.82,0.874635569
16.05.2019 15:00:00.000,58.82,59.41,58.76,59.25,0.731043863
16.05.2019 16:00:00.000,59.25,59.38,59.08,59.31,0.101265823
16.05.2019 17:00:00.000,59.31,59.32,58.98,59.13,-0.303490137
16.05.2019 18:00:00.000,59.13,59.26,58.9,58.99,-0.236766447
16.05.2019 19:00:00.000,58.99,59.17,58.91,59.04,0.084760129
16.05.2019 20:00:00.000,59.04,59.08,58.77,58.87,-0.287940379
17.05.2019 14:00:00.000,58.65,58.85,58.44,58.5,-0.255754476
17.05.2019 15:00:00.000,58.5,58.97,58.42,58.96,0.786324786
17.05.2019 16:00:00.000,58.96,59.01,58.63,58.8,-0.271370421
17.05.2019 17:00:00.000,58.8,58.8,58.47,58.59,-0.357142857
17.05.2019 18:00:00.000,58.59,58.68,58.45,58.51,-0.136542072
17.05.2019 19:00:00.000,58.51,58.58,58.38,58.43,-0.136728764
17.05.2019 20:00:00.000,58.43,58.45,58.01,58.16,-0.462091391
20.05.2019 14:00:00.000,56.9,57.03,56.57,57.01,0.193321617
20.05.2019 15:00:00.000,57.02,57.21,56.88,57.09,0.122763942
20.05.2019 16:00:00.000,57.09,57.2,56.92,57.09,0
20.05.2019 17:00:00.000,57.09,57.32,56.89,56.89,-0.35032405
20.05.2019 18:00:00.000,56.89,56.96,56.81,56.9,0.017577782
20.05.2019 19:00:00.000,56.9,57.05,56.85,56.97,0.123022847
20.05.2019 20:00:00.000,56.97,57.01,56.83,56.98,0.017553098
21.05.2019 14:00:00.000,57.33,57.35,56.91,56.96,-0.64538636
21.05.2019 15:00:00.000,56.96,57.51,56.9,57.47,0.895365169
21.05.2019 16:00:00.000,57.47,57.5,57.19,57.31,-0.278406125
21.05.2019 17:00:00.000,57.32,57.62,57.32,57.54,0.383810188
21.05.2019 18:00:00.000,57.54,57.63,57.51,57.53,-0.017379214
21.05.2019 19:00:00.000,57.53,57.56,57.4,57.41,-0.208586824
21.05.2019 20:00:00.000,57.41,57.52,57.38,57.47,0.104511409
22.05.2019 14:00:00.000,57.4,57.69,57.4,57.59,0.331010453
22.05.2019 15:00:00.000,57.59,57.92,57.5,57.74,0.260461886
22.05.2019 16:00:00.000,57.75,57.91,57.62,57.72,-0.051948052
22.05.2019 17:00:00.000,57.72,57.83,57.59,57.69,-0.051975052
22.05.2019 18:00:00.000,57.69,57.85,57.53,57.81,0.20800832
22.05.2019 19:00:00.000,57.8,57.87,57.62,57.77,-0.051903114
22.05.2019 20:00:00.000,57.77,57.81,57.59,57.67,-0.173100225
23.05.2019 14:00:00.000,57.17,57.29,56.95,57.21,0.069966766
23.05.2019 15:00:00.000,57.21,57.26,56.83,57.04,-0.297150848
23.05.2019 16:00:00.000,57.04,57.07,56.6,56.61,-0.753856942
23.05.2019 17:00:00.000,56.61,56.78,56.48,56.5,-0.194311959
23.05.2019 18:00:00.000,56.5,56.77,56.46,56.68,0.318584071
23.05.2019 19:00:00.000,56.68,56.78,56.6,56.68,0
23.05.2019 20:00:00.000,56.69,57.09,56.6,57.07,0.670312224
24.05.2019 14:00:00.000,57.4,57.48,57.16,57.23,-0.296167247
24.05.2019 15:00:00.000,57.23,57.31,56.95,57,-0.401887122
24.05.2019 16:00:00.000,57,57.29,56.95,57.21,0.368421053
24.05.2019 17:00:00.000,57.21,57.28,57.13,57.19,-0.034958923
24.05.2019 18:00:00.000,57.2,57.26,57.07,57.08,-0.20979021
24.05.2019 19:00:00.000,57.08,57.1,56.84,56.91,-0.29782761
24.05.2019 20:00:00.000,56.91,56.91,56.58,56.63,-0.49200492
28.05.2019 14:00:00.000,56.73,57.09,56.71,57.03,0.52882073
28.05.2019 15:00:00.000,57.03,57.27,56.9,57.26,0.403296511
28.05.2019 16:00:00.000,57.26,57.48,57.2,57.45,0.331819769
28.05.2019 17:00:00.000,57.45,57.58,57.44,57.44,-0.01740644
28.05.2019 18:00:00.000,57.44,57.5,57.13,57.14,-0.522284123
28.05.2019 19:00:00.000,57.14,57.14,56.91,56.96,-0.315015751
28.05.2019 20:00:00.000,56.96,56.97,56.69,56.76,-0.351123596
29.05.2019 14:00:00.000,56.3,56.36,56.03,56.05,-0.444049734
29.05.2019 15:00:00.000,56.05,56.11,55.84,55.84,-0.374665477
29.05.2019 16:00:00.000,55.84,55.96,55.45,55.54,-0.537249284
29.05.2019 17:00:00.000,55.54,55.68,55.41,55.42,-0.216060497
29.05.2019 18:00:00.000,55.42,55.84,55.42,55.79,0.667629015
29.05.2019 19:00:00.000,55.79,55.83,55.47,55.6,-0.340562825
29.05.2019 20:00:00.000,55.6,55.97,55.48,55.74,0.251798561
30.05.2019 14:00:00.000,55.89,56.16,55.83,56.03,0.250492038
30.05.2019 15:00:00.000,56.03,56.1,55.9,55.92,-0.196323398
30.05.2019 16:00:00.000,55.92,55.97,55.77,55.82,-0.178826896
30.05.2019 17:00:00.000,55.82,55.86,55.68,55.84,0.035829452
30.05.2019 18:00:00.000,55.84,55.9,55.71,55.81,-0.053724928
30.05.2019 19:00:00.000,55.81,55.82,55.61,55.73,-0.143343487
30.05.2019 20:00:00.000,55.73,55.97,55.62,55.87,0.251211197
31.05.2019 14:00:00.000,55.17,55.31,55.03,55.31,0.253761102
31.05.2019 15:00:00.000,55.31,55.47,55.2,55.38,0.126559393
31.05.2019 16:00:00.000,55.38,55.46,55.23,55.31,-0.126399422
31.05.2019 17:00:00.000,55.31,55.37,55.18,55.29,-0.036159826
31.05.2019 18:00:00.000,55.29,55.45,55.23,55.42,0.235123892
31.05.2019 19:00:00.000,55.42,55.44,55.13,55.29,-0.234572357
31.05.2019 20:00:00.000,55.29,55.32,55.17,55.23,-0.108518719
03.06.2019 14:00:00.000,52.71,52.76,51.5,51.61,-2.086890533
03.06.2019 15:00:00.000,51.61,52.1,51.46,51.79,0.348769618
03.06.2019 16:00:00.000,51.79,52.13,51.7,52.01,0.424792431
03.06.2019 17:00:00.000,52.02,52.06,51.34,51.35,-1.287966167
03.06.2019 18:00:00.000,51.35,51.65,51.25,51.47,0.23369036
03.06.2019 19:00:00.000,51.47,51.71,51.45,51.53,0.116572761
03.06.2019 20:00:00.000,51.53,51.8,51.35,51.58,0.097030856
04.06.2019 14:00:00.000,52.08,52.16,51.68,51.91,-0.326420891
04.06.2019 15:00:00.000,51.91,52.28,51.75,52.07,0.308225775
04.06.2019 16:00:00.000,52.07,52.79,52.03,52.76,1.325139236
04.06.2019 17:00:00.000,52.76,52.79,52.36,52.57,-0.360121304
04.06.2019 18:00:00.000,52.57,52.73,52.46,52.68,0.209244816
04.06.2019 19:00:00.000,52.68,52.75,52.47,52.47,-0.398633257
04.06.2019 20:00:00.000,52.47,52.54,52.37,52.48,0.01905851
05.06.2019 14:00:00.000,52.33,52.66,52.02,52.09,-0.458627938
05.06.2019 15:00:00.000,52.09,52.13,51.51,51.85,-0.460741025
05.06.2019 16:00:00.000,51.86,52.04,51.75,51.92,0.115696105
05.06.2019 17:00:00.000,51.92,52.06,51.78,51.96,0.077041602
05.06.2019 18:00:00.000,51.96,52.36,51.96,52.18,0.423402617
05.06.2019 19:00:00.000,52.18,52.22,52.01,52.04,-0.268302031
05.06.2019 20:00:00.000,52.03,52.1,51.86,52.01,-0.038439362
06.06.2019 14:00:00.000,51.78,51.94,51.67,51.67,-0.212437234
06.06.2019 15:00:00.000,51.67,52.2,51.67,52.07,0.774143604
06.06.2019 16:00:00.000,52.07,52.14,51.85,51.89,-0.345688496
06.06.2019 17:00:00.000,51.88,51.96,51.76,51.86,-0.038550501
06.06.2019 18:00:00.000,51.86,51.92,51.71,51.91,0.096413421
06.06.2019 19:00:00.000,51.91,52.16,51.85,52.05,0.269697553
06.06.2019 20:00:00.000,52.05,52.36,52.02,52.2,0.288184438
07.06.2019 14:00:00.000,52.43,52.75,52.41,52.74,0.591264543
07.06.2019 15:00:00.000,52.74,53.33,52.71,53.31,1.080773606
07.06.2019 16:00:00.000,53.31,53.41,53.05,53.07,-0.450196961
07.06.2019 17:00:00.000,53.07,53.4,53.05,53.4,0.621820237
07.06.2019 18:00:00.000,53.41,53.5,53.3,53.47,0.112338513
07.06.2019 19:00:00.000,53.47,53.54,53.33,53.34,-0.243126987
07.06.2019 20:00:00.000,53.34,53.4,53.25,53.27,-0.131233596
10.06.2019 15:00:00.000,53.86,54.39,53.86,54.32,0.854066097
10.06.2019 16:00:00.000,54.32,54.63,54.32,54.5,0.331369661
10.06.2019 17:00:00.000,54.51,54.53,54.25,54.26,-0.458631444
10.06.2019 18:00:00.000,54.26,54.4,54.2,54.23,-0.055289348
10.06.2019 19:00:00.000,54.23,54.32,54.03,54.29,0.110639867
10.06.2019 20:00:00.000,54.29,54.32,54.05,54.11,-0.331552772
11.06.2019 14:00:00.000,54.9,54.92,54.62,54.73,-0.309653916
11.06.2019 15:00:00.000,54.73,55.09,54.56,54.74,0.018271515
11.06.2019 16:00:00.000,54.76,54.76,54.18,54.31,-0.821767714
11.06.2019 17:00:00.000,54.3,54.35,54.16,54.18,-0.220994475
11.06.2019 18:00:00.000,54.18,54.42,54.14,54.4,0.406053894
11.06.2019 19:00:00.000,54.4,54.46,54.24,54.29,-0.202205882
11.06.2019 20:00:00.000,54.29,54.37,53.87,53.92,-0.681525143
12.06.2019 14:00:00.000,53.75,53.96,53.62,53.67,-0.148837209
12.06.2019 15:00:00.000,53.67,53.75,53.38,53.53,-0.260853363
12.06.2019 16:00:00.000,53.53,53.83,53.5,53.55,0.037362227
12.06.2019 17:00:00.000,53.55,53.8,53.49,53.73,0.336134454
12.06.2019 18:00:00.000,53.73,53.88,53.73,53.86,0.241950493
12.06.2019 19:00:00.000,53.86,53.98,53.72,53.92,0.111399926
12.06.2019 20:00:00.000,53.92,53.95,53.75,53.84,-0.148367953
13.06.2019 14:00:00.000,54.09,54.41,54.09,54.35,0.480680348
13.06.2019 15:00:00.000,54.35,54.66,54.31,54.44,0.165593376
13.06.2019 16:00:00.000,54.44,54.68,54.35,54.6,0.293901543
13.06.2019 17:00:00.000,54.61,54.7,54.43,54.53,-0.146493316
13.06.2019 18:00:00.000,54.53,54.58,54.4,54.47,-0.110031175
13.06.2019 19:00:00.000,54.47,54.52,54.31,54.37,-0.183587296
13.06.2019 20:00:00.000,54.37,54.43,54.27,54.41,0.073569983
14.06.2019 14:00:00.000,54.44,54.49,54.06,54.11,-0.606171932
14.06.2019 15:00:00.000,54.11,54.31,54,54.23,0.221770468
14.06.2019 16:00:00.000,54.23,54.4,54.12,54.32,0.165959801
14.06.2019 17:00:00.000,54.32,54.32,54.22,54.31,-0.018409426
14.06.2019 18:00:00.000,54.31,54.34,54.21,54.3,-0.018412815
14.06.2019 19:00:00.000,54.3,54.39,54.3,54.31,0.018416206
14.06.2019 20:00:00.000,54.31,54.44,54.26,54.33,0.036825631
17.06.2019 14:00:00.000,54.67,54.9,54.58,54.84,0.310956649
17.06.2019 15:00:00.000,54.84,54.88,54.65,54.86,0.03646973
17.06.2019 16:00:00.000,54.86,54.96,54.75,54.88,0.036456435
17.06.2019 17:00:00.000,54.87,54.9,54.63,54.8,-0.127574266
17.06.2019 18:00:00.000,54.8,54.83,54.65,54.65,-0.273722628
17.06.2019 19:00:00.000,54.65,54.71,54.55,54.56,-0.164684355
17.06.2019 20:00:00.000,54.56,54.71,54.53,54.58,0.036656891
18.06.2019 14:00:00.000,55.09,55.59,54.94,55.5,0.744236704
18.06.2019 15:00:00.000,55.51,55.7,55.4,55.67,0.288236354
18.06.2019 16:00:00.000,55.67,55.81,55.36,55.36,-0.556852883
18.06.2019 17:00:00.000,55.36,55.54,55.34,55.46,0.180635838
18.06.2019 18:00:00.000,55.46,55.46,55.28,55.37,-0.16227912
18.06.2019 19:00:00.000,55.37,55.46,55.34,55.43,0.108361929
18.06.2019 20:00:00.000,55.43,55.55,55.28,55.29,-0.25257081
19.06.2019 14:00:00.000,55.03,55.06,54.72,54.88,-0.272578593
19.06.2019 15:00:00.000,54.88,54.95,54.67,54.75,-0.236880466
19.06.2019 16:00:00.000,54.75,54.94,54.71,54.87,0.219178082
19.06.2019 17:00:00.000,54.88,54.92,54.76,54.78,-0.182215743
19.06.2019 18:00:00.000,54.78,54.92,54.67,54.82,0.07301935
19.06.2019 19:00:00.000,54.82,55.29,54.71,54.87,0.091207588
19.06.2019 20:00:00.000,54.87,55.13,54.85,55.11,0.437397485
20.06.2019 14:00:00.000,55.68,55.79,55.55,55.75,0.125718391
20.06.2019 15:00:00.000,55.75,55.8,55.42,55.49,-0.466367713
20.06.2019 16:00:00.000,55.49,55.62,55.28,55.58,0.162191386
20.06.2019 17:00:00.000,55.58,55.59,55.22,55.47,-0.197912918
20.06.2019 18:00:00.000,55.47,55.57,55.26,55.31,-0.288444204
20.06.2019 19:00:00.000,55.31,55.43,55.28,55.34,0.05423974
20.06.2019 20:00:00.000,55.34,55.62,55.27,55.58,0.433682689
21.06.2019 14:00:00.000,55.49,55.86,55.49,55.78,0.522616688
21.06.2019 15:00:00.000,55.78,56.11,55.66,56.01,0.41233417
21.06.2019 16:00:00.000,56.01,56.2,55.89,55.9,-0.196393501
21.06.2019 17:00:00.000,55.9,55.96,55.72,55.83,-0.125223614
21.06.2019 18:00:00.000,55.83,55.89,55.8,55.87,0.071646068
21.06.2019 19:00:00.000,55.88,56,55.8,55.99,0.196850394
21.06.2019 20:00:00.000,55.99,56.08,55.94,55.95,-0.071441329
24.06.2019 14:00:00.000,55.63,55.83,55.58,55.78,0.269638684
24.06.2019 15:00:00.000,55.79,56.1,55.75,55.87,0.143394874
24.06.2019 16:00:00.000,55.87,55.94,55.71,55.79,-0.143189547
24.06.2019 17:00:00.000,55.79,55.87,55.79,55.86,0.125470514
24.06.2019 18:00:00.000,55.86,55.89,55.68,55.75,-0.196920874
24.06.2019 19:00:00.000,55.75,55.89,55.75,55.87,0.215246637
24.06.2019 20:00:00.000,55.87,55.88,55.68,55.68,-0.340075175
25.06.2019 14:00:00.000,55.6,55.63,55.06,55.06,-0.971223022
25.06.2019 15:00:00.000,55.06,55.1,54.45,54.51,-0.99891028
25.06.2019 16:00:00.000,54.51,54.82,54.33,54.78,0.495321959
25.06.2019 17:00:00.000,54.78,54.84,54.4,54.5,-0.511135451
25.06.2019 18:00:00.000,54.5,54.76,54.38,54.69,0.348623853
25.06.2019 19:00:00.000,54.69,54.69,54.21,54.37,-0.585116109
25.06.2019 20:00:00.000,54.39,54.49,54.18,54.24,-0.27578599
26.06.2019 14:00:00.000,54.29,54.64,54.25,54.38,0.165776386
26.06.2019 15:00:00.000,54.38,54.55,54.2,54.35,-0.055167341
26.06.2019 16:00:00.000,54.35,54.35,53.87,53.99,-0.662373505
26.06.2019 17:00:00.000,53.99,54.06,53.78,53.79,-0.37043897
26.06.2019 18:00:00.000,53.79,53.86,53.63,53.68,-0.204498978
26.06.2019 19:00:00.000,53.68,53.85,53.61,53.71,0.055886736
26.06.2019 20:00:00.000,53.71,53.94,53.71,53.85,0.260659095
27.06.2019 14:00:00.000,54.14,54.21,53.96,54.14,0
27.06.2019 15:00:00.000,54.13,54.18,53.92,54.08,-0.09237022
27.06.2019 16:00:00.000,54.08,54.15,53.92,54,-0.147928994
27.06.2019 17:00:00.000,54,54.19,53.96,54.09,0.166666667
27.06.2019 18:00:00.000,54.09,54.17,54.06,54.12,0.055463117
27.06.2019 19:00:00.000,54.12,54.14,53.98,54.02,-0.184774575
27.06.2019 20:00:00.000,54.02,54.05,53.75,53.78,-0.444279896
28.06.2019 14:00:00.000,53.84,53.85,53.68,53.74,-0.185735513
28.06.2019 15:00:00.000,53.74,53.81,53.65,53.79,0.093040566
28.06.2019 16:00:00.000,53.79,53.94,53.74,53.91,0.223089794
28.06.2019 17:00:00.000,53.91,54,53.85,53.87,-0.074197737
28.06.2019 18:00:00.000,53.87,53.87,53.69,53.71,-0.297011324
28.06.2019 19:00:00.000,53.71,53.84,53.69,53.72,0.018618507
28.06.2019 20:00:00.000,53.72,53.9,53.67,53.89,0.316455696
01.07.2019 14:00:00.000,54.88,55.24,54.88,55.18,0.54664723
01.07.2019 15:00:00.000,55.19,55.36,54.72,54.77,-0.761007429
01.07.2019 16:00:00.000,54.77,55.04,54.77,54.99,0.401679752
01.07.2019 17:00:00.000,54.99,55.02,54.67,54.69,-0.545553737
01.07.2019 18:00:00.000,54.69,54.9,54.67,54.84,0.274273176
01.07.2019 19:00:00.000,54.84,54.88,54.72,54.73,-0.200583516
01.07.2019 20:00:00.000,54.73,55.03,54.73,54.99,0.475059382
02.07.2019 14:00:00.000,55.06,55.34,54.98,55.07,0.018162005
02.07.2019 15:00:00.000,55.07,55.39,55.07,55.29,0.399491556
02.07.2019 16:00:00.000,55.29,55.36,55.11,55.23,-0.108518719
02.07.2019 17:00:00.000,55.23,55.3,54.96,55.07,-0.289697628
02.07.2019 18:00:00.000,55.07,55.22,54.94,55.15,0.145269657
02.07.2019 19:00:00.000,55.17,55.41,55.13,55.4,0.416893239
02.07.2019 20:00:00.000,55.41,55.57,55.4,55.46,0.090236419
03.07.2019 14:00:00.000,55.7,56.04,55.68,56.03,0.592459605
03.07.2019 15:00:00.000,56.03,56.33,55.97,56.19,0.285561306
03.07.2019 16:00:00.000,56.19,56.25,56.09,56.15,-0.071187044
03.07.2019 17:00:00.000,56.15,56.15,55.97,56.08,-0.124666073
03.07.2019 18:00:00.000,56.08,56.09,55.95,56.01,-0.124821683
05.07.2019 14:00:00.000,56.07,56.3,55.95,55.98,-0.160513644
05.07.2019 15:00:00.000,55.98,56.12,55.81,55.88,-0.178635227
05.07.2019 16:00:00.000,55.88,56.19,55.84,56.14,0.465282749
05.07.2019 17:00:00.000,56.14,56.41,56.08,56.31,0.302814393
05.07.2019 18:00:00.000,56.31,56.52,56.31,56.48,0.301900195
05.07.2019 19:00:00.000,56.48,56.64,56.41,56.61,0.230169972
05.07.2019 20:00:00.000,56.61,56.63,56.51,56.52,-0.158982512
08.07.2019 14:00:00.000,56.13,56.19,55.61,55.66,-0.837341885
08.07.2019 15:00:00.000,55.67,55.91,55.63,55.86,0.341296928
08.07.2019 16:00:00.000,55.86,55.89,55.56,55.63,-0.411743645
08.07.2019 17:00:00.000,55.63,55.77,55.58,55.77,0.251662772
08.07.2019 18:00:00.000,55.77,55.82,55.68,55.81,0.071723149
08.07.2019 19:00:00.000,55.81,55.87,55.76,55.81,0
08.07.2019 20:00:00.000,55.81,55.92,55.78,55.79,-0.035835872
09.07.2019 14:00:00.000,55.46,55.85,55.46,55.74,0.504868374
09.07.2019 15:00:00.000,55.74,55.99,55.71,55.93,0.340868317
09.07.2019 16:00:00.000,55.94,56.15,55.87,56.05,0.196639256
09.07.2019 17:00:00.000,56.05,56.14,56,56.08,0.05352364
09.07.2019 18:00:00.000,56.08,56.19,56.02,56.17,0.160485021
09.07.2019 19:00:00.000,56.17,56.4,56.11,56.31,0.249243368
09.07.2019 20:00:00.000,56.31,56.35,56.18,56.33,0.03551767
10.07.2019 14:00:00.000,56.7,57.03,56.69,56.98,0.49382716
10.07.2019 15:00:00.000,56.98,57,56.68,56.81,-0.298350298
10.07.2019 16:00:00.000,56.81,56.88,56.54,56.75,-0.105615209
10.07.2019 17:00:00.000,56.75,56.79,56.66,56.79,0.070484581
10.07.2019 18:00:00.000,56.79,57.07,56.78,57.04,0.440218348
10.07.2019 19:00:00.000,57.04,57.1,56.73,56.79,-0.43828892
10.07.2019 20:00:00.000,56.78,57.06,56.71,57.04,0.457907714
11.07.2019 14:00:00.000,57.33,57.63,57.25,57.61,0.488400488
11.07.2019 15:00:00.000,57.61,57.64,57.27,57.36,-0.433952439
11.07.2019 16:00:00.000,57.36,57.5,57.36,57.48,0.209205021
11.07.2019 17:00:00.000,57.48,57.49,57.34,57.35,-0.226165623
11.07.2019 18:00:00.000,57.35,57.36,57.07,57.1,-0.435919791
11.07.2019 19:00:00.000,57.1,57.23,56.97,57.21,0.192644483
11.07.2019 20:00:00.000,57.21,57.27,57.11,57.16,-0.087397308
12.07.2019 14:00:00.000,57.2,57.34,57.11,57.18,-0.034965035
12.07.2019 15:00:00.000,57.18,57.24,56.93,56.96,-0.384749913
12.07.2019 16:00:00.000,56.96,57.24,56.93,57.18,0.386235955
12.07.2019 17:00:00.000,57.18,57.36,57.18,57.33,0.262329486
12.07.2019 18:00:00.000,57.33,57.34,57.17,57.19,-0.244200244
12.07.2019 19:00:00.000,57.19,57.27,57.18,57.24,0.087427872
12.07.2019 20:00:00.000,57.25,57.27,57.18,57.21,-0.069868996
15.07.2019 14:00:00.000,57.05,57.23,56.97,57.18,0.227870289
15.07.2019 15:00:00.000,57.18,57.37,57.12,57.31,0.227352221
15.07.2019 16:00:00.000,57.31,57.45,57.29,57.33,0.034897924
15.07.2019 17:00:00.000,57.33,57.4,57.27,57.3,-0.052328624
15.07.2019 18:00:00.000,57.3,57.35,57.19,57.3,0
15.07.2019 19:00:00.000,57.3,57.4,57.3,57.37,0.122164049
15.07.2019 20:00:00.000,57.37,57.5,57.34,57.48,0.191737842
16.07.2019 14:00:00.000,57.38,57.74,57.38,57.66,0.487974904
16.07.2019 15:00:00.000,57.66,57.88,57.45,57.85,0.329517863
16.07.2019 16:00:00.000,57.85,57.92,57.75,57.77,-0.138288678
16.07.2019 17:00:00.000,57.77,57.82,57.41,57.61,-0.27696036
16.07.2019 18:00:00.000,57.61,57.75,57.55,57.56,-0.086790488
16.07.2019 19:00:00.000,57.55,57.71,57.52,57.64,0.156385752
16.07.2019 20:00:00.000,57.64,57.78,57.6,57.66,0.034698126
17.07.2019 14:00:00.000,57.73,57.9,57.52,57.77,0.069288065
17.07.2019 15:00:00.000,57.77,57.79,57.43,57.59,-0.311580405
17.07.2019 16:00:00.000,57.59,57.64,57.45,57.49,-0.173641257
17.07.2019 17:00:00.000,57.49,57.56,57.39,57.52,0.052182988
17.07.2019 18:00:00.000,57.52,57.52,57.41,57.47,-0.086926287
17.07.2019 19:00:00.000,57.47,57.47,57.36,57.39,-0.139203062
17.07.2019 20:00:00.000,57.39,57.48,57.29,57.45,0.104547831
18.07.2019 14:00:00.000,57.18,57.29,56.98,57.14,-0.06995453
18.07.2019 15:00:00.000,57.14,57.29,56.98,57.06,-0.140007
18.07.2019 16:00:00.000,57.07,57.11,56.65,56.66,-0.71841598
18.07.2019 17:00:00.000,56.66,56.79,56.65,56.69,0.052947406
18.07.2019 18:00:00.000,56.69,56.91,56.63,56.82,0.22931734
18.07.2019 19:00:00.000,56.82,57.28,56.8,57.28,0.809574094
18.07.2019 20:00:00.000,57.28,57.38,57.18,57.28,0
19.07.2019 14:00:00.000,57.38,57.54,57.25,57.4,0.03485535
19.07.2019 15:00:00.000,57.4,57.42,57.07,57.2,-0.348432056
19.07.2019 16:00:00.000,57.19,57.27,56.82,56.92,-0.472110509
19.07.2019 17:00:00.000,56.92,57.13,56.92,57.05,0.228390724
19.07.2019 18:00:00.000,57.05,57.06,56.9,56.99,-0.105170903
19.07.2019 19:00:00.000,57.01,57.07,56.71,56.79,-0.385897211
19.07.2019 20:00:00.000,56.78,56.79,56.62,56.62,-0.281789362
22.07.2019 14:00:00.000,56.54,56.77,56.48,56.76,0.389105058
22.07.2019 15:00:00.000,56.76,56.81,56.21,56.42,-0.59901339
22.07.2019 16:00:00.000,56.42,56.56,56.34,56.47,0.088621056
22.07.2019 17:00:00.000,56.47,56.76,56.41,56.75,0.495838498
22.07.2019 18:00:00.000,56.75,56.79,56.66,56.74,-0.017621145
22.07.2019 19:00:00.000,56.74,56.77,56.64,56.73,-0.017624251
22.07.2019 20:00:00.000,56.73,56.87,56.65,56.83,0.176273577
23.07.2019 14:00:00.000,57.22,57.27,57.05,57.07,-0.262146103
23.07.2019 15:00:00.000,57.07,57.09,56.71,56.91,-0.280357456
23.07.2019 16:00:00.000,56.91,56.93,56.65,56.66,-0.439290107
23.07.2019 17:00:00.000,56.66,56.9,56.59,56.84,0.317684433
23.07.2019 18:00:00.000,56.84,57.07,56.84,57.03,0.33427164
23.07.2019 19:00:00.000,57.03,57.08,56.94,57.04,0.017534631
23.07.2019 20:00:00.000,57.04,57.31,57.01,57.28,0.420757363
24.07.2019 14:00:00.000,56.51,56.88,56.51,56.73,0.389311626
24.07.2019 15:00:00.000,56.73,57.18,56.63,57.06,0.581702803
24.07.2019 16:00:00.000,57.06,57.08,56.55,56.73,-0.578338591
24.07.2019 17:00:00.000,56.73,56.78,56.64,56.66,-0.123391504
24.07.2019 18:00:00.000,56.66,56.69,56.47,56.61,-0.088245676
24.07.2019 19:00:00.000,56.61,56.87,56.58,56.87,0.459282812
24.07.2019 20:00:00.000,56.88,56.97,56.76,56.79,-0.158227848
25.07.2019 14:00:00.000,57.03,57.03,56.4,56.51,-0.911800807
25.07.2019 15:00:00.000,56.51,56.7,56.07,56.33,-0.318527694
25.07.2019 16:00:00.000,56.33,56.36,56.13,56.18,-0.266287946
25.07.2019 17:00:00.000,56.18,56.48,56.05,56.45,0.480598078
25.07.2019 18:00:00.000,56.45,56.79,56.35,56.66,0.372010629
25.07.2019 19:00:00.000,56.65,57.02,56.65,56.9,0.441306267
25.07.2019 20:00:00.000,56.9,56.93,56.73,56.86,-0.07029877
26.07.2019 14:00:00.000,62.03,63.27,62.03,62.69,1.06400129
26.07.2019 15:00:00.000,62.69,62.71,62.13,62.33,-0.574254267
26.07.2019 16:00:00.000,62.33,62.91,62.15,62.77,0.705920103
26.07.2019 17:00:00.000,62.77,62.8,62.31,62.45,-0.509797674
26.07.2019 18:00:00.000,62.45,62.63,62.41,62.6,0.240192154
26.07.2019 19:00:00.000,62.6,62.6,62.38,62.47,-0.207667732
26.07.2019 20:00:00.000,62.47,62.74,62.45,62.57,0.160076837
29.07.2019 14:00:00.000,61.92,62.35,61.83,61.95,0.048449612
29.07.2019 15:00:00.000,61.95,62.08,61.51,61.66,-0.468119451
29.07.2019 16:00:00.000,61.67,61.67,61.43,61.5,-0.275660775
29.07.2019 17:00:00.000,61.51,61.83,61.41,61.82,0.503983092
29.07.2019 18:00:00.000,61.82,61.98,61.82,61.89,0.113231964
29.07.2019 19:00:00.000,61.89,61.99,61.78,61.94,0.080788496
29.07.2019 20:00:00.000,61.94,61.99,61.77,61.98,0.064578624
30.07.2019 14:00:00.000,61.55,61.71,61.36,61.36,-0.30869212
30.07.2019 15:00:00.000,61.36,61.61,61.29,61.42,0.097783572
30.07.2019 16:00:00.000,61.43,61.52,61.32,61.35,-0.13022953
30.07.2019 17:00:00.000,61.35,61.5,61.29,61.31,-0.065199674
30.07.2019 18:00:00.000,61.31,61.52,61.26,61.45,0.228347741
30.07.2019 19:00:00.000,61.45,61.65,61.36,61.38,-0.113913751
30.07.2019 20:00:00.000,61.38,61.44,61.24,61.26,-0.195503421
31.07.2019 14:00:00.000,61.18,61.31,60.8,61.26,0.130761687
31.07.2019 15:00:00.000,61.26,61.47,61.16,61.35,0.146914789
31.07.2019 16:00:00.000,61.34,61.58,61.21,61.57,0.374959244
31.07.2019 17:00:00.000,61.57,61.57,61.34,61.52,-0.081208381
31.07.2019 18:00:00.000,61.53,61.65,61.36,61.46,-0.113765643
31.07.2019 19:00:00.000,61.46,61.7,60.7,60.7,-1.236576635
31.07.2019 20:00:00.000,60.7,61.36,60.36,60.86,0.263591433
01.08.2019 14:00:00.000,61,61.27,61,61.11,0.180327869
01.08.2019 15:00:00.000,61.11,61.56,61.02,61.52,0.670921289
01.08.2019 16:00:00.000,61.52,61.71,61.41,61.41,-0.178803641
01.08.2019 17:00:00.000,61.41,61.51,61.34,61.37,-0.065135971
01.08.2019 18:00:00.000,61.37,61.38,60.5,60.68,-1.124327847
01.08.2019 19:00:00.000,60.68,60.93,60.3,60.48,-0.329597891
01.08.2019 20:00:00.000,60.48,60.78,60.27,60.36,-0.198412698
02.08.2019 14:00:00.000,60.13,60.34,59.85,59.94,-0.315982039
02.08.2019 15:00:00.000,59.94,60.06,59.44,59.66,-0.4671338
02.08.2019 16:00:00.000,59.66,60.06,59.62,59.86,0.335232987
02.08.2019 17:00:00.000,59.86,60.12,59.72,59.73,-0.217173405
02.08.2019 18:00:00.000,59.73,59.78,59.56,59.63,-0.167420057
02.08.2019 19:00:00.000,59.63,59.83,59.53,59.55,-0.134160657
02.08.2019 20:00:00.000,59.55,59.9,59.45,59.57,0.033585223
05.08.2019 14:00:00.000,58.57,58.57,58,58.25,-0.546354789
05.08.2019 15:00:00.000,58.25,58.32,57.85,58.15,-0.17167382
05.08.2019 16:00:00.000,58.15,58.32,57.83,57.9,-0.429922614
05.08.2019 17:00:00.000,57.9,58.03,57.51,57.53,-0.639032815
05.08.2019 18:00:00.000,57.53,57.84,57.4,57.43,-0.173822354
05.08.2019 19:00:00.000,57.43,57.5,57.13,57.18,-0.435312554
05.08.2019 20:00:00.000,57.18,57.77,57.01,57.72,0.944386149
06.08.2019 14:00:00.000,58.25,58.53,57.96,58.52,0.463519313
06.08.2019 15:00:00.000,58.52,58.87,58.32,58.66,0.23923445
06.08.2019 16:00:00.000,58.66,58.66,58.15,58.4,-0.443232185
06.08.2019 17:00:00.000,58.4,58.54,58.19,58.26,-0.239726027
06.08.2019 18:00:00.000,58.26,58.69,58.25,58.66,0.686577412
06.08.2019 19:00:00.000,58.66,58.99,58.42,58.7,0.068189567
06.08.2019 20:00:00.000,58.7,58.77,58.45,58.58,-0.204429302
07.08.2019 14:00:00.000,57.74,58.14,57.46,57.91,0.294423277
07.08.2019 15:00:00.000,57.91,58.82,57.91,58.7,1.364185806
07.08.2019 16:00:00.000,58.7,58.83,58.2,58.31,-0.66439523
07.08.2019 17:00:00.000,58.31,58.38,57.95,58.26,-0.085748585
07.08.2019 18:00:00.000,58.26,58.6,58.19,58.22,-0.068657741
07.08.2019 19:00:00.000,58.22,58.77,58.22,58.76,0.927516317
07.08.2019 20:00:00.000,58.76,58.87,58.53,58.62,-0.238257318
08.08.2019 14:00:00.000,59,59.11,58.65,59.02,0.033898305
08.08.2019 15:00:00.000,59.02,59.6,58.9,59.54,0.881057269
08.08.2019 16:00:00.000,59.54,59.74,59.44,59.72,0.30231777
08.08.2019 17:00:00.000,59.72,59.94,59.63,59.86,0.234427328
08.08.2019 18:00:00.000,59.86,59.95,59.77,59.91,0.083528233
08.08.2019 19:00:00.000,59.91,60.06,59.82,59.97,0.100150225
08.08.2019 20:00:00.000,59.97,60.21,59.91,60.2,0.383525096
09.08.2019 14:00:00.000,59.94,60.17,59.56,59.78,-0.2669336
09.08.2019 15:00:00.000,59.78,59.98,59.28,59.75,-0.050184008
09.08.2019 16:00:00.000,59.75,59.75,59.17,59.23,-0.870292887
09.08.2019 17:00:00.000,59.23,59.7,59.2,59.52,0.489616748
09.08.2019 18:00:00.000,59.52,59.82,59.45,59.62,0.168010753
09.08.2019 19:00:00.000,59.62,59.73,59.51,59.66,0.06709158
09.08.2019 20:00:00.000,59.66,59.78,59.42,59.43,-0.385517935
12.08.2019 14:00:00.000,58.86,59,58.5,58.59,-0.458715596
12.08.2019 15:00:00.000,58.59,59.09,58.58,58.93,0.580303806
12.08.2019 16:00:00.000,58.93,59.23,58.72,59.15,0.373324283
12.08.2019 17:00:00.000,59.16,59.23,58.92,58.97,-0.321162948
12.08.2019 18:00:00.000,58.97,59.08,58.82,58.87,-0.169577751
12.08.2019 19:00:00.000,58.87,58.87,58.36,58.51,-0.611516902
12.08.2019 20:00:00.000,58.5,58.82,58.47,58.8,0.512820513
13.08.2019 14:00:00.000,58.71,60.11,58.71,60.11,2.384602282
13.08.2019 15:00:00.000,60.11,60.22,59.75,59.79,-0.532357345
13.08.2019 16:00:00.000,59.75,59.96,59.42,59.89,0.234309623
13.08.2019 17:00:00.000,59.9,59.96,59.75,59.8,-0.166944908
13.08.2019 18:00:00.000,59.8,59.94,59.68,59.82,0.033444816
13.08.2019 19:00:00.000,59.82,60.11,59.79,59.89,0.11701772
13.08.2019 20:00:00.000,59.89,59.92,59.66,59.84,-0.083486392
14.08.2019 14:00:00.000,58.92,59.1,58.75,58.98,0.101832994
14.08.2019 15:00:00.000,58.98,58.99,58.57,58.58,-0.678195999
14.08.2019 16:00:00.000,58.59,58.6,58.25,58.33,-0.443761734
14.08.2019 17:00:00.000,58.33,58.41,58.05,58.08,-0.42859592
14.08.2019 18:00:00.000,58.08,58.57,58.03,58.37,0.499311295
14.08.2019 19:00:00.000,58.37,58.55,58.1,58.27,-0.171320884
14.08.2019 20:00:00.000,58.27,58.6,58.08,58.42,0.257422344
15.08.2019 14:00:00.000,58.49,58.59,58.1,58.47,-0.034193879
15.08.2019 15:00:00.000,58.46,58.64,58.17,58.47,0.017105713
15.08.2019 16:00:00.000,58.47,58.65,58.15,58.64,0.290747392
15.08.2019 17:00:00.000,58.63,58.78,58.39,58.51,-0.204673375
15.08.2019 18:00:00.000,58.51,58.61,58.1,58.22,-0.495641771
15.08.2019 19:00:00.000,58.22,58.56,58.15,58.5,0.480934387
15.08.2019 20:00:00.000,58.5,58.7,58.36,58.48,-0.034188034
16.08.2019 14:00:00.000,58.82,58.9,58.65,58.7,-0.204012241
16.08.2019 15:00:00.000,58.7,59.07,58.57,59.07,0.63032368
16.08.2019 16:00:00.000,59.07,59.13,58.64,58.83,-0.406297613
16.08.2019 17:00:00.000,58.83,58.91,58.72,58.86,0.050994391
16.08.2019 18:00:00.000,58.87,58.99,58.83,58.96,0.152879225
16.08.2019 19:00:00.000,58.97,59.03,58.87,58.97,0
16.08.2019 20:00:00.000,58.97,59.04,58.86,58.86,-0.186535527
19.08.2019 14:00:00.000,59.56,59.9,59.56,59.83,0.453324379
19.08.2019 15:00:00.000,59.83,60.04,59.8,60.04,0.350994484
19.08.2019 16:00:00.000,60.04,60.34,60.04,60.15,0.183211193
19.08.2019 17:00:00.000,60.15,60.16,60.02,60.07,-0.133000831
19.08.2019 18:00:00.000,60.07,60.14,60,60.05,-0.03329449
19.08.2019 19:00:00.000,60.05,60.09,59.94,59.99,-0.099916736
19.08.2019 20:00:00.000,59.99,60.04,59.8,60.02,0.050008335
20.08.2019 14:00:00.000,59.5,59.64,59.3,59.48,-0.033613445
20.08.2019 15:00:00.000,59.48,59.62,59.37,59.6,0.201748487
20.08.2019 16:00:00.000,59.6,59.76,59.45,59.46,-0.234899329
20.08.2019 17:00:00.000,59.46,59.66,59.45,59.55,0.15136226
20.08.2019 18:00:00.000,59.55,59.57,59.32,59.45,-0.167926113
20.08.2019 19:00:00.000,59.45,59.47,59.15,59.27,-0.302775442
20.08.2019 20:00:00.000,59.27,59.36,59.16,59.22,-0.08435971
21.08.2019 14:00:00.000,59.72,59.93,59.6,59.78,0.100468855
21.08.2019 15:00:00.000,59.78,59.84,59.65,59.76,-0.033456005
21.08.2019 16:00:00.000,59.76,59.86,59.65,59.69,-0.117135207
21.08.2019 17:00:00.000,59.69,59.8,59.66,59.75,0.10051935
21.08.2019 18:00:00.000,59.75,59.77,59.62,59.62,-0.217573222
21.08.2019 19:00:00.000,59.62,59.73,59.36,59.45,-0.285139215
21.08.2019 20:00:00.000,59.45,59.59,59.38,59.48,0.050462574
22.08.2019 14:00:00.000,59.8,59.89,59.65,59.67,-0.217391304
22.08.2019 15:00:00.000,59.68,59.69,58.92,58.97,-1.189678284
22.08.2019 16:00:00.000,58.97,59.4,58.92,59.22,0.423944378
22.08.2019 17:00:00.000,59.22,59.45,59.19,59.37,0.253292806
22.08.2019 18:00:00.000,59.38,59.63,59.36,59.51,0.218928932
22.08.2019 19:00:00.000,59.51,59.71,59.47,59.68,0.285666275
22.08.2019 20:00:00.000,59.68,59.7,59.43,59.69,0.016756032
23.08.2019 14:00:00.000,59.25,59.33,58.83,58.95,-0.506329114
23.08.2019 15:00:00.000,58.95,59.68,58.86,59.37,0.712468193
23.08.2019 16:00:00.000,59.38,59.47,57.86,57.9,-2.492421691
23.08.2019 17:00:00.000,57.9,58.27,57.83,57.96,0.103626943
23.08.2019 18:00:00.000,57.96,58,57.72,57.78,-0.310559006
23.08.2019 19:00:00.000,57.78,57.78,57.56,57.69,-0.15576324
23.08.2019 20:00:00.000,57.69,57.86,57.47,57.49,-0.346680534
26.08.2019 14:00:00.000,57.92,58.01,57.73,57.82,-0.172651934
26.08.2019 15:00:00.000,57.82,57.95,57.63,57.8,-0.034590107
26.08.2019 16:00:00.000,57.8,58.09,57.78,57.94,0.242214533
26.08.2019 17:00:00.000,57.94,58.36,57.92,58.26,0.552295478
26.08.2019 18:00:00.000,58.26,58.31,58.17,58.25,-0.017164435
26.08.2019 19:00:00.000,58.25,58.27,58.09,58.14,-0.188841202
26.08.2019 20:00:00.000,58.13,58.3,58.06,58.29,0.27524514
27.08.2019 14:00:00.000,58.91,59.02,58.68,58.81,-0.169750467
27.08.2019 15:00:00.000,58.81,58.89,58.51,58.51,-0.510117327
27.08.2019 16:00:00.000,58.51,58.56,58.21,58.39,-0.205093146
27.08.2019 17:00:00.000,58.39,58.47,58.17,58.19,-0.342524405
27.08.2019 18:00:00.000,58.19,58.45,58.16,58.26,0.120295583
27.08.2019 19:00:00.000,58.26,58.37,58.08,58.34,0.137315482
27.08.2019 20:00:00.000,58.34,58.5,58.16,58.27,-0.119986287
28.08.2019 14:00:00.000,57.98,58.2,57.86,58.18,0.344946533
28.08.2019 15:00:00.000,58.18,58.66,58.11,58.56,0.653145411
28.08.2019 16:00:00.000,58.57,58.79,58.42,58.73,0.273177395
28.08.2019 17:00:00.000,58.73,58.76,58.53,58.71,-0.034054146
28.08.2019 18:00:00.000,58.71,58.73,58.48,58.54,-0.289558849
28.08.2019 19:00:00.000,58.54,58.67,58.45,58.63,0.153741032
28.08.2019 20:00:00.000,58.63,58.67,58.52,58.53,-0.170561146
29.08.2019 14:00:00.000,59.42,59.79,59.42,59.71,0.488051161
29.08.2019 15:00:00.000,59.71,59.71,59.16,59.63,-0.133980908
29.08.2019 16:00:00.000,59.63,59.74,59.54,59.68,0.083850411
29.08.2019 17:00:00.000,59.68,59.74,59.53,59.6,-0.134048257
29.08.2019 18:00:00.000,59.6,59.75,59.55,59.72,0.201342282
29.08.2019 19:00:00.000,59.72,59.8,59.55,59.65,-0.117213664
29.08.2019 20:00:00.000,59.65,59.72,59.56,59.64,-0.016764459
30.08.2019 14:00:00.000,59.77,59.88,59.66,59.8,0.050192404
30.08.2019 15:00:00.000,59.8,59.88,59.46,59.55,-0.418060201
30.08.2019 16:00:00.000,59.55,59.55,59.22,59.28,-0.453400504
30.08.2019 17:00:00.000,59.28,59.38,59.18,59.33,0.084345479
30.08.2019 18:00:00.000,59.33,59.38,59.23,59.32,-0.016854879
30.08.2019 19:00:00.000,59.32,59.5,59.26,59.31,-0.016857721
30.08.2019 20:00:00.000,59.31,59.46,59.22,59.36,0.084302816
03.09.2019 14:00:00.000,58.97,59.32,58.95,59.2,0.390028828
03.09.2019 15:00:00.000,59.23,59.24,58.65,59.21,-0.033766672
03.09.2019 16:00:00.000,59.21,59.31,58.86,59.17,-0.067556156
03.09.2019 17:00:00.000,59.17,59.19,58.91,58.93,-0.405610951
03.09.2019 18:00:00.000,58.93,59,58.58,58.63,-0.509078568
03.09.2019 19:00:00.000,58.63,58.69,58.2,58.23,-0.682244585
03.09.2019 20:00:00.000,58.23,58.48,58.15,58.44,0.360638846
04.09.2019 14:00:00.000,58.77,58.95,58.76,58.8,0.051046452
04.09.2019 15:00:00.000,58.8,58.85,58.54,58.7,-0.170068027
04.09.2019 16:00:00.000,58.7,58.85,58.68,58.8,0.170357751
04.09.2019 17:00:00.000,58.8,58.92,58.78,58.89,0.153061224
04.09.2019 18:00:00.000,58.9,58.92,58.73,58.75,-0.25466893
04.09.2019 19:00:00.000,58.75,58.96,58.74,58.94,0.323404255
04.09.2019 20:00:00.000,58.95,59.17,58.92,59.11,0.271416455
05.09.2019 14:00:00.000,59.89,60.13,59.86,60,0.183670062
05.09.2019 15:00:00.000,60,60.39,59.96,60.19,0.316666667
05.09.2019 16:00:00.000,60.19,60.6,60.19,60.47,0.465193554
05.09.2019 17:00:00.000,60.47,60.65,60.46,60.52,0.082685629
05.09.2019 18:00:00.000,60.52,60.57,60.4,60.52,0
05.09.2019 19:00:00.000,60.52,60.55,60.41,60.48,-0.066093853
05.09.2019 20:00:00.000,60.48,60.6,60.48,60.55,0.115740741
06.09.2019 14:00:00.000,60.22,60.6,60.11,60.44,0.365327134
06.09.2019 15:00:00.000,60.44,60.54,60.2,60.43,-0.016545334
06.09.2019 16:00:00.000,60.43,60.44,60.28,60.34,-0.148932649
06.09.2019 17:00:00.000,60.34,60.41,60.16,60.26,-0.132582035
06.09.2019 18:00:00.000,60.26,60.48,60.26,60.43,0.282110853
06.09.2019 19:00:00.000,60.43,60.49,60.37,60.44,0.016548072
06.09.2019 20:00:00.000,60.44,60.54,60.17,60.2,-0.397088021
09.09.2019 14:00:00.000,60.19,60.67,60.18,60.55,0.598105998
09.09.2019 15:00:00.000,60.57,60.98,60.56,60.97,0.660392934
09.09.2019 16:00:00.000,60.97,60.99,60.56,60.62,-0.574052813
09.09.2019 17:00:00.000,60.62,60.62,60.06,60.26,-0.593863411
09.09.2019 18:00:00.000,60.26,60.3,59.94,60.1,-0.265516097
09.09.2019 19:00:00.000,60.1,60.15,59.63,59.79,-0.515806988
09.09.2019 20:00:00.000,59.79,60.18,59.73,60.15,0.602107376
10.09.2019 14:00:00.000,59.86,60.22,59.79,60.09,0.38422987
10.09.2019 15:00:00.000,60.09,60.2,59.93,59.94,-0.249625562
10.09.2019 16:00:00.000,59.94,60.2,59.85,60,0.1001001
10.09.2019 17:00:00.000,60,60.48,59.96,60.32,0.533333333
10.09.2019 18:00:00.000,60.33,60.42,60.07,60.23,-0.165755014
10.09.2019 19:00:00.000,60.23,60.28,59.9,60.05,-0.298854391
10.09.2019 20:00:00.000,60.05,60.13,59.95,59.98,-0.116569525
11.09.2019 14:00:00.000,60.35,60.82,60.32,60.55,0.331400166
11.09.2019 15:00:00.000,60.56,60.96,60.48,60.94,0.627476882
11.09.2019 16:00:00.000,60.94,61.03,60.84,61,0.098457499
11.09.2019 17:00:00.000,61,61.12,61,61.03,0.049180328
11.09.2019 18:00:00.000,61.03,61.12,60.91,60.91,-0.196624611
11.09.2019 19:00:00.000,60.91,60.91,60.71,60.78,-0.21342965
11.09.2019 20:00:00.000,60.78,60.95,60.78,60.88,0.164527805
12.09.2019 14:00:00.000,61.34,61.47,61.18,61.47,0.211933485
12.09.2019 15:00:00.000,61.47,61.95,61.42,61.75,0.455506751
12.09.2019 16:00:00.000,61.75,61.95,61.69,61.89,0.226720648
12.09.2019 17:00:00.000,61.89,61.93,61.75,61.88,-0.016157699
12.09.2019 18:00:00.000,61.88,62.07,61.82,61.97,0.145442793
12.09.2019 19:00:00.000,61.97,62.04,61.86,62,0.048410521
12.09.2019 20:00:00.000,62,62.04,61.85,61.89,-0.177419355
13.09.2019 14:00:00.000,61.37,61.81,61.37,61.69,0.521427408
13.09.2019 15:00:00.000,61.69,61.85,61.4,61.81,0.194520992
13.09.2019 16:00:00.000,61.81,61.91,61.58,61.64,-0.275036402
13.09.2019 17:00:00.000,61.64,61.72,61.45,61.61,-0.048669695
13.09.2019 18:00:00.000,61.61,61.83,61.6,61.65,0.064924525
13.09.2019 19:00:00.000,61.65,61.83,61.65,61.78,0.210867802
13.09.2019 20:00:00.000,61.78,62.01,61.6,61.99,0.33991583
16.09.2019 14:00:00.000,61.69,61.96,61.68,61.82,0.210731075
16.09.2019 15:00:00.000,61.82,61.9,61.61,61.64,-0.291167907
16.09.2019 16:00:00.000,61.64,61.82,61.46,61.47,-0.275794938
16.09.2019 17:00:00.000,61.47,61.62,61.37,61.42,-0.081340491
16.09.2019 18:00:00.000,61.42,61.47,61.28,61.47,0.081406708
16.09.2019 19:00:00.000,61.47,61.57,61.32,61.53,0.09760859
16.09.2019 20:00:00.000,61.53,61.63,61.47,61.51,-0.032504469
17.09.2019 14:00:00.000,61.57,61.75,61.39,61.39,-0.292350171
17.09.2019 15:00:00.000,61.39,61.46,61.23,61.28,-0.179182277
17.09.2019 16:00:00.000,61.27,61.45,61.27,61.34,0.114248409
17.09.2019 17:00:00.000,61.34,61.39,61.18,61.2,-0.228236061
17.09.2019 18:00:00.000,61.2,61.34,61.2,61.24,0.065359477
17.09.2019 19:00:00.000,61.24,61.34,61.18,61.22,-0.032658393
17.09.2019 20:00:00.000,61.22,61.5,61.22,61.45,0.375694218
18.09.2019 14:00:00.000,61.43,61.49,61.28,61.38,-0.081393456
18.09.2019 15:00:00.000,61.39,61.5,61.24,61.37,-0.032578596
18.09.2019 16:00:00.000,61.37,61.52,61.33,61.4,0.048883819
18.09.2019 17:00:00.000,61.4,61.49,61.29,61.33,-0.114006515
18.09.2019 18:00:00.000,61.33,61.34,61.17,61.33,0
18.09.2019 19:00:00.000,61.33,61.36,60.8,61.14,-0.309799446
18.09.2019 20:00:00.000,61.1,61.76,61.06,61.63,0.867430442
19.09.2019 14:00:00.000,61.89,62.04,61.85,61.98,0.145419292
19.09.2019 15:00:00.000,61.98,62.22,61.98,62.12,0.225879316
19.09.2019 16:00:00.000,62.12,62.16,61.82,61.91,-0.338055377
19.09.2019 17:00:00.000,61.91,62.06,61.7,61.91,0
19.09.2019 18:00:00.000,61.91,61.94,61.72,61.91,0
19.09.2019 19:00:00.000,61.91,61.99,61.79,61.96,0.080762397
19.09.2019 20:00:00.000,61.96,62.07,61.81,61.88,-0.129115558
20.09.2019 14:00:00.000,61.87,62.16,61.78,61.93,0.096977534
20.09.2019 15:00:00.000,61.93,62.02,61.72,61.79,-0.226061683
20.09.2019 16:00:00.000,61.79,61.91,61.52,61.6,-0.307493122
20.09.2019 17:00:00.000,61.6,61.76,61.56,61.7,0.162337662
20.09.2019 18:00:00.000,61.7,61.73,61.15,61.43,-0.437601297
20.09.2019 19:00:00.000,61.43,61.65,61.39,61.57,0.227901677
20.09.2019 20:00:00.000,61.57,61.69,61.48,61.54,-0.048725028
23.09.2019 14:00:00.000,61.3,61.63,61.19,61.48,0.293637847
23.09.2019 15:00:00.000,61.48,61.73,61.35,61.46,-0.032530904
23.09.2019 16:00:00.000,61.46,61.83,61.39,61.7,0.390497885
23.09.2019 17:00:00.000,61.7,61.91,61.7,61.74,0.064829822
23.09.2019 18:00:00.000,61.74,61.93,61.7,61.87,0.210560415
23.09.2019 19:00:00.000,61.87,61.9,61.67,61.83,-0.064651689
23.09.2019 20:00:00.000,61.83,61.95,61.76,61.78,-0.080866893
24.09.2019 14:00:00.000,61.97,62.33,61.95,62.31,0.548652574
24.09.2019 15:00:00.000,62.31,62.31,61.9,62.07,-0.38517092
24.09.2019 16:00:00.000,62.07,62.07,61.43,61.64,-0.692766232
24.09.2019 17:00:00.000,61.64,61.67,60.97,60.99,-1.054510058
24.09.2019 18:00:00.000,60.99,61.17,60.81,60.81,-0.295130349
24.09.2019 19:00:00.000,60.81,61.1,60.55,60.9,0.148001973
24.09.2019 20:00:00.000,60.89,60.96,60.73,60.89,0
25.09.2019 14:00:00.000,60.73,60.85,60.6,60.75,0.032932653
25.09.2019 15:00:00.000,60.75,61.3,60.5,61.29,0.888888889
25.09.2019 16:00:00.000,61.29,61.54,61.22,61.45,0.261054006
25.09.2019 17:00:00.000,61.46,61.75,61.42,61.62,0.260331923
25.09.2019 18:00:00.000,61.62,61.9,61.62,61.86,0.389483934
25.09.2019 19:00:00.000,61.86,62.21,61.86,62.18,0.517297123
25.09.2019 20:00:00.000,62.18,62.41,62.17,62.34,0.257317465
26.09.2019 14:00:00.000,61.7,61.98,61.65,61.79,0.145867099
26.09.2019 15:00:00.000,61.79,62.06,61.67,61.8,0.016183849
26.09.2019 16:00:00.000,61.8,61.89,61.61,61.85,0.080906149
26.09.2019 17:00:00.000,61.85,62.11,61.79,61.99,0.226354082
26.09.2019 18:00:00.000,61.99,62.02,61.73,61.9,-0.145184707
26.09.2019 19:00:00.000,61.9,62.11,61.9,61.97,0.113085622
26.09.2019 20:00:00.000,61.97,62.23,61.97,62.11,0.225915766
27.09.2019 14:00:00.000,61.94,62.02,61.61,61.65,-0.468195027
27.09.2019 15:00:00.000,61.65,61.74,61.51,61.63,-0.0324412
27.09.2019 16:00:00.000,61.63,61.74,61.25,61.6,-0.048677592
27.09.2019 17:00:00.000,61.6,61.62,61.01,61.01,-0.957792208
27.09.2019 18:00:00.000,61.01,61.22,60.93,61.16,0.245861334
27.09.2019 19:00:00.000,61.16,61.17,60.71,60.79,-0.604970569
27.09.2019 20:00:00.000,60.79,61.32,60.79,61.26,0.773153479
30.09.2019 14:00:00.000,61.04,61.08,60.63,60.99,-0.081913499
30.09.2019 15:00:00.000,60.99,61.05,60.73,60.82,-0.278734219
30.09.2019 16:00:00.000,60.82,61.02,60.61,60.96,0.230187438
30.09.2019 17:00:00.000,60.98,61.3,60.97,61.11,0.213184651
30.09.2019 18:00:00.000,61.11,61.21,60.96,61.07,-0.065455736
30.09.2019 19:00:00.000,61.07,61.1,60.81,60.83,-0.392991649
30.09.2019 20:00:00.000,60.83,60.98,60.74,60.88,0.082196285
01.10.2019 14:00:00.000,61.35,61.54,61.31,61.45,0.162999185
01.10.2019 15:00:00.000,61.45,61.45,60.54,60.56,-1.448331977
01.10.2019 16:00:00.000,60.56,60.72,60.31,60.42,-0.231175694
01.10.2019 17:00:00.000,60.42,60.59,60.34,60.5,0.132406488
01.10.2019 18:00:00.000,60.5,60.5,60.25,60.3,-0.330578512
01.10.2019 19:00:00.000,60.3,60.62,60.28,60.49,0.315091211
01.10.2019 20:00:00.000,60.49,60.59,60.28,60.31,-0.297569846
02.10.2019 14:00:00.000,59.55,59.55,59.06,59.22,-0.554156171
02.10.2019 15:00:00.000,59.22,59.35,58.87,58.92,-0.506585613
02.10.2019 16:00:00.000,58.92,59.13,58.69,59.08,0.27155465
02.10.2019 17:00:00.000,59.08,59.08,58.68,58.7,-0.643195667
02.10.2019 18:00:00.000,58.71,58.93,58.58,58.63,-0.136262988
02.10.2019 19:00:00.000,58.63,58.95,58.6,58.91,0.477571209
02.10.2019 20:00:00.000,58.91,59.05,58.72,58.83,-0.135800373
03.10.2019 14:00:00.000,58.95,59.07,58.76,58.79,-0.271416455
03.10.2019 15:00:00.000,58.78,58.78,58.1,58.65,-0.221163661
03.10.2019 16:00:00.000,58.65,59.09,58.61,58.88,0.392156863
03.10.2019 17:00:00.000,58.88,59.33,58.85,59.28,0.679347826
03.10.2019 18:00:00.000,59.28,59.45,59.21,59.38,0.168690958
03.10.2019 19:00:00.000,59.38,59.43,59.26,59.32,-0.101044123
03.10.2019 20:00:00.000,59.32,59.36,59.12,59.21,-0.185434929
04.10.2019 14:00:00.000,59.51,59.85,59.51,59.81,0.504116955
04.10.2019 15:00:00.000,59.81,60.07,59.75,59.9,0.150476509
04.10.2019 16:00:00.000,59.9,60.27,59.87,60.19,0.484140234
04.10.2019 17:00:00.000,60.18,60.24,60.04,60.09,-0.149551346
04.10.2019 18:00:00.000,60.09,60.22,60.05,60.11,0.033283408
04.10.2019 19:00:00.000,60.11,60.37,60.08,60.35,0.399268009
04.10.2019 20:00:00.000,60.35,60.57,60.34,60.52,0.281690141
07.10.2019 14:00:00.000,60.43,60.46,60.21,60.29,-0.23167301
07.10.2019 15:00:00.000,60.28,60.74,60.18,60.72,0.729927007
07.10.2019 16:00:00.000,60.72,60.89,60.64,60.79,0.115283267
07.10.2019 17:00:00.000,60.79,60.81,60.55,60.58,-0.345451555
07.10.2019 18:00:00.000,60.58,60.85,60.46,60.78,0.330141961
07.10.2019 19:00:00.000,60.78,60.79,60.42,60.56,-0.361961171
07.10.2019 20:00:00.000,60.56,60.71,60.44,60.46,-0.165125495
08.10.2019 14:00:00.000,59.84,59.84,59.54,59.55,-0.484625668
08.10.2019 15:00:00.000,59.55,59.82,59.51,59.78,0.386230059
08.10.2019 16:00:00.000,59.77,59.91,59.53,59.67,-0.167308014
08.10.2019 17:00:00.000,59.68,60.03,59.61,59.88,0.335120643
08.10.2019 18:00:00.000,59.88,60.13,59.82,59.96,0.133600534
08.10.2019 19:00:00.000,59.97,60.28,59.78,59.96,-0.016675004
08.10.2019 20:00:00.000,59.96,60.08,59.53,59.55,-0.683789193
09.10.2019 14:00:00.000,59.87,60.16,59.87,59.98,0.183731418
09.10.2019 15:00:00.000,59.98,60.11,59.87,60.09,0.183394465
09.10.2019 16:00:00.000,60.09,60.23,59.91,60.16,0.116491929
09.10.2019 17:00:00.000,60.16,60.23,60.08,60.16,0
09.10.2019 18:00:00.000,60.16,60.24,59.99,60.12,-0.066489362
09.10.2019 19:00:00.000,60.12,60.37,60.05,60.34,0.365934797
09.10.2019 20:00:00.000,60.34,60.41,60.08,60.24,-0.165727544
10.10.2019 14:00:00.000,59.93,60.39,59.88,60.38,0.750876022
10.10.2019 15:00:00.000,60.38,60.69,60.32,60.67,0.480291487
10.10.2019 16:00:00.000,60.67,60.75,60.6,60.62,-0.082413054
10.10.2019 17:00:00.000,60.62,60.62,60.25,60.43,-0.313427912
10.10.2019 18:00:00.000,60.43,60.57,60.3,60.53,0.165480721
10.10.2019 19:00:00.000,60.53,60.56,60.12,60.38,-0.247811003
10.10.2019 20:00:00.000,60.38,60.51,60.34,60.48,0.165617754
11.10.2019 14:00:00.000,61.05,61.35,61.05,61.17,0.196560197
11.10.2019 15:00:00.000,61.17,61.31,61.06,61.23,0.098087298
11.10.2019 16:00:00.000,61.23,61.41,61.2,61.29,0.097991181
11.10.2019 17:00:00.000,61.29,61.34,60.9,61.19,-0.163158753
11.10.2019 18:00:00.000,61.19,61.35,61.11,61.24,0.081712698
11.10.2019 19:00:00.000,61.24,61.28,61.15,61.18,-0.09797518
11.10.2019 20:00:00.000,61.18,61.25,60.82,60.82,-0.588427591
14.10.2019 14:00:00.000,60.65,61.05,60.57,61,0.577081616
14.10.2019 15:00:00.000,61,61.29,60.98,61.23,0.37704918
14.10.2019 16:00:00.000,61.23,61.26,61.02,61.04,-0.310305406
14.10.2019 17:00:00.000,61.04,61.06,60.94,61.01,-0.0491481
14.10.2019 18:00:00.000,61.01,61.08,60.91,61.03,0.032781511
14.10.2019 19:00:00.000,61.03,61.08,60.98,61.04,0.016385384
14.10.2019 20:00:00.000,61.04,61.09,60.91,60.98,-0.098296199
15.10.2019 14:00:00.000,61.3,61.39,61.1,61.29,-0.016313214
15.10.2019 15:00:00.000,61.29,61.84,61.24,61.84,0.897373144
15.10.2019 16:00:00.000,61.84,62.07,61.63,62.06,0.355756792
15.10.2019 17:00:00.000,62.07,62.12,61.88,61.93,-0.225551796
15.10.2019 18:00:00.000,61.93,62.15,61.93,62.13,0.322945261
15.10.2019 19:00:00.000,62.13,62.31,62.13,62.24,0.177048125
15.10.2019 20:00:00.000,62.24,62.35,62.1,62.14,-0.16066838
16.10.2019 14:00:00.000,62.15,62.57,62.12,62.34,0.305711987
16.10.2019 15:00:00.000,62.34,62.7,62.15,62.67,0.529355149
16.10.2019 16:00:00.000,62.66,62.72,62.29,62.47,-0.303223747
16.10.2019 17:00:00.000,62.47,62.52,62.11,62.11,-0.576276613
16.10.2019 18:00:00.000,62.11,62.28,62.05,62.15,0.064401868
16.10.2019 19:00:00.000,62.15,62.32,62.14,62.26,0.17699115
16.10.2019 20:00:00.000,62.26,62.34,62.1,62.34,0.128493415
17.10.2019 14:00:00.000,62.54,62.93,62.5,62.88,0.543652063
17.10.2019 15:00:00.000,62.88,63.16,62.62,62.67,-0.333969466
17.10.2019 16:00:00.000,62.67,62.82,62.58,62.67,0
17.10.2019 17:00:00.000,62.68,62.74,62.57,62.71,0.047862157
17.10.2019 18:00:00.000,62.71,62.76,62.64,62.71,0
17.10.2019 19:00:00.000,62.71,62.75,62.53,62.71,0
17.10.2019 20:00:00.000,62.73,62.75,62.56,62.67,-0.095648015
18.10.2019 14:00:00.000,62.7,62.94,62.6,62.77,0.111642743
18.10.2019 15:00:00.000,62.77,62.79,62.45,62.63,-0.223036482
18.10.2019 16:00:00.000,62.63,62.76,62.23,62.24,-0.622704774
18.10.2019 17:00:00.000,62.24,62.4,62.05,62.3,0.096401028
18.10.2019 18:00:00.000,62.3,62.4,62.21,62.3,0
18.10.2019 19:00:00.000,62.3,62.37,62.26,62.34,0.064205457
18.10.2019 20:00:00.000,62.34,62.45,62.33,62.38,0.064164261
21.10.2019 14:00:00.000,62.56,62.62,62.31,62.39,-0.27173913
21.10.2019 15:00:00.000,62.39,62.46,62.08,62.08,-0.496874499
21.10.2019 16:00:00.000,62.08,62.41,62.03,62.28,0.322164948
21.10.2019 17:00:00.000,62.28,62.42,62.21,62.32,0.064226076
21.10.2019 18:00:00.000,62.32,62.36,62.25,62.26,-0.096277279
21.10.2019 19:00:00.000,62.26,62.36,62.22,62.33,0.112431738
21.10.2019 20:00:00.000,62.33,62.38,62.23,62.27,-0.096261832
22.10.2019 14:00:00.000,62.32,62.41,62.16,62.36,0.064184852
22.10.2019 15:00:00.000,62.36,62.52,62.3,62.43,0.112251443
22.10.2019 16:00:00.000,62.43,62.51,62.13,62.16,-0.432484383
22.10.2019 17:00:00.000,62.16,62.38,62.11,62.37,0.337837838
22.10.2019 18:00:00.000,62.37,62.41,62.18,62.22,-0.240500241
22.10.2019 19:00:00.000,62.22,62.38,62.09,62.12,-0.160720026
22.10.2019 20:00:00.000,62.12,62.29,62.06,62.14,0.03219575
23.10.2019 14:00:00.000,62.4,62.81,62.34,62.7,0.480769231
23.10.2019 15:00:00.000,62.7,62.87,62.56,62.84,0.223285486
23.10.2019 16:00:00.000,62.84,62.93,62.55,62.57,-0.429662635
23.10.2019 17:00:00.000,62.57,62.77,62.45,62.75,0.287677801
23.10.2019 18:00:00.000,62.75,62.79,62.62,62.74,-0.015936255
23.10.2019 19:00:00.000,62.74,62.83,62.58,62.81,0.111571565
23.10.2019 20:00:00.000,62.8,62.95,62.77,62.86,0.095541401
24.10.2019 14:00:00.000,62.86,63.1,62.75,62.78,-0.127266942
24.10.2019 15:00:00.000,62.78,62.94,62.65,62.86,0.127429118
24.10.2019 16:00:00.000,62.86,63.19,62.86,62.99,0.206808781
24.10.2019 17:00:00.000,62.99,63.09,62.81,63.03,0.063502143
24.10.2019 18:00:00.000,63.03,63.05,62.9,62.95,-0.126923687
24.10.2019 19:00:00.000,62.96,63.15,62.94,63,0.063532402
24.10.2019 20:00:00.000,63,63.06,62.91,63,0
25.10.2019 14:00:00.000,62.54,62.89,62.54,62.73,0.303805564
25.10.2019 15:00:00.000,62.73,63.32,62.7,63.29,0.89271481
25.10.2019 16:00:00.000,63.29,63.46,63.23,63.35,0.094801706
25.10.2019 17:00:00.000,63.35,63.38,63.2,63.32,-0.047355959
25.10.2019 18:00:00.000,63.32,63.41,63.27,63.37,0.078963992
25.10.2019 19:00:00.000,63.37,63.41,63.11,63.19,-0.284046079
25.10.2019 20:00:00.000,63.19,63.25,63.16,63.21,0.031650578
28.10.2019 14:00:00.000,63.94,64.19,63.76,64.15,0.328432906
28.10.2019 15:00:00.000,64.15,64.46,64.11,64.2,0.077942323
28.10.2019 16:00:00.000,64.2,64.45,64.2,64.44,0.373831776
28.10.2019 17:00:00.000,64.44,64.85,64.41,64.79,0.543140906
28.10.2019 18:00:00.000,64.79,64.79,64.55,64.71,-0.123475845
28.10.2019 19:00:00.000,64.71,64.93,64.68,64.71,0
28.10.2019 20:00:00.000,64.71,64.96,64.56,64.6,-0.169989183
29.10.2019 14:00:00.000,63.53,63.58,62.86,63.21,-0.50369904
29.10.2019 15:00:00.000,63.21,63.74,63.06,63.5,0.458788166
29.10.2019 16:00:00.000,63.5,63.59,62.96,62.98,-0.818897638
29.10.2019 17:00:00.000,62.98,63.21,62.91,63.09,0.174658622
29.10.2019 18:00:00.000,63.09,63.26,62.95,63.06,-0.047551117
29.10.2019 19:00:00.000,63.06,63.08,62.88,62.88,-0.285442436
29.10.2019 20:00:00.000,62.88,63.11,62.86,63.06,0.286259542
30.10.2019 14:00:00.000,62.81,63.08,62.59,63.02,0.334341665
30.10.2019 15:00:00.000,63.02,63.3,62.68,63.27,0.39669946
30.10.2019 16:00:00.000,63.27,63.27,62.91,63.04,-0.363521416
30.10.2019 17:00:00.000,63.04,63.07,62.85,62.86,-0.285532995
30.10.2019 18:00:00.000,62.86,62.97,62.83,62.83,-0.047725103
30.10.2019 19:00:00.000,62.83,63.26,62.83,63.26,0.68438644
30.10.2019 20:00:00.000,63.27,63.43,63.13,63.2,-0.110636953
31.10.2019 14:00:00.000,63.2,63.35,62.97,62.97,-0.363924051
31.10.2019 15:00:00.000,62.97,63.05,62.63,62.95,-0.031761156
31.10.2019 16:00:00.000,62.95,62.98,62.61,62.61,-0.540111199
31.10.2019 17:00:00.000,62.61,62.86,62.53,62.8,0.3034659
31.10.2019 18:00:00.000,62.8,62.94,62.63,62.69,-0.175159236
31.10.2019 19:00:00.000,62.69,62.78,62.61,62.75,0.095709045
31.10.2019 20:00:00.000,62.75,62.85,62.71,62.82,0.111553785
01.11.2019 14:00:00.000,63.2,63.43,63.19,63.41,0.332278481
01.11.2019 15:00:00.000,63.4,63.56,63.21,63.25,-0.23659306
01.11.2019 16:00:00.000,63.25,63.28,63.13,63.22,-0.04743083
01.11.2019 17:00:00.000,63.21,63.27,63.01,63.23,0.031640563
01.11.2019 18:00:00.000,63.23,63.47,63.18,63.39,0.253044441
01.11.2019 19:00:00.000,63.4,63.49,63.36,63.46,0.094637224
01.11.2019 20:00:00.000,63.46,63.52,63.35,63.48,0.031515916
04.11.2019 14:00:00.000,64.02,64.38,64.02,64.32,0.468603561
04.11.2019 15:00:00.000,64.32,64.47,64.18,64.24,-0.124378109
04.11.2019 16:00:00.000,64.24,64.41,64.21,64.28,0.062266501
04.11.2019 17:00:00.000,64.28,64.5,64.28,64.45,0.264467953
04.11.2019 18:00:00.000,64.45,64.66,64.45,64.61,0.248254461
04.11.2019 19:00:00.000,64.61,64.7,64.55,64.62,0.01547748
04.11.2019 20:00:00.000,64.62,64.63,64.45,64.52,-0.154750851
05.11.2019 14:00:00.000,64.62,64.82,64.57,64.76,0.216651192
05.11.2019 15:00:00.000,64.76,64.93,64.61,64.75,-0.015441631
05.11.2019 16:00:00.000,64.75,64.88,64.68,64.74,-0.015444015
05.11.2019 17:00:00.000,64.73,64.89,64.72,64.82,0.139039085
05.11.2019 18:00:00.000,64.82,64.88,64.76,64.77,-0.077136686
05.11.2019 19:00:00.000,64.77,64.83,64.7,64.72,-0.077196233
05.11.2019 20:00:00.000,64.72,64.76,64.62,64.66,-0.092707046
06.11.2019 14:00:00.000,64.37,64.5,64.12,64.47,0.155351872
06.11.2019 15:00:00.000,64.47,64.66,64.42,64.42,-0.077555452
06.11.2019 16:00:00.000,64.42,64.61,64.35,64.41,-0.015523129
06.11.2019 17:00:00.000,64.41,64.46,64.3,64.3,-0.170780935
06.11.2019 18:00:00.000,64.3,64.57,64.27,64.53,0.357698289
06.11.2019 19:00:00.000,64.53,64.57,64.45,64.51,-0.030993336
06.11.2019 20:00:00.000,64.51,64.61,64.45,64.59,0.124011781
07.11.2019 14:00:00.000,64.89,65.55,64.88,65.52,0.970873786
07.11.2019 15:00:00.000,65.52,66.03,65.52,65.95,0.656288156
07.11.2019 16:00:00.000,65.95,66.15,65.88,66.11,0.242608036
07.11.2019 17:00:00.000,66.11,66.18,65.95,66.11,0
07.11.2019 18:00:00.000,66.11,66.17,66.06,66.09,-0.030252609
07.11.2019 19:00:00.000,66.09,66.14,65.76,65.77,-0.484188228
07.11.2019 20:00:00.000,65.77,65.81,65.41,65.45,-0.486544017
08.11.2019 14:00:00.000,65.62,65.88,65.56,65.58,-0.060957025
08.11.2019 15:00:00.000,65.61,65.78,65.5,65.67,0.091449474
08.11.2019 16:00:00.000,65.67,65.76,65.54,65.63,-0.060910614
08.11.2019 17:00:00.000,65.63,65.65,65.48,65.51,-0.182843212
08.11.2019 18:00:00.000,65.51,65.56,65.27,65.35,-0.244237521
08.11.2019 19:00:00.000,65.35,65.41,65.21,65.28,-0.107115532
08.11.2019 20:00:00.000,65.29,65.6,65.25,65.45,0.245060499
11.11.2019 14:00:00.000,65.23,65.23,64.9,65.12,-0.168634064
11.11.2019 15:00:00.000,65.12,65.16,64.91,64.92,-0.307125307
11.11.2019 16:00:00.000,64.92,65.1,64.9,64.91,-0.015403574
11.11.2019 17:00:00.000,64.91,65.01,64.87,64.98,0.107841627
11.11.2019 18:00:00.000,64.98,65,64.87,64.91,-0.107725454
11.11.2019 19:00:00.000,64.91,64.97,64.89,64.94,0.04621784
11.11.2019 20:00:00.000,64.93,64.95,64.88,64.95,0.030802403
12.11.2019 14:00:00.000,65.11,65.18,65,65.02,-0.138227615
12.11.2019 15:00:00.000,65.02,65.27,64.96,65.25,0.353737312
12.11.2019 16:00:00.000,65.25,65.48,65.2,65.44,0.291187739
12.11.2019 17:00:00.000,65.44,65.49,65.33,65.4,-0.061124694
12.11.2019 18:00:00.000,65.39,65.4,65.18,65.19,-0.305857165
12.11.2019 19:00:00.000,65.18,65.18,64.78,64.8,-0.583000921
12.11.2019 20:00:00.000,64.8,65,64.78,64.91,0.169753086
13.11.2019 14:00:00.000,64.86,64.95,64.75,64.82,-0.061671292
13.11.2019 15:00:00.000,64.83,65.19,64.82,65.06,0.354774024
13.11.2019 16:00:00.000,65.06,65.15,64.9,65.11,0.076852136
13.11.2019 17:00:00.000,65.11,65.13,64.99,65.11,0
13.11.2019 18:00:00.000,65.11,65.16,64.78,64.85,-0.399324221
13.11.2019 19:00:00.000,64.85,64.96,64.75,64.95,0.154202005
13.11.2019 20:00:00.000,64.95,65.02,64.79,64.87,-0.123171671
14.11.2019 14:00:00.000,64.87,65.06,64.86,65.05,0.277478033
14.11.2019 15:00:00.000,65.05,65.39,65.05,65.11,0.092236741
14.11.2019 16:00:00.000,65.11,65.32,65.06,65.11,0
14.11.2019 17:00:00.000,65.11,65.41,65.05,65.4,0.445400092
14.11.2019 18:00:00.000,65.4,65.71,65.4,65.57,0.259938838
14.11.2019 19:00:00.000,65.56,65.68,65.55,65.61,0.076266016
14.11.2019 20:00:00.000,65.61,65.84,65.34,65.4,-0.32007316
15.11.2019 14:00:00.000,65.75,66.26,65.7,66.12,0.562737643
15.11.2019 15:00:00.000,66.12,66.62,66.1,66.52,0.604960678
15.11.2019 16:00:00.000,66.52,66.71,66.5,66.54,0.030066146
15.11.2019 17:00:00.000,66.54,66.57,66.41,66.48,-0.090171326
15.11.2019 18:00:00.000,66.48,66.52,66.34,66.41,-0.105294826
15.11.2019 19:00:00.000,66.41,66.5,66.4,66.5,0.135521759
15.11.2019 20:00:00.000,66.5,66.7,66.48,66.68,0.270676692
18.11.2019 14:00:00.000,66.46,66.49,65.98,66.21,-0.376166115
18.11.2019 15:00:00.000,66.17,66.28,66.06,66.1,-0.105788122
18.11.2019 16:00:00.000,66.1,66.4,65.96,66.23,0.19667171
18.11.2019 17:00:00.000,66.23,66.23,66.03,66.04,-0.286879058
18.11.2019 18:00:00.000,66.04,66.14,66.01,66.09,0.07571169
18.11.2019 19:00:00.000,66.09,66.34,66.08,66.24,0.226963232
18.11.2019 20:00:00.000,66.25,66.26,65.87,65.93,-0.483018868
19.11.2019 14:00:00.000,66.05,66.14,65.88,65.88,-0.257380772
19.11.2019 15:00:00.000,65.88,66.01,65.69,65.78,-0.151791135
19.11.2019 16:00:00.000,65.78,65.98,65.78,65.95,0.258437215
19.11.2019 17:00:00.000,65.95,65.96,65.82,65.86,-0.13646702
19.11.2019 18:00:00.000,65.87,65.88,65.73,65.73,-0.212539851
19.11.2019 19:00:00.000,65.73,65.85,65.66,65.66,-0.106496273
19.11.2019 20:00:00.000,65.66,65.87,65.64,65.79,0.197989644
20.11.2019 14:00:00.000,65.27,65.42,65.16,65.32,0.076604872
20.11.2019 15:00:00.000,65.31,65.58,65.31,65.52,0.321543408
20.11.2019 16:00:00.000,65.52,65.58,65.32,65.36,-0.244200244
20.11.2019 17:00:00.000,65.36,65.43,64.96,65.13,-0.351897185
20.11.2019 18:00:00.000,65.13,65.16,64.55,64.8,-0.50667895
20.11.2019 19:00:00.000,64.8,65,64.67,64.85,0.077160494
20.11.2019 20:00:00.000,64.85,65.11,64.83,65.11,0.400925212
21.11.2019 14:00:00.000,64.88,64.95,64.65,64.69,-0.292848335
21.11.2019 15:00:00.000,64.69,65,64.64,64.88,0.293708456
21.11.2019 16:00:00.000,64.88,64.98,64.75,64.77,-0.169543773
21.11.2019 17:00:00.000,64.77,64.97,64.71,64.96,0.293345685
21.11.2019 18:00:00.000,64.96,65.15,64.96,65.07,0.169334975
21.11.2019 19:00:00.000,65.07,65.61,65.04,65.43,0.553250346
21.11.2019 20:00:00.000,65.43,65.45,64.9,64.97,-0.703041418
22.11.2019 14:00:00.000,65.21,65.41,65.13,65.26,0.076675357
22.11.2019 15:00:00.000,65.26,65.32,64.7,64.86,-0.612932884
22.11.2019 16:00:00.000,64.86,64.96,64.7,64.81,-0.077089115
22.11.2019 17:00:00.000,64.81,65.1,64.81,64.98,0.2623052
22.11.2019 18:00:00.000,64.98,64.99,64.75,64.8,-0.27700831
22.11.2019 19:00:00.000,64.8,64.8,64.66,64.66,-0.216049383
22.11.2019 20:00:00.000,64.66,64.8,64.57,64.67,0.015465512
25.11.2019 14:00:00.000,65.02,65.19,64.98,65.05,0.046139649
25.11.2019 15:00:00.000,65.05,65.56,65,65.5,0.691775557
25.11.2019 16:00:00.000,65.5,65.56,65.43,65.53,0.045801527
25.11.2019 17:00:00.000,65.53,65.54,65.3,65.33,-0.305203723
25.11.2019 18:00:00.000,65.33,65.42,65.31,65.35,0.030613807
25.11.2019 19:00:00.000,65.34,65.37,65.22,65.26,-0.122436486
25.11.2019 20:00:00.000,65.26,65.34,65.08,65.28,0.030646644
26.11.2019 14:00:00.000,65.6,65.66,65.29,65.38,-0.335365854
26.11.2019 15:00:00.000,65.38,65.5,65.25,65.38,0
26.11.2019 16:00:00.000,65.38,65.63,65.36,65.55,0.260018354
26.11.2019 17:00:00.000,65.56,65.67,65.5,65.66,0.152532032
26.11.2019 18:00:00.000,65.66,65.74,65.56,65.59,-0.106609808
26.11.2019 19:00:00.000,65.59,65.63,65.48,65.51,-0.121969812
26.11.2019 20:00:00.000,65.51,65.63,65.41,65.55,0.06105938
27.11.2019 14:00:00.000,65.68,65.86,65.48,65.82,0.213154689
27.11.2019 15:00:00.000,65.82,65.91,65.63,65.65,-0.258280158
27.11.2019 16:00:00.000,65.65,65.7,65.5,65.54,-0.167555217
27.11.2019 17:00:00.000,65.54,65.63,65.54,65.57,0.045773573
27.11.2019 18:00:00.000,65.57,65.74,65.57,65.64,0.106756138
27.11.2019 19:00:00.000,65.64,65.65,65.53,65.53,-0.167580743
27.11.2019 20:00:00.000,65.53,65.67,65.51,65.61,0.122081489
29.11.2019 14:00:00.000,65.44,65.5,65.35,65.45,0.015281174
29.11.2019 15:00:00.000,65.44,65.5,65.33,65.39,-0.076405868
29.11.2019 16:00:00.000,65.39,65.4,65.25,65.36,-0.045878575
29.11.2019 17:00:00.000,65.36,65.4,65.21,65.24,-0.183598531
02.12.2019 14:00:00.000,65.15,65.15,64.68,64.68,-0.721412126
02.12.2019 15:00:00.000,64.68,64.68,64.05,64.19,-0.757575758
02.12.2019 16:00:00.000,64.2,64.5,64.13,64.47,0.420560748
02.12.2019 17:00:00.000,64.47,64.53,64.13,64.17,-0.465332713
02.12.2019 18:00:00.000,64.17,64.54,64.17,64.43,0.405173757
02.12.2019 19:00:00.000,64.43,64.67,64.38,64.62,0.294893683
02.12.2019 20:00:00.000,64.62,64.73,64.47,64.51,-0.170225936
03.12.2019 14:00:00.000,64.11,64.32,64.01,64.31,0.311963812
03.12.2019 15:00:00.000,64.31,64.37,63.95,64.06,-0.388742031
03.12.2019 16:00:00.000,64.06,64.3,63.98,64.29,0.359038401
03.12.2019 17:00:00.000,64.28,64.59,64.23,64.53,0.38892346
03.12.2019 18:00:00.000,64.53,64.81,64.53,64.67,0.216953355
03.12.2019 19:00:00.000,64.67,64.77,64.57,64.73,0.092778723
03.12.2019 20:00:00.000,64.73,64.92,64.63,64.81,0.123590298
04.12.2019 14:00:00.000,65.63,65.94,65.63,65.78,0.228554015
04.12.2019 15:00:00.000,65.78,66.16,65.68,66.07,0.440863484
04.12.2019 16:00:00.000,66.07,66.19,65.88,65.88,-0.287573785
04.12.2019 17:00:00.000,65.88,66.1,65.86,66.01,0.197328476
04.12.2019 18:00:00.000,66.01,66.18,65.98,66.13,0.181790638
04.12.2019 19:00:00.000,66.13,66.28,66.13,66.27,0.211704219
04.12.2019 20:00:00.000,66.27,66.29,65.96,65.97,-0.452693526
05.12.2019 14:00:00.000,66.4,66.43,66.08,66.16,-0.361445783
05.12.2019 15:00:00.000,66.15,66.16,65.81,65.96,-0.287226002
05.12.2019 16:00:00.000,65.96,66.05,65.83,65.95,-0.015160703
05.12.2019 17:00:00.000,65.95,66.02,65.91,65.99,0.060652009
05.12.2019 18:00:00.000,65.99,66.18,65.95,66.17,0.272768601
05.12.2019 19:00:00.000,66.17,66.32,66.02,66.17,0
05.12.2019 20:00:00.000,66.17,66.37,66.13,66.36,0.287139187
06.12.2019 14:00:00.000,66.85,67.19,66.85,67.01,0.23934181
06.12.2019 15:00:00.000,67.01,67.14,66.96,67.03,0.029846292
06.12.2019 16:00:00.000,67.03,67.11,66.89,66.93,-0.149186931
06.12.2019 17:00:00.000,66.93,67.06,66.9,67.03,0.149409831
06.12.2019 18:00:00.000,67.03,67.16,67.02,67.04,0.014918693
06.12.2019 19:00:00.000,67.04,67.12,67.02,67.09,0.074582339
06.12.2019 20:00:00.000,67.1,67.2,67.03,67.03,-0.104321908
09.12.2019 14:00:00.000,66.96,67.95,66.96,67.58,0.925925926
09.12.2019 15:00:00.000,67.59,67.79,67.59,67.66,0.103565616
09.12.2019 16:00:00.000,67.66,67.66,67.43,67.59,-0.103458469
09.12.2019 17:00:00.000,67.59,67.71,67.53,67.56,-0.044385264
09.12.2019 18:00:00.000,67.56,67.58,67.44,67.47,-0.13321492
09.12.2019 19:00:00.000,67.46,67.47,67.32,67.45,-0.014823599
09.12.2019 20:00:00.000,67.45,67.5,67.23,67.25,-0.296515938
10.12.2019 14:00:00.000,67.04,67.12,66.78,67.05,0.014916468
10.12.2019 15:00:00.000,67.05,67.48,67.02,67.45,0.596569724
10.12.2019 16:00:00.000,67.45,67.49,67.13,67.18,-0.400296516
10.12.2019 17:00:00.000,67.18,67.29,67.13,67.26,0.11908306
10.12.2019 18:00:00.000,67.26,67.35,67.23,67.26,0
10.12.2019 19:00:00.000,67.26,67.33,67.21,67.23,-0.044603033
10.12.2019 20:00:00.000,67.23,67.25,66.95,67.11,-0.178491745
11.12.2019 14:00:00.000,67.35,67.4,67.17,67.26,-0.13363029
11.12.2019 15:00:00.000,67.28,67.35,67.15,67.22,-0.089179548
11.12.2019 16:00:00.000,67.22,67.3,67.15,67.17,-0.074382624
11.12.2019 17:00:00.000,67.17,67.23,67.13,67.15,-0.029775197
11.12.2019 18:00:00.000,67.15,67.27,67.14,67.25,0.148920328
11.12.2019 19:00:00.000,67.25,67.32,67.18,67.3,0.074349442
11.12.2019 20:00:00.000,67.3,67.33,67.16,67.27,-0.044576523
12.12.2019 14:00:00.000,67.22,67.69,67.15,67.61,0.580184469
12.12.2019 15:00:00.000,67.61,67.76,67.5,67.6,-0.014790711
12.12.2019 16:00:00.000,67.6,67.62,67.17,67.32,-0.414201183
12.12.2019 17:00:00.000,67.32,67.39,67.13,67.29,-0.04456328
12.12.2019 18:00:00.000,67.29,67.42,67.28,67.3,0.014861049
12.12.2019 19:00:00.000,67.3,67.34,67.01,67.27,-0.044576523
12.12.2019 20:00:00.000,67.27,67.69,67.17,67.65,0.564887766
13.12.2019 14:00:00.000,67.27,67.41,67.19,67.36,0.133789208
13.12.2019 15:00:00.000,67.36,67.65,67.21,67.24,-0.178147268
13.12.2019 16:00:00.000,67.24,67.5,67.22,67.4,0.237953599
13.12.2019 17:00:00.000,67.4,67.55,67.36,67.47,0.103857567
13.12.2019 18:00:00.000,67.47,67.51,67.41,67.48,0.014821402
13.12.2019 19:00:00.000,67.48,67.55,67.45,67.53,0.074096028
13.12.2019 20:00:00.000,67.53,67.59,67.37,67.37,-0.236931734
16.12.2019 14:00:00.000,67.66,68.05,67.66,67.93,0.399054094
16.12.2019 15:00:00.000,67.93,68.23,67.93,68.14,0.309141764
16.12.2019 16:00:00.000,68.14,68.15,67.84,67.95,-0.278837687
16.12.2019 17:00:00.000,67.95,68.02,67.86,68,0.073583517
16.12.2019 18:00:00.000,68,68.04,67.93,67.98,-0.029411765
16.12.2019 19:00:00.000,67.98,68.09,67.97,68.07,0.13239188
16.12.2019 20:00:00.000,68.07,68.18,68.04,68.13,0.088144557
17.12.2019 14:00:00.000,68.06,68.15,67.7,67.76,-0.44078754
17.12.2019 15:00:00.000,67.76,67.86,67.61,67.61,-0.22136954
17.12.2019 16:00:00.000,67.61,67.71,67.57,67.68,0.10353498
17.12.2019 17:00:00.000,67.68,67.9,67.68,67.81,0.192080378
17.12.2019 18:00:00.000,67.81,67.94,67.69,67.93,0.176965049
17.12.2019 19:00:00.000,67.94,67.99,67.9,67.93,-0.01471887
17.12.2019 20:00:00.000,67.93,67.96,67.74,67.75,-0.264978654
18.12.2019 14:00:00.000,67.91,67.94,67.8,67.83,-0.117802975
18.12.2019 15:00:00.000,67.83,68.01,67.61,67.74,-0.132684653
18.12.2019 16:00:00.000,67.74,67.85,67.63,67.76,0.029524653
18.12.2019 17:00:00.000,67.76,67.79,67.61,67.62,-0.20661157
18.12.2019 18:00:00.000,67.62,67.69,67.55,67.62,0
18.12.2019 19:00:00.000,67.62,67.72,67.59,67.69,0.103519669
18.12.2019 20:00:00.000,67.69,67.79,67.58,67.65,-0.059092924
19.12.2019 14:00:00.000,67.84,67.85,67.54,67.56,-0.412735849
19.12.2019 15:00:00.000,67.56,67.63,67.44,67.57,0.014801658
19.12.2019 16:00:00.000,67.58,67.78,67.57,67.76,0.266350991
19.12.2019 17:00:00.000,67.76,67.88,67.75,67.78,0.029515939
19.12.2019 18:00:00.000,67.78,67.79,67.68,67.7,-0.118028917
19.12.2019 19:00:00.000,67.7,67.73,67.63,67.71,0.014771049
19.12.2019 20:00:00.000,67.71,67.78,67.6,67.77,0.088613203
20.12.2019 14:00:00.000,67.96,67.96,67.58,67.6,-0.529723367
20.12.2019 15:00:00.000,67.6,67.81,67.59,67.72,0.177514793
20.12.2019 16:00:00.000,67.72,67.79,67.68,67.72,0
20.12.2019 17:00:00.000,67.72,67.76,67.65,67.65,-0.103366804
20.12.2019 18:00:00.000,67.65,67.68,67.55,67.56,-0.133037694
20.12.2019 19:00:00.000,67.56,67.63,67.53,67.58,0.029603316
20.12.2019 20:00:00.000,67.58,67.59,67.5,67.51,-0.103580941
23.12.2019 14:00:00.000,67.88,67.98,67.63,67.64,-0.353565115
23.12.2019 15:00:00.000,67.64,67.78,67.53,67.72,0.118273211
23.12.2019 16:00:00.000,67.72,67.75,67.66,67.68,-0.059066745
23.12.2019 17:00:00.000,67.68,67.68,67.52,67.54,-0.206855792
23.12.2019 18:00:00.000,67.54,67.54,67.34,67.37,-0.251702695
23.12.2019 19:00:00.000,67.37,67.41,67.33,67.36,-0.014843402
23.12.2019 20:00:00.000,67.36,67.44,67.33,67.44,0.118764846
24.12.2019 14:00:00.000,67.4,67.4,67.12,67.2,-0.296735905
24.12.2019 15:00:00.000,67.2,67.41,67.19,67.21,0.014880952
24.12.2019 16:00:00.000,67.21,67.27,67.18,67.26,0.074393691
24.12.2019 17:00:00.000,67.26,67.29,67.14,67.16,-0.148676777
26.12.2019 14:00:00.000,67.22,67.34,67.2,67.28,0.089259149
26.12.2019 15:00:00.000,67.28,67.46,67.28,67.45,0.252675386
26.12.2019 16:00:00.000,67.45,67.62,67.45,67.6,0.222386953
26.12.2019 17:00:00.000,67.6,67.75,67.53,67.74,0.207100592
26.12.2019 18:00:00.000,67.74,68.04,67.74,68.03,0.42810747
26.12.2019 19:00:00.000,68.03,68.06,67.81,67.81,-0.323386741
26.12.2019 20:00:00.000,67.81,67.97,67.81,67.94,0.191712137
27.12.2019 14:00:00.000,68.09,68.11,67.62,67.64,-0.660889999
27.12.2019 15:00:00.000,67.63,67.97,67.62,67.96,0.487949135
27.12.2019 16:00:00.000,67.96,68.01,67.89,67.89,-0.103001766
27.12.2019 17:00:00.000,67.89,67.95,67.74,67.84,-0.073648549
27.12.2019 18:00:00.000,67.84,67.87,67.68,67.69,-0.221108491
27.12.2019 19:00:00.000,67.69,67.75,67.67,67.71,0.029546462
27.12.2019 20:00:00.000,67.71,67.72,67.47,67.58,-0.191995274
30.12.2019 14:00:00.000,67.25,67.25,66.73,66.8,-0.669144981
30.12.2019 15:00:00.000,66.8,66.99,66.69,66.78,-0.02994012
30.12.2019 16:00:00.000,66.78,66.97,66.7,66.77,-0.014974543
30.12.2019 17:00:00.000,66.77,66.94,66.73,66.91,0.209675004
30.12.2019 18:00:00.000,66.91,66.93,66.81,66.92,0.014945449
30.12.2019 19:00:00.000,66.92,66.95,66.81,66.9,-0.029886432
30.12.2019 20:00:00.000,66.9,66.98,66.74,66.74,-0.23916293
31.12.2019 14:00:00.000,66.58,66.79,66.55,66.76,0.270351457
31.12.2019 15:00:00.000,66.76,66.8,66.45,66.53,-0.344517675
31.12.2019 16:00:00.000,66.53,66.73,66.48,66.67,0.210431384
31.12.2019 17:00:00.000,66.67,66.74,66.56,66.63,-0.059997
31.12.2019 18:00:00.000,66.63,66.7,66.63,66.69,0.090049527
02.01.2020 14:00:00.000,67.58,67.92,67.58,67.88,0.443918319
02.01.2020 15:00:00.000,67.9,67.9,67.36,67.57,-0.486008837
02.01.2020 16:00:00.000,67.57,67.7,67.53,67.67,0.147994672
02.01.2020 17:00:00.000,67.67,67.93,67.62,67.84,0.251219152
02.01.2020 18:00:00.000,67.84,67.94,67.77,67.93,0.132665094
02.01.2020 19:00:00.000,67.93,68.2,67.91,68.17,0.353304873
02.01.2020 20:00:00.000,68.17,68.34,68.15,68.33,0.234707349
03.01.2020 14:00:00.000,67.87,68.23,67.81,68.09,0.324149109
03.01.2020 15:00:00.000,68.08,68.28,67.97,68.12,0.058754407
03.01.2020 16:00:00.000,68.12,68.31,68.1,68.26,0.205519671
03.01.2020 17:00:00.000,68.26,68.6,68.26,68.53,0.39554644
03.01.2020 18:00:00.000,68.53,68.6,68.21,68.33,-0.291842988
03.01.2020 19:00:00.000,68.33,68.38,68.24,68.34,0.01463486
03.01.2020 20:00:00.000,68.34,68.4,68.03,68.04,-0.438981563
06.01.2020 14:00:00.000,68.12,68.91,68.1,68.88,1.115678215
06.01.2020 15:00:00.000,68.88,69.8,68.88,69.51,0.914634146
06.01.2020 16:00:00.000,69.53,69.63,69.37,69.38,-0.215734215
06.01.2020 17:00:00.000,69.39,69.49,69.27,69.29,-0.144112985
06.01.2020 18:00:00.000,69.29,69.52,69.23,69.25,-0.057728388
06.01.2020 19:00:00.000,69.25,69.41,69.22,69.4,0.216606498
06.01.2020 20:00:00.000,69.41,69.76,69.36,69.73,0.46102867
07.01.2020 14:00:00.000,69.79,69.9,69.51,69.7,-0.128958303
07.01.2020 15:00:00.000,69.7,70.12,69.7,69.91,0.301291248
07.01.2020 16:00:00.000,69.92,70.08,69.81,69.85,-0.100114416
07.01.2020 17:00:00.000,69.85,69.96,69.82,69.87,0.028632785
07.01.2020 18:00:00.000,69.87,70.01,69.83,70.01,0.20037212
07.01.2020 19:00:00.000,70,70.01,69.8,69.85,-0.214285714
07.01.2020 20:00:00.000,69.85,69.89,69.59,69.65,-0.286327845
08.01.2020 14:00:00.000,69.88,70.14,69.85,69.95,0.100171723
08.01.2020 15:00:00.000,69.95,70.06,69.7,69.83,-0.171551108
08.01.2020 16:00:00.000,69.83,70.57,69.75,70.43,0.859229557
08.01.2020 17:00:00.000,70.43,70.56,70.35,70.47,0.05679398
08.01.2020 18:00:00.000,70.47,70.48,70.3,70.32,-0.212856535
08.01.2020 19:00:00.000,70.32,70.42,70.26,70.36,0.056882821
08.01.2020 20:00:00.000,70.36,70.53,70.2,70.22,-0.198976691
09.01.2020 14:00:00.000,71.28,71.32,71.03,71.11,-0.238496072
09.01.2020 15:00:00.000,71.11,71.26,71.06,71.12,0.01406272
09.01.2020 16:00:00.000,71.12,71.14,70.8,70.89,-0.323397075
09.01.2020 17:00:00.000,70.89,70.93,70.52,70.85,-0.056425448
09.01.2020 18:00:00.000,70.85,70.97,70.67,70.9,0.07057163
09.01.2020 19:00:00.000,70.9,71.08,70.83,71.05,0.211565585
09.01.2020 20:00:00.000,71.05,71.08,70.78,70.93,-0.168895144
10.01.2020 14:00:00.000,71.04,71.45,70.92,71.42,0.53490991
10.01.2020 15:00:00.000,71.42,71.69,71.31,71.63,0.294035284
10.01.2020 16:00:00.000,71.63,71.74,71.48,71.62,-0.013960631
10.01.2020 17:00:00.000,71.62,71.67,71.42,71.62,0
10.01.2020 18:00:00.000,71.62,71.63,71.4,71.4,-0.307176766
10.01.2020 19:00:00.000,71.4,71.47,71.27,71.45,0.070028011
10.01.2020 20:00:00.000,71.45,71.52,71.35,71.42,-0.041987404
13.01.2020 14:00:00.000,71.61,71.62,71.3,71.5,-0.153609831
13.01.2020 15:00:00.000,71.5,71.61,71.44,71.61,0.153846154
13.01.2020 16:00:00.000,71.61,71.96,71.59,71.86,0.349113252
13.01.2020 17:00:00.000,71.86,71.95,71.72,71.75,-0.153075424
13.01.2020 18:00:00.000,71.75,71.78,71.65,71.77,0.027874564
13.01.2020 19:00:00.000,71.77,71.88,71.72,71.83,0.08360039
13.01.2020 20:00:00.000,71.83,71.99,71.78,71.97,0.194904636
14.01.2020 14:00:00.000,71.77,71.93,71.55,71.59,-0.25080117
14.01.2020 15:00:00.000,71.59,72.08,71.56,71.76,0.237463333
14.01.2020 16:00:00.000,71.76,71.99,71.76,71.97,0.29264214
14.01.2020 17:00:00.000,71.97,72.01,71.86,71.87,-0.138946783
14.01.2020 18:00:00.000,71.87,71.91,71.61,71.71,-0.222624183
14.01.2020 19:00:00.000,71.71,71.87,71.58,71.7,-0.013945056
14.01.2020 20:00:00.000,71.7,71.81,71.43,71.43,-0.376569038
15.01.2020 14:00:00.000,71.8,72.03,71.71,71.79,-0.013927577
15.01.2020 15:00:00.000,71.79,72.06,71.79,72.05,0.362167433
15.01.2020 16:00:00.000,72.05,72.05,71.72,71.74,-0.430256766
15.01.2020 17:00:00.000,71.74,71.94,71.73,71.73,-0.013939225
15.01.2020 18:00:00.000,71.73,71.8,71.62,71.67,-0.08364701
15.01.2020 19:00:00.000,71.67,71.91,71.65,71.8,0.181386912
15.01.2020 20:00:00.000,71.8,72.01,71.63,71.9,0.139275766
16.01.2020 14:00:00.000,72.17,72.38,72.03,72.36,0.263267286
16.01.2020 15:00:00.000,72.36,72.48,72.18,72.24,-0.165837479
16.01.2020 16:00:00.000,72.25,72.35,72.15,72.3,0.069204152
16.01.2020 17:00:00.000,72.29,72.34,72.15,72.18,-0.152164891
16.01.2020 18:00:00.000,72.19,72.34,72.14,72.28,0.124671007
16.01.2020 19:00:00.000,72.28,72.33,72.25,72.28,0
16.01.2020 20:00:00.000,72.28,72.54,72.24,72.54,0.35971223
17.01.2020 14:00:00.000,73.11,73.44,72.9,73.3,0.259882369
17.01.2020 15:00:00.000,73.3,73.42,73.2,73.25,-0.068212824
17.01.2020 16:00:00.000,73.25,73.33,73.03,73.3,0.068259386
17.01.2020 17:00:00.000,73.3,73.34,73.2,73.25,-0.068212824
17.01.2020 18:00:00.000,73.26,73.38,73.23,73.36,0.136500137
17.01.2020 19:00:00.000,73.36,73.57,73.29,73.57,0.286259542
17.01.2020 20:00:00.000,73.56,74.03,73.54,74,0.598151169
21.01.2020 14:00:00.000,73.85,73.91,73.56,73.65,-0.270819228
21.01.2020 15:00:00.000,73.65,74.15,73.65,73.79,0.190088255
21.01.2020 16:00:00.000,73.79,74.16,73.79,74.07,0.379455211
21.01.2020 17:00:00.000,74.07,74.33,74.05,74.32,0.337518564
21.01.2020 18:00:00.000,74.32,74.58,74,74.01,-0.417115178
21.01.2020 19:00:00.000,74.01,74.17,74.01,74.13,0.162140251
21.01.2020 20:00:00.000,74.13,74.34,74.08,74.1,-0.040469446
22.01.2020 14:00:00.000,74.55,75.13,74.55,74.81,0.348759222
22.01.2020 15:00:00.000,74.81,74.85,74.58,74.71,-0.133671969
22.01.2020 16:00:00.000,74.71,74.71,74.3,74.53,-0.240931602
22.01.2020 17:00:00.000,74.54,74.71,74.47,74.7,0.214649852
22.01.2020 18:00:00.000,74.7,74.82,74.67,74.69,-0.013386881
22.01.2020 19:00:00.000,74.69,74.81,74.52,74.54,-0.200830098
22.01.2020 20:00:00.000,74.54,74.56,74.26,74.31,-0.308559163
23.01.2020 14:00:00.000,74.19,74.77,74.1,74.53,0.458282787
23.01.2020 15:00:00.000,74.53,74.61,74.31,74.36,-0.228096069
23.01.2020 16:00:00.000,74.36,74.48,74.19,74.35,-0.01344809
23.01.2020 17:00:00.000,74.35,74.46,74.23,74.37,0.026899798
23.01.2020 18:00:00.000,74.37,74.51,74.32,74.49,0.161355385
23.01.2020 19:00:00.000,74.49,74.58,74.39,74.48,-0.013424621
23.01.2020 20:00:00.000,74.48,74.53,74.28,74.29,-0.255102041
24.01.2020 14:00:00.000,74.68,74.75,74.45,74.51,-0.227637922
24.01.2020 15:00:00.000,74.51,74.54,74.22,74.34,-0.228157294
24.01.2020 16:00:00.000,74.34,74.5,73.77,73.82,-0.699488835
24.01.2020 17:00:00.000,73.82,73.9,73.55,73.82,0
24.01.2020 18:00:00.000,73.82,73.83,73.33,73.5,-0.43348686
24.01.2020 19:00:00.000,73.5,73.56,73.25,73.54,0.054421769
24.01.2020 20:00:00.000,73.54,73.65,73.26,73.37,-0.231166712
27.01.2020 14:00:00.000,71.57,71.81,71.3,71.63,0.083834009
27.01.2020 15:00:00.000,71.63,71.65,71.06,71.25,-0.530503979
27.01.2020 16:00:00.000,71.25,71.44,71.15,71.37,0.168421053
27.01.2020 17:00:00.000,71.37,71.9,71.33,71.71,0.47639064
27.01.2020 18:00:00.000,71.71,71.88,71.61,71.75,0.055780226
27.01.2020 19:00:00.000,71.75,71.9,71.52,71.59,-0.222996516
27.01.2020 20:00:00.000,71.59,71.83,71.55,71.67,0.111747451
28.01.2020 14:00:00.000,72.03,72.11,71.72,71.79,-0.333194502
28.01.2020 15:00:00.000,71.79,72.38,71.6,72.25,0.640757766
28.01.2020 16:00:00.000,72.25,72.68,72.19,72.68,0.595155709
28.01.2020 17:00:00.000,72.68,72.77,72.6,72.61,-0.096312603
28.01.2020 18:00:00.000,72.61,72.7,72.4,72.66,0.068861038
28.01.2020 19:00:00.000,72.66,72.8,72.64,72.7,0.055050922
28.01.2020 20:00:00.000,72.7,72.77,72.58,72.58,-0.165061898
29.01.2020 14:00:00.000,73,73.18,72.55,72.61,-0.534246575
29.01.2020 15:00:00.000,72.61,72.69,72.33,72.62,0.013772208
29.01.2020 16:00:00.000,72.62,72.86,72.62,72.84,0.302946847
29.01.2020 17:00:00.000,72.84,72.95,72.84,72.89,0.068643602
29.01.2020 18:00:00.000,72.89,73.14,72.86,73.06,0.233228152
29.01.2020 19:00:00.000,73.06,73.26,72.99,73.11,0.068436901
29.01.2020 20:00:00.000,73.11,73.15,72.85,73,-0.150458214
30.01.2020 14:00:00.000,72.25,72.41,72.05,72.28,0.041522491
30.01.2020 15:00:00.000,72.28,72.58,71.91,71.99,-0.401217488
30.01.2020 16:00:00.000,71.99,72.2,71.9,72.07,0.111126545
30.01.2020 17:00:00.000,72.08,72.26,71.89,71.99,-0.124861265
30.01.2020 18:00:00.000,71.99,72.2,71.95,72.16,0.236143909
30.01.2020 19:00:00.000,72.16,72.56,72.1,72.36,0.277161863
30.01.2020 20:00:00.000,72.36,72.75,72.33,72.68,0.442233278
31.01.2020 14:00:00.000,72.98,73,72.55,72.71,-0.369964374
31.01.2020 15:00:00.000,72.71,72.73,72.04,72.07,-0.88020905
31.01.2020 16:00:00.000,72.07,72.14,71.63,71.91,-0.222006383
31.01.2020 17:00:00.000,71.9,71.91,71.59,71.84,-0.083449235
31.01.2020 18:00:00.000,71.84,71.93,71.68,71.8,-0.055679287
31.01.2020 19:00:00.000,71.8,72.02,71.75,71.91,0.153203343
31.01.2020 20:00:00.000,71.91,71.97,71.43,71.7,-0.292031706
03.02.2020 14:00:00.000,73.06,73.45,72.92,73.39,0.451683548
03.02.2020 15:00:00.000,73.41,73.84,73.36,73.48,0.095354856
03.02.2020 16:00:00.000,73.48,73.8,73.46,73.6,0.163309744
03.02.2020 17:00:00.000,73.6,74.12,73.5,74.09,0.66576087
03.02.2020 18:00:00.000,74.09,74.15,73.85,74.1,0.013497098
03.02.2020 19:00:00.000,74.1,74.1,73.85,73.97,-0.175438596
03.02.2020 20:00:00.000,73.97,74.34,73.9,74.32,0.473164797
04.02.2020 14:00:00.000,72.1,72.16,71.36,71.51,-0.818307906
04.02.2020 15:00:00.000,71.51,71.61,71.32,71.45,-0.083904349
04.02.2020 16:00:00.000,71.45,71.91,71.44,71.74,0.405878237
04.02.2020 17:00:00.000,71.74,72.06,71.66,71.99,0.348480624
04.02.2020 18:00:00.000,71.99,72.02,71.75,71.85,-0.194471454
04.02.2020 19:00:00.000,71.85,72.16,71.85,72.1,0.347947112
04.02.2020 20:00:00.000,72.1,72.42,71.98,72.4,0.416088766
05.02.2020 14:00:00.000,72.57,72.57,71.93,72.4,-0.23425658
05.02.2020 15:00:00.000,72.4,72.42,71.51,71.76,-0.883977901
05.02.2020 16:00:00.000,71.78,72.22,71.66,72.21,0.599052661
05.02.2020 17:00:00.000,72.21,72.22,71.98,72.03,-0.249272954
05.02.2020 18:00:00.000,72.03,72.11,71.83,72.04,0.013883104
05.02.2020 19:00:00.000,72.04,72.36,71.87,72.32,0.388672959
05.02.2020 20:00:00.000,72.32,72.45,72.14,72.37,0.069137168
06.02.2020 14:00:00.000,72.62,73.31,72.62,73.29,0.922610851
06.02.2020 15:00:00.000,73.3,73.93,73.03,73.85,0.750341064
06.02.2020 16:00:00.000,73.85,74.1,73.61,73.72,-0.176032498
06.02.2020 17:00:00.000,73.72,73.86,73.65,73.7,-0.02712968
06.02.2020 18:00:00.000,73.7,73.77,73.43,73.64,-0.081411126
06.02.2020 19:00:00.000,73.64,73.75,73.54,73.55,-0.122216187
06.02.2020 20:00:00.000,73.55,73.79,73.49,73.75,0.271923861
07.02.2020 14:00:00.000,73.51,73.65,73.4,73.4,-0.149639505
07.02.2020 15:00:00.000,73.4,73.92,73.31,73.82,0.572207084
07.02.2020 16:00:00.000,73.82,74.27,73.74,74.02,0.270929287
07.02.2020 17:00:00.000,74.02,74.11,73.8,73.98,-0.054039449
07.02.2020 18:00:00.000,73.98,73.98,73.68,73.69,-0.391997837
07.02.2020 19:00:00.000,73.69,73.96,73.64,73.94,0.339259058
07.02.2020 20:00:00.000,73.94,73.98,73.82,73.9,-0.054097917
10.02.2020 14:00:00.000,74.05,74.54,74.01,74.54,0.661715057
10.02.2020 15:00:00.000,74.54,75.03,74.54,74.64,0.134156158
10.02.2020 16:00:00.000,74.64,75.04,74.62,74.91,0.361736334
10.02.2020 17:00:00.000,74.91,74.93,74.75,74.85,-0.080096115
10.02.2020 18:00:00.000,74.85,75.01,74.8,74.98,0.173680695
10.02.2020 19:00:00.000,74.98,75.01,74.92,75.01,0.04001067
10.02.2020 20:00:00.000,75.01,75.39,74.96,75.38,0.493267564
11.02.2020 14:00:00.000,75.4,76.03,75.27,75.93,0.702917772
11.02.2020 15:00:00.000,75.93,76.45,75.93,76.44,0.671671276
11.02.2020 16:00:00.000,76.44,76.47,75.7,75.77,-0.876504448
11.02.2020 17:00:00.000,75.78,76.03,75.75,75.93,0.197941409
11.02.2020 18:00:00.000,75.93,76.08,75.56,75.56,-0.487290926
11.02.2020 19:00:00.000,75.56,75.79,75.35,75.59,0.039703547
11.02.2020 20:00:00.000,75.6,75.68,75.36,75.52,-0.105820106
12.02.2020 14:00:00.000,75.86,75.93,75.48,75.67,-0.250461376
12.02.2020 15:00:00.000,75.67,75.76,75.4,75.53,-0.185013876
12.02.2020 16:00:00.000,75.53,75.82,75.53,75.81,0.370713624
12.02.2020 17:00:00.000,75.8,75.84,75.68,75.71,-0.118733509
12.02.2020 18:00:00.000,75.71,75.79,75.68,75.72,0.013208295
12.02.2020 19:00:00.000,75.72,75.97,75.66,75.97,0.330163761
12.02.2020 20:00:00.000,75.97,76.03,75.82,75.88,-0.118467816
13.02.2020 14:00:00.000,75.52,75.76,75.42,75.53,0.013241525
13.02.2020 15:00:00.000,75.54,75.8,75.38,75.8,0.344188509
13.02.2020 16:00:00.000,75.8,75.87,75.63,75.7,-0.131926121
13.02.2020 17:00:00.000,75.7,75.8,75.68,75.73,0.039630119
13.02.2020 18:00:00.000,75.73,76.15,75.73,76.14,0.541397069
13.02.2020 19:00:00.000,76.13,76.35,76.08,76.18,0.065677131
13.02.2020 20:00:00.000,76.18,76.23,75.67,75.73,-0.590706222
14.02.2020 14:00:00.000,75.94,75.94,75.36,75.56,-0.500395049
14.02.2020 15:00:00.000,75.56,75.96,75.56,75.95,0.516146109
14.02.2020 16:00:00.000,75.95,75.97,75.78,75.85,-0.131665569
14.02.2020 17:00:00.000,75.85,75.91,75.63,75.67,-0.237310481
14.02.2020 18:00:00.000,75.67,75.78,75.62,75.67,0
14.02.2020 19:00:00.000,75.67,75.96,75.62,75.86,0.25109026
14.02.2020 20:00:00.000,75.86,75.99,75.78,75.98,0.158186132
18.02.2020 14:00:00.000,75.92,76.56,75.92,76.31,0.51369863
18.02.2020 15:00:00.000,76.31,76.33,75.93,76.08,-0.301402175
18.02.2020 16:00:00.000,76.08,76.13,75.63,75.82,-0.341745531
18.02.2020 17:00:00.000,75.81,75.99,75.78,75.81,0
18.02.2020 18:00:00.000,75.81,75.98,75.79,75.93,0.158290463
18.02.2020 19:00:00.000,75.93,76.2,75.87,76.19,0.342420651
18.02.2020 20:00:00.000,76.19,76.33,75.94,75.98,-0.275626723
19.02.2020 14:00:00.000,76.13,76.25,76.12,76.2,0.091947984
19.02.2020 15:00:00.000,76.2,76.55,76.2,76.35,0.196850394
19.02.2020 16:00:00.000,76.35,76.54,76.34,76.49,0.183366077
19.02.2020 17:00:00.000,76.49,76.53,76.45,76.5,0.013073604
19.02.2020 18:00:00.000,76.5,76.56,76.47,76.54,0.052287582
19.02.2020 19:00:00.000,76.54,76.6,76.47,76.56,0.026130128
19.02.2020 20:00:00.000,76.56,76.58,76.23,76.29,-0.352664577
20.02.2020 14:00:00.000,76.26,76.33,76.07,76.32,0.078678206
20.02.2020 15:00:00.000,76.32,76.48,76.25,76.45,0.17033543
20.02.2020 16:00:00.000,76.45,76.47,75.3,75.77,-0.889470242
20.02.2020 17:00:00.000,75.77,75.77,75.36,75.53,-0.316748053
20.02.2020 18:00:00.000,75.53,75.74,75.45,75.59,0.079438634
20.02.2020 19:00:00.000,75.59,75.96,75.59,75.86,0.357190105
20.02.2020 20:00:00.000,75.86,75.93,75.66,75.9,0.052728711
21.02.2020 14:00:00.000,75.4,75.44,74.91,75.18,-0.291777188
21.02.2020 15:00:00.000,75.18,75.33,74.97,75.13,-0.06650705
21.02.2020 16:00:00.000,75.13,75.36,74.98,75.24,0.146412884
21.02.2020 17:00:00.000,75.23,75.29,74.93,75,-0.305729097
21.02.2020 18:00:00.000,75,75.06,74.25,74.41,-0.786666667
21.02.2020 19:00:00.000,74.42,74.52,74.08,74.4,-0.026874496
21.02.2020 20:00:00.000,74.4,74.5,74.05,74.31,-0.120967742
24.02.2020 14:00:00.000,71.25,71.77,71.15,71.6,0.49122807
24.02.2020 15:00:00.000,71.6,71.84,71.18,71.36,-0.335195531
24.02.2020 16:00:00.000,71.36,71.54,71.11,71.2,-0.224215247
24.02.2020 17:00:00.000,71.2,71.2,70.81,70.85,-0.491573034
24.02.2020 18:00:00.000,70.85,71.16,70.56,71.09,0.338743825
24.02.2020 19:00:00.000,71.09,71.5,70.8,71.47,0.53453369
24.02.2020 20:00:00.000,71.47,71.56,71.06,71.06,-0.573667273
25.02.2020 14:00:00.000,71.45,71.88,71.37,71.64,0.265920224
25.02.2020 15:00:00.000,71.64,71.73,70.85,71.09,-0.767727527
25.02.2020 16:00:00.000,71.1,71.42,70.72,71.35,0.35161744
25.02.2020 17:00:00.000,71.37,71.45,70.72,70.74,-0.882723834
25.02.2020 18:00:00.000,70.74,70.81,70.27,70.27,-0.664404863
25.02.2020 19:00:00.000,70.27,70.28,69.4,70.11,-0.227693183
25.02.2020 20:00:00.000,70.13,70.39,69.12,69.36,-1.09796093
26.02.2020 14:00:00.000,70.11,70.69,70.04,70.14,0.042789902
26.02.2020 15:00:00.000,70.14,70.76,69.77,70.43,0.413458797
26.02.2020 16:00:00.000,70.43,70.65,70.12,70.2,-0.326565384
26.02.2020 17:00:00.000,70.2,70.25,69.56,69.76,-0.626780627
26.02.2020 18:00:00.000,69.76,69.92,68.95,69.2,-0.802752294
26.02.2020 19:00:00.000,69.2,69.8,69.11,69.63,0.621387283
26.02.2020 20:00:00.000,69.63,70.19,69.61,69.77,0.20106276
27.02.2020 14:00:00.000,67.69,68.1,67.15,67.91,0.32501108
27.02.2020 15:00:00.000,67.9,68.02,67.01,67.95,0.073637703
27.02.2020 16:00:00.000,67.95,68.28,67.23,67.79,-0.235467255
27.02.2020 17:00:00.000,67.79,68.56,67.63,68.1,0.457294586
27.02.2020 18:00:00.000,68.1,68.44,67.21,67.34,-1.116005874
27.02.2020 19:00:00.000,67.34,67.52,67,67.02,-0.475200475
27.02.2020 20:00:00.000,67.01,67.38,66.2,66.25,-1.134159081
28.02.2020 14:00:00.000,64.75,65.2,63.76,64.03,-1.111969112
28.02.2020 15:00:00.000,64.05,64.47,63.55,64.36,0.483996877
28.02.2020 16:00:00.000,64.36,66.06,63.8,65.11,1.165320075
28.02.2020 17:00:00.000,65.11,65.64,64.78,65.56,0.691138074
28.02.2020 18:00:00.000,65.57,65.81,64.4,64.72,-1.296324539
28.02.2020 19:00:00.000,64.72,65.66,64.25,65.21,0.75710754
28.02.2020 20:00:00.000,65.21,66.19,64.7,66.16,1.456831774
02.03.2020 14:00:00.000,67.09,67.4,66.82,66.91,-0.268296318
02.03.2020 15:00:00.000,66.91,67.34,66.3,67.07,0.239127186
02.03.2020 16:00:00.000,67.07,68.45,67.07,68.32,1.863724467
02.03.2020 17:00:00.000,68.29,68.4,67.75,68.19,-0.146434324
02.03.2020 18:00:00.000,68.19,68.24,67.55,67.84,-0.513271741
02.03.2020 19:00:00.000,67.84,68.04,67,67.31,-0.78125
02.03.2020 20:00:00.000,67.32,69.37,67.27,69.36,3.03030303
03.03.2020 14:00:00.000,69.62,69.77,68.5,68.7,-1.321459351
03.03.2020 15:00:00.000,68.7,70.46,68.7,70.12,2.066957787
03.03.2020 16:00:00.000,70.12,70.22,68.38,69.11,-1.440387906
03.03.2020 17:00:00.000,69.11,69.36,68.66,68.83,-0.405151208
03.03.2020 18:00:00.000,68.83,68.84,67.3,67.31,-2.208339387
03.03.2020 19:00:00.000,67.31,67.44,66.55,67.09,-0.326845937
03.03.2020 20:00:00.000,67.07,67.8,66.65,67.34,0.402564485
04.03.2020 14:00:00.000,67.86,67.95,67.11,67.21,-0.957854406
04.03.2020 15:00:00.000,67.21,68.11,67.15,67.42,0.312453504
04.03.2020 16:00:00.000,67.42,68.03,67.34,67.54,0.177988727
04.03.2020 17:00:00.000,67.54,68.35,67.53,68.33,1.169677228
04.03.2020 18:00:00.000,68.33,68.65,68.32,68.42,0.131713742
04.03.2020 19:00:00.000,68.42,68.9,68.25,68.48,0.087693657
04.03.2020 20:00:00.000,68.48,69.14,68.46,69.12,0.934579439
05.03.2020 14:00:00.000,67.78,67.86,66.71,66.98,-1.180289171
05.03.2020 15:00:00.000,66.98,67.73,66.7,67.27,0.432965064
05.03.2020 16:00:00.000,67.27,67.81,67.07,67.19,-0.11892374
05.03.2020 17:00:00.000,67.19,67.24,66.31,66.45,-1.101354368
05.03.2020 18:00:00.000,66.45,66.96,66.18,66.78,0.496613995
05.03.2020 19:00:00.000,66.78,66.79,66.09,66.16,-0.928421683
05.03.2020 20:00:00.000,66.17,66.2,65.26,65.76,-0.61961614
06.03.2020 14:00:00.000,63.56,63.89,63.06,63.46,-0.157331655
06.03.2020 15:00:00.000,63.46,64.89,63.25,64.45,1.560037819
06.03.2020 16:00:00.000,64.45,64.61,63.95,64,-0.698215671
06.03.2020 17:00:00.000,64,64.25,63.43,63.76,-0.375
06.03.2020 18:00:00.000,63.76,64.22,63.41,63.45,-0.486198243
06.03.2020 19:00:00.000,63.45,63.73,63.12,63.26,-0.299448385
06.03.2020 20:00:00.000,63.26,65.09,63.15,64.95,2.671514385
09.03.2020 14:00:00.000,60.11,61.43,32.46,61.27,1.929795375
09.03.2020 15:00:00.000,61.27,62.05,60.85,61.55,0.456993635
09.03.2020 16:00:00.000,61.55,62.56,61.45,62.35,1.299756296
09.03.2020 17:00:00.000,62.35,62.72,61.9,62.16,-0.304731355
09.03.2020 18:00:00.000,62.16,62.43,61.42,61.45,-1.142213642
09.03.2020 19:00:00.000,61.46,62.14,61.3,61.94,0.78099577
09.03.2020 20:00:00.000,61.94,62.18,61.21,61.44,-0.807232806
10.03.2020 14:00:00.000,62.71,62.77,61.99,62.35,-0.574071121
10.03.2020 15:00:00.000,62.37,62.9,61.92,61.92,-0.721500722
10.03.2020 16:00:00.000,61.92,62.4,60.9,61.25,-1.082041344
10.03.2020 17:00:00.000,61.25,62.33,61.25,61.82,0.930612245
10.03.2020 18:00:00.000,61.83,62.4,61.36,61.52,-0.501374737
10.03.2020 19:00:00.000,61.52,62.64,61.15,62.55,1.674252276
10.03.2020 20:00:00.000,62.56,63.6,62.46,63.55,1.582480818
11.03.2020 14:00:00.000,62.95,62.95,62.1,62.42,-0.841938046
11.03.2020 15:00:00.000,62.42,62.76,61.52,61.64,-1.249599487
11.03.2020 16:00:00.000,61.64,61.86,61.32,61.53,-0.178455548
11.03.2020 17:00:00.000,61.53,62.01,60.8,60.96,-0.926377377
11.03.2020 18:00:00.000,60.96,61.07,60.53,60.74,-0.360892388
11.03.2020 19:00:00.000,60.74,60.86,60.28,60.31,-0.707935463
11.03.2020 20:00:00.000,60.31,61.25,59.8,61.05,1.226993865
12.03.2020 14:00:00.000,56.22,57.81,30.39,57.66,2.561366062
12.03.2020 15:00:00.000,57.66,57.91,56.83,57.65,-0.017343045
12.03.2020 16:00:00.000,57.65,57.7,56.01,56.54,-1.925411969
12.03.2020 17:00:00.000,56.54,58.56,55.76,58.16,2.865228157
12.03.2020 18:00:00.000,58.16,59.62,56.9,57.85,-0.53301238
12.03.2020 19:00:00.000,57.85,58.1,56.63,56.65,-2.074330164
12.03.2020 20:00:00.000,56.65,57.59,56.3,56.65,0
13.03.2020 14:00:00.000,57.85,58.28,57.15,57.5,-0.605012965
13.03.2020 15:00:00.000,57.5,58.58,56.77,56.77,-1.269565217
13.03.2020 16:00:00.000,56.77,57.52,56.1,57.01,0.422758499
13.03.2020 17:00:00.000,57.01,57.72,56.62,57.02,0.017540782
13.03.2020 18:00:00.000,57.02,58.03,56.84,57.82,1.403016485
13.03.2020 19:00:00.000,57.82,57.83,56.21,56.83,-1.712210308
13.03.2020 20:00:00.000,56.83,59.91,55.88,59.85,5.314094668
16.03.2020 14:00:00.000,54.9,55.7,44.94,55.4,0.910746812
16.03.2020 15:00:00.000,55.4,56.85,55,56.55,2.075812274
16.03.2020 16:00:00.000,56.55,57.55,56.01,57.22,1.184792219
16.03.2020 17:00:00.000,57.22,57.32,55.83,55.96,-2.202027263
16.03.2020 18:00:00.000,55.96,56.56,55.41,55.44,-0.929235168
16.03.2020 19:00:00.000,55.43,55.86,54.57,55.14,-0.523182392
16.03.2020 20:00:00.000,55.17,55.77,54.12,54.17,-1.8125793
17.03.2020 14:00:00.000,54.32,54.35,52.8,53.09,-2.264359352
17.03.2020 15:00:00.000,53.1,54.89,52.81,54.41,2.467043315
17.03.2020 16:00:00.000,54.41,55.7,54.25,55.3,1.635728726
17.03.2020 17:00:00.000,55.3,56.5,54.24,54.55,-1.356238698
17.03.2020 18:00:00.000,54.55,55.07,53.76,54.88,0.604949588
17.03.2020 19:00:00.000,54.88,55.41,54.5,54.95,0.12755102
17.03.2020 20:00:00.000,54.9,56.22,54.15,55.88,1.785063752
18.03.2020 14:00:00.000,53,54.25,52.7,54.06,2
18.03.2020 15:00:00.000,54.06,55.29,53.85,54.91,1.572327044
18.03.2020 16:00:00.000,54.91,55.07,53.84,54.96,0.091058095
18.03.2020 17:00:00.000,54.95,55.11,53.55,53.55,-2.547770701
18.03.2020 18:00:00.000,53.5,53.59,52.02,52.28,-2.280373832
18.03.2020 19:00:00.000,52.28,54.64,51.85,54.45,4.150726855
18.03.2020 20:00:00.000,54.45,54.64,52.58,53.66,-1.45087236
19.03.2020 14:00:00.000,53.87,54.95,52.98,54.86,1.837757565
19.03.2020 15:00:00.000,54.86,56.27,54.35,55.19,0.60153117
19.03.2020 16:00:00.000,55.18,57.07,54.85,55.75,1.032982965
19.03.2020 17:00:00.000,55.75,57.07,55.1,56.44,1.237668161
19.03.2020 18:00:00.000,56.44,57.87,56.33,57.5,1.878100638
19.03.2020 19:00:00.000,57.5,57.84,56.7,57.37,-0.226086957
19.03.2020 20:00:00.000,57.37,57.62,55.6,55.83,-2.684329789
20.03.2020 14:00:00.000,56.68,57.04,55.33,55.83,-1.499647142
20.03.2020 15:00:00.000,55.83,56.56,55.75,56.39,1.003044958
20.03.2020 16:00:00.000,56.39,56.45,54.94,55.11,-2.269906012
20.03.2020 17:00:00.000,55.11,55.28,53.95,54.83,-0.50807476
20.03.2020 18:00:00.000,54.83,55.3,54.26,54.59,-0.437716579
20.03.2020 19:00:00.000,54.6,55.25,53.95,54.14,-0.842490842
20.03.2020 20:00:00.000,54.14,54.71,53.27,53.74,-0.738825268
23.03.2020 14:00:00.000,53.09,53.43,50.76,52.1,-1.864757958
23.03.2020 15:00:00.000,52.09,52.48,51.22,51.25,-1.612593588
23.03.2020 16:00:00.000,51.25,51.68,50.67,51.65,0.780487805
23.03.2020 17:00:00.000,51.65,53.23,51.45,52.98,2.575024201
23.03.2020 18:00:00.000,52.98,53.32,51.33,51.47,-2.850132125
23.03.2020 19:00:00.000,51.49,52.17,51.1,51.6,0.213633715
23.03.2020 20:00:00.000,51.6,53.09,51.25,53.09,2.887596899
24.03.2020 14:00:00.000,55.5,55.62,54.6,54.71,-1.423423423
24.03.2020 15:00:00.000,54.71,56.09,54.71,55.35,1.169804423
24.03.2020 16:00:00.000,55.35,56.55,55.08,56.14,1.427280939
24.03.2020 17:00:00.000,56.14,56.61,55.91,55.92,-0.391877449
24.03.2020 18:00:00.000,55.91,56.2,55.06,55.06,-1.520300483
24.03.2020 19:00:00.000,55.06,56.25,54.53,56.16,1.997820559
24.03.2020 20:00:00.000,56.15,56.58,55.93,56.52,0.658949243
25.03.2020 14:00:00.000,56.35,56.73,55.07,55.11,-2.200532387
25.03.2020 15:00:00.000,55.11,55.11,54.3,54.62,-0.889130829
25.03.2020 16:00:00.000,54.63,54.87,54.43,54.61,-0.036609921
25.03.2020 17:00:00.000,54.61,55.59,54.61,55.4,1.446621498
25.03.2020 18:00:00.000,55.4,57.4,55.35,56.5,1.985559567
25.03.2020 19:00:00.000,56.5,56.73,55.56,56.61,0.194690265
25.03.2020 20:00:00.000,56.61,56.99,54.98,55.38,-2.172760996
26.03.2020 14:00:00.000,55.3,55.67,54.68,55.62,0.578661844
26.03.2020 15:00:00.000,55.62,56.47,55.62,56.21,1.060769507
26.03.2020 16:00:00.000,56.21,57.24,55.98,57.16,1.690090731
26.03.2020 17:00:00.000,57.16,57.34,56.76,57.15,-0.017494752
26.03.2020 18:00:00.000,57.15,57.23,56.29,56.88,-0.472440945
26.03.2020 19:00:00.000,56.88,57.44,56.75,57.19,0.545007032
26.03.2020 20:00:00.000,57.19,58.44,56.5,58.39,2.098268928
27.03.2020 14:00:00.000,56.36,56.5,55.35,55.64,-1.277501774
27.03.2020 15:00:00.000,55.64,55.94,55.51,55.58,-0.107836089
27.03.2020 16:00:00.000,55.58,56.22,55.58,55.72,0.251889169
27.03.2020 17:00:00.000,55.72,55.81,55.61,55.78,0.107681263
27.03.2020 18:00:00.000,55.78,56.12,55.56,55.98,0.358551452
27.03.2020 19:00:00.000,56,56.8,55.9,56.75,1.339285714
27.03.2020 20:00:00.000,56.75,57.52,55.28,55.3,-2.555066079
30.03.2020 14:00:00.000,55.7,55.75,54.8,55.06,-1.149012567
30.03.2020 15:00:00.000,55.06,56.82,55,56.54,2.687976753
30.03.2020 16:00:00.000,56.54,57.05,56.35,56.88,0.601344181
30.03.2020 17:00:00.000,56.88,56.95,56.5,56.94,0.105485232
30.03.2020 18:00:00.000,56.94,56.99,56.65,56.8,-0.245872849
30.03.2020 19:00:00.000,56.8,57.17,56.4,56.95,0.264084507
30.03.2020 20:00:00.000,56.95,57.5,56.65,57.29,0.597014925
31.03.2020 14:00:00.000,57.09,57.47,56.93,57.03,-0.105097215
31.03.2020 15:00:00.000,57.03,58.67,57.03,58.13,1.928809399
31.03.2020 16:00:00.000,58.13,58.73,57.95,58.53,0.688112851
31.03.2020 17:00:00.000,58.53,58.61,57.65,57.96,-0.973859559
31.03.2020 18:00:00.000,57.96,58.45,57.9,58.34,0.655624569
31.03.2020 19:00:00.000,58.34,58.44,57.95,58.16,-0.308536167
31.03.2020 20:00:00.000,58.16,58.64,57.37,58.46,0.515818432
01.04.2020 14:00:00.000,56.06,56.39,55.73,55.77,-0.51730289
01.04.2020 15:00:00.000,55.77,56.47,55.7,56.29,0.932400932
01.04.2020 16:00:00.000,56.29,56.44,55.79,55.88,-0.728370936
01.04.2020 17:00:00.000,55.88,55.88,55.17,55.42,-0.823192555
01.04.2020 18:00:00.000,55.42,55.64,55.35,55.59,0.306748466
01.04.2020 19:00:00.000,55.59,55.73,55.19,55.2,-0.70156503
01.04.2020 20:00:00.000,55.2,55.51,54.86,55.42,0.398550725
02.04.2020 14:00:00.000,55.09,55.49,54.81,55.19,0.181521147
02.04.2020 15:00:00.000,55.19,55.61,55.05,55.44,0.452980612
02.04.2020 16:00:00.000,55.44,56.01,55.18,55.96,0.937950938
02.04.2020 17:00:00.000,55.98,56.25,55.75,56.18,0.357270454
02.04.2020 18:00:00.000,56.18,56.34,55.38,55.54,-1.139195443
02.04.2020 19:00:00.000,55.54,55.75,54.98,55.7,0.288080663
02.04.2020 20:00:00.000,55.7,56.16,55.5,55.9,0.359066427
03.04.2020 14:00:00.000,55.92,56.1,55.55,55.77,-0.268240343
03.04.2020 15:00:00.000,55.77,55.93,55.04,55.18,-1.057916443
03.04.2020 16:00:00.000,55.18,55.33,54.91,55.17,-0.018122508
03.04.2020 17:00:00.000,55.17,55.19,54.86,55,-0.308138481
03.04.2020 18:00:00.000,55,55.08,54.21,54.3,-1.272727273
03.04.2020 19:00:00.000,54.3,54.63,53.98,54.46,0.2946593
03.04.2020 20:00:00.000,54.46,54.93,54.04,54.9,0.807932427
06.04.2020 14:00:00.000,56.83,57.03,56.67,56.87,0.07038536
06.04.2020 15:00:00.000,56.87,57.65,56.87,57.44,1.002285915
06.04.2020 16:00:00.000,57.44,57.83,57.42,57.66,0.383008357
06.04.2020 17:00:00.000,57.66,58.33,57.63,58.3,1.109954908
06.04.2020 18:00:00.000,58.3,58.78,58.28,58.77,0.806174957
06.04.2020 19:00:00.000,58.77,58.78,58.16,58.58,-0.323294198
06.04.2020 20:00:00.000,58.58,59.69,58.47,59.43,1.45100717
07.04.2020 14:00:00.000,61.07,61.14,60.28,60.68,-0.63861143
07.04.2020 15:00:00.000,60.68,60.75,59.1,59.6,-1.779828609
07.04.2020 16:00:00.000,59.6,60.04,59.55,59.83,0.38590604
07.04.2020 17:00:00.000,59.83,60.49,59.83,60.27,0.735417015
07.04.2020 18:00:00.000,60.27,60.36,59.9,60.11,-0.265472042
07.04.2020 19:00:00.000,60.1,60.13,59.55,59.74,-0.599001664
07.04.2020 20:00:00.000,59.74,60.27,59.25,59.35,-0.652828925
08.04.2020 14:00:00.000,60.25,60.29,59.54,59.54,-1.178423237
08.04.2020 15:00:00.000,59.54,60.1,59.4,60.08,0.906953309
08.04.2020 16:00:00.000,60.08,60.46,59.88,60.25,0.282956059
08.04.2020 17:00:00.000,60.25,60.44,60.13,60.35,0.165975104
08.04.2020 18:00:00.000,60.35,60.45,59.9,59.95,-0.662800331
08.04.2020 19:00:00.000,59.98,60.76,59.95,60.71,1.217072357
08.04.2020 20:00:00.000,60.71,60.94,60.26,60.61,-0.164717509
09.04.2020 14:00:00.000,60.71,61.25,60.71,61.16,0.741228793
09.04.2020 15:00:00.000,61.16,61.2,59.83,60.45,-1.16088947
09.04.2020 16:00:00.000,60.45,60.5,59.93,60.3,-0.248138958
09.04.2020 17:00:00.000,60.5,60.95,60.35,60.86,0.595041322
09.04.2020 18:00:00.000,60.86,61.09,60.56,60.75,-0.180742688
09.04.2020 19:00:00.000,60.75,60.77,60.15,60.28,-0.773662551
09.04.2020 20:00:00.000,60.28,60.48,60.06,60.35,0.116124751
13.04.2020 14:00:00.000,60.34,60.88,59.9,59.94,-0.662910176
13.04.2020 15:00:00.000,59.94,60.02,59.55,59.65,-0.48381715
13.04.2020 16:00:00.000,59.65,60.07,59.36,59.95,0.50293378
13.04.2020 17:00:00.000,59.95,60.09,59.72,59.79,-0.266889074
13.04.2020 18:00:00.000,59.79,60,59.56,59.95,0.267603278
13.04.2020 19:00:00.000,59.95,60.08,59.78,59.91,-0.066722269
13.04.2020 20:00:00.000,59.92,60.95,59.7,60.87,1.585447263
14.04.2020 14:00:00.000,62.03,62.65,61.9,62.64,0.983395131
14.04.2020 15:00:00.000,62.64,62.9,62.55,62.63,-0.01596424
14.04.2020 16:00:00.000,62.63,62.85,62.3,62.8,0.271435414
14.04.2020 17:00:00.000,62.83,63.74,62.81,63.63,1.273277097
14.04.2020 18:00:00.000,63.63,63.91,63.41,63.91,0.440044004
14.04.2020 19:00:00.000,63.9,64.08,63.7,64,0.156494523
14.04.2020 20:00:00.000,64,64.01,63.51,63.51,-0.765625
15.04.2020 14:00:00.000,62.5,62.87,62.03,62.2,-0.48
15.04.2020 15:00:00.000,62.2,62.72,62.15,62.64,0.707395498
15.04.2020 16:00:00.000,62.64,62.69,62.29,62.49,-0.239463602
15.04.2020 17:00:00.000,62.49,63.18,62.49,63.16,1.072171547
15.04.2020 18:00:00.000,63.16,63.33,63.01,63.17,0.015832806
15.04.2020 19:00:00.000,63.17,63.91,63.17,63.9,1.155611841
15.04.2020 20:00:00.000,63.9,64.02,63.02,63.02,-1.3771518
16.04.2020 14:00:00.000,63.79,63.84,63.21,63.23,-0.877880546
16.04.2020 15:00:00.000,63.23,63.3,62.5,63.22,-0.015815278
16.04.2020 16:00:00.000,63.23,63.61,62.95,63.55,0.506088882
16.04.2020 17:00:00.000,63.55,63.6,62.39,62.65,-1.41620771
16.04.2020 18:00:00.000,62.65,62.67,62.26,62.38,-0.430965682
16.04.2020 19:00:00.000,62.38,62.63,62.13,62.5,0.192369349
16.04.2020 20:00:00.000,62.5,63.36,62.13,63.36,1.376
17.04.2020 14:00:00.000,63.89,64.42,63.68,64.28,0.610424167
17.04.2020 15:00:00.000,64.28,64.7,63.55,63.79,-0.762289981
17.04.2020 16:00:00.000,63.79,64.3,63.74,64.13,0.532998903
17.04.2020 17:00:00.000,64.13,64.15,63.87,64.09,-0.062373304
17.04.2020 18:00:00.000,64.07,64.09,63.78,63.9,-0.26533479
17.04.2020 19:00:00.000,63.9,63.96,63.57,63.89,-0.015649452
17.04.2020 20:00:00.000,63.89,64.32,63.86,64.28,0.610424167
20.04.2020 14:00:00.000,63.7,63.7,63.06,63.27,-0.675039246
20.04.2020 15:00:00.000,63.27,63.66,63.23,63.58,0.489963648
20.04.2020 16:00:00.000,63.58,63.96,63.53,63.94,0.566215791
20.04.2020 17:00:00.000,63.95,64.05,63.62,63.67,-0.437842064
20.04.2020 18:00:00.000,63.67,63.9,63.42,63.83,0.251295744
20.04.2020 19:00:00.000,63.83,63.91,63.2,63.21,-0.971330096
20.04.2020 20:00:00.000,63.21,63.51,63.19,63.47,0.411327322
21.04.2020 14:00:00.000,62.2,62.2,61.48,61.62,-0.932475884
21.04.2020 15:00:00.000,61.62,62.02,60.64,60.73,-1.444336254
21.04.2020 16:00:00.000,60.72,61.18,60.46,61.17,0.741106719
21.04.2020 17:00:00.000,61.17,61.34,60.72,60.94,-0.376001308
21.04.2020 18:00:00.000,60.94,61.49,60.9,61.25,0.508697079
21.04.2020 19:00:00.000,61.25,61.67,60.98,61.04,-0.342857143
21.04.2020 20:00:00.000,61.04,61.4,60.75,60.76,-0.458715596
22.04.2020 14:00:00.000,62.23,62.85,62.21,62.85,0.996304033
22.04.2020 15:00:00.000,62.83,63.45,62.62,63.25,0.668470476
22.04.2020 16:00:00.000,63.25,63.34,62.88,62.93,-0.505928854
22.04.2020 17:00:00.000,62.93,63.22,62.83,63.21,0.444938821
22.04.2020 18:00:00.000,63.21,63.84,63.13,63.78,0.901756051
22.04.2020 19:00:00.000,63.78,64.22,63.71,64.18,0.627155848
22.04.2020 20:00:00.000,64.18,64.26,63.41,63.42,-1.184169523
23.04.2020 14:00:00.000,63.68,64.29,63.68,64.03,0.549623116
23.04.2020 15:00:00.000,64.03,64.66,63.84,64.38,0.546618772
23.04.2020 16:00:00.000,64.38,64.38,63.88,63.94,-0.683442063
23.04.2020 17:00:00.000,63.94,64.35,63.29,64.03,0.14075696
23.04.2020 18:00:00.000,64.03,64.28,63.45,63.55,-0.749648602
23.04.2020 19:00:00.000,63.55,64.18,63.36,64.13,0.912667191
23.04.2020 20:00:00.000,64.14,64.14,63.59,63.87,-0.420954163
24.04.2020 14:00:00.000,62.55,62.96,62.45,62.52,-0.047961631
24.04.2020 15:00:00.000,62.53,63.22,62.52,62.9,0.591715976
24.04.2020 16:00:00.000,62.9,63.03,62.7,62.82,-0.12718601
24.04.2020 17:00:00.000,62.82,63.09,62.74,63.08,0.41388093
24.04.2020 18:00:00.000,63.09,63.55,63.06,63.53,0.697416389
24.04.2020 19:00:00.000,63.53,63.85,63.41,63.68,0.236108925
24.04.2020 20:00:00.000,63.68,64,63.47,63.93,0.39258794
27.04.2020 14:00:00.000,64.01,64.37,63.81,64.05,0.062490236
27.04.2020 15:00:00.000,64.05,64.53,63.95,64.15,0.156128025
27.04.2020 16:00:00.000,64.15,64.28,63.93,63.98,-0.265003897
27.04.2020 17:00:00.000,63.98,64.01,63.71,63.9,-0.125039075
27.04.2020 18:00:00.000,63.9,63.93,63.45,63.73,-0.266040689
27.04.2020 19:00:00.000,63.73,63.94,63.66,63.75,0.031382394
27.04.2020 20:00:00.000,63.75,63.98,63.66,63.78,0.047058824
28.04.2020 14:00:00.000,63.8,63.81,63.34,63.34,-0.721003135
28.04.2020 15:00:00.000,63.34,63.48,62.64,62.74,-0.947268709
28.04.2020 16:00:00.000,62.74,62.98,62.56,62.58,-0.25502072
28.04.2020 17:00:00.000,62.58,62.76,62.22,62.3,-0.447427293
28.04.2020 18:00:00.000,62.31,62.5,62.11,62.19,-0.19258546
28.04.2020 19:00:00.000,62.19,62.47,62.12,62.2,0.016079756
28.04.2020 20:00:00.000,62.2,62.27,61.61,61.69,-0.819935691
29.04.2020 14:00:00.000,67.26,67.42,66.26,66.69,-0.847457627
29.04.2020 15:00:00.000,66.69,67.59,66.26,66.93,0.359874044
29.04.2020 16:00:00.000,66.93,67.21,66.6,66.67,-0.388465561
29.04.2020 17:00:00.000,66.67,67.4,66.67,66.9,0.344982751
29.04.2020 18:00:00.000,66.9,67.47,66.9,67.44,0.807174888
29.04.2020 19:00:00.000,67.44,67.74,67.1,67.68,0.355871886
29.04.2020 20:00:00.000,67.68,67.99,67.25,67.25,-0.63534279
30.04.2020 14:00:00.000,66.39,67.35,66.27,67.16,1.159813225
30.04.2020 15:00:00.000,67.16,67.32,66.36,66.43,-1.086956522
30.04.2020 16:00:00.000,66.43,66.8,66.23,66.25,-0.270961915
30.04.2020 17:00:00.000,66.25,66.5,66.13,66.49,0.362264151
30.04.2020 18:00:00.000,66.49,66.73,66.3,66.43,-0.090239134
30.04.2020 19:00:00.000,66.43,66.7,66.36,66.44,0.01505344
30.04.2020 20:00:00.000,66.44,67.3,66.43,67.28,1.264298615
01.05.2020 14:00:00.000,66.69,67.2,66.47,67.18,0.73474284
01.05.2020 15:00:00.000,67.18,67.59,66.75,66.8,-0.565644537
01.05.2020 16:00:00.000,66.8,66.83,66.36,66.37,-0.643712575
01.05.2020 17:00:00.000,66.37,66.54,65.9,65.93,-0.662950128
01.05.2020 18:00:00.000,65.93,65.99,65.54,65.71,-0.333687244
01.05.2020 19:00:00.000,65.71,66.25,65.65,65.83,0.182620606
01.05.2020 20:00:00.000,65.83,66.41,65.79,65.96,0.197478353
04.05.2020 14:00:00.000,65.1,65.5,64.96,65.48,0.583717358
04.05.2020 15:00:00.000,65.48,65.9,65.31,65.32,-0.24434942
04.05.2020 16:00:00.000,65.33,65.91,65.23,65.65,0.489820909
04.05.2020 17:00:00.000,65.65,65.8,65.5,65.56,-0.137090632
04.05.2020 18:00:00.000,65.56,65.91,65.4,65.9,0.518608908
04.05.2020 19:00:00.000,65.9,66.01,65.73,65.99,0.136570561
04.05.2020 20:00:00.000,65.99,66.26,65.9,66.15,0.242460979
05.05.2020 14:00:00.000,67.28,67.74,67.06,67.7,0.624256837
05.05.2020 15:00:00.000,67.7,68.15,67.66,68.11,0.605612999
05.05.2020 16:00:00.000,68.11,68.36,67.97,68.33,0.323006901
05.05.2020 17:00:00.000,68.33,68.52,68.15,68.27,-0.087809161
05.05.2020 18:00:00.000,68.27,68.58,68.24,68.5,0.336897612
05.05.2020 19:00:00.000,68.5,68.69,68.27,68.46,-0.058394161
05.05.2020 20:00:00.000,68.46,68.67,67.48,67.78,-0.993280748
06.05.2020 14:00:00.000,68.23,68.54,67.67,67.75,-0.703502858
06.05.2020 15:00:00.000,67.75,68.39,67.42,68.22,0.693726937
06.05.2020 16:00:00.000,68.22,68.41,67.96,68.25,0.043975374
06.05.2020 17:00:00.000,68.25,68.39,68.11,68.15,-0.146520147
06.05.2020 18:00:00.000,68.15,68.43,68.06,68.32,0.249449743
06.05.2020 19:00:00.000,68.32,68.32,67.86,67.86,-0.673302108
06.05.2020 20:00:00.000,67.86,68,67.41,67.5,-0.530503979
07.05.2020 14:00:00.000,68.19,68.29,67.94,68.18,-0.014664907
07.05.2020 15:00:00.000,68.18,68.23,67.75,67.83,-0.513347023
07.05.2020 16:00:00.000,67.83,68.41,67.83,68.34,0.751879699
07.05.2020 17:00:00.000,68.36,68.78,68.35,68.77,0.599765945
07.05.2020 18:00:00.000,68.77,68.87,68.58,68.78,0.014541224
07.05.2020 19:00:00.000,68.78,68.85,68.48,68.59,-0.276243094
07.05.2020 20:00:00.000,68.59,68.63,68.26,68.59,0
08.05.2020 14:00:00.000,68.9,69.15,68.76,68.86,-0.058055152
08.05.2020 15:00:00.000,68.86,69.65,68.85,69.45,0.856810921
08.05.2020 16:00:00.000,69.45,69.8,69.31,69.77,0.460763139
08.05.2020 17:00:00.000,69.77,69.91,69.66,69.91,0.200659309
08.05.2020 18:00:00.000,69.91,69.92,69.33,69.4,-0.729509369
08.05.2020 19:00:00.000,69.4,69.47,69.23,69.4,0
08.05.2020 20:00:00.000,69.4,69.66,69.32,69.44,0.057636888
11.05.2020 14:00:00.000,69.14,69.6,69.11,69.26,0.173560891
11.05.2020 15:00:00.000,69.26,69.67,69.26,69.57,0.447588796
11.05.2020 16:00:00.000,69.57,69.99,69.55,69.97,0.574960471
11.05.2020 17:00:00.000,69.97,70.12,69.9,70.06,0.128626554
11.05.2020 18:00:00.000,70.06,70.34,70.03,70.29,0.328290037
11.05.2020 19:00:00.000,70.29,70.72,70.16,70.68,0.554844217
11.05.2020 20:00:00.000,70.69,70.79,70.2,70.23,-0.650728533
12.05.2020 14:00:00.000,70.49,70.52,69.57,69.78,-1.007235069
12.05.2020 15:00:00.000,69.78,70.25,69.7,70.21,0.616222413
12.05.2020 16:00:00.000,70.21,70.36,69.95,70.12,-0.128186868
12.05.2020 17:00:00.000,70.12,70.23,70.01,70.17,0.071306332
12.05.2020 18:00:00.000,70.17,70.18,69.68,69.94,-0.327775403
12.05.2020 19:00:00.000,69.94,69.95,69.63,69.84,-0.142979697
12.05.2020 20:00:00.000,69.83,69.86,68.85,68.85,-1.403408277
13.05.2020 14:00:00.000,68.59,68.83,68.14,68.71,0.174952617
13.05.2020 15:00:00.000,68.71,69.26,68.43,68.49,-0.32018629
13.05.2020 16:00:00.000,68.49,68.72,67.37,67.45,-1.51846985
13.05.2020 17:00:00.000,67.45,67.58,66.88,67.41,-0.059303188
13.05.2020 18:00:00.000,67.41,67.5,66.88,67.04,-0.548879988
13.05.2020 19:00:00.000,67.04,67.42,66.6,66.6,-0.656324582
13.05.2020 20:00:00.000,66.6,67.56,66.42,67.54,1.411411411
14.05.2020 14:00:00.000,66.91,67.24,66.18,66.3,-0.911672396
14.05.2020 15:00:00.000,66.3,66.81,66.21,66.47,0.256410256
14.05.2020 16:00:00.000,66.47,67.04,66.43,66.7,0.346020761
14.05.2020 17:00:00.000,66.71,67.23,66.62,67.21,0.749512817
14.05.2020 18:00:00.000,67.21,67.39,66.95,67.13,-0.119029906
14.05.2020 19:00:00.000,67.13,67.22,66.69,67.02,-0.163861165
14.05.2020 20:00:00.000,67.02,67.81,66.9,67.79,1.148910773
15.05.2020 14:00:00.000,67.03,67.21,66.92,67.13,0.149186931
15.05.2020 15:00:00.000,67.14,67.77,67.08,67.41,0.402144772
15.05.2020 16:00:00.000,67.41,67.68,67.29,67.67,0.385699451
15.05.2020 17:00:00.000,67.66,68.3,67.61,68.27,0.901566657
15.05.2020 18:00:00.000,68.27,68.6,68.1,68.37,0.146477223
15.05.2020 19:00:00.000,68.37,68.61,68.18,68.3,-0.102384087
15.05.2020 20:00:00.000,68.3,68.73,68.26,68.52,0.322108346
18.05.2020 14:00:00.000,67.77,68.66,67.72,68.28,0.752545374
18.05.2020 15:00:00.000,68.28,69.25,68.21,69.22,1.376684241
18.05.2020 16:00:00.000,69.22,69.53,69.08,69.24,0.028893383
18.05.2020 17:00:00.000,69.24,69.27,68.96,69.11,-0.187752744
18.05.2020 18:00:00.000,69.12,69.55,69.11,69.51,0.564236111
18.05.2020 19:00:00.000,69.51,69.61,69.2,69.29,-0.316501223
18.05.2020 20:00:00.000,69.29,69.53,68.98,69.47,0.259777746
19.05.2020 14:00:00.000,69.16,69.4,69,69.18,0.02891845
19.05.2020 15:00:00.000,69.18,69.44,69.1,69.28,0.144550448
19.05.2020 16:00:00.000,69.27,69.58,69.26,69.45,0.25985275
19.05.2020 17:00:00.000,69.45,69.49,69.25,69.4,-0.07199424
19.05.2020 18:00:00.000,69.41,69.59,69.32,69.43,0.028814292
19.05.2020 19:00:00.000,69.43,69.51,69.09,69.11,-0.460895866
19.05.2020 20:00:00.000,69.11,69.54,68.7,68.7,-0.593257126
20.05.2020 14:00:00.000,69.53,70.15,69.45,70.13,0.862936862
20.05.2020 15:00:00.000,70.13,70.3,69.72,69.9,-0.327962356
20.05.2020 16:00:00.000,69.9,70.47,69.89,70.43,0.758226037
20.05.2020 17:00:00.000,70.43,70.49,70.03,70.35,-0.11358796
20.05.2020 18:00:00.000,70.36,70.43,70,70.39,0.042637862
20.05.2020 19:00:00.000,70.39,70.52,70.02,70.46,0.099445944
20.05.2020 20:00:00.000,70.46,70.51,70.15,70.28,-0.255464093
21.05.2020 14:00:00.000,70.18,70.75,70.15,70.34,0.227985181
21.05.2020 15:00:00.000,70.37,70.37,69.88,70.13,-0.341054427
21.05.2020 16:00:00.000,70.13,70.25,69.65,70.06,-0.09981463
21.05.2020 17:00:00.000,70.06,70.57,70.06,70.28,0.314016557
21.05.2020 18:00:00.000,70.28,70.46,70.09,70.21,-0.099601594
21.05.2020 19:00:00.000,70.21,70.35,69.98,70.13,-0.113943883
21.05.2020 20:00:00.000,70.13,70.45,70.13,70.15,0.028518466
22.05.2020 14:00:00.000,69.94,70.28,69.57,70.2,0.371747212
22.05.2020 15:00:00.000,70.2,70.22,69.75,69.75,-0.641025641
22.05.2020 16:00:00.000,69.75,69.95,69.71,69.85,0.143369176
22.05.2020 17:00:00.000,69.85,70,69.71,69.94,0.12884753
22.05.2020 18:00:00.000,69.94,70.21,69.94,70.13,0.271661424
22.05.2020 19:00:00.000,70.13,70.44,70.12,70.3,0.242406959
22.05.2020 20:00:00.000,70.3,70.62,70.21,70.61,0.440967283
26.05.2020 14:00:00.000,71.65,71.88,71.45,71.77,0.167480809
26.05.2020 15:00:00.000,71.77,72.04,71.73,71.91,0.195067577
26.05.2020 16:00:00.000,71.91,72.02,71.03,71.35,-0.778751217
26.05.2020 17:00:00.000,71.35,71.71,71.27,71.66,0.434477926
26.05.2020 18:00:00.000,71.66,71.81,71.44,71.62,-0.055819146
26.05.2020 19:00:00.000,71.62,71.67,71.2,71.29,-0.460765149
26.05.2020 20:00:00.000,71.29,71.31,70.75,70.88,-0.575115725
27.05.2020 14:00:00.000,70.57,70.72,70.1,70.16,-0.580983421
27.05.2020 15:00:00.000,70.17,70.49,69.55,69.96,-0.299273194
27.05.2020 16:00:00.000,69.95,70.26,69.64,70.17,0.314510365
27.05.2020 17:00:00.000,70.17,70.59,70.08,70.43,0.370528716
27.05.2020 18:00:00.000,70.43,70.49,70.22,70.31,-0.17038194
27.05.2020 19:00:00.000,70.31,71.05,70.31,71.05,1.052481866
27.05.2020 20:00:00.000,71.05,71.07,70.58,70.83,-0.309641098
28.05.2020 14:00:00.000,70.2,71.13,70.15,70.9,0.997150997
28.05.2020 15:00:00.000,70.92,71.16,70.72,71.09,0.239706712
28.05.2020 16:00:00.000,71.09,71.45,70.9,71.42,0.464200309
28.05.2020 17:00:00.000,71.44,71.85,71.33,71.82,0.531914894
28.05.2020 18:00:00.000,71.82,72.01,71.69,71.7,-0.167084378
28.05.2020 19:00:00.000,71.7,71.82,71.38,71.52,-0.251046025
28.05.2020 20:00:00.000,71.52,71.79,70.6,70.75,-1.076621924
29.05.2020 14:00:00.000,71.12,71.61,70.87,71.38,0.365579303
29.05.2020 15:00:00.000,71.38,71.38,70.77,71.12,-0.364247688
29.05.2020 16:00:00.000,71.13,71.39,70.77,71.2,0.098411359
29.05.2020 17:00:00.000,71.2,71.35,70.78,71.22,0.028089888
29.05.2020 18:00:00.000,71.22,71.32,70.85,70.95,-0.379106992
29.05.2020 19:00:00.000,70.95,71.42,70.65,71.36,0.577871741
29.05.2020 20:00:00.000,71.36,71.58,71.12,71.47,0.154147982
01.06.2020 14:00:00.000,71.4,71.77,71.21,71.55,0.210084034
01.06.2020 15:00:00.000,71.58,71.88,71.35,71.55,-0.041911148
01.06.2020 16:00:00.000,71.55,71.59,71.27,71.44,-0.153738644
01.06.2020 17:00:00.000,71.45,71.61,71.36,71.43,-0.027991603
01.06.2020 18:00:00.000,71.43,71.61,71.42,71.48,0.0699986
01.06.2020 19:00:00.000,71.48,71.52,71.32,71.44,-0.055959709
01.06.2020 20:00:00.000,71.44,71.62,71.37,71.6,0.223964166
02.06.2020 14:00:00.000,71.31,71.59,71.25,71.37,0.084139672
02.06.2020 15:00:00.000,71.37,71.65,71.23,71.28,-0.126103405
02.06.2020 16:00:00.000,71.28,71.32,70.94,71.13,-0.21043771
02.06.2020 17:00:00.000,71.13,71.43,71.13,71.39,0.365527907
02.06.2020 18:00:00.000,71.39,71.64,71.39,71.59,0.280151282
02.06.2020 19:00:00.000,71.59,71.72,71.4,71.5,-0.125715882
02.06.2020 20:00:00.000,71.5,71.81,71.32,71.77,0.377622378
03.06.2020 14:00:00.000,71.77,72.26,71.69,72.23,0.640936324
03.06.2020 15:00:00.000,72.23,72.29,71.74,71.74,-0.678388481
03.06.2020 16:00:00.000,71.74,71.89,71.57,71.65,-0.125453025
03.06.2020 17:00:00.000,71.65,71.74,71.46,71.63,-0.027913468
03.06.2020 18:00:00.000,71.63,71.74,71.51,71.6,-0.041881893
03.06.2020 19:00:00.000,71.6,71.96,71.59,71.88,0.391061453
03.06.2020 20:00:00.000,71.88,72.03,71.58,71.66,-0.306065665
04.06.2020 14:00:00.000,71.44,71.94,71.25,71.7,0.363941769
04.06.2020 15:00:00.000,71.7,71.85,71.38,71.39,-0.432357043
04.06.2020 16:00:00.000,71.39,71.41,70.82,70.87,-0.728393332
04.06.2020 17:00:00.000,70.87,71.07,70.68,70.73,-0.1975448
04.06.2020 18:00:00.000,70.73,71.02,70.7,70.98,0.353456808
04.06.2020 19:00:00.000,70.98,71.04,70.5,70.51,-0.662158354
04.06.2020 20:00:00.000,70.51,70.66,70.22,70.47,-0.056729542
05.06.2020 14:00:00.000,70.52,71.39,70.51,71.34,1.162790698
05.06.2020 15:00:00.000,71.34,71.68,71.15,71.54,0.280347631
05.06.2020 16:00:00.000,71.54,72.04,71.36,71.9,0.503214985
05.06.2020 17:00:00.000,71.9,72.21,71.88,72.09,0.264255911
05.06.2020 18:00:00.000,72.09,72.25,71.66,71.67,-0.582605077
05.06.2020 19:00:00.000,71.67,72.16,71.63,72.01,0.47439654
05.06.2020 20:00:00.000,72.01,72.12,71.57,71.75,-0.361060964
08.06.2020 14:00:00.000,71.48,71.71,71.31,71.43,-0.069949636
08.06.2020 15:00:00.000,71.45,71.91,71.16,71.72,0.377886634
08.06.2020 16:00:00.000,71.72,71.98,71.7,71.83,0.153374233
08.06.2020 17:00:00.000,71.83,71.9,71.65,71.7,-0.180982876
08.06.2020 18:00:00.000,71.7,71.87,71.6,71.83,0.181311018
08.06.2020 19:00:00.000,71.83,72.05,71.81,71.96,0.180982876
08.06.2020 20:00:00.000,71.96,72.29,71.85,72.19,0.319622012
09.06.2020 14:00:00.000,72.47,72.9,72.36,72.8,0.455360839
09.06.2020 15:00:00.000,72.8,73.39,72.64,73.25,0.618131868
09.06.2020 16:00:00.000,73.25,73.33,72.98,72.98,-0.368600683
09.06.2020 17:00:00.000,72.98,73.05,72.84,72.93,-0.068511921
09.06.2020 18:00:00.000,72.93,72.98,72.72,72.9,-0.041135335
09.06.2020 19:00:00.000,72.9,72.98,72.72,72.86,-0.054869684
09.06.2020 20:00:00.000,72.86,73.05,72.72,72.72,-0.192149327
10.06.2020 14:00:00.000,73.13,73.57,73.06,73.38,0.341856967
10.06.2020 15:00:00.000,73.4,73.69,72.85,72.98,-0.572207084
10.06.2020 16:00:00.000,72.99,73.24,72.85,72.93,-0.082203042
10.06.2020 17:00:00.000,72.94,73.05,72.84,72.96,0.027419797
10.06.2020 18:00:00.000,72.96,73.08,72.85,72.95,-0.01370614
10.06.2020 19:00:00.000,72.95,73.56,72.81,73.38,0.589444825
10.06.2020 20:00:00.000,73.38,73.7,73.2,73.37,-0.013627691
11.06.2020 14:00:00.000,72.08,72.26,71.58,71.98,-0.138734739
11.06.2020 15:00:00.000,71.98,72.71,71.86,72.28,0.41678244
11.06.2020 16:00:00.000,72.28,72.38,71.9,72.13,-0.207526287
11.06.2020 17:00:00.000,72.13,72.14,70.89,70.89,-1.719118259
11.06.2020 18:00:00.000,70.89,71.51,70.86,71.28,0.550148117
11.06.2020 19:00:00.000,71.28,71.29,70.33,70.53,-1.052188552
11.06.2020 20:00:00.000,70.53,71.02,70.18,70.25,-0.396994187
12.06.2020 14:00:00.000,71.24,71.85,71.12,71.66,0.589556429
12.06.2020 15:00:00.000,71.66,71.68,70.35,70.36,-1.814122244
12.06.2020 16:00:00.000,70.36,71.12,70.15,71.08,1.023308698
12.06.2020 17:00:00.000,71.08,71.3,70.35,70.56,-0.731570062
12.06.2020 18:00:00.000,70.58,70.62,69.45,69.46,-1.586851799
12.06.2020 19:00:00.000,69.46,69.98,69.3,69.78,0.460696804
12.06.2020 20:00:00.000,69.78,70.88,69.59,70.88,1.576382918
15.06.2020 14:00:00.000,69.45,69.92,69.38,69.82,0.532757379
15.06.2020 15:00:00.000,69.82,70.03,69.5,69.63,-0.27212833
15.06.2020 16:00:00.000,69.63,70.26,69.63,70.24,0.87605917
15.06.2020 17:00:00.000,70.25,70.55,70.16,70.55,0.427046263
15.06.2020 18:00:00.000,70.55,70.69,70.39,70.48,-0.099220411
15.06.2020 19:00:00.000,70.48,71.25,70.48,71,0.737797957
15.06.2020 20:00:00.000,71,71.18,70.61,70.9,-0.14084507
16.06.2020 14:00:00.000,72.05,72.55,71.88,72.33,0.388619015
16.06.2020 15:00:00.000,72.33,72.75,71.6,71.6,-1.0092631
16.06.2020 16:00:00.000,71.56,72.22,71.3,72.1,0.754611515
16.06.2020 17:00:00.000,72.1,72.24,71.78,72.07,-0.041608877
16.06.2020 18:00:00.000,72.07,72.31,72.01,72.07,0
16.06.2020 19:00:00.000,72.08,72.33,71.87,72.12,0.055493896
16.06.2020 20:00:00.000,72.11,72.22,71.76,72.04,-0.097073915
17.06.2020 14:00:00.000,72.17,72.44,71.93,72.05,-0.166274075
17.06.2020 15:00:00.000,72.05,72.26,71.56,72.18,0.180430257
17.06.2020 16:00:00.000,72.17,72.41,72.13,72.4,0.318691977
17.06.2020 17:00:00.000,72.4,72.87,72.33,72.86,0.635359116
17.06.2020 18:00:00.000,72.87,72.99,72.76,72.83,-0.054892274
17.06.2020 19:00:00.000,72.83,72.96,72.75,72.76,-0.096114239
17.06.2020 20:00:00.000,72.76,72.76,72.21,72.53,-0.316107752
18.06.2020 14:00:00.000,72.31,72.35,72.01,72.01,-0.414880376
18.06.2020 15:00:00.000,72.01,72.3,71.64,72.02,0.01388696
18.06.2020 16:00:00.000,72.02,72.09,71.65,71.67,-0.485976118
18.06.2020 17:00:00.000,71.67,71.85,71.58,71.74,0.097669876
18.06.2020 18:00:00.000,71.74,72.01,71.69,71.91,0.236966825
18.06.2020 19:00:00.000,71.91,71.93,71.41,71.41,-0.695313586
18.06.2020 20:00:00.000,71.41,71.78,71.34,71.76,0.490127433
19.06.2020 14:00:00.000,72.04,72.29,71.96,72.12,0.111049417
19.06.2020 15:00:00.000,72.12,72.34,71.85,71.98,-0.19412091
19.06.2020 16:00:00.000,71.98,72.05,71.63,71.64,-0.472353432
19.06.2020 17:00:00.000,71.64,71.82,71.15,71.76,0.167504188
19.06.2020 18:00:00.000,71.76,71.91,71.33,71.37,-0.543478261
19.06.2020 19:00:00.000,71.37,71.55,71.07,71.44,0.098080426
19.06.2020 20:00:00.000,71.44,71.55,71.15,71.4,-0.055991041
22.06.2020 14:00:00.000,71.62,71.72,71.15,71.54,-0.111700642
22.06.2020 15:00:00.000,71.55,71.98,71.48,71.77,0.307477289
22.06.2020 16:00:00.000,71.77,72.25,71.68,72.07,0.418001951
22.06.2020 17:00:00.000,72.07,72.47,72.07,72.39,0.444012765
22.06.2020 18:00:00.000,72.39,72.5,72.3,72.34,-0.069070314
22.06.2020 19:00:00.000,72.34,72.44,72.15,72.43,0.124412497
22.06.2020 20:00:00.000,72.43,72.5,72.21,72.48,0.069032169
23.06.2020 14:00:00.000,72.35,72.68,72.29,72.59,0.331720802
23.06.2020 15:00:00.000,72.59,73.09,72.5,73.06,0.647472104
23.06.2020 16:00:00.000,73.05,73.24,72.95,73.24,0.260095825
23.06.2020 17:00:00.000,73.24,73.48,73.15,73.42,0.24576734
23.06.2020 18:00:00.000,73.42,73.79,73.42,73.7,0.381367475
23.06.2020 19:00:00.000,73.7,73.74,73.47,73.54,-0.217096336
23.06.2020 20:00:00.000,73.54,73.61,72.96,73.29,-0.339951047
24.06.2020 14:00:00.000,73.46,73.77,72.75,72.76,-0.952899537
24.06.2020 15:00:00.000,72.76,72.96,72.3,72.49,-0.371083013
24.06.2020 16:00:00.000,72.49,72.59,71.65,71.88,-0.841495379
24.06.2020 17:00:00.000,71.87,72.16,71.65,72.16,0.403506331
24.06.2020 18:00:00.000,72.16,72.33,71.68,71.88,-0.388026608
24.06.2020 19:00:00.000,71.88,71.93,71.5,71.61,-0.375626043
24.06.2020 20:00:00.000,71.61,72.07,71.51,71.52,-0.125680771
25.06.2020 14:00:00.000,71.66,71.68,70.99,71.37,-0.404688808
25.06.2020 15:00:00.000,71.37,71.8,71.22,71.74,0.518425109
25.06.2020 16:00:00.000,71.73,71.74,71.23,71.56,-0.236999861
25.06.2020 17:00:00.000,71.56,71.91,71.53,71.65,0.125768586
25.06.2020 18:00:00.000,71.65,71.93,71.43,71.77,0.167480809
25.06.2020 19:00:00.000,71.77,71.78,71.38,71.5,-0.376201756
25.06.2020 20:00:00.000,71.5,72.09,71.41,72.08,0.811188811
26.06.2020 14:00:00.000,71.58,71.6,70.69,70.87,-0.991897178
26.06.2020 15:00:00.000,70.84,70.85,69.47,69.61,-1.736307171
26.06.2020 16:00:00.000,69.61,70.09,69.59,69.94,0.474069818
26.06.2020 17:00:00.000,69.94,69.96,69.13,69.53,-0.586216757
26.06.2020 18:00:00.000,69.52,69.72,69.2,69.34,-0.258918297
26.06.2020 19:00:00.000,69.34,69.54,68.59,68.74,-0.865301413
26.06.2020 20:00:00.000,68.74,69.09,67.66,67.66,-1.57113762
29.06.2020 14:00:00.000,67.8,68.5,67.38,68.49,1.017699115
29.06.2020 15:00:00.000,68.49,69.08,68.2,68.96,0.686231567
29.06.2020 16:00:00.000,68.96,69.33,68.64,69.26,0.435034803
29.06.2020 17:00:00.000,69.27,69.45,69.12,69.27,0
29.06.2020 18:00:00.000,69.27,69.42,69.05,69.31,0.057745056
29.06.2020 19:00:00.000,69.31,69.44,69.08,69.15,-0.23084692
29.06.2020 20:00:00.000,69.15,69.54,69.03,69.52,0.535068691
30.06.2020 14:00:00.000,69.48,69.78,69.37,69.39,-0.129533679
30.06.2020 15:00:00.000,69.39,69.63,69.17,69.57,0.259403372
30.06.2020 16:00:00.000,69.58,70.07,69.56,69.93,0.503018109
30.06.2020 17:00:00.000,69.93,70.11,69.62,69.7,-0.328900329
30.06.2020 18:00:00.000,69.7,69.92,69.55,69.91,0.301291248
30.06.2020 19:00:00.000,69.91,70.33,69.8,70.3,0.557860106
30.06.2020 20:00:00.000,70.31,70.93,70.1,70.9,0.839140947
01.07.2020 14:00:00.000,70.83,71.19,70.47,70.97,0.19765636
01.07.2020 15:00:00.000,70.97,71.66,70.88,71.65,0.958151332
01.07.2020 16:00:00.000,71.65,71.83,71.44,71.73,0.111653873
01.07.2020 17:00:00.000,71.73,72.05,71.49,71.68,-0.069705841
01.07.2020 18:00:00.000,71.69,71.74,71.44,71.67,-0.027897894
01.07.2020 19:00:00.000,71.67,71.97,71.61,71.81,0.195339752
01.07.2020 20:00:00.000,71.81,72.15,71.73,71.88,0.09747946
02.07.2020 14:00:00.000,72.43,72.84,72.3,72.79,0.497031617
02.07.2020 15:00:00.000,72.79,72.88,72.37,72.47,-0.439620827
02.07.2020 16:00:00.000,72.47,73.07,72.33,73.05,0.800331172
02.07.2020 17:00:00.000,73.05,73.54,72.93,73.5,0.616016427
02.07.2020 18:00:00.000,73.5,74.13,73.45,73.91,0.557823129
02.07.2020 19:00:00.000,73.91,74.04,73.68,73.9,-0.013529969
02.07.2020 20:00:00.000,73.9,73.95,73.2,73.21,-0.933694181
06.07.2020 14:00:00.000,74.01,74.08,73.63,74.05,0.05404675
06.07.2020 15:00:00.000,74.05,74.58,73.92,74.57,0.702228224
06.07.2020 16:00:00.000,74.57,75.32,74.52,74.93,0.482767869
06.07.2020 17:00:00.000,74.93,75.2,74.57,75.15,0.293607367
06.07.2020 18:00:00.000,75.15,75.17,74.67,74.73,-0.558882236
06.07.2020 19:00:00.000,74.73,74.78,74.46,74.58,-0.200722601
06.07.2020 20:00:00.000,74.58,74.93,74.26,74.88,0.402252615
07.07.2020 14:00:00.000,74.95,75.52,74.88,75.36,0.547031354
07.07.2020 15:00:00.000,75.36,75.72,75.25,75.62,0.345010616
07.07.2020 16:00:00.000,75.62,75.82,75.53,75.73,0.145464163
07.07.2020 17:00:00.000,75.73,75.84,75.11,75.28,-0.594216295
07.07.2020 18:00:00.000,75.27,75.28,74.82,74.83,-0.584562243
07.07.2020 19:00:00.000,74.83,74.92,74.48,74.66,-0.227181612
07.07.2020 20:00:00.000,74.65,74.67,74.18,74.21,-0.589417281
08.07.2020 14:00:00.000,74.81,75.24,74.79,75.14,0.441117498
08.07.2020 15:00:00.000,75.14,75.2,74.79,75.18,0.053233963
08.07.2020 16:00:00.000,75.16,75.16,74.28,74.75,-0.545502927
08.07.2020 17:00:00.000,74.75,75.12,74.61,75.12,0.494983278
08.07.2020 18:00:00.000,75.12,75.12,74.59,74.59,-0.705537806
08.07.2020 19:00:00.000,74.59,74.75,74.44,74.73,0.18769272
08.07.2020 20:00:00.000,74.73,74.98,74.58,74.83,0.133815068
09.07.2020 14:00:00.000,75.52,75.96,75.23,75.9,0.503177966
09.07.2020 15:00:00.000,75.9,76.13,74.71,74.72,-1.554677207
09.07.2020 16:00:00.000,74.72,74.92,74.38,74.79,0.093683084
09.07.2020 17:00:00.000,74.79,75.3,74.73,75.23,0.588313946
09.07.2020 18:00:00.000,75.23,75.61,75.19,75.26,0.039877708
09.07.2020 19:00:00.000,75.26,75.63,75.2,75.55,0.385330853
09.07.2020 20:00:00.000,75.55,75.84,75.25,75.62,0.092653872
10.07.2020 14:00:00.000,75.25,75.28,74.83,75.07,-0.239202658
10.07.2020 15:00:00.000,75.06,75.7,74.81,75.59,0.706101785
10.07.2020 16:00:00.000,75.59,75.82,75.51,75.76,0.224897473
10.07.2020 17:00:00.000,75.76,75.85,75.49,75.83,0.092397043
10.07.2020 18:00:00.000,75.84,76.04,75.72,76.01,0.224156118
10.07.2020 19:00:00.000,76.01,76.61,75.95,76.53,0.68412051
10.07.2020 20:00:00.000,76.53,77.06,76.45,77.06,0.692538874
13.07.2020 14:00:00.000,77.92,78.27,77.46,77.49,-0.551848049
13.07.2020 15:00:00.000,77.49,78.6,77.39,78.56,1.380823332
13.07.2020 16:00:00.000,78.56,78.83,78.31,78.7,0.178207739
13.07.2020 17:00:00.000,78.7,78.75,78,78,-0.889453621
13.07.2020 18:00:00.000,78,78.4,77.89,77.98,-0.025641026
13.07.2020 19:00:00.000,77.97,78.08,77.05,77.28,-0.884955752
13.07.2020 20:00:00.000,77.28,77.28,75.25,75.26,-2.613871636
14.07.2020 14:00:00.000,75.62,75.73,74.44,75.01,-0.806664903
14.07.2020 15:00:00.000,75.01,75.16,74.15,74.75,-0.346620451
14.07.2020 16:00:00.000,74.75,75.25,74.5,75.07,0.428093645
14.07.2020 17:00:00.000,75.07,75.31,74.64,74.75,-0.426268816
14.07.2020 18:00:00.000,74.75,75.36,74.38,75.16,0.548494983
14.07.2020 19:00:00.000,75.16,75.4,75.01,75.28,0.159659393
14.07.2020 20:00:00.000,75.3,76.03,74.78,76.02,0.956175299
15.07.2020 14:00:00.000,76.1,76.75,75.72,76.4,0.394218134
15.07.2020 15:00:00.000,76.4,76.56,76.01,76.12,-0.366492147
15.07.2020 16:00:00.000,76.12,76.16,75.01,75.02,-1.445086705
15.07.2020 17:00:00.000,75.02,75.4,74.88,75.37,0.466542255
15.07.2020 18:00:00.000,75.38,75.64,75.25,75.41,0.039798355
15.07.2020 19:00:00.000,75.41,75.89,75.28,75.53,0.159130089
15.07.2020 20:00:00.000,75.52,75.77,75.25,75.56,0.052966102
16.07.2020 14:00:00.000,74.8,75.33,74.7,75.03,0.307486631
16.07.2020 15:00:00.000,75.03,75.08,74.4,74.48,-0.733040117
16.07.2020 16:00:00.000,74.49,75.03,74.32,75.03,0.724929521
16.07.2020 17:00:00.000,75.03,75.25,74.88,75.1,0.093296015
16.07.2020 18:00:00.000,75.1,75.48,75.04,75.36,0.34620506
16.07.2020 19:00:00.000,75.33,75.63,75.18,75.25,-0.106199389
16.07.2020 20:00:00.000,75.25,75.83,75.19,75.8,0.73089701
17.07.2020 14:00:00.000,76.01,76.06,75.3,75.55,-0.605183528
17.07.2020 15:00:00.000,75.55,75.8,74.95,75.07,-0.635340834
17.07.2020 16:00:00.000,75.07,75.27,74.95,75.13,0.079925403
17.07.2020 17:00:00.000,75.13,75.36,75.03,75.3,0.226274458
17.07.2020 18:00:00.000,75.3,75.59,75.28,75.41,0.146082337
17.07.2020 19:00:00.000,75.41,76.03,75.4,75.93,0.689563718
17.07.2020 20:00:00.000,75.93,76.17,75.61,75.67,-0.342420651
20.07.2020 14:00:00.000,75.45,76.12,75.15,76.08,0.83499006
20.07.2020 15:00:00.000,76.08,77.61,76.06,77.52,1.892744479
20.07.2020 16:00:00.000,77.53,78.09,77.27,77.76,0.296659358
20.07.2020 17:00:00.000,77.77,77.94,77.43,77.58,-0.244310145
20.07.2020 18:00:00.000,77.6,77.92,77.57,77.77,0.219072165
20.07.2020 19:00:00.000,77.77,78,77.71,77.94,0.218593288
20.07.2020 20:00:00.000,77.94,78.51,77.8,78.48,0.692840647
21.07.2020 14:00:00.000,79.04,79.04,78.25,78.82,-0.278340081
21.07.2020 15:00:00.000,78.81,78.92,78.01,78.46,-0.444106078
21.07.2020 16:00:00.000,78.46,78.61,78.11,78.26,-0.254906959
21.07.2020 17:00:00.000,78.26,78.36,78.07,78.35,0.115001278
21.07.2020 18:00:00.000,78.35,78.76,78.26,78.71,0.459476707
21.07.2020 19:00:00.000,78.71,79.02,78.57,78.68,-0.038114598
21.07.2020 20:00:00.000,78.68,78.82,77.78,77.8,-1.118454499
22.07.2020 14:00:00.000,77.97,78.15,77.62,78.07,0.128254457
22.07.2020 15:00:00.000,78.07,78.24,77.5,77.61,-0.589214807
22.07.2020 16:00:00.000,77.6,78.07,77.28,78.04,0.567010309
22.07.2020 17:00:00.000,78.04,78.2,77.82,77.98,-0.076883649
22.07.2020 18:00:00.000,77.98,78.14,77.5,77.51,-0.602718646
22.07.2020 19:00:00.000,77.51,77.9,77.51,77.77,0.335440588
22.07.2020 20:00:00.000,77.77,78.45,77.77,78.41,0.822939437
23.07.2020 14:00:00.000,78.02,78.58,77.99,78.37,0.448602922
23.07.2020 15:00:00.000,78.37,78.4,77.63,77.88,-0.62523925
23.07.2020 16:00:00.000,77.88,77.97,77.4,77.42,-0.590652286
23.07.2020 17:00:00.000,77.42,77.42,76.17,76.42,-1.291655903
23.07.2020 18:00:00.000,76.4,76.69,75.54,75.85,-0.719895288
23.07.2020 19:00:00.000,75.85,75.97,75.38,75.81,-0.052735662
23.07.2020 20:00:00.000,75.81,75.95,75.51,75.66,-0.197863079
24.07.2020 14:00:00.000,75.02,75.07,74.38,74.88,-0.186616902
24.07.2020 15:00:00.000,74.88,75.54,74.47,75.52,0.854700855
24.07.2020 16:00:00.000,75.52,75.87,75.24,75.63,0.14565678
24.07.2020 17:00:00.000,75.63,75.65,74.98,75.05,-0.766891445
24.07.2020 18:00:00.000,75.04,75.45,74.71,75.34,0.39978678
24.07.2020 19:00:00.000,75.34,75.67,75.33,75.52,0.23891691
24.07.2020 20:00:00.000,75.52,75.65,75.14,75.49,-0.039724576
27.07.2020 14:00:00.000,76.25,77.02,76.22,76.84,0.773770492
27.07.2020 15:00:00.000,76.84,76.95,76.34,76.44,-0.520562207
27.07.2020 16:00:00.000,76.45,76.52,75.95,76.19,-0.340091563
27.07.2020 17:00:00.000,76.2,76.41,75.95,76.32,0.157480315
27.07.2020 18:00:00.000,76.32,76.44,76.16,76.21,-0.144129979
27.07.2020 19:00:00.000,76.22,76.69,76.22,76.39,0.223038573
27.07.2020 20:00:00.000,76.38,76.79,76.38,76.48,0.130924326
28.07.2020 14:00:00.000,76.04,76.32,75.42,75.9,-0.184113624
28.07.2020 15:00:00.000,75.9,76.25,75.68,76.06,0.210803689
28.07.2020 16:00:00.000,76.06,76.18,75.65,75.66,-0.525900605
28.07.2020 17:00:00.000,75.66,75.85,75.46,75.72,0.079302141
28.07.2020 18:00:00.000,75.72,76,75.59,75.76,0.052826202
28.07.2020 19:00:00.000,75.77,75.96,75.57,75.63,-0.184769698
28.07.2020 20:00:00.000,75.63,75.64,74.89,74.92,-0.938780907
29.07.2020 14:00:00.000,75.2,75.49,75.05,75.31,0.146276596
29.07.2020 15:00:00.000,75.31,76.12,75.27,76.1,1.048997477
29.07.2020 16:00:00.000,76.1,76.12,75.68,75.69,-0.538764783
29.07.2020 17:00:00.000,75.69,75.83,75.38,75.8,0.145329634
29.07.2020 18:00:00.000,75.8,76.2,75.76,76.16,0.474934037
29.07.2020 19:00:00.000,76.16,76.56,75.95,76.04,-0.157563025
29.07.2020 20:00:00.000,76.04,76.38,75.92,75.99,-0.065754866
30.07.2020 14:00:00.000,75.07,75.45,74.75,74.88,-0.253097109
30.07.2020 15:00:00.000,74.88,75.52,74.61,75.49,0.814636752
30.07.2020 16:00:00.000,75.49,76.09,75.38,75.96,0.62259902
30.07.2020 17:00:00.000,75.96,76.48,75.85,76.26,0.394944708
30.07.2020 18:00:00.000,76.26,76.69,76.22,76.66,0.524521374
30.07.2020 19:00:00.000,76.65,76.83,76.45,76.57,-0.104370515
30.07.2020 20:00:00.000,76.57,76.84,76.42,76.68,0.143659397
31.07.2020 14:00:00.000,74.03,74.12,72.75,74.05,0.027016075
31.07.2020 15:00:00.000,74.05,74.05,73.28,73.59,-0.621201891
31.07.2020 16:00:00.000,73.59,73.67,73.31,73.4,-0.258187254
31.07.2020 17:00:00.000,73.4,73.51,72.73,72.73,-0.91280654
31.07.2020 18:00:00.000,72.73,73.26,72.7,73.14,0.56372886
31.07.2020 19:00:00.000,73.14,73.46,72.83,73.39,0.341810227
31.07.2020 20:00:00.000,73.39,74.1,73.2,74.08,0.940182586
03.08.2020 14:00:00.000,73.97,74.19,73.33,74.17,0.270379884
03.08.2020 15:00:00.000,74.17,74.3,73.28,73.29,-1.18646353
03.08.2020 16:00:00.000,73.29,73.8,73.28,73.57,0.382043935
03.08.2020 17:00:00.000,73.57,73.59,73.28,73.58,0.013592497
03.08.2020 18:00:00.000,73.58,73.65,73.43,73.6,0.027181299
03.08.2020 19:00:00.000,73.6,73.78,73.35,73.7,0.135869565
03.08.2020 20:00:00.000,73.7,73.97,73.51,73.82,0.162822252
04.08.2020 14:00:00.000,74.14,74.25,73.82,73.9,-0.323711896
04.08.2020 15:00:00.000,73.9,73.97,73.48,73.49,-0.554803789
04.08.2020 16:00:00.000,73.49,73.58,73.2,73.26,-0.312967751
04.08.2020 17:00:00.000,73.26,73.29,72.93,72.99,-0.368550369
04.08.2020 18:00:00.000,72.99,73.3,72.93,73.2,0.287710645
04.08.2020 19:00:00.000,73.2,73.32,72.92,73.13,-0.095628415
04.08.2020 20:00:00.000,73.13,73.22,73.06,73.2,0.095719951
05.08.2020 14:00:00.000,73.19,73.63,73.16,73.5,0.42355513
05.08.2020 15:00:00.000,73.5,73.94,73.43,73.85,0.476190476
05.08.2020 16:00:00.000,73.85,74.12,73.66,73.79,-0.081245768
05.08.2020 17:00:00.000,73.79,74,73.7,73.86,0.094863803
05.08.2020 18:00:00.000,73.86,73.88,73.62,73.81,-0.06769564
05.08.2020 19:00:00.000,73.81,73.85,73.43,73.57,-0.325159193
05.08.2020 20:00:00.000,73.57,73.61,73.25,73.53,-0.054369988
06.08.2020 14:00:00.000,73.46,73.65,73.29,73.64,0.24503131
06.08.2020 15:00:00.000,73.64,74.22,73.56,74.18,0.733297121
06.08.2020 16:00:00.000,74.18,74.55,74.16,74.18,0
06.08.2020 17:00:00.000,74.18,74.65,74.18,74.63,0.606632516
06.08.2020 18:00:00.000,74.63,74.98,74.59,74.97,0.455580866
06.08.2020 19:00:00.000,74.98,75.08,74.84,74.96,-0.02667378
06.08.2020 20:00:00.000,74.96,75.11,74.85,75.07,0.146744931
07.08.2020 14:00:00.000,74.63,74.93,74.62,74.85,0.294787619
07.08.2020 15:00:00.000,74.83,75.83,74.7,75.51,0.908726447
07.08.2020 16:00:00.000,75.51,75.53,74.94,74.95,-0.741623626
07.08.2020 17:00:00.000,74.95,75.19,74.76,74.89,-0.080053369
07.08.2020 18:00:00.000,74.89,74.89,74.36,74.41,-0.640940045
07.08.2020 19:00:00.000,74.41,74.61,74.08,74.44,0.040317162
07.08.2020 20:00:00.000,74.44,74.79,74.35,74.73,0.389575497
10.08.2020 14:00:00.000,74.43,75.19,74.35,74.43,0
10.08.2020 15:00:00.000,74.43,74.5,73.78,73.8,-0.84643289
10.08.2020 16:00:00.000,73.78,74.47,73.69,74.4,0.840336134
10.08.2020 17:00:00.000,74.4,74.79,74.25,74.73,0.443548387
10.08.2020 18:00:00.000,74.73,74.85,74.43,74.48,-0.334537669
10.08.2020 19:00:00.000,74.48,74.66,74.35,74.65,0.228249194
10.08.2020 20:00:00.000,74.64,74.79,74.41,74.62,-0.026795284
11.08.2020 14:00:00.000,74.36,74.93,74.25,74.59,0.309306079
11.08.2020 15:00:00.000,74.57,74.67,74,74.47,-0.134102186
11.08.2020 16:00:00.000,74.47,74.95,74.47,74.85,0.510272593
11.08.2020 17:00:00.000,74.86,75.49,74.78,75.31,0.601122095
11.08.2020 18:00:00.000,75.31,75.39,74.89,75.2,-0.14606294
11.08.2020 19:00:00.000,75.2,75.22,74.63,74.82,-0.505319149
11.08.2020 20:00:00.000,74.82,74.9,73.94,73.95,-1.162790698
12.08.2020 14:00:00.000,74.59,75.23,74.53,75.03,0.589891406
12.08.2020 15:00:00.000,75.03,75.6,75.01,75.32,0.386512062
12.08.2020 16:00:00.000,75.32,75.44,74.98,75.4,0.106213489
12.08.2020 17:00:00.000,75.4,75.49,75.1,75.12,-0.371352785
12.08.2020 18:00:00.000,75.12,75.5,75.12,75.46,0.452609159
12.08.2020 19:00:00.000,75.46,75.53,75.33,75.36,-0.132520541
12.08.2020 20:00:00.000,75.36,75.51,75.15,75.36,0
13.08.2020 14:00:00.000,75.71,76.4,75.7,76.35,0.845330868
13.08.2020 15:00:00.000,76.36,76.77,76.13,76.58,0.288108958
13.08.2020 16:00:00.000,76.58,76.86,76.4,76.41,-0.221990076
13.08.2020 17:00:00.000,76.41,76.55,76.25,76.51,0.130872922
13.08.2020 18:00:00.000,76.51,76.52,75.89,76.12,-0.509737289
13.08.2020 19:00:00.000,76.12,76.15,75.51,75.74,-0.499211771
13.08.2020 20:00:00.000,75.74,76.2,75.67,75.86,0.158436757
14.08.2020 14:00:00.000,75.55,76.07,75.5,75.86,0.410324289
14.08.2020 15:00:00.000,75.86,75.94,75.16,75.41,-0.593197996
14.08.2020 16:00:00.000,75.41,75.75,75.39,75.46,0.066304204
14.08.2020 17:00:00.000,75.46,75.88,75.46,75.72,0.344553406
14.08.2020 18:00:00.000,75.72,75.76,75.51,75.65,-0.092445853
14.08.2020 19:00:00.000,75.65,75.65,75.4,75.48,-0.224719101
14.08.2020 20:00:00.000,75.48,75.54,75.13,75.46,-0.026497085
17.08.2020 14:00:00.000,75.97,76.11,75.64,75.75,-0.289587995
17.08.2020 15:00:00.000,75.75,76.15,75.65,76.1,0.462046205
17.08.2020 16:00:00.000,76.1,76.28,75.91,76.02,-0.105124836
17.08.2020 17:00:00.000,76.02,76.15,75.88,76.12,0.13154433
17.08.2020 18:00:00.000,76.12,76.27,76.1,76.11,-0.013137152
17.08.2020 19:00:00.000,76.12,76.15,75.96,76.08,-0.052548607
17.08.2020 20:00:00.000,76.08,76.11,75.85,75.86,-0.289169295
18.08.2020 14:00:00.000,76.35,76.84,76.32,76.7,0.458415193
18.08.2020 15:00:00.000,76.7,76.93,76.16,76.6,-0.130378096
18.08.2020 16:00:00.000,76.61,76.78,76.5,76.69,0.10442501
18.08.2020 17:00:00.000,76.69,76.97,76.68,76.92,0.299908723
18.08.2020 18:00:00.000,76.92,77.04,76.78,76.86,-0.07800312
18.08.2020 19:00:00.000,76.87,77.67,76.81,77.66,1.027709119
18.08.2020 20:00:00.000,77.66,78.1,77.61,77.87,0.270409477
19.08.2020 14:00:00.000,77.9,78.26,77.35,77.64,-0.333761232
19.08.2020 15:00:00.000,77.64,78.34,77.53,78.32,0.875837197
19.08.2020 16:00:00.000,78.31,78.44,77.94,78.35,0.051079045
19.08.2020 17:00:00.000,78.35,78.48,78.2,78.43,0.102105935
19.08.2020 18:00:00.000,78.43,78.64,78.32,78.55,0.153002678
19.08.2020 19:00:00.000,78.55,78.68,77.57,77.95,-0.763844685
19.08.2020 20:00:00.000,77.95,77.98,77.2,77.36,-0.756895446
20.08.2020 14:00:00.000,77.25,77.99,77.21,77.87,0.802588997
20.08.2020 15:00:00.000,77.87,78.27,77.72,78.18,0.398099396
20.08.2020 16:00:00.000,78.18,78.21,77.9,78.12,-0.076745971
20.08.2020 17:00:00.000,78.12,78.21,77.92,78,-0.153609831
20.08.2020 18:00:00.000,78,78.45,77.89,78.41,0.525641026
20.08.2020 19:00:00.000,78.41,78.98,78.39,78.98,0.726948093
20.08.2020 20:00:00.000,78.97,79.25,78.76,79.09,0.151956439
21.08.2020 14:00:00.000,78.69,79.12,78.4,79.04,0.444783327
21.08.2020 15:00:00.000,79.04,79.88,78.91,79.58,0.683198381
21.08.2020 16:00:00.000,79.58,79.67,79.05,79.1,-0.603166625
21.08.2020 17:00:00.000,79.09,79.47,79.06,79.17,0.101150588
21.08.2020 18:00:00.000,79.17,79.28,78.94,79.07,-0.126310471
21.08.2020 19:00:00.000,79.06,79.35,79.06,79.21,0.18972932
21.08.2020 20:00:00.000,79.21,79.33,78.93,78.96,-0.315616715
24.08.2020 14:00:00.000,80.35,80.7,79.67,79.7,-0.808960797
24.08.2020 15:00:00.000,79.7,79.8,79.03,79.13,-0.715181932
24.08.2020 16:00:00.000,79.12,79.51,79.05,79.36,0.303336704
24.08.2020 17:00:00.000,79.36,79.59,79.13,79.35,-0.012600806
24.08.2020 18:00:00.000,79.35,79.54,79.26,79.31,-0.050409578
24.08.2020 19:00:00.000,79.31,79.47,79.1,79.22,-0.113478754
24.08.2020 20:00:00.000,79.22,79.52,79.16,79.47,0.315576875
25.08.2020 14:00:00.000,79.55,79.87,79.35,79.87,0.402262728
25.08.2020 15:00:00.000,79.89,80.2,79.49,80.2,0.388033546
25.08.2020 16:00:00.000,80.2,80.57,80.06,80.34,0.174563591
25.08.2020 17:00:00.000,80.34,80.39,79.95,80.05,-0.360965895
25.08.2020 18:00:00.000,80.05,80.15,79.95,80.14,0.112429731
25.08.2020 19:00:00.000,80.14,80.5,80.1,80.49,0.436735713
25.08.2020 20:00:00.000,80.49,80.49,80.3,80.44,-0.062119518
26.08.2020 14:00:00.000,80.71,80.8,80.15,80.37,-0.421261306
26.08.2020 15:00:00.000,80.37,80.85,80.32,80.83,0.572352868
26.08.2020 16:00:00.000,80.83,81.57,80.83,81.49,0.816528517
26.08.2020 17:00:00.000,81.49,82.33,81.38,81.78,0.355871886
26.08.2020 18:00:00.000,81.78,82.4,81.78,82.39,0.745903644
26.08.2020 19:00:00.000,82.39,82.95,81.75,81.97,-0.509770603
26.08.2020 20:00:00.000,81.97,82.78,81.94,82.44,0.573380505
27.08.2020 14:00:00.000,82.4,82.4,81.64,81.85,-0.667475728
27.08.2020 15:00:00.000,81.85,82.32,81.33,82.11,0.317654246
27.08.2020 16:00:00.000,82.11,82.71,82.1,82.4,0.353184752
27.08.2020 17:00:00.000,82.4,82.5,81.3,81.36,-1.262135922
27.08.2020 18:00:00.000,81.32,81.67,81.27,81.64,0.393507132
27.08.2020 19:00:00.000,81.64,82.05,81.58,81.84,0.244977952
27.08.2020 20:00:00.000,81.84,82.11,81.65,81.73,-0.134408602
28.08.2020 14:00:00.000,81.64,81.91,81.58,81.9,0.318471338
28.08.2020 15:00:00.000,81.9,82.22,81.77,81.88,-0.024420024
28.08.2020 16:00:00.000,81.88,82.33,81.82,82.21,0.403028823
28.08.2020 17:00:00.000,82.21,82.27,82,82.13,-0.097311763
28.08.2020 18:00:00.000,82.13,82.22,81.81,82.05,-0.097406551
28.08.2020 19:00:00.000,82.05,82.14,81.91,81.99,-0.073126143
28.08.2020 20:00:00.000,82,82.33,81.97,82.14,0.170731707
31.08.2020 14:00:00.000,81.98,82.41,81.95,82.16,0.219565748
31.08.2020 15:00:00.000,82.16,82.31,81.85,82.13,-0.036514119
31.08.2020 16:00:00.000,82.13,82.18,81.53,81.74,-0.474856934
31.08.2020 17:00:00.000,81.76,81.96,81.7,81.92,0.195694716
31.08.2020 18:00:00.000,81.92,81.94,81.65,81.7,-0.268554687
31.08.2020 19:00:00.000,81.7,81.87,81.65,81.83,0.159118727
31.08.2020 20:00:00.000,81.83,82.09,81.52,81.73,-0.12220457
01.09.2020 14:00:00.000,81.72,82.16,81.65,81.87,0.183553598
01.09.2020 15:00:00.000,81.87,82.35,81.86,82.06,0.232075241
01.09.2020 16:00:00.000,82.06,82.33,82.02,82.15,0.109675847
01.09.2020 17:00:00.000,82.17,83.06,82.17,83.03,1.046610685
01.09.2020 18:00:00.000,83.03,83.17,82.75,83.1,0.084306877
01.09.2020 19:00:00.000,83.1,83.28,83.06,83.2,0.120336943
01.09.2020 20:00:00.000,83.2,83.25,82.65,82.65,-0.661057692
02.09.2020 14:00:00.000,83.88,84.23,83.45,83.45,-0.512637101
02.09.2020 15:00:00.000,83.45,84.07,83.45,83.75,0.359496705
02.09.2020 16:00:00.000,83.75,83.95,83.31,83.87,0.143283582
02.09.2020 17:00:00.000,83.87,84.54,83.81,84.37,0.596160725
02.09.2020 18:00:00.000,84.37,85.25,84.37,85.03,0.782268579
02.09.2020 19:00:00.000,85.03,85.46,84.8,85.23,0.235211102
02.09.2020 20:00:00.000,85.23,86.64,85.2,86.4,1.372756072
03.09.2020 14:00:00.000,85.02,85.08,84.42,84.85,-0.199952952
03.09.2020 15:00:00.000,84.85,85.33,83.05,83.74,-1.308190925
03.09.2020 16:00:00.000,83.71,83.78,82.17,82.51,-1.433520487
03.09.2020 17:00:00.000,82.51,82.8,81.95,82.06,-0.545388438
03.09.2020 18:00:00.000,82.06,82.35,81.5,82.02,-0.048744821
03.09.2020 19:00:00.000,82.02,82.35,81.53,81.53,-0.597415265
03.09.2020 20:00:00.000,81.53,81.82,80.75,81.66,0.159450509
04.09.2020 14:00:00.000,81.96,81.99,79.94,80.05,-2.330405076
04.09.2020 15:00:00.000,80.05,80.45,77.4,78.81,-1.549031855
04.09.2020 16:00:00.000,78.81,79.3,77.65,79.08,0.342596117
04.09.2020 17:00:00.000,79.08,79.42,78.3,78.97,-0.139099646
04.09.2020 18:00:00.000,78.97,78.97,78.03,78.7,-0.341901988
04.09.2020 19:00:00.000,78.7,80.03,78.45,79.93,1.562897078
04.09.2020 20:00:00.000,79.93,80.26,79.44,79.68,-0.312773677
08.09.2020 14:00:00.000,77.16,77.98,76.56,77.79,0.816485226
08.09.2020 15:00:00.000,77.78,78.18,77.21,77.6,-0.231421959
08.09.2020 16:00:00.000,77.61,77.99,76.95,77.2,-0.528282438
08.09.2020 17:00:00.000,77.2,77.64,76.95,77.54,0.440414508
08.09.2020 18:00:00.000,77.54,77.58,77.03,77.45,-0.116069126
08.09.2020 19:00:00.000,77.45,77.54,76.41,76.75,-0.903808909
08.09.2020 20:00:00.000,76.75,77.19,76.54,76.68,-0.091205212
09.09.2020 14:00:00.000,77.6,77.66,76.8,77.16,-0.567010309
09.09.2020 15:00:00.000,77.16,78.02,77.03,77.82,0.855365474
09.09.2020 16:00:00.000,77.82,78.15,77.53,78.07,0.321254176
09.09.2020 17:00:00.000,78.08,78.21,77.95,78.03,-0.064036885
09.09.2020 18:00:00.000,78.03,78.34,77.81,77.86,-0.217864924
09.09.2020 19:00:00.000,77.86,78.19,77.76,78.02,0.205497046
09.09.2020 20:00:00.000,78.02,78.44,77.82,78.23,0.269161753
10.09.2020 14:00:00.000,78.47,78.63,78,78.43,-0.050974895
10.09.2020 15:00:00.000,78.43,79.19,78.03,78.22,-0.267754686
10.09.2020 16:00:00.000,78.2,78.76,77.96,78.27,0.089514066
10.09.2020 17:00:00.000,78.27,78.45,77.51,77.85,-0.536604063
10.09.2020 18:00:00.000,77.85,78.19,77.67,77.81,-0.051380861
10.09.2020 19:00:00.000,77.77,77.94,76.4,77.08,-0.88723158
10.09.2020 20:00:00.000,77.09,77.16,76.27,76.66,-0.557789597
11.09.2020 14:00:00.000,76.17,77.04,75.87,76.04,-0.170670868
11.09.2020 15:00:00.000,76.04,77.12,75.95,77.05,1.32824829
11.09.2020 16:00:00.000,77.05,77.21,76.25,76.28,-0.999351071
11.09.2020 17:00:00.000,76.28,76.52,75.35,75.38,-1.17986366
11.09.2020 18:00:00.000,75.38,75.7,74.87,75.25,-0.172459538
11.09.2020 19:00:00.000,75.25,75.96,75.2,75.72,0.624584718
11.09.2020 20:00:00.000,75.72,76.26,75.45,76.01,0.382989963
14.09.2020 14:00:00.000,76.48,77.47,76.46,77.42,1.229079498
14.09.2020 15:00:00.000,77.42,78.13,77.24,78.05,0.813743219
14.09.2020 16:00:00.000,78.05,78.16,77.67,77.81,-0.307495195
14.09.2020 17:00:00.000,77.81,77.9,77.03,77.14,-0.861071842
14.09.2020 18:00:00.000,77.14,77.21,76.49,76.81,-0.427793622
14.09.2020 19:00:00.000,76.81,76.86,76.16,76.38,-0.55982294
14.09.2020 20:00:00.000,76.38,76.57,75.86,75.87,-0.667714061
15.09.2020 14:00:00.000,76.7,77.9,76.7,77.87,1.525423729
15.09.2020 15:00:00.000,77.87,77.94,77.25,77.49,-0.487992809
15.09.2020 16:00:00.000,77.47,77.7,77.26,77.37,-0.129082225
15.09.2020 17:00:00.000,77.37,77.59,77.35,77.48,0.142173969
15.09.2020 18:00:00.000,77.48,77.56,77.27,77.29,-0.245224574
15.09.2020 19:00:00.000,77.29,77.31,77.07,77.14,-0.194074266
15.09.2020 20:00:00.000,77.14,77.17,76.78,77.06,-0.103707545
16.09.2020 14:00:00.000,77.78,78.09,77.37,77.64,-0.179994857
16.09.2020 15:00:00.000,77.64,77.66,76.6,76.86,-1.004636785
16.09.2020 16:00:00.000,76.86,77.54,76.86,77.15,0.377309394
16.09.2020 17:00:00.000,77.15,77.28,76.75,76.75,-0.518470512
16.09.2020 18:00:00.000,76.75,76.82,76.5,76.74,-0.013029316
16.09.2020 19:00:00.000,76.74,77.46,76.7,76.83,0.117279124
16.09.2020 20:00:00.000,76.83,77.1,76.12,76.14,-0.898086685
17.09.2020 14:00:00.000,74.58,75.15,74.4,74.88,0.402252615
17.09.2020 15:00:00.000,74.88,75.39,74.2,75.13,0.333867521
17.09.2020 16:00:00.000,75.13,75.37,74.3,74.33,-1.064820977
17.09.2020 17:00:00.000,74.33,74.55,73.51,73.94,-0.524687206
17.09.2020 18:00:00.000,73.94,74.23,73.65,74.02,0.108195834
17.09.2020 19:00:00.000,74.02,74.24,73.61,73.85,-0.229667657
17.09.2020 20:00:00.000,73.85,74.78,73.58,74.77,1.24576845
18.09.2020 14:00:00.000,74.79,74.94,74.35,74.82,0.040112314
18.09.2020 15:00:00.000,74.82,75.09,73.72,73.79,-1.376637263
18.09.2020 16:00:00.000,73.79,73.87,73.23,73.52,-0.365903239
18.09.2020 17:00:00.000,73.51,73.62,72.58,72.77,-1.00666576
18.09.2020 18:00:00.000,72.77,72.9,71.85,72.38,-0.535935138
18.09.2020 19:00:00.000,72.38,72.71,72.13,72.54,0.22105554
18.09.2020 20:00:00.000,72.54,73.05,72.35,73.04,0.689274883
21.09.2020 14:00:00.000,71.71,72.13,71.33,71.41,-0.418351694
21.09.2020 15:00:00.000,71.41,71.52,70.35,70.65,-1.064276712
21.09.2020 16:00:00.000,70.65,71.14,70.46,70.98,0.467091295
21.09.2020 17:00:00.000,70.98,71.23,70.86,71.02,0.056353903
21.09.2020 18:00:00.000,71.02,71.75,70.88,71.43,0.577302168
21.09.2020 19:00:00.000,71.43,71.58,70.79,71.26,-0.23799524
21.09.2020 20:00:00.000,71.26,71.47,71.12,71.44,0.252596127
22.09.2020 14:00:00.000,71.99,72.15,71.7,72.03,0.055563273
22.09.2020 15:00:00.000,72.03,72.7,72,72,-0.041649313
22.09.2020 16:00:00.000,72,72.45,71.73,72.38,0.527777778
22.09.2020 17:00:00.000,72.38,72.65,72.23,72.34,-0.055263885
22.09.2020 18:00:00.000,72.34,72.77,72.27,72.75,0.56676804
22.09.2020 19:00:00.000,72.74,73.04,72.69,72.82,0.109980753
22.09.2020 20:00:00.000,72.82,73.39,72.74,73.33,0.700357045
23.09.2020 14:00:00.000,72.48,72.98,72.31,72.52,0.055187638
23.09.2020 15:00:00.000,72.51,72.74,71.97,72.28,-0.317197628
23.09.2020 16:00:00.000,72.24,72.34,71.53,71.56,-0.941306755
23.09.2020 17:00:00.000,71.56,72.09,71.45,72.01,0.628842929
23.09.2020 18:00:00.000,72,72.03,71.47,71.54,-0.638888889
23.09.2020 19:00:00.000,71.54,71.54,70.93,70.96,-0.810735253
23.09.2020 20:00:00.000,70.96,71.05,70.38,70.57,-0.549605411
24.09.2020 14:00:00.000,70.52,71.68,70.5,71.51,1.403857062
24.09.2020 15:00:00.000,71.51,72.15,71.12,71.72,0.293665222
24.09.2020 16:00:00.000,71.72,71.85,71.15,71.82,0.139431121
24.09.2020 17:00:00.000,71.82,71.97,71.26,71.62,-0.278473963
24.09.2020 18:00:00.000,71.62,72.06,71.58,71.85,0.321139347
24.09.2020 19:00:00.000,71.85,72,71.28,71.28,-0.793319415
24.09.2020 20:00:00.000,71.28,71.54,70.84,71.42,0.19640853
25.09.2020 14:00:00.000,71.14,71.18,70.65,71.08,-0.084340737
25.09.2020 15:00:00.000,71.08,71.59,70.7,71.3,0.309510411
25.09.2020 16:00:00.000,71.31,71.65,71.19,71.2,-0.154256065
25.09.2020 17:00:00.000,71.2,71.67,71.2,71.62,0.58988764
25.09.2020 18:00:00.000,71.62,72.03,71.53,71.95,0.460765149
25.09.2020 19:00:00.000,71.95,72.2,71.89,72.16,0.291869354
25.09.2020 20:00:00.000,72.16,72.5,72.12,72.19,0.041574279
28.09.2020 14:00:00.000,73.23,73.5,73,73.18,-0.068278028
28.09.2020 15:00:00.000,73.18,73.31,72.48,72.54,-0.87455589
28.09.2020 16:00:00.000,72.54,73.12,72.51,72.89,0.482492418
28.09.2020 17:00:00.000,72.89,73.16,72.77,73.15,0.35670188
28.09.2020 18:00:00.000,73.15,73.37,73,73.29,0.19138756
28.09.2020 19:00:00.000,73.29,73.44,73.12,73.3,0.013644426
28.09.2020 20:00:00.000,73.3,73.34,73.05,73.19,-0.150068213
29.09.2020 14:00:00.000,73.38,73.82,73.36,73.59,0.286181521
29.09.2020 15:00:00.000,73.59,73.7,73.07,73.21,-0.516374507
29.09.2020 16:00:00.000,73.21,73.51,73.1,73.3,0.122934025
29.09.2020 17:00:00.000,73.3,73.36,73.19,73.33,0.040927694
29.09.2020 18:00:00.000,73.33,73.33,72.96,73.24,-0.122732851
29.09.2020 19:00:00.000,73.25,73.4,73.21,73.32,0.09556314
29.09.2020 20:00:00.000,73.32,73.6,73.15,73.55,0.313693399
30.09.2020 14:00:00.000,73.36,73.98,72.98,73.96,0.817884406
30.09.2020 15:00:00.000,73.96,74.43,73.85,74.08,0.162249865
30.09.2020 16:00:00.000,74.08,74.39,73.93,74.16,0.107991361
30.09.2020 17:00:00.000,74.17,74.27,73.9,73.96,-0.283133342
30.09.2020 18:00:00.000,73.96,74.33,73.8,74.29,0.446187128
30.09.2020 19:00:00.000,74.3,74.48,73.66,73.97,-0.444145357
30.09.2020 20:00:00.000,73.97,74.09,73.35,73.55,-0.567797756
01.10.2020 14:00:00.000,74.41,74.54,74,74.18,-0.309098239
01.10.2020 15:00:00.000,74.18,74.71,74.08,74.31,0.175249393
01.10.2020 16:00:00.000,74.31,74.94,74.06,74.84,0.713228368
01.10.2020 17:00:00.000,74.84,74.85,74.42,74.55,-0.387493319
01.10.2020 18:00:00.000,74.56,74.78,74.32,74.48,-0.107296137
01.10.2020 19:00:00.000,74.48,74.66,74.14,74.49,0.013426423
01.10.2020 20:00:00.000,74.49,74.62,74.25,74.4,-0.120821587
02.10.2020 14:00:00.000,73.17,73.65,72.9,73.49,0.437337707
02.10.2020 15:00:00.000,73.49,74.15,73.48,73.85,0.489862566
02.10.2020 16:00:00.000,73.81,73.93,72.88,72.96,-1.151605474
02.10.2020 17:00:00.000,72.93,73.49,72.53,73.33,0.548471137
02.10.2020 18:00:00.000,73.33,73.38,72.95,73.11,-0.300013637
02.10.2020 19:00:00.000,73.12,73.47,72.9,73.19,0.095733042
02.10.2020 20:00:00.000,73.19,73.49,72.96,72.98,-0.286924443
05.10.2020 14:00:00.000,73.49,73.74,73.31,73.36,-0.176894816
05.10.2020 15:00:00.000,73.36,74.1,73.33,73.82,0.627044711
05.10.2020 16:00:00.000,73.82,74.28,73.82,74.07,0.338661609
05.10.2020 17:00:00.000,74.07,74.15,73.8,73.9,-0.229512623
05.10.2020 18:00:00.000,73.9,73.9,73.6,73.69,-0.284167794
05.10.2020 19:00:00.000,73.69,73.94,73.52,73.94,0.339259058
05.10.2020 20:00:00.000,73.94,74.3,73.81,74.29,0.473356776
06.10.2020 14:00:00.000,73.98,74.21,73.65,73.89,-0.121654501
06.10.2020 15:00:00.000,73.89,74.16,73.69,73.71,-0.243605359
06.10.2020 16:00:00.000,73.71,73.89,72.93,73.05,-0.895400895
06.10.2020 17:00:00.000,73.05,73.66,73.05,73.53,0.657084189
06.10.2020 18:00:00.000,73.53,73.93,73.51,73.86,0.44879641
06.10.2020 19:00:00.000,73.86,74.33,72.76,73.11,-1.015434606
06.10.2020 20:00:00.000,73.11,73.11,72.37,72.61,-0.683900971
07.10.2020 14:00:00.000,73.34,73.42,72.4,72.41,-1.268066539
07.10.2020 15:00:00.000,72.41,72.46,71.8,72.28,-0.179533214
07.10.2020 16:00:00.000,72.28,72.53,72.08,72.38,0.138350858
07.10.2020 17:00:00.000,72.38,72.82,72.31,72.53,0.207239569
07.10.2020 18:00:00.000,72.53,73.17,72.53,72.98,0.620432924
07.10.2020 19:00:00.000,72.98,73.24,72.9,73.1,0.164428611
07.10.2020 20:00:00.000,73.1,73.23,72.91,73.13,0.041039672
08.10.2020 14:00:00.000,73.6,74.17,73.55,74.16,0.760869565
08.10.2020 15:00:00.000,74.12,74.22,73.8,73.97,-0.202374528
08.10.2020 16:00:00.000,73.97,74.27,73.8,74.04,0.094632959
08.10.2020 17:00:00.000,74.04,74.5,74.01,74.37,0.445705024
08.10.2020 18:00:00.000,74.37,74.39,74.06,74.06,-0.416834745
08.10.2020 19:00:00.000,74.06,74.37,74,74.27,0.283553875
08.10.2020 20:00:00.000,74.26,74.38,74.05,74.21,-0.067330999
09.10.2020 14:00:00.000,74.74,75.05,74.69,74.99,0.334492909
09.10.2020 15:00:00.000,74.99,75.34,74.8,75.12,0.173356448
09.10.2020 16:00:00.000,75.12,75.36,75.09,75.17,0.06656017
09.10.2020 17:00:00.000,75.17,75.3,75.03,75.16,-0.013303179
09.10.2020 18:00:00.000,75.16,75.42,75.16,75.4,0.319318787
09.10.2020 19:00:00.000,75.4,75.45,75.18,75.24,-0.212201592
09.10.2020 20:00:00.000,75.24,75.82,75.18,75.75,0.677830941
12.10.2020 14:00:00.000,76.94,77.58,76.77,77.18,0.311931375
12.10.2020 15:00:00.000,77.18,77.56,77.11,77.31,0.168437419
12.10.2020 16:00:00.000,77.31,78.09,77.3,77.87,0.724356487
12.10.2020 17:00:00.000,77.87,78.77,77.85,78.58,0.911776037
12.10.2020 18:00:00.000,78.58,79.07,78.3,78.89,0.394502418
12.10.2020 19:00:00.000,78.89,79.68,78.88,79.01,0.152110534
12.10.2020 20:00:00.000,79.01,79.23,78.39,78.46,-0.696114416
13.10.2020 14:00:00.000,79.1,79.37,78.86,79.19,0.113780025
13.10.2020 15:00:00.000,79.19,79.28,78.41,78.76,-0.542997853
13.10.2020 16:00:00.000,78.76,79.39,78.65,78.66,-0.126968004
13.10.2020 17:00:00.000,78.66,78.85,78.42,78.75,0.114416476
13.10.2020 18:00:00.000,78.75,78.91,78.25,78.35,-0.507936508
13.10.2020 19:00:00.000,78.35,78.7,78.15,78.63,0.357370772
13.10.2020 20:00:00.000,78.62,79.13,78.6,78.61,-0.01271941
14.10.2020 14:00:00.000,78.9,79.38,78.88,79.28,0.481622307
14.10.2020 15:00:00.000,79.28,79.31,78.44,78.95,-0.416246216
14.10.2020 16:00:00.000,78.95,79.15,78,78,-1.203293224
14.10.2020 17:00:00.000,78,78.17,77.5,77.86,-0.179487179
14.10.2020 18:00:00.000,77.86,78.25,77.79,78.23,0.475211919
14.10.2020 19:00:00.000,78.23,78.46,77.96,78.14,-0.115045379
14.10.2020 20:00:00.000,78.14,78.83,78.09,78.4,0.332736115
15.10.2020 14:00:00.000,78.09,78.62,77.97,78.61,0.665898322
15.10.2020 15:00:00.000,78.61,78.75,77.63,78.15,-0.585167282
15.10.2020 16:00:00.000,78.15,78.42,77.9,77.98,-0.21753039
15.10.2020 17:00:00.000,77.98,78.09,77.64,77.88,-0.12823801
15.10.2020 18:00:00.000,77.88,77.91,77.55,77.76,-0.154083205
15.10.2020 19:00:00.000,77.76,77.93,77.58,77.86,0.128600823
15.10.2020 20:00:00.000,77.86,78.39,77.81,77.82,-0.051374261
16.10.2020 14:00:00.000,78.38,78.59,78.23,78.57,0.242408778
16.10.2020 15:00:00.000,78.57,79.05,78.57,78.73,0.203640066
16.10.2020 16:00:00.000,78.73,78.89,78.15,78.8,0.08891147
16.10.2020 17:00:00.000,78.8,78.85,78.41,78.72,-0.101522843
16.10.2020 18:00:00.000,78.72,78.9,78.63,78.78,0.076219512
16.10.2020 19:00:00.000,78.78,79.04,78.7,78.95,0.21579081
16.10.2020 20:00:00.000,78.95,79.03,78.6,78.61,-0.430652312
19.10.2020 14:00:00.000,79.18,79.39,78.5,78.5,-0.858802728
19.10.2020 15:00:00.000,78.5,78.5,77.46,77.85,-0.828025478
19.10.2020 16:00:00.000,77.85,78.02,77.44,77.65,-0.256904303
19.10.2020 17:00:00.000,77.65,77.84,77.4,77.78,0.167417901
19.10.2020 18:00:00.000,77.79,77.96,77.41,77.6,-0.244247333
19.10.2020 19:00:00.000,77.6,77.84,76.75,76.75,-1.095360825
19.10.2020 20:00:00.000,76.75,76.84,76.39,76.57,-0.234527687
20.10.2020 14:00:00.000,76.9,77.74,76.9,77.66,0.988296489
20.10.2020 15:00:00.000,77.65,77.89,76.98,77.02,-0.811332904
20.10.2020 16:00:00.000,77.02,77.02,76.28,76.97,-0.064918203
20.10.2020 17:00:00.000,76.97,77.62,76.85,77.45,0.623619592
20.10.2020 18:00:00.000,77.45,78.62,77.39,78.42,1.252420917
20.10.2020 19:00:00.000,78.42,78.85,78.19,78.56,0.178525886
20.10.2020 20:00:00.000,78.56,78.79,77.81,77.81,-0.954684318
21.10.2020 14:00:00.000,79.32,80.91,79.1,80.8,1.865859808
21.10.2020 15:00:00.000,80.8,80.81,79.86,79.9,-1.113861386
21.10.2020 16:00:00.000,79.9,80.2,79.26,79.91,0.012515645
21.10.2020 17:00:00.000,79.91,80.47,79.67,79.81,-0.125140783
21.10.2020 18:00:00.000,79.81,80.19,79.76,79.9,0.112767824
21.10.2020 19:00:00.000,79.91,80.6,79.8,80.58,0.838443249
21.10.2020 20:00:00.000,80.58,80.63,79.75,79.79,-0.980392157
22.10.2020 14:00:00.000,80.11,80.43,79.81,80.22,0.137311197
22.10.2020 15:00:00.000,80.22,80.28,79.25,79.51,-0.885066068
22.10.2020 16:00:00.000,79.51,80.34,79.47,80.08,0.716890957
22.10.2020 17:00:00.000,80.08,80.33,79.94,80.29,0.262237762
22.10.2020 18:00:00.000,80.29,80.84,80.28,80.76,0.585378005
22.10.2020 19:00:00.000,80.76,80.9,80.67,80.73,-0.037147103
22.10.2020 20:00:00.000,80.73,81.09,80.57,80.75,0.024773938
23.10.2020 14:00:00.000,81.15,81.81,81.01,81.55,0.492914356
23.10.2020 15:00:00.000,81.55,81.97,81.29,81.65,0.122624157
23.10.2020 16:00:00.000,81.65,81.93,81.22,81.41,-0.293937538
23.10.2020 17:00:00.000,81.41,81.62,81.1,81.36,-0.061417516
23.10.2020 18:00:00.000,81.35,81.78,81.34,81.63,0.344191764
23.10.2020 19:00:00.000,81.63,81.85,81.62,81.73,0.122503981
23.10.2020 20:00:00.000,81.73,81.96,81.5,81.95,0.269179004
26.10.2020 14:00:00.000,81.26,81.87,81.13,81.7,0.541471819
26.10.2020 15:00:00.000,81.7,81.92,80.65,80.65,-1.285189718
26.10.2020 16:00:00.000,80.65,80.65,79.76,80.03,-0.768753875
26.10.2020 17:00:00.000,80.02,80.16,79.36,79.4,-0.774806298
26.10.2020 18:00:00.000,79.4,79.43,78.8,79.08,-0.40302267
26.10.2020 19:00:00.000,79.08,79.42,79.04,79.24,0.202326758
26.10.2020 20:00:00.000,79.24,79.36,78.99,79.11,-0.164058556
27.10.2020 14:00:00.000,79.35,79.7,79.18,79.46,0.138626339
27.10.2020 15:00:00.000,79.46,79.84,79.13,79.65,0.23911402
27.10.2020 16:00:00.000,79.65,79.93,79.46,79.87,0.276208412
27.10.2020 17:00:00.000,79.87,79.91,79.4,79.55,-0.400651058
27.10.2020 18:00:00.000,79.55,80.06,79.48,79.87,0.402262728
27.10.2020 19:00:00.000,79.87,79.98,79.67,79.67,-0.250406911
27.10.2020 20:00:00.000,79.67,80.33,79.61,80.28,0.765658341
28.10.2020 14:00:00.000,77.55,77.63,76.73,77.08,-0.606060606
28.10.2020 15:00:00.000,77.09,77.1,76.15,76.61,-0.622648852
28.10.2020 16:00:00.000,76.6,76.91,76.35,76.6,0
28.10.2020 17:00:00.000,76.6,76.72,76.31,76.35,-0.326370757
28.10.2020 18:00:00.000,76.35,76.51,76.1,76.41,0.078585462
28.10.2020 19:00:00.000,76.41,76.49,76.08,76.44,0.039261877
28.10.2020 20:00:00.000,76.45,76.81,76.04,76.04,-0.536298234
29.10.2020 14:00:00.000,76.73,77.6,76.27,77.5,1.003518832
29.10.2020 15:00:00.000,77.51,77.83,77.25,77.56,0.064507805
29.10.2020 16:00:00.000,77.56,78.08,77.38,77.77,0.270758123
29.10.2020 17:00:00.000,77.77,78.31,77.68,78.06,0.372894432
29.10.2020 18:00:00.000,78.04,78.72,78.04,78.67,0.807278319
29.10.2020 19:00:00.000,78.68,79.67,78.68,79.35,0.851550585
29.10.2020 20:00:00.000,79.35,79.41,78.7,78.77,-0.730938878
30.10.2020 14:00:00.000,83.49,84.06,82.42,82.72,-0.92226614
30.10.2020 15:00:00.000,82.72,82.87,81.01,81.04,-2.030947776
30.10.2020 16:00:00.000,81.04,81.82,80.67,81,-0.049358342
30.10.2020 17:00:00.000,81,81.96,80.92,81.38,0.469135802
30.10.2020 18:00:00.000,81.37,81.73,80.92,81.27,-0.122895416
30.10.2020 19:00:00.000,81.27,81.6,80.5,80.78,-0.60292851
30.10.2020 20:00:00.000,80.78,80.99,80.22,80.42,-0.445654865
02.11.2020 14:00:00.000,81.5,83.01,81.45,82.43,1.141104294
02.11.2020 15:00:00.000,82.43,82.77,82.09,82.58,0.181972583
02.11.2020 16:00:00.000,82.58,83.03,82.36,82.73,0.181642044
02.11.2020 17:00:00.000,82.73,82.78,81.9,82.12,-0.73733833
02.11.2020 18:00:00.000,82.12,82.19,81.13,81.17,-1.156843643
02.11.2020 19:00:00.000,81.17,81.37,80.84,81.03,-0.172477516
02.11.2020 20:00:00.000,81.03,81.35,80.75,81.13,0.123411082
03.11.2020 14:00:00.000,80.9,81.73,80.76,81.41,0.630407911
03.11.2020 15:00:00.000,81.41,82.8,81.35,82.77,1.670556443
03.11.2020 16:00:00.000,82.78,82.99,82.28,82.29,-0.591930418
03.11.2020 17:00:00.000,82.29,82.89,82.29,82.66,0.44962936
03.11.2020 18:00:00.000,82.67,82.86,82.1,82.24,-0.520140317
03.11.2020 19:00:00.000,82.25,82.97,82.21,82.86,0.741641337
03.11.2020 20:00:00.000,82.86,83.07,82.56,82.98,0.144822592
04.11.2020 14:00:00.000,85.84,86.66,85.31,86.64,0.931966449
04.11.2020 15:00:00.000,86.63,88.12,86.35,88.1,1.696871753
04.11.2020 16:00:00.000,88.1,88.45,87.65,88.42,0.36322361
04.11.2020 17:00:00.000,88.43,88.57,87.63,87.72,-0.802894945
04.11.2020 18:00:00.000,87.72,87.74,86.86,87.42,-0.341997264
04.11.2020 19:00:00.000,87.42,87.88,87.3,87.59,0.194463509
04.11.2020 20:00:00.000,87.59,87.74,86.91,87.69,0.114168284
05.11.2020 14:00:00.000,87.64,89.43,87.64,89.25,1.837060703
05.11.2020 15:00:00.000,89.27,89.68,88.17,88.75,-0.58250252
05.11.2020 16:00:00.000,88.75,88.89,87.92,88.06,-0.777464789
05.11.2020 17:00:00.000,88.06,88.34,87.5,88.04,-0.022711787
05.11.2020 18:00:00.000,88.05,88.45,88.02,88.07,0.022714367
05.11.2020 19:00:00.000,88.07,88.79,88.07,88.59,0.590439423
05.11.2020 20:00:00.000,88.56,88.58,87.9,88.26,-0.338753388
06.11.2020 14:00:00.000,87.13,87.56,87,87.11,-0.022954206
06.11.2020 15:00:00.000,87.12,88.05,87.11,87.28,0.183654729
06.11.2020 16:00:00.000,87.28,88.05,87.21,87.96,0.779101742
06.11.2020 17:00:00.000,87.96,88.04,87.7,88,0.045475216
06.11.2020 18:00:00.000,88,88.6,88,88.3,0.340909091
06.11.2020 19:00:00.000,88.3,88.34,87.93,87.96,-0.385050963
06.11.2020 20:00:00.000,87.96,88.5,87.62,88.28,0.363801728
09.11.2020 14:00:00.000,89.44,90.05,88.6,89.37,-0.078264758
09.11.2020 15:00:00.000,89.37,90.57,89,89.72,0.391630301
09.11.2020 16:00:00.000,89.72,89.79,89.05,89.39,-0.367810967
09.11.2020 17:00:00.000,89.39,89.64,89.06,89.61,0.246112541
09.11.2020 18:00:00.000,89.61,89.83,89.35,89.53,-0.08927575
09.11.2020 19:00:00.000,89.53,89.63,88.91,89.31,-0.245727689
09.11.2020 20:00:00.000,89.31,89.65,88.46,88.46,-0.951741126
10.11.2020 14:00:00.000,87.66,88.04,86.9,87.59,-0.079853981
10.11.2020 15:00:00.000,87.59,87.91,85.88,86.86,-0.833428474
10.11.2020 16:00:00.000,86.86,87.35,86.17,86.96,0.115127792
10.11.2020 17:00:00.000,86.96,87.55,86.89,87.02,0.06899724
10.11.2020 18:00:00.000,87.02,87.41,86.25,86.76,-0.298781889
10.11.2020 19:00:00.000,86.76,86.96,86.26,86.65,-0.126786538
10.11.2020 20:00:00.000,86.65,87.2,86.32,86.93,0.323139065
11.11.2020 14:00:00.000,87.61,88.2,87.5,87.88,0.308183997
11.11.2020 15:00:00.000,87.88,87.99,87.35,87.53,-0.398270369
11.11.2020 16:00:00.000,87.53,87.88,87.38,87.71,0.205643779
11.11.2020 17:00:00.000,87.71,87.88,87.52,87.58,-0.148215711
11.11.2020 18:00:00.000,87.58,87.84,87.5,87.66,0.091345056
11.11.2020 19:00:00.000,87.66,87.91,87.4,87.61,-0.057038558
11.11.2020 20:00:00.000,87.61,87.94,87.45,87.45,-0.182627554
12.11.2020 14:00:00.000,87.86,88.41,87.71,87.85,-0.011381744
12.11.2020 15:00:00.000,87.85,88.14,87.56,87.85,0
12.11.2020 16:00:00.000,87.85,88.07,87.5,87.78,-0.079681275
12.11.2020 17:00:00.000,87.8,87.93,87.51,87.74,-0.06833713
12.11.2020 18:00:00.000,87.74,87.99,87.48,87.97,0.262138135
12.11.2020 19:00:00.000,87.97,88.11,87.43,87.51,-0.522905536
12.11.2020 20:00:00.000,87.5,87.64,87.29,87.35,-0.171428571
13.11.2020 14:00:00.000,87.91,87.98,87.6,87.6,-0.352633375
13.11.2020 15:00:00.000,87.6,87.71,87.2,87.41,-0.216894977
13.11.2020 16:00:00.000,87.41,88.08,87.41,87.98,0.652099302
13.11.2020 17:00:00.000,87.98,88.67,87.93,88.67,0.784269152
13.11.2020 18:00:00.000,88.67,88.81,88.46,88.47,-0.22555543
13.11.2020 19:00:00.000,88.47,88.91,88.39,88.82,0.395614333
13.11.2020 20:00:00.000,88.82,89.03,88.52,88.71,-0.123845981
16.11.2020 14:00:00.000,89.3,89.95,89.21,89.62,0.358342665
16.11.2020 15:00:00.000,89.62,89.8,89.3,89.7,0.089265789
16.11.2020 16:00:00.000,89.7,89.79,89.05,89.34,-0.401337793
16.11.2020 17:00:00.000,89.34,89.49,88.94,89.02,-0.358182225
16.11.2020 18:00:00.000,89,89.07,88.38,88.83,-0.191011236
16.11.2020 19:00:00.000,88.86,89.02,88.68,88.74,-0.135043889
16.11.2020 20:00:00.000,88.74,89.19,88.63,88.82,0.090151003
17.11.2020 14:00:00.000,88.7,88.72,88.37,88.41,-0.326944758
17.11.2020 15:00:00.000,88.41,89.14,88.41,89.12,0.803076575
17.11.2020 16:00:00.000,89.13,89.19,88.67,88.94,-0.213171772
17.11.2020 17:00:00.000,88.94,89.24,88.83,88.95,0.011243535
17.11.2020 18:00:00.000,88.95,89.19,88.78,88.8,-0.168634064
17.11.2020 19:00:00.000,88.8,88.94,88.69,88.75,-0.056306306
17.11.2020 20:00:00.000,88.75,88.84,88.35,88.48,-0.304225352
18.11.2020 14:00:00.000,88.41,88.62,87.78,87.78,-0.712589074
18.11.2020 15:00:00.000,87.78,88.31,87.64,88.21,0.489861016
18.11.2020 16:00:00.000,88.21,88.24,87.77,88.03,-0.204058497
18.11.2020 17:00:00.000,88.03,88.35,87.94,88.19,0.181756219
18.11.2020 18:00:00.000,88.19,88.28,87.54,87.66,-0.600975167
18.11.2020 19:00:00.000,87.66,87.88,87.5,87.82,0.182523386
18.11.2020 20:00:00.000,87.82,88.09,87.29,87.36,-0.523798679
19.11.2020 14:00:00.000,87.21,87.58,87.03,87.39,0.206398349
19.11.2020 15:00:00.000,87.4,87.77,86.93,87.6,0.228832952
19.11.2020 16:00:00.000,87.6,87.93,87.46,87.75,0.171232877
19.11.2020 17:00:00.000,87.75,87.89,87.46,87.61,-0.15954416
19.11.2020 18:00:00.000,87.61,87.84,87.5,87.81,0.228284442
19.11.2020 19:00:00.000,87.81,88.34,87.79,88.29,0.54663478
19.11.2020 20:00:00.000,88.29,88.47,88.09,88.14,-0.169894665
20.11.2020 14:00:00.000,88.36,88.37,87.85,87.86,-0.565866908
20.11.2020 15:00:00.000,87.86,88.7,87.79,88.51,0.739813339
20.11.2020 16:00:00.000,88.51,88.68,88.03,88.06,-0.508417128
20.11.2020 17:00:00.000,88.05,88.35,88,88.18,0.147643384
20.11.2020 18:00:00.000,88.18,88.28,88,88.03,-0.1701066
20.11.2020 19:00:00.000,88.03,88.05,87.71,87.77,-0.295353857
20.11.2020 20:00:00.000,87.76,87.86,87.03,87.16,-0.683682771
23.11.2020 14:00:00.000,87.22,87.38,86.98,86.98,-0.275166246
23.11.2020 15:00:00.000,86.98,87.05,86.37,86.7,-0.321913083
23.11.2020 16:00:00.000,86.7,86.7,85.87,86.05,-0.749711649
23.11.2020 17:00:00.000,86.05,86.79,85.99,86.75,0.813480535
23.11.2020 18:00:00.000,86.75,86.81,86.52,86.69,-0.069164265
23.11.2020 19:00:00.000,86.69,86.8,86.4,86.77,0.092282847
23.11.2020 20:00:00.000,86.79,87.05,86.61,86.63,-0.184353036
24.11.2020 14:00:00.000,86.7,87.06,86.35,86.84,0.161476355
24.11.2020 15:00:00.000,86.84,87.46,86.45,87.32,0.552740673
24.11.2020 16:00:00.000,87.32,88.14,87.3,87.99,0.767292716
24.11.2020 17:00:00.000,88,88.14,87.77,88.08,0.090909091
24.11.2020 18:00:00.000,88.08,88.39,87.97,88.35,0.30653951
24.11.2020 19:00:00.000,88.35,88.43,88.08,88.2,-0.169779287
24.11.2020 20:00:00.000,88.17,88.55,88.15,88.51,0.385618691
25.11.2020 14:00:00.000,88.3,88.51,87.9,88.05,-0.283125708
25.11.2020 15:00:00.000,88.06,88.45,87.8,88.43,0.420168067
25.11.2020 16:00:00.000,88.45,88.58,88.2,88.44,-0.011305822
25.11.2020 17:00:00.000,88.44,88.79,88.42,88.75,0.350520127
25.11.2020 18:00:00.000,88.75,88.9,88.53,88.86,0.123943662
25.11.2020 19:00:00.000,88.86,88.88,88.55,88.68,-0.202565834
25.11.2020 20:00:00.000,88.68,88.83,88.53,88.53,-0.169147497
27.11.2020 14:00:00.000,89.34,89.44,89,89.24,-0.111931945
27.11.2020 15:00:00.000,89.24,90,89.05,89.97,0.818018826
27.11.2020 16:00:00.000,89.97,90.19,89.39,89.42,-0.611314883
27.11.2020 17:00:00.000,89.42,89.66,89.13,89.61,0.212480429
30.11.2020 14:00:00.000,89.01,89.01,88.41,88.61,-0.449387709
30.11.2020 15:00:00.000,88.61,88.67,87.74,87.99,-0.699695294
30.11.2020 16:00:00.000,87.97,88.16,87.75,87.93,-0.045470047
30.11.2020 17:00:00.000,87.93,88.09,87.8,88.01,0.090981463
30.11.2020 18:00:00.000,88.01,88.07,87.78,88.01,0
30.11.2020 19:00:00.000,88.01,88.34,87.95,88.33,0.363595046
30.11.2020 20:00:00.000,88.34,88.37,87.78,87.83,-0.57731492
01.12.2020 14:00:00.000,88.59,89.33,88.46,88.95,0.406366407
01.12.2020 15:00:00.000,88.96,89.9,88.96,89.4,0.494604317
01.12.2020 16:00:00.000,89.4,90.24,89.4,90.22,0.917225951
01.12.2020 17:00:00.000,90.22,91.23,90.2,90.53,0.343604522
01.12.2020 18:00:00.000,90.53,90.83,90.45,90.61,0.088368497
01.12.2020 19:00:00.000,90.6,90.78,90,90.12,-0.529801325
01.12.2020 20:00:00.000,90.14,90.14,89.62,90.01,-0.144220102
02.12.2020 14:00:00.000,89.75,89.96,89.46,89.92,0.189415042
02.12.2020 15:00:00.000,89.92,90.6,89.7,90.52,0.667259786
02.12.2020 16:00:00.000,90.52,91.59,90.52,91.51,1.093680954
02.12.2020 17:00:00.000,91.51,91.73,91.08,91.27,-0.262266419
02.12.2020 18:00:00.000,91.27,91.75,91.27,91.46,0.208173551
02.12.2020 19:00:00.000,91.46,91.75,91.31,91.67,0.229608572
02.12.2020 20:00:00.000,91.67,91.71,91.26,91.32,-0.381804298
03.12.2020 14:00:00.000,91.89,92.12,91.53,92.02,0.141473501
03.12.2020 15:00:00.000,92.01,92.34,91.46,91.65,-0.391261819
03.12.2020 16:00:00.000,91.65,91.95,91.12,91.86,0.22913257
03.12.2020 17:00:00.000,91.86,91.98,91.25,91.33,-0.576964947
03.12.2020 18:00:00.000,91.32,91.44,91.13,91.26,-0.065703022
03.12.2020 19:00:00.000,91.26,91.66,91.25,91.65,0.427350427
03.12.2020 20:00:00.000,91.65,91.77,91.13,91.13,-0.567375887
04.12.2020 14:00:00.000,91.01,91.34,90.81,91.27,0.285682892
04.12.2020 15:00:00.000,91.27,91.45,91.03,91.33,0.065739016
04.12.2020 16:00:00.000,91.32,91.53,91.11,91.28,-0.043802015
04.12.2020 17:00:00.000,91.28,91.63,91.26,91.5,0.241016652
04.12.2020 18:00:00.000,91.5,91.65,91.38,91.38,-0.131147541
04.12.2020 19:00:00.000,91.38,91.4,91.17,91.34,-0.043773255
04.12.2020 20:00:00.000,91.34,91.52,91.21,91.37,0.032844318
07.12.2020 14:00:00.000,90.9,91.54,90.71,91.45,0.605060506
07.12.2020 15:00:00.000,91.45,91.59,90.99,91.04,-0.448332422
07.12.2020 16:00:00.000,91.04,91.17,90.84,90.87,-0.186731107
07.12.2020 17:00:00.000,90.87,90.87,90.52,90.55,-0.352151425
07.12.2020 18:00:00.000,90.55,90.67,90.27,90.5,-0.055218112
07.12.2020 19:00:00.000,90.5,90.79,90.35,90.62,0.132596685
07.12.2020 20:00:00.000,90.62,90.89,90.45,90.86,0.264842198
08.12.2020 14:00:00.000,90.48,90.78,90.08,90.24,-0.265251989
08.12.2020 15:00:00.000,90.25,90.63,89.8,90.53,0.310249307
08.12.2020 16:00:00.000,90.53,90.77,90.45,90.75,0.243013366
08.12.2020 17:00:00.000,90.74,90.93,90.53,90.57,-0.187348468
08.12.2020 18:00:00.000,90.57,90.68,90.41,90.42,-0.165617754
08.12.2020 19:00:00.000,90.42,90.73,90.4,90.64,0.243309002
08.12.2020 20:00:00.000,90.65,91.09,90.62,90.76,0.121345836
09.12.2020 14:00:00.000,90.99,91.71,90.97,91.42,0.472579404
09.12.2020 15:00:00.000,91.44,91.52,91.11,91.22,-0.240594926
09.12.2020 16:00:00.000,91.22,91.22,90.78,90.97,-0.274062706
09.12.2020 17:00:00.000,90.97,91,90.02,90.15,-0.901396065
09.12.2020 18:00:00.000,90.13,90.32,89.28,89.28,-0.943082215
09.12.2020 19:00:00.000,89.28,89.45,88.63,88.91,-0.414426523
09.12.2020 20:00:00.000,88.91,89.13,88.38,89.12,0.236193904
10.12.2020 14:00:00.000,87.06,88.35,87.01,88.21,1.320928096
10.12.2020 15:00:00.000,88.21,88.92,87.92,88.84,0.714204739
10.12.2020 16:00:00.000,88.85,89.04,88.53,88.63,-0.247608329
10.12.2020 17:00:00.000,88.63,89.07,88.58,88.62,-0.011282861
10.12.2020 18:00:00.000,88.62,88.88,88.53,88.61,-0.011284135
10.12.2020 19:00:00.000,88.63,88.7,88.06,88.08,-0.620557373
10.12.2020 20:00:00.000,88.08,88.82,88.08,88.76,0.772025431
11.12.2020 14:00:00.000,88.21,88.66,87.96,88.35,0.158712164
11.12.2020 15:00:00.000,88.35,88.68,88.28,88.39,0.045274477
11.12.2020 16:00:00.000,88.39,88.54,88.11,88.36,-0.033940491
11.12.2020 17:00:00.000,88.36,88.43,88.03,88.39,0.033952014
11.12.2020 18:00:00.000,88.39,88.83,88.33,88.72,0.373345401
11.12.2020 19:00:00.000,88.72,88.94,88.65,88.7,-0.022542831
11.12.2020 20:00:00.000,88.7,89.11,88.61,89.11,0.462232244
14.12.2020 14:00:00.000,88.81,89.81,88.81,89.78,1.092219345
14.12.2020 15:00:00.000,89.81,89.81,88.7,88.75,-1.180269458
14.12.2020 16:00:00.000,88.75,89.26,88.65,89.03,0.315492958
14.12.2020 17:00:00.000,89.03,89.08,88.35,88.42,-0.685162305
14.12.2020 18:00:00.000,88.42,88.63,88.2,88.5,0.090477268
14.12.2020 19:00:00.000,88.5,88.59,88.23,88.32,-0.203389831
14.12.2020 20:00:00.000,88.32,88.45,87.84,88.29,-0.033967391
15.12.2020 14:00:00.000,88.4,88.53,88,88,-0.452488688
15.12.2020 15:00:00.000,88,88.22,87.73,87.74,-0.295454545
15.12.2020 16:00:00.000,87.74,87.83,87.46,87.6,-0.159562343
15.12.2020 17:00:00.000,87.6,87.81,87.57,87.66,0.068493151
15.12.2020 18:00:00.000,87.66,88.2,87.66,88.14,0.547570157
15.12.2020 19:00:00.000,88.14,88.31,88.09,88.18,0.045382346
15.12.2020 20:00:00.000,88.18,88.4,88.14,88.4,0.24948968
16.12.2020 14:00:00.000,88.25,88.26,87.79,87.9,-0.396600567
16.12.2020 15:00:00.000,87.9,88.24,87.85,88.16,0.295790671
16.12.2020 16:00:00.000,88.18,88.32,88.05,88.21,0.03402132
16.12.2020 17:00:00.000,88.21,88.33,87.94,88.06,-0.170048747
16.12.2020 18:00:00.000,88.07,88.28,87.95,88.18,0.124900647
16.12.2020 19:00:00.000,88.18,88.21,87.81,88,-0.20412792
16.12.2020 20:00:00.000,88,88.3,87.83,88.06,0.068181818
17.12.2020 14:00:00.000,88.46,88.55,88.18,88.53,0.079131811
17.12.2020 15:00:00.000,88.54,88.57,87.75,87.77,-0.869663429
17.12.2020 16:00:00.000,87.77,88,87.61,87.84,0.079753902
17.12.2020 17:00:00.000,87.84,87.95,87.51,87.71,-0.147996357
17.12.2020 18:00:00.000,87.68,87.73,87.2,87.43,-0.285127737
17.12.2020 19:00:00.000,87.43,87.46,87.23,87.36,-0.080064051
17.12.2020 20:00:00.000,87.36,87.43,86.91,87.31,-0.057234432
18.12.2020 14:00:00.000,87.14,87.33,86.9,86.96,-0.20656415
18.12.2020 15:00:00.000,86.96,86.98,86.36,86.65,-0.356485741
18.12.2020 16:00:00.000,86.65,86.68,86.21,86.43,-0.25389498
18.12.2020 17:00:00.000,86.43,86.71,86.33,86.42,-0.011570057
18.12.2020 18:00:00.000,86.42,86.47,86.12,86.36,-0.069428373
18.12.2020 19:00:00.000,86.36,86.42,86.01,86.1,-0.301065308
18.12.2020 20:00:00.000,86.1,86.86,86.01,86.68,0.673635308
21.12.2020 14:00:00.000,85.96,86.38,85.49,85.52,-0.511865984
21.12.2020 15:00:00.000,85.52,85.6,84.95,85.28,-0.280636109
21.12.2020 16:00:00.000,85.28,86.05,85.25,85.72,0.515947467
21.12.2020 17:00:00.000,85.74,86.34,85.69,86.23,0.571495218
21.12.2020 18:00:00.000,86.23,86.67,86.21,86.55,0.371100545
21.12.2020 19:00:00.000,86.55,87.02,86.5,86.89,0.392836511
21.12.2020 20:00:00.000,86.89,87.02,86.65,86.95,0.069052825
22.12.2020 14:00:00.000,86.16,86.74,86.07,86.46,0.348189415
22.12.2020 15:00:00.000,86.46,86.85,86.05,86.74,0.323849179
22.12.2020 16:00:00.000,86.74,86.74,85.6,85.89,-0.979940051
22.12.2020 17:00:00.000,85.89,86.2,85.88,85.97,0.093142391
22.12.2020 18:00:00.000,85.97,86.15,85.91,86.02,0.058159823
22.12.2020 19:00:00.000,86.02,86.14,85.96,86.06,0.046500814
22.12.2020 20:00:00.000,86.07,86.18,85.91,86.17,0.116184501
23.12.2020 14:00:00.000,86.62,87.36,86.47,86.58,-0.046178712
23.12.2020 15:00:00.000,86.56,86.76,86.3,86.43,-0.150184843
23.12.2020 16:00:00.000,86.43,86.54,86.3,86.36,-0.080990397
23.12.2020 17:00:00.000,86.36,86.7,86.33,86.61,0.289485873
23.12.2020 18:00:00.000,86.61,87.08,86.58,86.99,0.438748412
23.12.2020 19:00:00.000,86.99,86.99,86.75,86.76,-0.264398207
23.12.2020 20:00:00.000,86.76,87.13,86.7,86.7,-0.069156293
24.12.2020 14:00:00.000,86.95,87.3,86.83,86.91,-0.04600345
24.12.2020 15:00:00.000,86.94,86.99,86.46,86.46,-0.5521049
24.12.2020 16:00:00.000,86.46,86.79,86.45,86.55,0.104094379
24.12.2020 17:00:00.000,86.57,86.99,86.45,86.96,0.450502484
28.12.2020 14:00:00.000,87.51,87.99,87.48,87.87,0.411381556
28.12.2020 15:00:00.000,87.87,88.57,87.7,88.3,0.489359281
28.12.2020 16:00:00.000,88.3,88.54,88.28,88.52,0.249150623
28.12.2020 17:00:00.000,88.54,89.38,88.48,89.13,0.666365485
28.12.2020 18:00:00.000,89.13,89.53,89.06,89.08,-0.056097835
28.12.2020 19:00:00.000,89.08,89.14,88.76,89.05,-0.033677593
28.12.2020 20:00:00.000,89.05,89.13,88.83,88.89,-0.17967434
29.12.2020 14:00:00.000,89.19,89.34,88.47,88.65,-0.605449041
29.12.2020 15:00:00.000,88.66,88.74,88.25,88.55,-0.124069479
29.12.2020 16:00:00.000,88.55,88.59,87.98,88.08,-0.530773574
29.12.2020 17:00:00.000,88.08,88.21,87.86,88.16,0.090826521
29.12.2020 18:00:00.000,88.15,88.15,87.93,88.07,-0.090754396
29.12.2020 19:00:00.000,88.07,88.12,87.81,87.96,-0.124900647
29.12.2020 20:00:00.000,87.96,88.11,87.81,87.88,-0.090950432
30.12.2020 14:00:00.000,87.8,87.85,87.43,87.44,-0.410022779
30.12.2020 15:00:00.000,87.44,87.48,87.12,87.48,0.045745654
30.12.2020 16:00:00.000,87.48,87.5,87.23,87.28,-0.228623685
30.12.2020 17:00:00.000,87.28,87.31,86.27,86.3,-1.122823098
30.12.2020 18:00:00.000,86.3,86.77,86.3,86.67,0.428736964
30.12.2020 19:00:00.000,86.67,86.87,86.48,86.86,0.219222338
30.12.2020 20:00:00.000,86.86,87.13,86.76,86.89,0.034538338
31.12.2020 14:00:00.000,87.44,87.91,87.33,87.45,0.011436414
31.12.2020 15:00:00.000,87.45,87.74,87.15,87.42,-0.034305317
31.12.2020 16:00:00.000,87.42,87.56,87.25,87.33,-0.10295127
31.12.2020 17:00:00.000,87.34,87.55,87.27,87.42,0.091596061
31.12.2020 18:00:00.000,87.43,87.44,87.18,87.22,-0.240192154
04.01.2021 14:00:00.000,87.99,88.02,87.31,87.31,-0.772815093
04.01.2021 15:00:00.000,87.38,87.83,86.91,86.92,-0.526436255
04.01.2021 16:00:00.000,86.91,87.05,86.02,86.04,-1.001035554
04.01.2021 17:00:00.000,86.02,86.12,85.38,85.65,-0.430132527
04.01.2021 18:00:00.000,85.63,86.44,85.53,86.39,0.887539414
04.01.2021 19:00:00.000,86.39,86.44,86.04,86.37,-0.023150828
04.01.2021 20:00:00.000,86.37,86.72,86.14,86.36,-0.011578094
05.01.2021 14:00:00.000,86.13,87.19,86.13,87.16,1.195866713
05.01.2021 15:00:00.000,87.19,87.34,86.65,86.73,-0.527583438
05.01.2021 16:00:00.000,86.73,86.89,86.5,86.73,0
05.01.2021 17:00:00.000,86.73,86.79,86.46,86.71,-0.023060071
05.01.2021 18:00:00.000,86.71,86.99,86.66,86.87,0.184523123
05.01.2021 19:00:00.000,86.87,87.2,86.87,86.95,0.092091631
05.01.2021 20:00:00.000,86.95,87.13,86.7,87.11,0.184013801
06.01.2021 14:00:00.000,85.13,85.98,85.07,85.58,0.528603313
06.01.2021 15:00:00.000,85.59,87.29,85.48,86.72,1.320247692
06.01.2021 16:00:00.000,86.72,87.02,86.33,86.4,-0.36900369
06.01.2021 17:00:00.000,86.4,86.59,86.08,86.3,-0.115740741
06.01.2021 18:00:00.000,86.3,86.89,86.19,86.59,0.33603708
06.01.2021 19:00:00.000,86.59,86.78,86.13,86.21,-0.438849752
06.01.2021 20:00:00.000,86.21,86.73,85.9,86.64,0.498782044
07.01.2021 14:00:00.000,87.33,88.76,87.24,88.73,1.603114623
07.01.2021 15:00:00.000,88.73,89.01,88.27,88.54,-0.214132762
07.01.2021 16:00:00.000,88.54,88.74,88.05,88.51,-0.033882991
07.01.2021 17:00:00.000,88.51,88.83,88.41,88.81,0.338944752
07.01.2021 18:00:00.000,88.81,89.13,88.61,88.74,-0.078819953
07.01.2021 19:00:00.000,88.74,88.77,88.37,88.49,-0.281721884
07.01.2021 20:00:00.000,88.49,89.41,88.48,89.35,0.971861227
08.01.2021 14:00:00.000,89.58,89.99,88.95,89.28,-0.334896182
08.01.2021 15:00:00.000,89.28,89.39,88.66,89.21,-0.078405018
08.01.2021 16:00:00.000,89.21,89.35,88.79,89.11,-0.112095057
08.01.2021 17:00:00.000,89.11,89.44,88.98,89.26,0.168331276
08.01.2021 18:00:00.000,89.26,89.6,89.07,89.51,0.280080663
08.01.2021 19:00:00.000,89.51,90.01,89.43,89.95,0.491565188
08.01.2021 20:00:00.000,89.95,90.49,89.66,90.13,0.200111173
11.01.2021 14:00:00.000,88.97,89.46,88.7,89.31,0.382151287
11.01.2021 15:00:00.000,89.31,89.64,88.83,88.89,-0.470272086
11.01.2021 16:00:00.000,88.88,89.08,88.62,89.04,0.180018002
11.01.2021 17:00:00.000,89.04,89.31,88.86,89.21,0.190925427
11.01.2021 18:00:00.000,89.21,89.28,88.71,88.75,-0.51563726
11.01.2021 19:00:00.000,88.75,88.75,88.23,88.5,-0.281690141
11.01.2021 20:00:00.000,88.5,88.63,88.03,88.22,-0.316384181
12.01.2021 14:00:00.000,88.31,88.84,87.51,87.7,-0.6907485
12.01.2021 15:00:00.000,87.71,88.03,87.51,87.77,0.068407251
12.01.2021 16:00:00.000,87.77,87.91,86.95,87.14,-0.71778512
12.01.2021 17:00:00.000,87.14,87.18,86.24,86.88,-0.298370438
12.01.2021 18:00:00.000,86.88,87.54,86.79,87.34,0.52946593
12.01.2021 19:00:00.000,87.32,87.48,86.91,87.11,-0.240494732
12.01.2021 20:00:00.000,87.14,87.41,86.99,87.22,0.091806289
13.01.2021 14:00:00.000,87.08,87.8,86.9,87.38,0.344510795
13.01.2021 15:00:00.000,87.38,88.22,87.28,88.12,0.846875715
13.01.2021 16:00:00.000,88.12,88.23,87.85,87.88,-0.272355878
13.01.2021 17:00:00.000,87.88,88.08,87.55,87.88,0
13.01.2021 18:00:00.000,87.88,88.02,87.72,87.78,-0.113791534
13.01.2021 19:00:00.000,87.78,87.99,87.55,87.55,-0.262018683
13.01.2021 20:00:00.000,87.55,87.98,87.24,87.81,0.296973158
14.01.2021 14:00:00.000,87.99,88.45,87.96,88.4,0.465962041
14.01.2021 15:00:00.000,88.44,88.75,87.98,88.14,-0.339213026
14.01.2021 16:00:00.000,88.14,88.19,87.3,87.3,-0.953029272
14.01.2021 17:00:00.000,87.3,87.32,86.65,87.25,-0.057273769
14.01.2021 18:00:00.000,87.25,87.51,87.19,87.38,0.148997135
14.01.2021 19:00:00.000,87.38,87.49,87.15,87.34,-0.045777066
14.01.2021 20:00:00.000,87.34,87.41,86.9,86.9,-0.503778338
15.01.2021 14:00:00.000,87.29,87.81,87.12,87.32,0.034368198
15.01.2021 15:00:00.000,87.32,87.41,86.46,86.61,-0.813101237
15.01.2021 16:00:00.000,86.62,87.18,86.07,86.94,0.369429693
15.01.2021 17:00:00.000,86.94,87.36,86.87,87.16,0.253048079
15.01.2021 18:00:00.000,87.17,87.65,87.01,87.58,0.470345302
15.01.2021 19:00:00.000,87.59,87.67,87.33,87.33,-0.296837539
15.01.2021 20:00:00.000,87.35,87.49,86.75,86.77,-0.663995421
19.01.2021 14:00:00.000,88.1,88.26,87.27,87.54,-0.635641317
19.01.2021 15:00:00.000,87.54,87.91,87.3,87.48,-0.068540096
19.01.2021 16:00:00.000,87.47,87.84,87.02,87.83,0.411569681
19.01.2021 17:00:00.000,87.82,89.59,87.75,89.52,1.935777727
19.01.2021 18:00:00.000,89.52,90.46,89.38,90.16,0.714924039
19.01.2021 19:00:00.000,90.16,90.34,89.58,89.78,-0.421472937
19.01.2021 20:00:00.000,89.78,89.99,89.58,89.58,-0.222766763
20.01.2021 14:00:00.000,91.88,92.88,91.64,91.75,-0.141488899
20.01.2021 15:00:00.000,91.75,93.61,91.75,93.39,1.78746594
20.01.2021 16:00:00.000,93.39,94.17,93.31,93.79,0.428311382
20.01.2021 17:00:00.000,93.79,94.25,93.27,94.02,0.245228702
20.01.2021 18:00:00.000,94.03,94.8,93.93,94.26,0.244602786
20.01.2021 19:00:00.000,94.27,95.09,94.02,94.91,0.678901029
20.01.2021 20:00:00.000,94.91,95.16,94.35,94.48,-0.453060794
21.01.2021 14:00:00.000,95.44,96.56,95.1,96.43,1.037300922
21.01.2021 15:00:00.000,96.44,96.73,95.5,95.78,-0.684363335
21.01.2021 16:00:00.000,95.78,95.84,95.17,95.59,-0.198371267
21.01.2021 17:00:00.000,95.59,95.66,94.98,95.23,-0.376608432
21.01.2021 18:00:00.000,95.23,95.33,94.32,94.36,-0.913577654
21.01.2021 19:00:00.000,94.36,95.42,94.36,95.39,1.091564222
21.01.2021 20:00:00.000,95.39,95.39,94.6,94.6,-0.828179054
22.01.2021 14:00:00.000,94.37,95.41,94.36,95.17,0.847727032
22.01.2021 15:00:00.000,95.17,95.51,94.87,95.04,-0.136597667
22.01.2021 16:00:00.000,95.04,95.5,94.96,95.19,0.157828283
22.01.2021 17:00:00.000,95.19,95.54,95.07,95.25,0.063031831
22.01.2021 18:00:00.000,95.25,95.49,95.05,95.38,0.13648294
22.01.2021 19:00:00.000,95.38,95.47,95.2,95.39,0.010484378
22.01.2021 20:00:00.000,95.39,95.46,95.14,95.28,-0.115316071
25.01.2021 14:00:00.000,96.27,96.43,95.76,95.83,-0.457047886
25.01.2021 15:00:00.000,95.85,96,94.05,94.1,-1.825769431
25.01.2021 16:00:00.000,94.07,95,93.36,94.26,0.201977251
25.01.2021 17:00:00.000,94.26,94.38,93.53,94.25,-0.010608954
25.01.2021 18:00:00.000,94.25,94.3,93.52,93.78,-0.49867374
25.01.2021 19:00:00.000,93.78,94.28,93.68,94.12,0.36255065
25.01.2021 20:00:00.000,94.12,94.98,93.86,94.96,0.892477688
26.01.2021 14:00:00.000,95.08,95.12,94.17,94.81,-0.283971393
26.01.2021 15:00:00.000,94.81,96.01,94.74,95.63,0.86488767
26.01.2021 16:00:00.000,95.63,95.78,95.21,95.21,-0.439192722
26.01.2021 17:00:00.000,95.21,95.88,95.2,95.57,0.378111543
26.01.2021 18:00:00.000,95.57,96.17,95.46,95.96,0.408077849
26.01.2021 19:00:00.000,95.96,96.21,95.56,95.9,-0.062526053
26.01.2021 20:00:00.000,95.9,96.2,95.67,95.67,-0.23983316
27.01.2021 14:00:00.000,93.56,93.62,91.11,92.53,-1.10089782
27.01.2021 15:00:00.000,92.53,93.57,92.3,93.16,0.680860262
27.01.2021 16:00:00.000,93.16,93.16,91.49,91.55,-1.728209532
27.01.2021 17:00:00.000,91.55,92.94,91.4,92.45,0.983069361
27.01.2021 18:00:00.000,92.45,92.85,92.25,92.36,-0.097349919
27.01.2021 19:00:00.000,92.28,92.63,91.2,91.34,-1.018638925
27.01.2021 20:00:00.000,91.34,91.72,90.44,91.52,0.197065908
28.01.2021 14:00:00.000,92.7,93.7,92.33,93.14,0.474649407
28.01.2021 15:00:00.000,93.14,93.48,92.5,93.14,0
28.01.2021 16:00:00.000,93.14,93.93,93.14,93.83,0.740820271
28.01.2021 17:00:00.000,93.84,94.56,93.7,94.56,0.767263427
28.01.2021 18:00:00.000,94.56,94.9,94.43,94.6,0.042301184
28.01.2021 19:00:00.000,94.6,94.7,93.61,93.94,-0.697674419
28.01.2021 20:00:00.000,93.87,93.89,93.13,93.55,-0.340896985
29.01.2021 14:00:00.000,92.19,92.22,91.3,91.92,-0.292873414
29.01.2021 15:00:00.000,91.92,92.77,91.71,92.69,0.837684943
29.01.2021 16:00:00.000,92.69,92.88,91.45,91.79,-0.970978531
29.01.2021 17:00:00.000,91.77,91.86,90.6,90.6,-1.274926447
29.01.2021 18:00:00.000,90.6,91.52,90.5,91.29,0.761589404
29.01.2021 19:00:00.000,91.27,92.2,91.27,91.8,0.580694642
29.01.2021 20:00:00.000,91.83,92.64,91.83,92.17,0.370249374
01.02.2021 14:00:00.000,93.29,93.72,92.82,93.08,-0.225104513
01.02.2021 15:00:00.000,93.08,94.12,92.9,93.23,0.161151697
01.02.2021 16:00:00.000,93.23,94.82,93.07,94.35,1.201330044
01.02.2021 17:00:00.000,94.39,95.7,94.35,95.57,1.250132429
01.02.2021 18:00:00.000,95.57,96.09,95.25,95.5,-0.073244742
01.02.2021 19:00:00.000,95.5,95.66,95.25,95.32,-0.188481675
01.02.2021 20:00:00.000,95.32,95.4,94.9,95.27,-0.052454889
02.02.2021 14:00:00.000,96.91,97.76,95.9,95.9,-1.042204107
02.02.2021 15:00:00.000,95.9,97.04,95.71,96.61,0.740354536
02.02.2021 16:00:00.000,96.61,96.77,96.26,96.73,0.124210744
02.02.2021 17:00:00.000,96.86,97.1,96.57,96.71,-0.154862688
02.02.2021 18:00:00.000,96.71,96.86,96.27,96.7,-0.010340192
02.02.2021 19:00:00.000,96.7,96.98,96.55,96.84,0.144777663
02.02.2021 20:00:00.000,96.84,97.23,96.52,96.9,0.061957869
03.02.2021 14:00:00.000,103.14,104.25,101.51,104.13,0.959860384
03.02.2021 15:00:00.000,104.14,104.46,102.7,103.33,-0.777799117
03.02.2021 16:00:00.000,103.33,104.04,103.31,103.86,0.512919772
03.02.2021 17:00:00.000,103.87,104.6,103.87,104.33,0.442861269
03.02.2021 18:00:00.000,104.33,105.29,104.05,105.29,0.920157194
03.02.2021 19:00:00.000,105.3,105.81,104.9,105.26,-0.037986705
03.02.2021 20:00:00.000,105.17,105.44,103.75,103.76,-1.340686508
04.02.2021 14:00:00.000,103.01,103.75,102.39,102.78,-0.223279293
04.02.2021 15:00:00.000,102.78,103.15,102.21,102.44,-0.330803658
04.02.2021 16:00:00.000,102.44,102.94,102.11,102.5,0.058570871
04.02.2021 17:00:00.000,102.5,102.74,102.3,102.63,0.126829268
04.02.2021 18:00:00.000,102.63,103.01,102.48,102.59,-0.038974959
04.02.2021 19:00:00.000,102.59,103.12,102.5,103,0.399649089
04.02.2021 20:00:00.000,103,103.29,102.78,103.21,0.203883495
05.02.2021 14:00:00.000,103.36,104.09,102.94,103.15,-0.203173375
05.02.2021 15:00:00.000,103.15,103.78,103.15,103.6,0.436257877
05.02.2021 16:00:00.000,103.6,103.81,103.34,103.55,-0.048262548
05.02.2021 17:00:00.000,103.56,104.64,103.54,104.54,0.946311317
05.02.2021 18:00:00.000,104.54,105.12,104.47,104.49,-0.047828582
05.02.2021 19:00:00.000,104.49,104.91,104.37,104.39,-0.095702938
05.02.2021 20:00:00.000,104.39,104.94,104.29,104.92,0.507711467
08.02.2021 14:00:00.000,105.75,106.1,104.25,104.82,-0.879432624
08.02.2021 15:00:00.000,104.82,105.23,104.25,104.58,-0.228963938
08.02.2021 16:00:00.000,104.59,104.71,103.61,103.95,-0.611913185
08.02.2021 17:00:00.000,103.99,104.33,103.65,103.98,-0.009616309
08.02.2021 18:00:00.000,103.98,104.43,103.9,104.16,0.173110214
08.02.2021 19:00:00.000,104.16,104.3,104,104.14,-0.019201229
08.02.2021 20:00:00.000,104.14,104.64,104.05,104.59,0.43211062
09.02.2021 14:00:00.000,104.43,105.28,104.28,105.11,0.651153883
09.02.2021 15:00:00.000,105.11,105.22,104.65,104.82,-0.275901437
09.02.2021 16:00:00.000,104.82,104.87,104.46,104.67,-0.143102461
09.02.2021 17:00:00.000,104.64,105.02,104.56,104.83,0.181574924
09.02.2021 18:00:00.000,104.83,104.89,104.28,104.3,-0.505580464
09.02.2021 19:00:00.000,104.3,104.61,104.3,104.53,0.220517737
09.02.2021 20:00:00.000,104.53,104.86,104.08,104.09,-0.42093179
10.02.2021 14:00:00.000,105.23,105.27,104.56,104.88,-0.332604771
10.02.2021 15:00:00.000,104.88,105.21,103.1,103.96,-0.877192982
10.02.2021 16:00:00.000,103.96,104.51,103.67,104.27,0.298191612
10.02.2021 17:00:00.000,104.27,104.5,103.9,104.37,0.095904862
10.02.2021 18:00:00.000,104.37,104.76,104.26,104.66,0.277857622
10.02.2021 19:00:00.000,104.66,104.96,104.41,104.79,0.124211733
10.02.2021 20:00:00.000,104.79,104.99,104.4,104.54,-0.238572383
11.02.2021 14:00:00.000,104.55,104.69,103.9,104,-0.526064084
11.02.2021 15:00:00.000,104.01,104.42,103.86,104.15,0.134602442
11.02.2021 16:00:00.000,104.15,104.7,104,104.42,0.259241479
11.02.2021 17:00:00.000,104.42,104.64,103.91,104.34,-0.076613676
11.02.2021 18:00:00.000,104.34,104.65,104.25,104.45,0.105424574
11.02.2021 19:00:00.000,104.45,104.49,104.02,104.46,0.009573959
11.02.2021 20:00:00.000,104.46,104.9,104.4,104.81,0.335056481
12.02.2021 14:00:00.000,104.35,104.95,104.14,104.92,0.54623862
12.02.2021 15:00:00.000,104.92,105.18,104.52,104.79,-0.123903927
12.02.2021 16:00:00.000,104.82,104.87,104.51,104.77,-0.04770082
12.02.2021 17:00:00.000,104.77,104.93,104.6,104.84,0.066813019
12.02.2021 18:00:00.000,104.84,105.02,104.65,104.83,-0.009538344
12.02.2021 19:00:00.000,104.83,105.23,104.67,105.15,0.305256129
12.02.2021 20:00:00.000,105.15,105.44,104.98,105.15,0
16.02.2021 14:00:00.000,106.3,106.98,105.78,106.7,0.376293509
16.02.2021 15:00:00.000,106.72,107.63,106.44,107,0.262368816
16.02.2021 16:00:00.000,107,107.02,106.25,106.48,-0.485981308
16.02.2021 17:00:00.000,106.48,106.85,106.15,106.72,0.22539444
16.02.2021 18:00:00.000,106.72,107,106.36,106.45,-0.252998501
16.02.2021 19:00:00.000,106.45,106.59,106.13,106.18,-0.253640207
16.02.2021 20:00:00.000,106.18,106.31,105.88,106.21,0.028253908
17.02.2021 14:00:00.000,105.85,106.25,105.4,106.02,0.160604629
17.02.2021 15:00:00.000,106.02,106.33,105.37,106.33,0.292397661
17.02.2021 16:00:00.000,106.33,106.5,105.5,105.9,-0.404401392
17.02.2021 17:00:00.000,105.9,106.52,105.9,106.4,0.472143532
17.02.2021 18:00:00.000,106.4,106.65,106.28,106.32,-0.07518797
17.02.2021 19:00:00.000,106.32,106.51,105.92,106.12,-0.188111362
17.02.2021 20:00:00.000,106.12,106.59,106.08,106.26,0.131926121
18.02.2021 14:00:00.000,105.54,105.9,105.35,105.63,0.085275725
18.02.2021 15:00:00.000,105.63,105.88,105.21,105.65,0.018934015
18.02.2021 16:00:00.000,105.65,105.79,105.4,105.55,-0.094652153
18.02.2021 17:00:00.000,105.55,105.74,105.26,105.51,-0.037896731
18.02.2021 18:00:00.000,105.51,105.92,105.43,105.78,0.255899915
18.02.2021 19:00:00.000,105.78,106.39,105.67,106.36,0.548307809
18.02.2021 20:00:00.000,106.36,106.63,105.77,105.78,-0.545317789
19.02.2021 14:00:00.000,105.5,106.46,105.45,106.39,0.843601896
19.02.2021 15:00:00.000,106.39,106.5,105.92,106.39,0
19.02.2021 16:00:00.000,106.39,106.53,106.1,106.1,-0.27258201
19.02.2021 17:00:00.000,106.1,106.17,105.11,105.4,-0.659754948
19.02.2021 18:00:00.000,105.39,105.59,105.04,105.5,0.104374229
19.02.2021 19:00:00.000,105.5,105.66,105.2,105.55,0.047393365
19.02.2021 20:00:00.000,105.55,105.7,104.9,104.94,-0.577925154
22.02.2021 14:00:00.000,103.38,104.48,103.3,104.28,0.870574579
22.02.2021 15:00:00.000,104.27,104.48,103.56,103.69,-0.556248202
22.02.2021 16:00:00.000,103.69,104.19,103.33,103.98,0.279679815
22.02.2021 17:00:00.000,103.98,104.03,103.56,103.95,-0.028851702
22.02.2021 18:00:00.000,103.95,104.57,103.51,104.27,0.307840308
22.02.2021 19:00:00.000,104.27,104.32,103.72,103.86,-0.393209936
22.02.2021 20:00:00.000,103.86,103.86,103.3,103.35,-0.491045638
23.02.2021 14:00:00.000,101.15,101.5,100.06,100.94,-0.207612457
23.02.2021 15:00:00.000,100.94,103.45,100.6,102.86,1.902120071
23.02.2021 16:00:00.000,102.86,103.22,102.07,102.23,-0.612482987
23.02.2021 17:00:00.000,102.26,102.6,101.2,101.28,-0.958341482
23.02.2021 18:00:00.000,101.28,102.53,101.13,102.38,1.086097946
23.02.2021 19:00:00.000,102.38,102.93,102.07,102.9,0.507911702
23.02.2021 20:00:00.000,102.9,104.13,102.87,103.47,0.55393586
24.02.2021 14:00:00.000,102.68,102.92,101.83,102.43,-0.243474873
24.02.2021 15:00:00.000,102.43,103.47,102.05,103.31,0.859123304
24.02.2021 16:00:00.000,103.31,103.71,103.03,103.68,0.358145388
24.02.2021 17:00:00.000,103.68,104.57,103.68,104.03,0.33757716
24.02.2021 18:00:00.000,104.03,104.55,103.72,104.35,0.307603576
24.02.2021 19:00:00.000,104.35,104.54,104.05,104.47,0.114997604
24.02.2021 20:00:00.000,104.47,104.96,104.35,104.77,0.287163779
25.02.2021 14:00:00.000,104.31,104.46,103.88,103.95,-0.345125108
25.02.2021 15:00:00.000,103.99,104.05,102.75,103.45,-0.5192807
25.02.2021 16:00:00.000,103.45,103.54,102.31,102.35,-1.063315611
25.02.2021 17:00:00.000,102.32,102.76,101.51,101.8,-0.508209539
25.02.2021 18:00:00.000,101.74,102.47,101.06,101.85,0.108118734
25.02.2021 19:00:00.000,101.82,102.74,101.71,102.03,0.206246317
25.02.2021 20:00:00.000,102.03,102.25,101.08,101.8,-0.225423895
26.02.2021 14:00:00.000,102.59,103.52,101.6,101.8,-0.770055561
26.02.2021 15:00:00.000,101.8,102.44,100.71,102.16,0.353634578
26.02.2021 16:00:00.000,102.16,102.73,101.55,102.29,0.12725137
26.02.2021 17:00:00.000,102.31,103.28,102.18,102.57,0.254129606
26.02.2021 18:00:00.000,102.57,103.07,102.02,102.12,-0.438724773
26.02.2021 19:00:00.000,102.12,102.88,101.86,102.58,0.45045045
26.02.2021 20:00:00.000,102.58,103.06,101.9,102.01,-0.555663872
01.03.2021 14:00:00.000,102.84,103,102.22,102.4,-0.427849086
01.03.2021 15:00:00.000,102.4,103.82,102.3,103.51,1.083984375
01.03.2021 16:00:00.000,103.51,103.61,103.06,103.53,0.019321805
01.03.2021 17:00:00.000,103.53,103.59,103.13,103.19,-0.328407225
01.03.2021 18:00:00.000,103.19,103.69,103.05,103.62,0.416707045
01.03.2021 19:00:00.000,103.62,104.09,103.59,103.97,0.337772631
01.03.2021 20:00:00.000,103.97,104.3,103.85,104.24,0.259690295
02.03.2021 14:00:00.000,104.29,104.64,103.81,104.23,-0.057531882
02.03.2021 15:00:00.000,104.23,104.65,103.7,104.13,-0.095941667
02.03.2021 16:00:00.000,104.13,104.2,103.55,103.85,-0.268894651
02.03.2021 17:00:00.000,103.85,104.52,103.72,104.3,0.433317285
02.03.2021 18:00:00.000,104.27,105.24,104.18,104.95,0.652153064
02.03.2021 19:00:00.000,105.02,105.09,104.08,104.4,-0.59036374
02.03.2021 20:00:00.000,104.4,104.65,103.85,103.91,-0.469348659
03.03.2021 14:00:00.000,104.22,104.22,102.54,102.64,-1.516023796
03.03.2021 15:00:00.000,102.64,103.06,102.05,102.75,0.107170694
03.03.2021 16:00:00.000,102.75,103.33,102.67,102.82,0.068126521
03.03.2021 17:00:00.000,102.82,102.96,102.12,102.13,-0.671075666
03.03.2021 18:00:00.000,102.13,102.34,101.25,101.46,-0.656026633
03.03.2021 19:00:00.000,101.46,101.62,100.5,101.42,-0.039424404
03.03.2021 20:00:00.000,101.42,102.18,101.22,101.41,-0.009859988
04.03.2021 14:00:00.000,102.83,103.22,101.28,101.76,-1.040552368
04.03.2021 15:00:00.000,101.76,103.32,101.06,102.63,0.85495283
04.03.2021 16:00:00.000,102.63,104,102.37,103.59,0.935399006
04.03.2021 17:00:00.000,103.59,104.37,101.69,102.14,-1.399749011
04.03.2021 18:00:00.000,102.14,102.5,101.31,101.44,-0.685333855
04.03.2021 19:00:00.000,101.44,103.28,101.44,103.15,1.685725552
04.03.2021 20:00:00.000,103.15,103.3,102.22,102.52,-0.610761028
05.03.2021 14:00:00.000,103.69,104.51,103.29,104,0.298968078
05.03.2021 15:00:00.000,104,104.79,102.86,103.09,-0.875
05.03.2021 16:00:00.000,103.09,103.52,102.25,103.18,0.087302357
05.03.2021 17:00:00.000,103.18,104.76,102.44,104.46,1.240550494
05.03.2021 18:00:00.000,104.42,104.72,103.58,104.14,-0.268147864
05.03.2021 19:00:00.000,104.14,105.54,103.8,105.48,1.286729403
05.03.2021 20:00:00.000,105.48,105.9,104.98,105.32,-0.151687524
08.03.2021 14:00:00.000,104.41,105.78,104.35,104.97,0.536347093
08.03.2021 15:00:00.000,104.97,106.39,104.5,105.39,0.400114318
08.03.2021 16:00:00.000,105.39,105.73,104.25,104.25,-1.081696556
08.03.2021 17:00:00.000,104.25,104.37,103.52,103.55,-0.67146283
08.03.2021 18:00:00.000,103.55,104,102.61,102.61,-0.907774022
08.03.2021 19:00:00.000,102.61,103.08,101.96,102.16,-0.438553747
08.03.2021 20:00:00.000,102.16,102.19,101.5,101.51,-0.636256852
09.03.2021 14:00:00.000,103.62,103.8,102.7,103.55,-0.067554526
09.03.2021 15:00:00.000,103.55,103.88,103.07,103.16,-0.376629648
09.03.2021 16:00:00.000,103.16,103.53,102.87,103.19,0.029081039
09.03.2021 17:00:00.000,103.19,103.53,103.11,103.24,0.048454308
09.03.2021 18:00:00.000,103.24,103.58,103.1,103.35,0.10654785
09.03.2021 19:00:00.000,103.35,103.51,102.99,103.06,-0.280599903
09.03.2021 20:00:00.000,103.06,103.51,102.47,102.98,-0.077624685
10.03.2021 14:00:00.000,103.2,103.56,103,103.06,-0.135658915
10.03.2021 15:00:00.000,103.05,103.35,101.65,101.95,-1.067442989
10.03.2021 16:00:00.000,101.95,102.73,101.85,102.54,0.578715056
10.03.2021 17:00:00.000,102.54,103.01,102.41,102.72,0.175541252
10.03.2021 18:00:00.000,102.72,102.98,102.16,102.52,-0.19470405
10.03.2021 19:00:00.000,102.52,103.42,102.43,103.17,0.63402263
10.03.2021 20:00:00.000,103.17,103.42,102.55,102.56,-0.591257148
11.03.2021 14:00:00.000,104.55,104.6,103.61,104.49,-0.057388809
11.03.2021 15:00:00.000,104.49,105.08,104.3,105.05,0.535936453
11.03.2021 16:00:00.000,105.05,105.6,104.89,105.54,0.46644455
11.03.2021 17:00:00.000,105.54,105.88,105.41,105.61,0.066325564
11.03.2021 18:00:00.000,105.61,106.11,105.51,105.94,0.31247041
11.03.2021 19:00:00.000,105.94,106.27,105.8,105.82,-0.113271663
11.03.2021 20:00:00.000,105.82,106.22,105.71,105.86,0.037800038
12.03.2021 14:00:00.000,104.19,104.29,103.35,103.74,-0.431903254
12.03.2021 15:00:00.000,103.74,103.78,102.38,102.55,-1.147098516
12.03.2021 16:00:00.000,102.55,103.25,102.35,103.07,0.507069722
12.03.2021 17:00:00.000,103.07,103.62,102.91,103.15,0.077617153
12.03.2021 18:00:00.000,103.15,103.25,102.68,102.69,-0.445952496
12.03.2021 19:00:00.000,102.69,103.01,102.5,102.86,0.165546791
12.03.2021 20:00:00.000,102.86,103.35,102.63,102.93,0.068053665
15.03.2021 14:00:00.000,102.71,103,102.33,102.74,0.029208451
15.03.2021 15:00:00.000,102.74,103.01,102.23,102.99,0.243332684
15.03.2021 16:00:00.000,102.99,102.99,102.15,102.45,-0.52432275
15.03.2021 17:00:00.000,102.45,102.66,102.36,102.63,0.175695461
15.03.2021 18:00:00.000,102.64,102.72,102.23,102.5,-0.136399065
15.03.2021 19:00:00.000,102.5,103.02,102.5,102.89,0.380487805
15.03.2021 20:00:00.000,102.89,103.11,102.44,103.1,0.204101468
16.03.2021 14:00:00.000,104.58,105.16,104.33,105.03,0.430292599
16.03.2021 15:00:00.000,105.03,106.2,104.87,105.97,0.894982386
16.03.2021 16:00:00.000,105.97,106.14,105.25,105.32,-0.613381146
16.03.2021 17:00:00.000,105.32,105.49,104.75,105.01,-0.294341056
16.03.2021 18:00:00.000,105.01,105.2,104.45,104.65,-0.342824493
16.03.2021 19:00:00.000,104.65,104.85,104.11,104.56,-0.086000956
16.03.2021 20:00:00.000,104.56,105.19,104.4,104.76,0.191277735
17.03.2021 14:00:00.000,103.75,103.93,103.36,103.83,0.077108434
17.03.2021 15:00:00.000,103.83,104.15,103.28,103.42,-0.39487624
17.03.2021 16:00:00.000,103.43,103.43,102.8,102.96,-0.454413613
17.03.2021 17:00:00.000,102.96,103.32,102.68,102.87,-0.087412587
17.03.2021 18:00:00.000,102.87,103.41,102.85,103.24,0.359677263
17.03.2021 19:00:00.000,103.24,105.27,103.24,105.22,1.917861294
17.03.2021 20:00:00.000,105.22,105.49,104.22,104.28,-0.89336628
18.03.2021 14:00:00.000,103.51,103.68,103.03,103.42,-0.086948121
18.03.2021 15:00:00.000,103.42,103.73,102.96,103.37,-0.048346548
18.03.2021 16:00:00.000,103.37,103.54,102.98,103.17,-0.193479733
18.03.2021 17:00:00.000,103.17,103.46,102.67,102.7,-0.455558786
18.03.2021 18:00:00.000,102.7,103.53,102.7,103.47,0.749756573
18.03.2021 19:00:00.000,103.47,103.59,102.18,102.44,-0.995457621
18.03.2021 20:00:00.000,102.44,102.56,101.71,101.72,-0.702850449
19.03.2021 14:00:00.000,101.68,101.83,101.18,101.42,-0.25570417
19.03.2021 15:00:00.000,101.42,102.14,100.86,102.08,0.650759219
19.03.2021 16:00:00.000,102.08,102.4,101.53,102.17,0.088166144
19.03.2021 17:00:00.000,102.17,102.43,102,102.35,0.17617696
19.03.2021 18:00:00.000,102.35,102.61,102,102.5,0.146555936
19.03.2021 19:00:00.000,102.5,102.62,102.06,102.58,0.07804878
19.03.2021 20:00:00.000,102.56,102.62,102.25,102.26,-0.2925117
22.03.2021 14:00:00.000,101.7,102.29,101.31,101.88,0.17699115
22.03.2021 15:00:00.000,101.89,102.03,101.23,101.75,-0.137403082
22.03.2021 16:00:00.000,101.76,102.08,101.62,101.95,0.186713836
22.03.2021 17:00:00.000,101.95,102.88,101.93,102.66,0.696419814
22.03.2021 18:00:00.000,102.65,102.85,102.43,102.64,-0.009741841
22.03.2021 19:00:00.000,102.67,102.89,102.29,102.49,-0.175318983
22.03.2021 20:00:00.000,102.48,102.78,101.8,101.8,-0.663544106
23.03.2021 14:00:00.000,102.16,102.44,102.04,102.43,0.264291308
23.03.2021 15:00:00.000,102.44,103.29,102.24,103.18,0.722374073
23.03.2021 16:00:00.000,103.16,103.6,102.8,102.95,-0.203567274
23.03.2021 17:00:00.000,102.96,103.25,102.5,103.05,0.087412587
23.03.2021 18:00:00.000,103.05,103.37,102.96,103.07,0.019408054
23.03.2021 19:00:00.000,103.06,103.58,102.93,102.95,-0.106733941
23.03.2021 20:00:00.000,102.96,103.07,102.37,102.64,-0.310800311
24.03.2021 14:00:00.000,103.54,103.63,102.83,103.11,-0.415298435
24.03.2021 15:00:00.000,103.11,103.53,102.84,103.4,0.281253031
24.03.2021 16:00:00.000,103.41,103.91,103.01,103.19,-0.212745382
24.03.2021 17:00:00.000,103.2,103.4,102.94,102.96,-0.23255814
24.03.2021 18:00:00.000,102.95,103.33,102.56,103.32,0.359397766
24.03.2021 19:00:00.000,103.34,103.49,102.77,102.85,-0.474162957
24.03.2021 20:00:00.000,102.84,103.1,102.16,102.16,-0.661221315
25.03.2021 14:00:00.000,102.03,102.89,101.91,102.32,0.284230128
25.03.2021 15:00:00.000,102.32,102.46,100.49,101.05,-1.241204066
25.03.2021 16:00:00.000,100.99,101.39,100.71,101.28,0.287157144
25.03.2021 17:00:00.000,101.24,102.03,101.07,101.82,0.572896089
25.03.2021 18:00:00.000,101.85,102.13,101.56,101.58,-0.265095729
25.03.2021 19:00:00.000,101.58,102.5,101.33,102.47,0.876156724
25.03.2021 20:00:00.000,102.46,102.85,102.25,102.32,-0.136638688
26.03.2021 14:00:00.000,102.22,102.35,101.72,101.76,-0.450009783
26.03.2021 15:00:00.000,101.88,102.25,101.4,101.89,0.009815469
26.03.2021 16:00:00.000,101.88,102.1,101.51,101.71,-0.166862976
26.03.2021 17:00:00.000,101.71,101.8,101.3,101.4,-0.304788123
26.03.2021 18:00:00.000,101.4,101.94,101.26,101.34,-0.059171598
26.03.2021 19:00:00.000,101.32,101.41,100.68,101.15,-0.167785235
26.03.2021 20:00:00.000,101.15,101.3,100.92,101.29,0.138408304
29.03.2021 14:00:00.000,101.72,101.88,100.9,100.97,-0.737318128
29.03.2021 15:00:00.000,100.97,101.55,100.73,101.28,0.307021888
29.03.2021 16:00:00.000,101.28,102.15,100.99,101.94,0.651658768
29.03.2021 17:00:00.000,101.94,102.69,101.55,102.67,0.716107514
29.03.2021 18:00:00.000,102.68,102.88,102.42,102.65,-0.029216985
29.03.2021 19:00:00.000,102.67,102.7,102.11,102.28,-0.379857797
29.03.2021 20:00:00.000,102.27,102.92,102.27,102.75,0.469345849
30.03.2021 14:00:00.000,103.37,103.46,102.78,103.02,-0.338589533
30.03.2021 15:00:00.000,103.05,103.09,102.16,102.86,-0.184376516
30.03.2021 16:00:00.000,102.84,103.26,102.67,102.73,-0.106962271
30.03.2021 17:00:00.000,102.73,102.84,102.42,102.48,-0.243356371
30.03.2021 18:00:00.000,102.48,102.81,102.25,102.58,0.097580016
30.03.2021 19:00:00.000,102.55,102.88,102.37,102.87,0.312042906
30.03.2021 20:00:00.000,102.87,103.01,102.28,102.5,-0.359677263
31.03.2021 14:00:00.000,102.8,103.47,102.77,103.36,0.544747082
31.03.2021 15:00:00.000,103.37,104.26,103.37,104,0.609461159
31.03.2021 16:00:00.000,104,104.28,103.75,104.25,0.240384615
31.03.2021 17:00:00.000,104.27,104.63,104.19,104.55,0.268533615
31.03.2021 18:00:00.000,104.54,104.64,104.16,104.22,-0.306102927
31.03.2021 19:00:00.000,104.22,104.23,103.78,104.01,-0.201496834
31.03.2021 20:00:00.000,104,104.13,102.58,103.36,-0.615384615
01.04.2021 14:00:00.000,105.44,105.64,105.07,105.17,-0.256069803
01.04.2021 15:00:00.000,105.16,105.92,104.83,105.68,0.494484595
01.04.2021 16:00:00.000,105.67,106.32,105.54,106.14,0.444780922
01.04.2021 17:00:00.000,106.15,106.43,106.04,106.31,0.150730099
01.04.2021 18:00:00.000,106.31,106.47,106.15,106.43,0.112877434
01.04.2021 19:00:00.000,106.43,106.77,106.42,106.51,0.075166776
01.04.2021 20:00:00.000,106.51,107.13,106.26,106.89,0.356774012
05.04.2021 14:00:00.000,108.67,109.89,108.21,109.63,0.883408484
05.04.2021 15:00:00.000,109.63,110.33,109.36,110.13,0.45607954
05.04.2021 16:00:00.000,110.13,110.98,109.99,110.65,0.472169255
05.04.2021 17:00:00.000,110.7,111.47,110.62,111.35,0.587172538
05.04.2021 18:00:00.000,111.36,111.84,111.33,111.63,0.242456897
05.04.2021 19:00:00.000,111.63,111.73,111.3,111.39,-0.214995969
05.04.2021 20:00:00.000,111.38,111.59,110.79,111.58,0.179565452
06.04.2021 14:00:00.000,111.24,111.86,111.01,111.24,0
06.04.2021 15:00:00.000,111.24,111.5,110.68,110.92,-0.287666307
06.04.2021 16:00:00.000,110.93,111.68,110.74,111.53,0.540881637
06.04.2021 17:00:00.000,111.53,111.58,111.31,111.55,0.017932395
06.04.2021 18:00:00.000,111.55,111.56,111.04,111.52,-0.02689377
06.04.2021 19:00:00.000,111.55,111.55,110.89,111.13,-0.376512775
06.04.2021 20:00:00.000,111.14,111.5,110.93,110.94,-0.179953212
07.04.2021 14:00:00.000,111.78,111.91,111.36,111.7,-0.071569154
07.04.2021 15:00:00.000,111.62,112.15,111.55,112.08,0.412112525
07.04.2021 16:00:00.000,112.1,112.45,111.74,112.14,0.035682426
07.04.2021 17:00:00.000,112.15,112.33,111.94,112.13,-0.017833259
07.04.2021 18:00:00.000,112.13,112.44,112.07,112.25,0.107018639
07.04.2021 19:00:00.000,112.24,112.72,112.19,112.49,0.222736992
07.04.2021 20:00:00.000,112.48,112.64,112.09,112.44,-0.035561878
08.04.2021 14:00:00.000,113.73,114.02,113.03,113.54,-0.167062341
08.04.2021 15:00:00.000,113.6,113.63,112.99,113.15,-0.396126761
08.04.2021 16:00:00.000,113.15,113.31,112.84,113.07,-0.070702607
08.04.2021 17:00:00.000,113.06,113.29,112.96,113.08,0.017689722
08.04.2021 18:00:00.000,113.08,113.25,112.99,113.02,-0.053059781
08.04.2021 19:00:00.000,113.01,113.31,112.93,113.08,0.061941421
08.04.2021 20:00:00.000,113.08,113.38,113.06,113.1,0.017686594
09.04.2021 14:00:00.000,112.87,113.48,112.64,113.27,0.354390006
09.04.2021 15:00:00.000,113.28,113.64,112.93,113.07,-0.185381356
09.04.2021 16:00:00.000,113.1,113.59,113.03,113.53,0.380194518
09.04.2021 17:00:00.000,113.52,113.81,113.44,113.81,0.255461593
09.04.2021 18:00:00.000,113.84,113.97,113.6,113.66,-0.158116655
09.04.2021 19:00:00.000,113.66,113.91,113.55,113.62,-0.03519268
09.04.2021 20:00:00.000,113.62,114.36,113.53,114.36,0.651293786
12.04.2021 14:00:00.000,113.1,113.51,112.47,113.25,0.132625995
12.04.2021 15:00:00.000,113.26,113.46,113,113.09,-0.150097122
12.04.2021 16:00:00.000,113.1,113.2,112.34,112.76,-0.300618921
12.04.2021 17:00:00.000,112.76,112.93,112.55,112.66,-0.08868393
12.04.2021 18:00:00.000,112.66,112.72,112.11,112.16,-0.443813243
12.04.2021 19:00:00.000,112.15,112.49,112.12,112.18,0.026749889
12.04.2021 20:00:00.000,112.16,112.77,111.88,112.59,0.383380884
13.04.2021 14:00:00.000,113.06,113.43,112.91,113.38,0.283035556
13.04.2021 15:00:00.000,113.39,113.68,112.77,112.95,-0.388041273
13.04.2021 16:00:00.000,112.94,113.29,112.86,113.23,0.256773508
13.04.2021 17:00:00.000,113.23,113.28,112.99,113.02,-0.185463216
13.04.2021 18:00:00.000,113.01,113.28,112.94,112.97,-0.035395098
13.04.2021 19:00:00.000,112.97,113.56,112.95,113.54,0.504558732
13.04.2021 20:00:00.000,113.54,113.84,113.35,113.46,-0.07045975
14.04.2021 14:00:00.000,113.73,113.84,113.09,113.38,-0.307746417
14.04.2021 15:00:00.000,113.38,113.75,113.15,113.47,0.079379079
14.04.2021 16:00:00.000,113.5,113.59,113.07,113.4,-0.088105727
14.04.2021 17:00:00.000,113.35,113.53,113.14,113.43,0.070577856
14.04.2021 18:00:00.000,113.45,113.45,112.9,113,-0.396650507
14.04.2021 19:00:00.000,112.99,113.37,112.8,113,0.008850341
14.04.2021 20:00:00.000,113.03,113.18,112.53,112.55,-0.424666018
15.04.2021 14:00:00.000,113.86,114.03,113.44,113.49,-0.324960478
15.04.2021 15:00:00.000,113.52,114.6,113.25,114.14,0.546159267
15.04.2021 16:00:00.000,114.16,114.49,113.89,114.02,-0.122634898
15.04.2021 17:00:00.000,114.02,115.22,114.01,115.21,1.043676548
15.04.2021 18:00:00.000,115.21,115.31,114.71,114.82,-0.338512282
15.04.2021 19:00:00.000,114.83,114.93,114.5,114.58,-0.217713141
15.04.2021 20:00:00.000,114.58,115.19,114.5,114.9,0.279280852
16.04.2021 14:00:00.000,114.51,114.87,114.18,114.41,-0.087328618
16.04.2021 15:00:00.000,114.41,114.84,114.38,114.73,0.279695831
16.04.2021 16:00:00.000,114.73,114.82,114.45,114.57,-0.139457858
16.04.2021 17:00:00.000,114.57,114.81,114.32,114.51,-0.05236973
16.04.2021 18:00:00.000,114.51,114.59,114.26,114.53,0.017465724
16.04.2021 19:00:00.000,114.55,114.93,114.52,114.8,0.218245308
16.04.2021 20:00:00.000,114.8,115.1,114.64,115.05,0.217770035
19.04.2021 14:00:00.000,115.52,115.86,115.35,115.43,-0.077908587
19.04.2021 15:00:00.000,115.42,115.57,114.3,115.16,-0.225264252
19.04.2021 16:00:00.000,115.11,115.31,114.54,114.74,-0.321431674
19.04.2021 17:00:00.000,114.73,115.04,114.38,114.63,-0.087161161
19.04.2021 18:00:00.000,114.6,115.3,114.55,114.95,0.305410122
19.04.2021 19:00:00.000,114.92,115.26,114.84,114.97,0.043508528
19.04.2021 20:00:00.000,115,115.21,114.81,114.85,-0.130434783
20.04.2021 14:00:00.000,114.89,115.48,114.8,115.15,0.226303421
20.04.2021 15:00:00.000,115.17,115.33,114.45,114.55,-0.538334636
20.04.2021 16:00:00.000,114.5,114.72,113.53,113.93,-0.497816594
20.04.2021 17:00:00.000,113.93,114.64,113.92,114.51,0.509084526
20.04.2021 18:00:00.000,114.51,114.7,114.26,114.69,0.157191512
20.04.2021 19:00:00.000,114.69,114.88,114.19,114.2,-0.427238643
20.04.2021 20:00:00.000,114.2,114.85,114.2,114.67,0.411558669
21.04.2021 14:00:00.000,114.13,114.2,113.48,113.77,-0.315429773
21.04.2021 15:00:00.000,113.77,113.77,112.9,113.06,-0.624066098
21.04.2021 16:00:00.000,113.08,114.05,113.07,113.95,0.76936682
21.04.2021 17:00:00.000,113.98,114.01,113.6,113.65,-0.289524478
21.04.2021 18:00:00.000,113.64,114.07,113.56,114.01,0.325589581
21.04.2021 19:00:00.000,114.01,114.18,113.81,113.87,-0.122796246
21.04.2021 20:00:00.000,113.87,114.7,113.79,114.66,0.693773601
22.04.2021 14:00:00.000,114.27,114.82,114.08,114.77,0.437560165
22.04.2021 15:00:00.000,114.75,115.16,114.62,114.99,0.209150327
22.04.2021 16:00:00.000,114.99,115.1,114.51,114.52,-0.408731194
22.04.2021 17:00:00.000,114.56,114.76,114.32,114.72,0.139664804
22.04.2021 18:00:00.000,114.73,114.77,112.87,113.19,-1.342281879
22.04.2021 19:00:00.000,113.18,113.58,112.77,113.31,0.114861283
22.04.2021 20:00:00.000,113.31,113.57,112.98,113.06,-0.22063366
23.04.2021 14:00:00.000,114.44,114.46,113.86,114.1,-0.297098916
23.04.2021 15:00:00.000,114.1,114.84,113.97,114.75,0.569675723
23.04.2021 16:00:00.000,114.75,115.81,114.67,115.7,0.82788671
23.04.2021 17:00:00.000,115.71,116.27,115.59,116.04,0.285195748
23.04.2021 18:00:00.000,116.07,116.15,115.66,115.77,-0.25846472
23.04.2021 19:00:00.000,115.77,116.03,115.76,115.98,0.181394144
23.04.2021 20:00:00.000,115.99,116.09,115.8,115.85,-0.12070006
26.04.2021 14:00:00.000,115.93,116.12,115.69,115.84,-0.077633054
26.04.2021 15:00:00.000,115.8,116.46,115.74,116.21,0.354058722
26.04.2021 16:00:00.000,116.23,116.84,116.22,116.48,0.215090768
26.04.2021 17:00:00.000,116.48,116.74,116.41,116.63,0.128777473
26.04.2021 18:00:00.000,116.67,116.84,116.35,116.78,0.09428302
26.04.2021 19:00:00.000,116.8,117.07,116.58,116.63,-0.145547945
26.04.2021 20:00:00.000,116.63,116.79,116.22,116.24,-0.334390809
27.04.2021 14:00:00.000,116.5,116.62,115.19,115.47,-0.884120172
27.04.2021 15:00:00.000,115.51,115.96,115.25,115.55,0.034629036
27.04.2021 16:00:00.000,115.55,115.87,115.3,115.76,0.181739507
27.04.2021 17:00:00.000,115.74,115.78,115.43,115.45,-0.250561604
27.04.2021 18:00:00.000,115.45,115.68,115.36,115.43,-0.017323517
27.04.2021 19:00:00.000,115.43,115.65,115.21,115.4,-0.025989777
27.04.2021 20:00:00.000,115.41,115.73,115.28,115.38,-0.025994281
28.04.2021 14:00:00.000,119.78,122.56,119.72,122.44,2.22073802
28.04.2021 15:00:00.000,122.43,122.46,120.2,120.34,-1.707097934
28.04.2021 16:00:00.000,120.34,120.8,119.89,119.92,-0.349011135
28.04.2021 17:00:00.000,119.85,121.21,119.78,121.09,1.034626617
28.04.2021 18:00:00.000,121.09,121.1,120.47,120.59,-0.412916013
28.04.2021 19:00:00.000,120.59,120.85,120.16,120.39,-0.165851231
28.04.2021 20:00:00.000,120.41,120.5,118.82,118.98,-1.187609003
29.04.2021 14:00:00.000,120.41,121.14,120.21,120.7,0.240843784
29.04.2021 15:00:00.000,120.66,121.2,120.39,121.14,0.397812034
29.04.2021 16:00:00.000,121.13,121.71,120.78,120.87,-0.214645422
29.04.2021 17:00:00.000,120.88,120.95,120.25,120.71,-0.140635341
29.04.2021 18:00:00.000,120.71,121.42,120.63,121.38,0.555049292
29.04.2021 19:00:00.000,121.41,121.77,121.21,121.69,0.230623507
29.04.2021 20:00:00.000,121.69,121.76,121.22,121.46,-0.189004848
30.04.2021 14:00:00.000,120.21,121.07,120.08,120.89,0.565676732
30.04.2021 15:00:00.000,120.9,121.32,120.31,120.31,-0.488006617
30.04.2021 16:00:00.000,120.32,120.6,120.1,120.44,0.099734043
30.04.2021 17:00:00.000,120.45,120.55,120.12,120.55,0.083022001
30.04.2021 18:00:00.000,120.48,120.67,120.06,120.22,-0.215803453
30.04.2021 19:00:00.000,120.21,120.91,120.21,120.71,0.415938774
30.04.2021 20:00:00.000,120.74,120.89,120.16,120.25,-0.405830711
03.05.2021 14:00:00.000,119.79,120.36,119.19,119.93,0.116871191
03.05.2021 15:00:00.000,119.89,120.9,119.83,120.09,0.166819585
03.05.2021 16:00:00.000,120.1,120.11,119.45,119.86,-0.199833472
03.05.2021 17:00:00.000,119.82,119.86,119.3,119.5,-0.267067268
03.05.2021 18:00:00.000,119.5,120,119.36,119.83,0.276150628
03.05.2021 19:00:00.000,119.88,120.15,119.83,120.01,0.108441775
03.05.2021 20:00:00.000,120.02,120.12,119.5,119.68,-0.283286119
04.05.2021 14:00:00.000,118.42,118.7,117.37,117.56,-0.726228678
04.05.2021 15:00:00.000,117.57,117.57,116.5,116.94,-0.535850982
04.05.2021 16:00:00.000,116.97,117.09,115.65,115.74,-1.05155168
04.05.2021 17:00:00.000,115.79,116.4,115.53,115.56,-0.198635461
04.05.2021 18:00:00.000,115.5,116.41,115.49,116.39,0.770562771
04.05.2021 19:00:00.000,116.37,117.36,116.29,117.33,0.824954885
04.05.2021 20:00:00.000,117.29,117.58,116.73,117.29,0
05.05.2021 14:00:00.000,118.34,118.57,117.76,117.94,-0.338009126
05.05.2021 15:00:00.000,117.94,118.83,117.53,118.31,0.31371884
05.05.2021 16:00:00.000,118.28,118.86,118.06,118.84,0.473452824
05.05.2021 17:00:00.000,118.86,119.09,118.54,118.58,-0.23557126
05.05.2021 18:00:00.000,118.57,118.7,118.29,118.47,-0.084338366
05.05.2021 19:00:00.000,118.47,118.51,118.2,118.28,-0.160378155
05.05.2021 20:00:00.000,118.28,118.35,117.52,117.87,-0.346635103
06.05.2021 14:00:00.000,117.33,118.24,117.29,117.66,0.28125799
06.05.2021 15:00:00.000,117.65,118.02,117.04,117.59,-0.050998725
06.05.2021 16:00:00.000,117.64,118.78,117.24,118.54,0.765045903
06.05.2021 17:00:00.000,118.55,118.87,118.29,118.65,0.084352594
06.05.2021 18:00:00.000,118.66,118.86,118,118.01,-0.547783583
06.05.2021 19:00:00.000,118.01,118.61,118,118.55,0.45758834
06.05.2021 20:00:00.000,118.55,119.01,118.35,118.99,0.371151413
07.05.2021 14:00:00.000,119.86,120.33,119.42,119.7,-0.133489071
07.05.2021 15:00:00.000,119.58,120.57,119.52,120.25,0.560294364
07.05.2021 16:00:00.000,120.22,120.77,120.21,120.7,0.399268009
07.05.2021 17:00:00.000,120.7,120.71,120.13,120.26,-0.364540182
07.05.2021 18:00:00.000,120.27,120.28,119.88,120.09,-0.149663258
07.05.2021 19:00:00.000,120.07,120.18,119.81,120.13,0.04997085
07.05.2021 20:00:00.000,120.13,120.39,120,120.06,-0.058270207
10.05.2021 14:00:00.000,117.8,118.2,117.38,117.43,-0.314091681
10.05.2021 15:00:00.000,117.43,117.62,116.67,117,-0.366175594
10.05.2021 16:00:00.000,117.01,117.49,116.66,117.44,0.367489958
10.05.2021 17:00:00.000,117.44,118.06,117.4,117.94,0.425749319
10.05.2021 18:00:00.000,117.93,118.02,117.51,117.65,-0.237428983
10.05.2021 19:00:00.000,117.62,117.66,116.81,117.01,-0.518619282
10.05.2021 20:00:00.000,117,117.54,116.75,116.99,-0.008547009
11.05.2021 14:00:00.000,114.33,115.77,114.24,115.69,1.189539054
11.05.2021 15:00:00.000,115.68,115.75,114.07,114.99,-0.596473029
11.05.2021 16:00:00.000,114.99,115.97,114.32,115.62,0.547873728
11.05.2021 17:00:00.000,115.63,116.01,115.06,115.21,-0.363227536
11.05.2021 18:00:00.000,115.25,116.06,115.19,115.54,0.251626898
11.05.2021 19:00:00.000,115.55,116.05,115.32,115.47,-0.069234098
11.05.2021 20:00:00.000,115.51,115.67,114.94,115.39,-0.103887109
12.05.2021 14:00:00.000,113.58,114.23,113.49,113.65,0.061630569
12.05.2021 15:00:00.000,113.64,113.84,112.32,112.44,-1.055966209
12.05.2021 16:00:00.000,112.49,112.79,111.73,111.82,-0.595608499
12.05.2021 17:00:00.000,111.82,112.27,111.73,112.11,0.259345376
12.05.2021 18:00:00.000,112.11,112.48,112.02,112.14,0.026759433
12.05.2021 19:00:00.000,112.11,112.53,111.91,112.39,0.249754705
12.05.2021 20:00:00.000,112.4,112.51,111.52,111.52,-0.782918149
13.05.2021 14:00:00.000,112.77,113.06,112.19,112.7,-0.062073246
13.05.2021 15:00:00.000,112.69,113.47,112.65,113.33,0.567929719
13.05.2021 16:00:00.000,113.32,113.34,112.66,112.78,-0.47652665
13.05.2021 17:00:00.000,112.8,113.27,112.51,112.53,-0.239361702
13.05.2021 18:00:00.000,112.52,112.65,112.1,112.47,-0.044436545
13.05.2021 19:00:00.000,112.49,113.52,112.48,113.38,0.791181438
13.05.2021 20:00:00.000,113.39,113.77,113.09,113.23,-0.141105918
14.05.2021 14:00:00.000,114.68,115.48,114.59,114.98,0.261597489
14.05.2021 15:00:00.000,115.08,115.58,114.69,115.46,0.330205075
14.05.2021 16:00:00.000,115.47,115.58,115.13,115.3,-0.147224387
14.05.2021 17:00:00.000,115.31,115.45,115.13,115.36,0.043361374
14.05.2021 18:00:00.000,115.35,115.69,115.17,115.57,0.190723884
14.05.2021 19:00:00.000,115.58,115.84,115.45,115.83,0.216300398
14.05.2021 20:00:00.000,115.84,116.05,115.6,115.99,0.12948895
17.05.2021 14:00:00.000,114.76,115.46,114.72,114.98,0.191704427
17.05.2021 15:00:00.000,115,115.98,114.71,115.74,0.643478261
17.05.2021 16:00:00.000,115.73,115.87,115.1,115.28,-0.388836084
17.05.2021 17:00:00.000,115.29,115.71,115.17,115.3,0.008673779
17.05.2021 18:00:00.000,115.3,115.41,115.07,115.21,-0.078057242
17.05.2021 19:00:00.000,115.22,115.74,115.12,115.73,0.442631488
17.05.2021 20:00:00.000,115.74,116.14,115.65,116.03,0.250561604
18.05.2021 14:00:00.000,116.79,117.08,116.62,116.72,-0.059936638
18.05.2021 15:00:00.000,116.71,117.05,116.51,116.83,0.102818953
18.05.2021 16:00:00.000,116.82,117.13,115.98,116,-0.7019346
18.05.2021 17:00:00.000,115.99,116.8,115.97,116.42,0.370721614
18.05.2021 18:00:00.000,116.38,116.58,116.11,116.16,-0.189035917
18.05.2021 19:00:00.000,116.17,116.31,115.39,115.45,-0.619781355
18.05.2021 20:00:00.000,115.44,116.09,115.15,115.19,-0.216562717
19.05.2021 14:00:00.000,113.55,114.28,113.31,114.05,0.440334654
19.05.2021 15:00:00.000,114.04,114.44,113.41,114.11,0.061381971
19.05.2021 16:00:00.000,114.12,114.83,114.03,114.72,0.525762355
19.05.2021 17:00:00.000,114.72,114.98,114.49,114.65,-0.061018131
19.05.2021 18:00:00.000,114.69,115.16,114.65,115.06,0.322608771
19.05.2021 19:00:00.000,115.04,115.8,114.62,114.89,-0.13038943
19.05.2021 20:00:00.000,114.88,115.63,114.71,115.33,0.391713092
20.05.2021 14:00:00.000,116.3,116.71,116.15,116.48,0.154772141
20.05.2021 15:00:00.000,116.49,116.93,116.33,116.52,0.025753284
20.05.2021 16:00:00.000,116.51,117.65,116.45,117.56,0.901210197
20.05.2021 17:00:00.000,117.57,117.58,117.18,117.25,-0.272178277
20.05.2021 18:00:00.000,117.25,117.61,117.18,117.38,0.1108742
20.05.2021 19:00:00.000,117.37,117.77,117.36,117.72,0.298202266
20.05.2021 20:00:00.000,117.72,118,117.54,117.93,0.178389399
21.05.2021 14:00:00.000,118.1,118.32,117.97,118.12,0.016934801
21.05.2021 15:00:00.000,118.24,118.25,117.53,117.82,-0.355209743
21.05.2021 16:00:00.000,117.81,118.18,117.37,117.44,-0.31406502
21.05.2021 17:00:00.000,117.43,117.66,117.14,117.3,-0.110704249
21.05.2021 18:00:00.000,117.31,117.63,117.1,117.4,0.076719802
21.05.2021 19:00:00.000,117.41,117.53,117.13,117.44,0.025551486
21.05.2021 20:00:00.000,117.43,117.52,117.13,117.22,-0.178829941
24.05.2021 14:00:00.000,118.6,119.37,118.49,119.37,0.649241147
24.05.2021 15:00:00.000,119.35,120.25,119.34,120.02,0.56137411
24.05.2021 16:00:00.000,120.03,120.3,119.91,120.22,0.15829376
24.05.2021 17:00:00.000,120.22,120.38,120.04,120.23,0.008318084
24.05.2021 18:00:00.000,120.22,120.43,120.07,120.35,0.108135086
24.05.2021 19:00:00.000,120.34,120.85,120.34,120.84,0.415489447
24.05.2021 20:00:00.000,120.84,120.89,120.24,120.65,-0.157232704
25.05.2021 14:00:00.000,121.02,121.48,120.63,120.68,-0.280945298
25.05.2021 15:00:00.000,120.68,120.96,120.21,120.79,0.091150149
25.05.2021 16:00:00.000,120.76,120.92,120.21,120.62,-0.115932428
25.05.2021 17:00:00.000,120.62,120.72,120.29,120.33,-0.240424474
25.05.2021 18:00:00.000,120.35,120.71,120.24,120.51,0.132945575
25.05.2021 19:00:00.000,120.52,120.53,120.14,120.35,-0.141055426
25.05.2021 20:00:00.000,120.31,120.48,120.1,120.18,-0.108054193
26.05.2021 14:00:00.000,120.71,121.11,120.54,120.9,0.157402038
26.05.2021 15:00:00.000,120.9,121.54,120.83,121.5,0.496277916
26.05.2021 16:00:00.000,121.52,121.76,121.35,121.67,0.123436471
26.05.2021 17:00:00.000,121.69,122.11,121.57,122.05,0.295833676
26.05.2021 18:00:00.000,122.07,122.14,121.53,121.61,-0.376832965
26.05.2021 19:00:00.000,121.62,121.94,121.61,121.88,0.213780628
26.05.2021 20:00:00.000,121.88,122.06,121.34,121.44,-0.36101083
27.05.2021 14:00:00.000,121.58,121.84,121.2,121.31,-0.222075999
27.05.2021 15:00:00.000,121.33,121.78,121.24,121.5,0.140113739
27.05.2021 16:00:00.000,121.42,121.7,121.39,121.6,0.148245759
27.05.2021 17:00:00.000,121.6,121.79,121.56,121.57,-0.024671053
27.05.2021 18:00:00.000,121.61,121.69,121.31,121.4,-0.172683168
27.05.2021 19:00:00.000,121.37,121.59,121.32,121.5,0.107110489
27.05.2021 20:00:00.000,121.53,121.79,121.08,121.09,-0.362050523
28.05.2021 14:00:00.000,120.75,121.29,120.61,121.01,0.215320911
28.05.2021 15:00:00.000,120.99,121.04,120.51,120.77,-0.181833209
28.05.2021 16:00:00.000,120.77,121.31,120.73,121.3,0.438850708
28.05.2021 17:00:00.000,121.3,121.39,120.99,121,-0.247320692
28.05.2021 18:00:00.000,121.02,121.04,120.6,120.84,-0.148735746
28.05.2021 19:00:00.000,120.84,121.07,120.82,121.01,0.140681893
28.05.2021 20:00:00.000,120.99,121.12,120.45,120.49,-0.413257294
01.06.2021 14:00:00.000,121.32,121.82,121.09,121.4,0.065941312
01.06.2021 15:00:00.000,121.39,121.45,120.19,120.48,-0.749649889
01.06.2021 16:00:00.000,120.47,120.94,120.4,120.84,0.307130406
01.06.2021 17:00:00.000,120.83,121.15,120.66,121.1,0.22345444
01.06.2021 18:00:00.000,121.07,121.1,120.75,120.94,-0.107375898
01.06.2021 19:00:00.000,120.94,121.58,120.83,121.58,0.529188027
01.06.2021 20:00:00.000,121.55,121.7,121.25,121.5,-0.041135335
02.06.2021 14:00:00.000,121.99,122.03,121.1,121.23,-0.623001885
02.06.2021 15:00:00.000,121.22,121.52,121.07,121.29,0.057746246
02.06.2021 16:00:00.000,121.29,121.75,121.18,121.24,-0.041223514
02.06.2021 17:00:00.000,121.24,121.25,120.95,121.1,-0.115473441
02.06.2021 18:00:00.000,121.14,121.18,120.18,120.36,-0.64388311
02.06.2021 19:00:00.000,120.26,120.66,120.16,120.64,0.315982039
02.06.2021 20:00:00.000,120.61,120.94,120.5,120.94,0.273609153
03.06.2021 14:00:00.000,119.63,119.76,119.03,119.53,-0.083591072
03.06.2021 15:00:00.000,119.5,119.97,119.23,119.92,0.351464435
03.06.2021 16:00:00.000,119.97,120.45,119.53,119.68,-0.241727098
03.06.2021 17:00:00.000,119.7,119.95,119.56,119.92,0.183792815
03.06.2021 18:00:00.000,119.92,120.1,119.71,119.99,0.058372248
03.06.2021 19:00:00.000,119.99,120.03,119.62,119.65,-0.283356946
03.06.2021 20:00:00.000,119.68,120.08,119.67,119.9,0.183823529
04.06.2021 14:00:00.000,121.22,121.73,121.09,121.67,0.37122587
04.06.2021 15:00:00.000,121.68,121.93,121.53,121.66,-0.016436555
04.06.2021 16:00:00.000,121.62,122.54,121.58,122.52,0.740009867
04.06.2021 17:00:00.000,122.53,122.65,122.14,122.34,-0.155064066
04.06.2021 18:00:00.000,122.34,122.54,122.24,122.48,0.114435181
04.06.2021 19:00:00.000,122.44,122.53,122.38,122.45,0.008167266
04.06.2021 20:00:00.000,122.47,122.65,122.37,122.6,0.106148445
07.06.2021 14:00:00.000,122.6,122.85,122.25,122.29,-0.252854812
07.06.2021 15:00:00.000,122.27,122.58,121.97,122.3,0.024535863
07.06.2021 16:00:00.000,122.36,122.57,122.05,122.46,0.081726054
07.06.2021 17:00:00.000,122.47,122.94,122.47,122.9,0.351106393
07.06.2021 18:00:00.000,122.89,123.18,122.07,122.22,-0.545203027
07.06.2021 19:00:00.000,122.23,122.88,122.22,122.82,0.482696556
07.06.2021 20:00:00.000,122.83,123.35,122.77,123.13,0.244240007
08.06.2021 14:00:00.000,124.06,124.13,123.56,123.64,-0.338545865
08.06.2021 15:00:00.000,123.63,124.06,123.55,123.76,0.105152471
08.06.2021 16:00:00.000,123.75,123.94,123.32,123.85,0.080808081
08.06.2021 17:00:00.000,123.86,124.36,123.78,124.35,0.395607944
08.06.2021 18:00:00.000,124.36,124.71,124.24,124.44,0.064329366
08.06.2021 19:00:00.000,124.44,124.51,123.87,124.28,-0.128576021
08.06.2021 20:00:00.000,124.28,124.46,123.79,124.07,-0.168973286
09.06.2021 14:00:00.000,124.71,124.95,124.3,124.57,-0.112260444
09.06.2021 15:00:00.000,124.59,124.85,124.36,124.54,-0.040131632
09.06.2021 16:00:00.000,124.5,124.79,124.34,124.43,-0.0562249
09.06.2021 17:00:00.000,124.42,124.93,124.41,124.63,0.168783154
09.06.2021 18:00:00.000,124.63,125.23,124.61,125.04,0.328973762
09.06.2021 19:00:00.000,125.04,125.08,124.53,124.66,-0.303902751
09.06.2021 20:00:00.000,124.67,124.79,124.53,124.58,-0.072190583
10.06.2021 14:00:00.000,125.15,125.91,125.04,125.73,0.463443867
10.06.2021 15:00:00.000,125.73,125.92,124.94,125.29,-0.349956255
10.06.2021 16:00:00.000,125.29,125.76,125.12,125.63,0.271370421
10.06.2021 17:00:00.000,125.63,125.87,125.52,125.58,-0.039799411
10.06.2021 18:00:00.000,125.58,125.69,125.04,125.62,0.031852206
10.06.2021 19:00:00.000,125.62,125.66,125.36,125.46,-0.127368253
10.06.2021 20:00:00.000,125.48,125.86,125.23,125.82,0.270959515
11.06.2021 14:00:00.000,125.97,126.01,125.29,125.5,-0.373104707
11.06.2021 15:00:00.000,125.51,125.71,124.92,125.2,-0.246992272
11.06.2021 16:00:00.000,125.18,125.9,125.13,125.66,0.383447835
11.06.2021 17:00:00.000,125.66,125.74,125.33,125.37,-0.230781474
11.06.2021 18:00:00.000,125.36,125.37,124.9,124.91,-0.358966177
11.06.2021 19:00:00.000,124.91,125.35,124.91,125.28,0.296213274
11.06.2021 20:00:00.000,125.28,125.62,125.12,125.62,0.271392082
14.06.2021 14:00:00.000,125.48,126.07,125.46,125.57,0.071724578
14.06.2021 15:00:00.000,125.63,125.67,125.07,125.33,-0.238796466
14.06.2021 16:00:00.000,125.33,125.49,125.03,125.4,0.055852549
14.06.2021 17:00:00.000,125.36,125.41,125.11,125.29,-0.055839183
14.06.2021 18:00:00.000,125.23,125.53,125.19,125.45,0.175676755
14.06.2021 19:00:00.000,125.46,125.91,125.32,125.75,0.23114937
14.06.2021 20:00:00.000,125.74,126.36,125.73,126.31,0.453316367
15.06.2021 14:00:00.000,126.27,126.63,125.95,126.17,-0.079195375
15.06.2021 15:00:00.000,126.15,126.2,125.73,125.89,-0.206103845
15.06.2021 16:00:00.000,125.88,126.04,125.61,125.73,-0.119161106
15.06.2021 17:00:00.000,125.74,126.1,125.7,125.99,0.198822968
15.06.2021 18:00:00.000,126,126.04,125.69,125.92,-0.063492063
15.06.2021 19:00:00.000,125.92,126,125.74,125.85,-0.055590851
15.06.2021 20:00:00.000,125.82,126.19,125.72,126.04,0.174852965
16.06.2021 14:00:00.000,125.76,126.19,125.61,126.02,0.206743003
16.06.2021 15:00:00.000,126.02,126.49,126.01,126.16,0.111093477
16.06.2021 16:00:00.000,126.16,126.25,126.02,126.11,-0.039632213
16.06.2021 17:00:00.000,126.11,126.15,125.27,125.64,-0.372690508
16.06.2021 18:00:00.000,125.64,126.07,125.58,125.79,0.11938873
16.06.2021 19:00:00.000,125.78,125.78,124.01,124.94,-0.667832724
16.06.2021 20:00:00.000,124.94,126.16,124.8,125.67,0.584280455
17.06.2021 14:00:00.000,125.67,126.05,125.4,125.95,0.222805761
17.06.2021 15:00:00.000,125.94,126.64,125.84,126.28,0.269969827
17.06.2021 16:00:00.000,126.28,126.95,126.13,126.4,0.095026924
17.06.2021 17:00:00.000,126.4,126.5,125.66,126.11,-0.22943038
17.06.2021 18:00:00.000,126.1,126.9,126.09,126.79,0.547184774
17.06.2021 19:00:00.000,126.79,126.95,126.59,126.71,-0.063096459
17.06.2021 20:00:00.000,126.74,127.19,126.63,126.65,-0.07101152
18.06.2021 14:00:00.000,125.73,125.84,125.16,125.44,-0.230652987
18.06.2021 15:00:00.000,125.31,125.45,124.75,125.06,-0.199505227
18.06.2021 16:00:00.000,125.06,125.25,124.55,125.2,0.111946266
18.06.2021 17:00:00.000,125.21,125.46,125.2,125.42,0.167718233
18.06.2021 18:00:00.000,125.41,125.64,125.26,125.53,0.095686149
18.06.2021 19:00:00.000,125.53,125.67,125.23,125.32,-0.167290687
18.06.2021 20:00:00.000,125.33,126.12,125.11,126.07,0.590441235
21.06.2021 14:00:00.000,125.19,125.81,125.07,125.57,0.303538621
21.06.2021 15:00:00.000,125.64,126.97,125.57,126.77,0.899395097
21.06.2021 16:00:00.000,126.75,127,126.47,126.78,0.023668639
21.06.2021 17:00:00.000,126.77,126.84,126.27,126.35,-0.331308669
21.06.2021 18:00:00.000,126.32,126.51,126.08,126.43,0.087080431
21.06.2021 19:00:00.000,126.43,126.83,126.4,126.65,0.174009333
21.06.2021 20:00:00.000,126.65,126.79,126.3,126.58,-0.05527043
22.06.2021 14:00:00.000,126.32,126.42,126.03,126.24,-0.063331222
22.06.2021 15:00:00.000,126.26,126.41,126.08,126.2,-0.047520988
22.06.2021 16:00:00.000,126.2,126.71,126.09,126.38,0.142630745
22.06.2021 17:00:00.000,126.37,126.77,126.3,126.64,0.213658305
22.06.2021 18:00:00.000,126.62,126.72,126.32,126.63,0.007897647
22.06.2021 19:00:00.000,126.63,126.88,126.54,126.82,0.150043434
22.06.2021 20:00:00.000,126.82,127.25,126.8,127.17,0.275981706
23.06.2021 14:00:00.000,127,127.75,127,127.7,0.551181102
23.06.2021 15:00:00.000,127.72,127.77,127.01,127.33,-0.305355465
23.06.2021 16:00:00.000,127.33,127.38,127.13,127.28,-0.039268044
23.06.2021 17:00:00.000,127.28,127.31,126.73,127.07,-0.164990572
23.06.2021 18:00:00.000,127.07,127.11,126.83,126.93,-0.110175494
23.06.2021 19:00:00.000,126.93,126.97,126.48,126.91,-0.015756716
23.06.2021 20:00:00.000,126.95,127.14,126.34,126.41,-0.425364317
24.06.2021 14:00:00.000,127.24,127.44,126.89,127.18,-0.047154983
24.06.2021 15:00:00.000,127.2,127.42,127.03,127.17,-0.023584906
24.06.2021 16:00:00.000,127.17,127.24,127,127.08,-0.070771408
24.06.2021 17:00:00.000,127.09,127.34,126.99,127.02,-0.055079078
24.06.2021 18:00:00.000,127,127.24,126.93,127.16,0.125984252
24.06.2021 19:00:00.000,127.17,127.44,127.15,127.42,0.196587245
24.06.2021 20:00:00.000,127.42,127.51,127.09,127.31,-0.086328677
25.06.2021 14:00:00.000,127.39,127.4,126.85,126.87,-0.408195306
25.06.2021 15:00:00.000,126.86,127.09,126.5,126.68,-0.141888696
25.06.2021 16:00:00.000,126.67,126.94,126.62,126.92,0.197363227
25.06.2021 17:00:00.000,126.88,127.18,126.75,127.12,0.189155107
25.06.2021 18:00:00.000,127.14,127.4,127.05,127.31,0.13371087
25.06.2021 19:00:00.000,127.33,127.49,127.23,127.45,0.094243305
25.06.2021 20:00:00.000,127.43,127.46,126.77,126.86,-0.447304402
28.06.2021 14:00:00.000,126.73,126.83,126,126.06,-0.528683027
28.06.2021 15:00:00.000,126.06,126.62,125.95,126.26,0.158654609
28.06.2021 16:00:00.000,126.26,126.44,126.17,126.19,-0.055441153
28.06.2021 17:00:00.000,126.2,126.47,126.03,126.35,0.118858954
28.06.2021 18:00:00.000,126.35,126.66,126.31,126.38,0.023743569
28.06.2021 19:00:00.000,126.38,127.16,126.13,127.12,0.585535686
28.06.2021 20:00:00.000,127.13,127.27,126.37,126.79,-0.267442775
29.06.2021 14:00:00.000,126.58,126.76,126.15,126.22,-0.284405119
29.06.2021 15:00:00.000,126.19,126.37,125.5,125.68,-0.404152468
29.06.2021 16:00:00.000,125.68,125.88,125.38,125.87,0.151177594
29.06.2021 17:00:00.000,125.87,126.04,125.73,125.92,0.039723524
29.06.2021 18:00:00.000,125.95,126.05,125.69,125.99,0.031758634
29.06.2021 19:00:00.000,126.01,126.17,125.91,126.06,0.039679391
29.06.2021 20:00:00.000,126.04,126.09,125.72,125.74,-0.238019676
30.06.2021 14:00:00.000,125.48,125.63,125.11,125.3,-0.143449155
30.06.2021 15:00:00.000,125.28,125.3,124.74,125.16,-0.095785441
30.06.2021 16:00:00.000,125.19,125.3,124.82,125.3,0.087866443
30.06.2021 17:00:00.000,125.3,125.49,125.27,125.47,0.135674381
30.06.2021 18:00:00.000,125.47,125.51,125.25,125.3,-0.135490556
30.06.2021 19:00:00.000,125.31,125.46,125.13,125.4,0.071821882
30.06.2021 20:00:00.000,125.4,125.63,125.12,125.51,0.087719298
01.07.2021 14:00:00.000,125.35,125.86,125.18,125.75,0.319106502
01.07.2021 15:00:00.000,125.73,126.09,125.48,125.94,0.167024576
01.07.2021 16:00:00.000,125.94,126.01,125.4,125.67,-0.214387804
01.07.2021 17:00:00.000,125.68,125.79,125.37,125.62,-0.047740293
01.07.2021 18:00:00.000,125.62,125.83,125.37,125.75,0.103486706
01.07.2021 19:00:00.000,125.76,126.3,125.75,126.22,0.365776081
01.07.2021 20:00:00.000,126.21,126.44,126.03,126.24,0.023769907
02.07.2021 14:00:00.000,127.01,127.67,127.01,127.61,0.472403748
02.07.2021 15:00:00.000,127.61,128.23,127.54,128.09,0.37614607
02.07.2021 16:00:00.000,128.1,128.6,128.02,128.55,0.351288056
02.07.2021 17:00:00.000,128.56,128.82,128.45,128.61,0.038892346
02.07.2021 18:00:00.000,128.64,128.8,128.32,128.61,-0.023320896
02.07.2021 19:00:00.000,128.61,128.68,128.41,128.46,-0.116631677
02.07.2021 20:00:00.000,128.48,128.82,128.46,128.81,0.256849315
06.07.2021 14:00:00.000,128.96,129.41,128.6,128.96,0
06.07.2021 15:00:00.000,128.95,129.54,128.74,128.76,-0.147343932
06.07.2021 16:00:00.000,128.76,129.22,128.59,128.96,0.155327742
06.07.2021 17:00:00.000,128.88,129.24,128.35,129.24,0.279329609
06.07.2021 18:00:00.000,129.25,129.48,129.11,129.44,0.147001934
06.07.2021 19:00:00.000,129.43,129.67,129.29,129.45,0.015452368
06.07.2021 20:00:00.000,129.42,129.82,129.32,129.77,0.270437336
07.07.2021 14:00:00.000,130.01,130.35,129.72,130.31,0.230751481
07.07.2021 15:00:00.000,130.33,130.59,129.75,130.19,-0.107419627
07.07.2021 16:00:00.000,130.16,130.42,129.74,130.3,0.107559926
07.07.2021 17:00:00.000,130.29,130.32,129.74,130.03,-0.199554839
07.07.2021 18:00:00.000,129.99,130.21,129.78,129.9,-0.069236095
07.07.2021 19:00:00.000,129.91,130.29,129.9,130.27,0.277114926
07.07.2021 20:00:00.000,130.27,130.34,129.97,130.04,-0.176556383
08.07.2021 14:00:00.000,128.54,128.76,127.99,128.76,0.171152948
08.07.2021 15:00:00.000,128.76,128.84,128.24,128.42,-0.264057161
08.07.2021 16:00:00.000,128.45,129.5,128.34,129.37,0.716231997
08.07.2021 17:00:00.000,129.37,129.74,129.28,129.55,0.139135812
08.07.2021 18:00:00.000,129.57,130,129.49,129.51,-0.046307016
08.07.2021 19:00:00.000,129.5,129.63,128.98,129.2,-0.231660232
08.07.2021 20:00:00.000,129.18,129.41,128.76,128.83,-0.270939774
09.07.2021 14:00:00.000,129.16,129.38,128.87,129.1,-0.046454011
09.07.2021 15:00:00.000,129.06,129.78,128.88,129.72,0.511390051
09.07.2021 16:00:00.000,129.75,129.78,129.26,129.28,-0.362235067
09.07.2021 17:00:00.000,129.28,129.75,129.26,129.66,0.293935644
09.07.2021 18:00:00.000,129.7,129.7,129.38,129.52,-0.138781804
09.07.2021 19:00:00.000,129.52,129.72,129.51,129.71,0.146695491
09.07.2021 20:00:00.000,129.71,129.8,129.47,129.6,-0.084804564
12.07.2021 14:00:00.000,129.91,130.1,129.74,130.04,0.100069279
12.07.2021 15:00:00.000,130.03,130.5,129.66,130.3,0.20764439
12.07.2021 16:00:00.000,130.31,130.52,130.17,130.32,0.007674008
12.07.2021 17:00:00.000,130.28,130.37,130.01,130.18,-0.076757753
12.07.2021 18:00:00.000,130.18,130.26,130,130.02,-0.122906745
12.07.2021 19:00:00.000,130.01,130.29,129.86,130.18,0.130759172
12.07.2021 20:00:00.000,130.21,130.74,130.16,130.47,0.199677444
13.07.2021 14:00:00.000,131.02,131.3,130.7,131.04,0.015264845
13.07.2021 15:00:00.000,131.1,131.51,131.07,131.39,0.221205187
13.07.2021 16:00:00.000,131.39,131.99,131.37,131.75,0.273993455
13.07.2021 17:00:00.000,131.73,131.82,131.55,131.7,-0.022773856
13.07.2021 18:00:00.000,131.69,131.72,130.58,130.97,-0.546738553
13.07.2021 19:00:00.000,130.99,131.34,130.77,131.23,0.183220093
13.07.2021 20:00:00.000,131.23,131.44,130.8,130.82,-0.312428561
14.07.2021 14:00:00.000,132.35,132.9,132.01,132.45,0.075557235
14.07.2021 15:00:00.000,132.53,132.93,132.27,132.52,-0.007545461
14.07.2021 16:00:00.000,132.55,132.59,131.99,131.99,-0.422482082
14.07.2021 17:00:00.000,131.99,132.52,131.99,132.31,0.242442609
14.07.2021 18:00:00.000,132.31,132.35,131.92,131.93,-0.287204293
14.07.2021 19:00:00.000,131.93,132.18,131.92,132.14,0.15917532
14.07.2021 20:00:00.000,132.08,132.45,131.85,131.96,-0.090854028
15.07.2021 14:00:00.000,131.54,131.9,131.35,131.78,0.182454006
15.07.2021 15:00:00.000,131.78,131.81,130.47,130.8,-0.743663682
15.07.2021 16:00:00.000,130.79,131.42,130.75,130.97,0.137625201
15.07.2021 17:00:00.000,130.99,131.37,130.56,131.16,0.129780899
15.07.2021 18:00:00.000,131.13,131.22,130.73,130.74,-0.297414779
15.07.2021 19:00:00.000,130.74,131.4,130.66,131.29,0.42068227
15.07.2021 20:00:00.000,131.29,131.41,131.02,131.26,-0.022850179
16.07.2021 14:00:00.000,131.95,132,131.38,131.49,-0.3486169
16.07.2021 15:00:00.000,131.5,131.65,131.05,131.33,-0.129277567
16.07.2021 16:00:00.000,131.22,131.43,130.78,130.99,-0.175278159
16.07.2021 17:00:00.000,131.05,131.8,130.97,131.76,0.541777947
16.07.2021 18:00:00.000,131.74,132.15,131.67,131.74,0
16.07.2021 19:00:00.000,131.74,131.96,131.58,131.87,0.098679217
16.07.2021 20:00:00.000,131.89,132.07,131.66,132.03,0.106149064
19.07.2021 14:00:00.000,130.05,130.32,128.98,129.08,-0.745866974
19.07.2021 15:00:00.000,129.07,129.24,128.57,129.04,-0.023243201
19.07.2021 16:00:00.000,129.05,129.85,128.93,129.35,0.232468036
19.07.2021 17:00:00.000,129.28,129.36,128.78,128.97,-0.239789604
19.07.2021 18:00:00.000,128.97,129.19,128.78,128.79,-0.139567341
19.07.2021 19:00:00.000,128.79,128.99,128.67,128.87,0.062116624
19.07.2021 20:00:00.000,128.88,129.17,128.64,129.02,0.108628181
20.07.2021 14:00:00.000,129.41,129.85,129.08,129.8,0.301367746
20.07.2021 15:00:00.000,129.79,130.36,129.17,130.18,0.300485399
20.07.2021 16:00:00.000,130.18,131.06,130.12,130.95,0.591488708
20.07.2021 17:00:00.000,130.96,131.57,130.92,131.5,0.412339646
20.07.2021 18:00:00.000,131.5,131.54,131.17,131.4,-0.076045627
20.07.2021 19:00:00.000,131.39,131.94,131.38,131.67,0.21310602
20.07.2021 20:00:00.000,131.69,131.87,131.26,131.3,-0.296150049
21.07.2021 14:00:00.000,130.59,131.44,130.59,131.33,0.566659009
21.07.2021 15:00:00.000,131.32,131.55,131.04,131.32,0
21.07.2021 16:00:00.000,131.38,131.6,131.1,131.46,0.060892069
21.07.2021 17:00:00.000,131.48,131.84,131.46,131.57,0.068451476
21.07.2021 18:00:00.000,131.56,131.77,131.43,131.68,0.091213135
21.07.2021 19:00:00.000,131.69,131.96,131.58,131.94,0.189839775
21.07.2021 20:00:00.000,131.95,132.54,131.91,132.49,0.409245926
22.07.2021 14:00:00.000,132.61,133.22,132.43,133.03,0.316718196
22.07.2021 15:00:00.000,133.04,133.49,132.84,133.25,0.157847264
22.07.2021 16:00:00.000,133.25,133.3,132.84,133.05,-0.150093809
22.07.2021 17:00:00.000,133.06,133.15,132.69,132.81,-0.187885165
22.07.2021 18:00:00.000,132.78,133.2,132.72,133.19,0.308781443
22.07.2021 19:00:00.000,133.13,133.32,133.08,133.25,0.09013746
22.07.2021 20:00:00.000,133.25,133.43,133.21,133.28,0.022514071
23.07.2021 14:00:00.000,134.94,135.35,134.67,135.09,0.111160516
23.07.2021 15:00:00.000,135.09,136.73,135.09,136.63,1.139980754
23.07.2021 16:00:00.000,136.63,137.1,136.13,137.07,0.32203762
23.07.2021 17:00:00.000,137.08,137.59,136.89,137.58,0.364750511
23.07.2021 18:00:00.000,137.58,138.28,137.43,138.27,0.501526385
23.07.2021 19:00:00.000,138.27,138.72,138.12,138.15,-0.086786722
23.07.2021 20:00:00.000,138.14,138.3,137.73,137.89,-0.180975822
26.07.2021 14:00:00.000,137.65,138.61,137.53,138.3,0.472212132
26.07.2021 15:00:00.000,138.26,138.75,137.98,138.17,-0.065094749
26.07.2021 16:00:00.000,138.23,138.58,137.96,138.58,0.253201186
26.07.2021 17:00:00.000,138.56,138.89,138.51,138.76,0.144341801
26.07.2021 18:00:00.000,138.74,138.96,138.41,138.47,-0.19460862
26.07.2021 19:00:00.000,138.5,139.03,138.47,138.98,0.346570397
26.07.2021 20:00:00.000,138.96,139.52,138.92,139.49,0.381404721
27.07.2021 14:00:00.000,139.41,139.74,139.03,139.14,-0.193673338
27.07.2021 15:00:00.000,139.16,139.51,136.96,137.45,-1.22880138
27.07.2021 16:00:00.000,137.45,137.95,136.38,136.83,-0.451073117
27.07.2021 17:00:00.000,136.83,136.85,135.41,135.65,-0.86238398
27.07.2021 18:00:00.000,135.65,135.86,135.05,135.19,-0.339107999
27.07.2021 19:00:00.000,135.18,136.68,135.08,136.51,0.983873354
27.07.2021 20:00:00.000,136.52,136.85,135.89,136.35,-0.124523879
28.07.2021 14:00:00.000,138.93,138.96,137.09,138.44,-0.352695602
28.07.2021 15:00:00.000,138.43,139.54,138.24,138.92,0.353969515
28.07.2021 16:00:00.000,138.94,139.12,137.49,137.75,-0.856484814
28.07.2021 17:00:00.000,137.74,138.11,137.02,137.04,-0.508203862
28.07.2021 18:00:00.000,137.03,137.32,136.56,137.15,0.087572065
28.07.2021 19:00:00.000,137.17,137.62,136.5,136.78,-0.284318729
28.07.2021 20:00:00.000,136.8,137.09,136.48,136.54,-0.19005848
29.07.2021 14:00:00.000,136.31,136.7,136.09,136.54,0.168733035
29.07.2021 15:00:00.000,136.54,136.96,136.11,136.72,0.131829501
29.07.2021 16:00:00.000,136.72,137.11,136.64,136.71,-0.007314219
29.07.2021 17:00:00.000,136.69,136.86,136.56,136.66,-0.021947472
29.07.2021 18:00:00.000,136.7,137.06,136.58,136.88,0.131675201
29.07.2021 19:00:00.000,136.95,137.1,136.71,136.84,-0.080321285
29.07.2021 20:00:00.000,136.84,136.85,136.38,136.57,-0.197310728
30.07.2021 14:00:00.000,135.15,135.6,134.77,135.54,0.288568257
30.07.2021 15:00:00.000,135.61,135.73,135.08,135.17,-0.324459848
30.07.2021 16:00:00.000,135.17,135.4,134.79,135.1,-0.051786639
30.07.2021 17:00:00.000,135.11,135.34,134.94,135.24,0.096217897
30.07.2021 18:00:00.000,135.25,135.44,135.03,135.1,-0.11090573
30.07.2021 19:00:00.000,135.09,135.24,134.82,135.22,0.096232142
30.07.2021 20:00:00.000,135.18,135.4,135.06,135.08,-0.07397544
02.08.2021 14:00:00.000,135.32,135.51,134.55,134.91,-0.302985516
02.08.2021 15:00:00.000,134.95,135.46,134.67,135.29,0.251945165
02.08.2021 16:00:00.000,135.33,135.9,135.21,135.21,-0.088672135
02.08.2021 17:00:00.000,135.29,135.45,135.09,135.22,-0.051740705
02.08.2021 18:00:00.000,135.21,135.42,135.03,135.17,-0.029583611
02.08.2021 19:00:00.000,135.17,135.69,135.13,135.63,0.340312199
02.08.2021 20:00:00.000,135.61,135.72,135.35,135.7,0.066366787
03.08.2021 14:00:00.000,135.52,135.99,134.78,134.88,-0.472255018
03.08.2021 15:00:00.000,134.89,135.04,134.11,134.56,-0.244643784
03.08.2021 16:00:00.000,134.56,136.04,134.14,135.91,1.003269917
03.08.2021 17:00:00.000,135.91,136.12,135.54,135.96,0.036789052
03.08.2021 18:00:00.000,135.97,136.25,135.53,135.63,-0.250055159
03.08.2021 19:00:00.000,135.64,135.91,135.34,135.81,0.125331761
03.08.2021 20:00:00.000,135.77,136.33,135.76,136.28,0.375635266
04.08.2021 14:00:00.000,135.82,136.16,135.56,135.73,-0.066264173
04.08.2021 15:00:00.000,135.72,135.81,135.32,135.62,-0.073681108
04.08.2021 16:00:00.000,135.59,136.22,135.51,136.16,0.420384984
04.08.2021 17:00:00.000,136.16,136.2,135.72,135.86,-0.220329025
04.08.2021 18:00:00.000,135.81,136.37,135.81,136.12,0.228260069
04.08.2021 19:00:00.000,136.11,136.48,136.07,136.23,0.088163985
04.08.2021 20:00:00.000,136.23,136.32,135.92,136.15,-0.058724216
05.08.2021 14:00:00.000,135.78,136.23,135.43,135.99,0.154661953
05.08.2021 15:00:00.000,136,136.7,135.93,136.56,0.411764706
05.08.2021 16:00:00.000,136.56,136.82,136.4,136.51,-0.036613943
05.08.2021 17:00:00.000,136.54,136.62,136.28,136.45,-0.06591475
05.08.2021 18:00:00.000,136.45,136.66,136.34,136.51,0.043972151
05.08.2021 19:00:00.000,136.48,136.69,136.48,136.6,0.087924971
05.08.2021 20:00:00.000,136.59,136.8,136.55,136.7,0.080532982
06.08.2021 14:00:00.000,136.61,137.05,136.22,136.5,-0.080521192
06.08.2021 15:00:00.000,136.48,136.91,136.28,136.42,-0.043962485
06.08.2021 16:00:00.000,136.41,136.56,135.97,136.5,0.065977568
06.08.2021 17:00:00.000,136.46,136.7,136.07,136.69,0.16854756
06.08.2021 18:00:00.000,136.7,136.91,136.52,136.73,0.021945867
06.08.2021 19:00:00.000,136.69,136.9,136.52,136.6,-0.065842417
06.08.2021 20:00:00.000,136.63,136.84,136.52,136.81,0.131742663
09.08.2021 14:00:00.000,136.66,137.04,136.33,136.89,0.168300893
09.08.2021 15:00:00.000,136.78,137.16,136.54,136.94,0.116976166
09.08.2021 16:00:00.000,136.92,137.38,136.85,137.22,0.219106047
09.08.2021 17:00:00.000,137.24,137.47,137.18,137.26,0.014573011
09.08.2021 18:00:00.000,137.26,137.74,137.2,137.68,0.305988635
09.08.2021 19:00:00.000,137.65,138.27,137.65,138.15,0.363240102
09.08.2021 20:00:00.000,138.21,138.32,137.87,137.91,-0.217060994
10.08.2021 14:00:00.000,138.12,138.45,137.89,138.39,0.195482189
10.08.2021 15:00:00.000,138.4,138.51,137.25,137.69,-0.51300578
10.08.2021 16:00:00.000,137.68,137.75,137.18,137.57,-0.07989541
10.08.2021 17:00:00.000,137.58,138.32,137.52,138.08,0.363424916
10.08.2021 18:00:00.000,138.1,138.39,138.06,138.37,0.1955105
10.08.2021 19:00:00.000,138.39,138.39,138,138.29,-0.072259556
10.08.2021 20:00:00.000,138.24,138.3,137.81,137.92,-0.231481481
11.08.2021 14:00:00.000,138.59,138.68,137.98,137.99,-0.432931669
11.08.2021 15:00:00.000,137.99,138.35,137.74,137.83,-0.115950431
11.08.2021 16:00:00.000,137.86,137.89,137.44,137.44,-0.304656898
11.08.2021 17:00:00.000,137.42,137.87,137.33,137.82,0.291078446
11.08.2021 18:00:00.000,137.85,137.93,137.34,137.39,-0.333696046
11.08.2021 19:00:00.000,137.4,137.79,137.34,137.71,0.225618632
11.08.2021 20:00:00.000,137.71,137.94,137.51,137.64,-0.050831457
12.08.2021 14:00:00.000,137.45,137.45,136.76,137.15,-0.218261186
12.08.2021 15:00:00.000,137.16,138.02,136.87,137.88,0.524934383
12.08.2021 16:00:00.000,137.88,138.08,137.58,137.91,0.02175805
12.08.2021 17:00:00.000,137.93,138.25,137.83,138.06,0.094250707
12.08.2021 18:00:00.000,138.04,138.11,137.83,137.91,-0.094175601
12.08.2021 19:00:00.000,137.91,138.17,137.83,138.07,0.116017693
12.08.2021 20:00:00.000,138.07,138.29,137.9,138.29,0.159339465
13.08.2021 14:00:00.000,138.39,138.44,138.02,138.36,-0.021677867
13.08.2021 15:00:00.000,138.34,138.63,138.18,138.28,-0.043371404
13.08.2021 16:00:00.000,138.29,138.4,138,138.08,-0.151854798
13.08.2021 17:00:00.000,138.09,138.28,138.05,138.27,0.130349772
13.08.2021 18:00:00.000,138.25,138.35,138.23,138.34,0.065099458
13.08.2021 19:00:00.000,138.35,138.35,138.16,138.2,-0.108420672
13.08.2021 20:00:00.000,138.18,138.38,138.12,138.38,0.144738747
16.08.2021 14:00:00.000,138.38,138.54,137.76,138,-0.274606157
16.08.2021 15:00:00.000,138.02,138.06,136.09,136.28,-1.260686857
16.08.2021 16:00:00.000,136.28,137.01,136.28,136.9,0.4549457
16.08.2021 17:00:00.000,136.93,137.51,136.92,137.43,0.365150077
16.08.2021 18:00:00.000,137.42,138.35,137.36,138.27,0.618541697
16.08.2021 19:00:00.000,138.3,138.56,138.09,138.37,0.050614606
16.08.2021 20:00:00.000,138.37,138.73,138.28,138.63,0.187902002
17.08.2021 14:00:00.000,137.99,138.69,137.75,138.01,0.014493804
17.08.2021 15:00:00.000,137.99,138.5,137.86,138.2,0.152184941
17.08.2021 16:00:00.000,138.2,138.4,137.23,137.43,-0.557163531
17.08.2021 17:00:00.000,137.5,137.69,136.74,136.9,-0.436363636
17.08.2021 18:00:00.000,136.89,137.31,136.79,137.17,0.204543794
17.08.2021 19:00:00.000,137.17,137.55,137.13,137.43,0.189545819
17.08.2021 20:00:00.000,137.43,137.51,136.88,137.26,-0.123699338
18.08.2021 14:00:00.000,136.89,137.55,136.79,137.42,0.387172182
18.08.2021 15:00:00.000,137.47,138.01,137.2,137.75,0.203680803
18.08.2021 16:00:00.000,137.74,138.01,137.57,137.83,0.065340497
18.08.2021 17:00:00.000,137.81,138.12,137.77,137.87,0.043538205
18.08.2021 18:00:00.000,137.87,137.96,137.68,137.91,0.029012838
18.08.2021 19:00:00.000,137.91,138.27,137.34,137.84,-0.050757741
18.08.2021 20:00:00.000,137.83,137.85,136.59,136.64,-0.863382428
19.08.2021 14:00:00.000,135.45,136.08,135.33,135.76,0.22886674
19.08.2021 15:00:00.000,135.77,136.7,135.7,136.63,0.633424173
19.08.2021 16:00:00.000,136.63,137.18,136.36,137.04,0.300080509
19.08.2021 17:00:00.000,137.11,137.4,136.93,137.33,0.160455109
19.08.2021 18:00:00.000,137.37,137.4,136.61,136.67,-0.509572687
19.08.2021 19:00:00.000,136.67,136.94,136.13,136.91,0.175605473
19.08.2021 20:00:00.000,136.91,137.38,136.81,136.84,-0.051128479
20.08.2021 14:00:00.000,136.88,137.65,136.67,137.38,0.36528346
20.08.2021 15:00:00.000,137.47,138.25,137.38,137.78,0.225503746
20.08.2021 16:00:00.000,137.82,137.91,137.4,137.59,-0.166884342
20.08.2021 17:00:00.000,137.59,138.49,137.53,138.39,0.581437604
20.08.2021 18:00:00.000,138.41,138.57,138.18,138.29,-0.086698938
20.08.2021 19:00:00.000,138.29,138.4,137.9,138.1,-0.137392436
20.08.2021 20:00:00.000,138.1,138.49,138.03,138.43,0.238957277
23.08.2021 14:00:00.000,138.72,139.74,138.69,139.65,0.670415225
23.08.2021 15:00:00.000,139.68,141.58,139.63,141.48,1.288659794
23.08.2021 16:00:00.000,141.55,142.09,141.39,141.94,0.275521017
23.08.2021 17:00:00.000,141.95,142.02,141.55,141.87,-0.056357872
23.08.2021 18:00:00.000,141.85,142.05,141.38,141.65,-0.140994008
23.08.2021 19:00:00.000,141.68,141.91,141.64,141.81,0.09175607
23.08.2021 20:00:00.000,141.81,141.85,141.11,141.17,-0.451308088
24.08.2021 14:00:00.000,141.56,142.66,141.18,142.41,0.600452105
24.08.2021 15:00:00.000,142.38,142.97,142.17,142.69,0.217727209
24.08.2021 16:00:00.000,142.68,142.72,142.1,142.3,-0.26633025
24.08.2021 17:00:00.000,142.33,142.41,141.97,142.09,-0.168622216
24.08.2021 18:00:00.000,142.07,142.74,142.07,142.57,0.351939185
24.08.2021 19:00:00.000,142.58,142.82,142.33,142.57,-0.007013606
24.08.2021 20:00:00.000,142.56,142.67,142.24,142.27,-0.20342312
25.08.2021 14:00:00.000,142.66,143.17,142.62,142.9,0.16823216
25.08.2021 15:00:00.000,142.91,143,142.45,142.48,-0.300888671
25.08.2021 16:00:00.000,142.45,142.82,142.39,142.61,0.112320112
25.08.2021 17:00:00.000,142.62,142.84,142.38,142.8,0.126209508
25.08.2021 18:00:00.000,142.79,143.05,142.64,142.95,0.112052665
25.08.2021 19:00:00.000,142.97,143.05,142.67,142.86,-0.076939218
25.08.2021 20:00:00.000,142.84,143.02,142.72,142.97,0.091010921
26.08.2021 14:00:00.000,142.79,143.01,142.53,142.6,-0.133062539
26.08.2021 15:00:00.000,142.6,143.05,142.28,142.6,0
26.08.2021 16:00:00.000,142.61,142.85,142.21,142.58,-0.021036393
26.08.2021 17:00:00.000,142.59,142.95,142.58,142.8,0.147275405
26.08.2021 18:00:00.000,142.81,142.86,142.51,142.55,-0.18206008
26.08.2021 19:00:00.000,142.57,142.69,142.43,142.56,-0.007014098
26.08.2021 20:00:00.000,142.55,142.55,142.15,142.15,-0.280603297
27.08.2021 14:00:00.000,142.41,142.79,142.31,142.53,0.084263746
27.08.2021 15:00:00.000,142.53,143.62,142.33,143.28,0.526205009
27.08.2021 16:00:00.000,143.36,144.08,143.27,144.01,0.453404018
27.08.2021 17:00:00.000,144,144.66,143.87,144.63,0.4375
27.08.2021 18:00:00.000,144.63,144.94,144.57,144.74,0.076056143
27.08.2021 19:00:00.000,144.72,144.74,144.48,144.56,-0.11055832
27.08.2021 20:00:00.000,144.55,145,144.45,144.6,0.034590107
30.08.2021 14:00:00.000,144.72,145.62,144.65,145.45,0.504422333
30.08.2021 15:00:00.000,145.45,146.41,145.39,145.89,0.302509453
30.08.2021 16:00:00.000,145.89,146.02,145.62,145.9,0.006854479
30.08.2021 17:00:00.000,145.91,145.95,145.4,145.5,-0.280995134
30.08.2021 18:00:00.000,145.52,145.99,145.41,145.95,0.295492029
30.08.2021 19:00:00.000,145.97,146.09,145.66,145.85,-0.082208673
30.08.2021 20:00:00.000,145.83,145.91,145.35,145.41,-0.288006583
31.08.2021 14:00:00.000,145.49,145.59,145.11,145.2,-0.199326414
31.08.2021 15:00:00.000,145.19,145.81,145.09,145.66,0.323713754
31.08.2021 16:00:00.000,145.63,145.78,145.4,145.67,0.027466868
31.08.2021 17:00:00.000,145.67,146.01,145.57,145.87,0.137296629
31.08.2021 18:00:00.000,145.88,145.9,145.57,145.84,-0.027419797
31.08.2021 19:00:00.000,145.84,146.07,145.74,146.01,0.1165661
31.08.2021 20:00:00.000,145.97,146.04,145.07,145.2,-0.527505652
01.09.2021 14:00:00.000,146.15,146.77,146.02,146.48,0.225795416
01.09.2021 15:00:00.000,146.49,146.69,146.05,146.53,0.027305618
01.09.2021 16:00:00.000,146.49,146.81,146.26,146.59,0.068264045
01.09.2021 17:00:00.000,146.59,146.7,146.03,146.25,-0.231939423
01.09.2021 18:00:00.000,146.24,146.27,145.98,146,-0.164113786
01.09.2021 19:00:00.000,146.05,146.07,145.6,145.96,-0.061622732
01.09.2021 20:00:00.000,145.92,146.13,145.68,145.76,-0.109649123
02.09.2021 14:00:00.000,145.54,145.79,145.25,145.42,-0.08245156
02.09.2021 15:00:00.000,145.44,145.57,144.76,145.28,-0.110011001
02.09.2021 16:00:00.000,145.27,145.56,145,145.12,-0.103256006
02.09.2021 17:00:00.000,145.13,145.15,144.84,144.99,-0.096465238
02.09.2021 18:00:00.000,145.06,145.16,144.74,144.91,-0.103405487
02.09.2021 19:00:00.000,144.94,144.99,144.64,144.69,-0.172485166
02.09.2021 20:00:00.000,144.68,144.7,144.23,144.29,-0.269560409
03.09.2021 14:00:00.000,143.76,144.48,143.45,144.33,0.396494157
03.09.2021 15:00:00.000,144.29,144.94,144.26,144.75,0.318802412
03.09.2021 16:00:00.000,144.73,145.18,144.56,144.87,0.096731846
03.09.2021 17:00:00.000,144.91,145.21,144.84,144.97,0.04140501
03.09.2021 18:00:00.000,144.97,145.28,144.96,145.27,0.206939367
03.09.2021 19:00:00.000,145.28,145.36,145.13,145.27,-0.00688326
03.09.2021 20:00:00.000,145.27,145.3,144.21,144.47,-0.550698699
07.09.2021 14:00:00.000,144.52,145.36,144.51,145.33,0.560476059
07.09.2021 15:00:00.000,145.33,145.77,145.11,145.66,0.227069428
07.09.2021 16:00:00.000,145.67,145.67,145.27,145.41,-0.178485618
07.09.2021 17:00:00.000,145.43,145.72,145.28,145.53,0.068761604
07.09.2021 18:00:00.000,145.54,145.56,145.17,145.2,-0.233612753
07.09.2021 19:00:00.000,145.2,145.45,144.99,145.39,0.130853994
07.09.2021 20:00:00.000,145.38,145.53,145.3,145.49,0.075663778
08.09.2021 14:00:00.000,145,145.35,144.73,145.15,0.103448276
08.09.2021 15:00:00.000,145.15,145.52,144.48,144.64,-0.351360661
08.09.2021 16:00:00.000,144.63,144.83,144.18,144.22,-0.283481989
08.09.2021 17:00:00.000,144.22,144.85,144.04,144.63,0.284287893
08.09.2021 18:00:00.000,144.62,144.81,144.55,144.68,0.041488038
08.09.2021 19:00:00.000,144.71,144.92,144.65,144.74,0.020731117
08.09.2021 20:00:00.000,144.74,145.05,144.72,144.88,0.096725162
09.09.2021 14:00:00.000,144.59,145.37,144.45,145.16,0.394218134
09.09.2021 15:00:00.000,145.15,145.63,145.08,145.45,0.206682742
09.09.2021 16:00:00.000,145.44,145.52,144.9,145.26,-0.123762376
09.09.2021 17:00:00.000,145.24,145.36,144.91,144.91,-0.227210135
09.09.2021 18:00:00.000,144.95,145.13,144.48,144.75,-0.137978613
09.09.2021 19:00:00.000,144.73,145.16,144.6,145.12,0.269467284
09.09.2021 20:00:00.000,145.12,145.2,144.51,144.73,-0.268743109
10.09.2021 14:00:00.000,145.59,145.84,145.34,145.84,0.17171509
10.09.2021 15:00:00.000,145.67,145.99,145.38,145.61,-0.041188989
10.09.2021 16:00:00.000,145.62,145.68,142.78,143.23,-1.641258069
10.09.2021 17:00:00.000,143.23,143.77,142.94,142.94,-0.202471549
10.09.2021 18:00:00.000,142.95,143.29,142.69,142.71,-0.167890871
10.09.2021 19:00:00.000,142.75,142.76,141.89,142.41,-0.238178634
10.09.2021 20:00:00.000,142.4,142.41,141.69,141.73,-0.470505618
13.09.2021 14:00:00.000,143.53,144.01,142.52,142.84,-0.480735735
13.09.2021 15:00:00.000,142.85,143.48,142.22,143.26,0.287014351
13.09.2021 16:00:00.000,143.27,143.54,142.74,143.15,-0.08375794
13.09.2021 17:00:00.000,143.15,144.15,143.05,143.99,0.586797066
13.09.2021 18:00:00.000,143.98,144.04,143.37,143.54,-0.305598
13.09.2021 19:00:00.000,143.47,143.63,142.7,142.91,-0.390325504
13.09.2021 20:00:00.000,142.86,143.47,142.66,143.19,0.23099538
14.09.2021 14:00:00.000,143.99,144.36,143.2,143.36,-0.437530384
14.09.2021 15:00:00.000,143.36,143.54,142.84,142.98,-0.265066964
14.09.2021 16:00:00.000,142.98,143.9,142.9,143.9,0.643446636
14.09.2021 17:00:00.000,143.93,144.03,143.49,143.68,-0.173695546
14.09.2021 18:00:00.000,143.69,143.92,143.51,143.77,0.055675412
14.09.2021 19:00:00.000,143.72,143.75,143.22,143.68,-0.027831895
14.09.2021 20:00:00.000,143.69,143.79,142.96,143.04,-0.452362725
15.09.2021 14:00:00.000,143.54,143.72,142.5,142.84,-0.487668942
15.09.2021 15:00:00.000,142.78,143.06,142.14,142.71,-0.049026474
15.09.2021 16:00:00.000,142.81,143.05,142.69,142.86,0.035011554
15.09.2021 17:00:00.000,142.89,144.26,142.8,144.26,0.958779481
15.09.2021 18:00:00.000,144.24,144.98,144.18,144.8,0.388241819
15.09.2021 19:00:00.000,144.79,145.31,144.7,145.26,0.324608053
15.09.2021 20:00:00.000,145.23,145.56,144.74,144.75,-0.330510225
16.09.2021 14:00:00.000,144.93,145.18,143.93,144.28,-0.448492376
16.09.2021 15:00:00.000,144.27,144.27,143.35,143.78,-0.339640951
16.09.2021 16:00:00.000,143.79,144.05,143.5,144.05,0.18081925
16.09.2021 17:00:00.000,144.04,144.46,143.91,144.36,0.222160511
16.09.2021 18:00:00.000,144.35,144.63,144.14,144.53,0.124696917
16.09.2021 19:00:00.000,144.53,144.68,144.35,144.59,0.041513873
16.09.2021 20:00:00.000,144.59,144.91,144.12,144.25,-0.235147659
17.09.2021 14:00:00.000,143.83,143.84,142.93,143,-0.577070152
17.09.2021 15:00:00.000,142.95,143.14,142.35,142.65,-0.209863589
17.09.2021 16:00:00.000,142.63,142.85,142.05,142.35,-0.196312136
17.09.2021 17:00:00.000,142.35,142.68,142.35,142.39,0.028099754
17.09.2021 18:00:00.000,142.39,142.4,141.39,141.46,-0.653135754
17.09.2021 19:00:00.000,141.46,141.56,141.17,141.41,-0.035345681
17.09.2021 20:00:00.000,141.4,141.87,141.19,141.59,0.13437058
20.09.2021 14:00:00.000,138.53,139.11,138.25,138.5,-0.021655959
20.09.2021 15:00:00.000,138.43,138.51,137.75,138.15,-0.202268294
20.09.2021 16:00:00.000,138.15,138.85,137.89,138.02,-0.094100615
20.09.2021 17:00:00.000,138.03,138.29,137.76,137.97,-0.043468811
20.09.2021 18:00:00.000,137.92,138.44,137.72,138.2,0.203016241
20.09.2021 19:00:00.000,138.21,138.26,137.06,137.44,-0.557123218
20.09.2021 20:00:00.000,137.41,139.01,136.99,138.95,1.120733571
21.09.2021 14:00:00.000,139.75,140.4,139.39,139.48,-0.193202147
21.09.2021 15:00:00.000,139.49,139.84,138.78,139.19,-0.215069181
21.09.2021 16:00:00.000,139.17,140.24,138.95,140.16,0.711360207
21.09.2021 17:00:00.000,140.19,140.74,139.96,140.04,-0.106997646
21.09.2021 18:00:00.000,140.04,140.15,139.38,139.57,-0.335618395
21.09.2021 19:00:00.000,139.58,140.41,139.45,140.19,0.437025362
21.09.2021 20:00:00.000,140.21,140.47,139.5,139.5,-0.506383282
22.09.2021 14:00:00.000,140.03,140.38,139.3,139.97,-0.042847961
22.09.2021 15:00:00.000,140.09,140.66,139.62,140.46,0.264115925
22.09.2021 16:00:00.000,140.47,141.35,140.47,141.17,0.498327045
22.09.2021 17:00:00.000,141.23,141.23,140.89,140.89,-0.240742052
22.09.2021 18:00:00.000,140.89,140.95,140.38,140.62,-0.191638867
22.09.2021 19:00:00.000,140.59,141.47,140.06,140.37,-0.156483391
22.09.2021 20:00:00.000,140.38,141.49,140.22,140.8,0.299187919
23.09.2021 14:00:00.000,141.22,141.96,140.95,141.74,0.368219799
23.09.2021 15:00:00.000,141.73,142.22,141.73,142.08,0.246948423
23.09.2021 16:00:00.000,142.07,142.17,141.63,142.05,-0.014077567
23.09.2021 17:00:00.000,142.09,142.09,141.58,141.76,-0.232247167
23.09.2021 18:00:00.000,141.75,142.19,141.74,142.08,0.232804233
23.09.2021 19:00:00.000,142.08,142.16,141.88,142.02,-0.04222973
23.09.2021 20:00:00.000,142.02,142.12,141.66,141.73,-0.204196592
24.09.2021 14:00:00.000,141.22,142,140.93,141.85,0.446112449
24.09.2021 15:00:00.000,141.77,142.41,141.66,141.95,0.126966213
24.09.2021 16:00:00.000,141.9,142.58,141.86,142.46,0.394644116
24.09.2021 17:00:00.000,142.46,142.56,142.17,142.25,-0.147409799
24.09.2021 18:00:00.000,142.25,142.51,141.84,141.9,-0.246045694
24.09.2021 19:00:00.000,141.89,142.44,141.89,142.43,0.380576503
24.09.2021 20:00:00.000,142.42,142.9,142.29,142.41,-0.007021486
27.09.2021 14:00:00.000,141.88,141.89,140.41,140.86,-0.718917395
27.09.2021 15:00:00.000,140.88,142.02,140.77,141.59,0.503975014
27.09.2021 16:00:00.000,141.58,141.98,141.18,141.36,-0.155389179
27.09.2021 17:00:00.000,141.36,141.62,141.03,141.07,-0.205149972
27.09.2021 18:00:00.000,141.03,142.07,141.01,142.01,0.694887613
27.09.2021 19:00:00.000,142.02,142.23,141.62,141.62,-0.281650472
27.09.2021 20:00:00.000,141.63,141.92,141.15,141.35,-0.197698228
28.09.2021 14:00:00.000,138.83,138.88,137.67,138,-0.59785349
28.09.2021 15:00:00.000,137.93,137.93,136.02,136.31,-1.174508809
28.09.2021 16:00:00.000,136.32,136.39,135.59,136.16,-0.117370892
28.09.2021 17:00:00.000,136.09,136.77,135.74,135.85,-0.176353883
28.09.2021 18:00:00.000,135.85,136.62,135.74,136.04,0.13986014
28.09.2021 19:00:00.000,136.03,137.2,135.82,136.94,0.66897008
28.09.2021 20:00:00.000,136.95,137.43,135.88,136.35,-0.438116101
29.09.2021 14:00:00.000,136.79,137.37,136.02,136.88,0.065794283
29.09.2021 15:00:00.000,136.94,137.23,136.56,137.01,0.051117278
29.09.2021 16:00:00.000,137.05,137.07,135.21,135.76,-0.941262313
29.09.2021 17:00:00.000,135.75,135.76,134.74,135.07,-0.50092081
29.09.2021 18:00:00.000,135.01,135.16,134.22,134.61,-0.29627435
29.09.2021 19:00:00.000,134.67,135.47,134.61,135.22,0.408405733
29.09.2021 20:00:00.000,135.21,135.31,134.26,134.42,-0.584276311
30.09.2021 14:00:00.000,134.79,135.57,134.65,135.09,0.22256844
30.09.2021 15:00:00.000,135.08,135.32,134.49,134.58,-0.370151022
30.09.2021 16:00:00.000,134.58,135.14,133.98,134.41,-0.126318918
30.09.2021 17:00:00.000,134.42,134.42,133.47,133.93,-0.364529088
30.09.2021 18:00:00.000,133.93,134.42,133.8,134.12,0.141865153
30.09.2021 19:00:00.000,134.1,134.88,134.07,134.35,0.186428039
30.09.2021 20:00:00.000,134.34,134.79,133.15,133.49,-0.632722942
01.10.2021 14:00:00.000,133.72,134.46,133.67,134.08,0.269219264
01.10.2021 15:00:00.000,134.09,134.38,133.22,134.3,0.156611231
01.10.2021 16:00:00.000,134.31,135.72,134.02,135.51,0.893455439
01.10.2021 17:00:00.000,135.53,135.69,135.07,135.42,-0.081162842
01.10.2021 18:00:00.000,135.41,136.22,135.25,135.98,0.4209438
01.10.2021 19:00:00.000,136,136.72,135.99,136.63,0.463235294
01.10.2021 20:00:00.000,136.62,137.01,136.45,136.79,0.124432733
04.10.2021 14:00:00.000,135.14,135.14,133.35,133.5,-1.213556312
04.10.2021 15:00:00.000,133.49,133.61,131.22,131.61,-1.408345194
04.10.2021 16:00:00.000,131.59,132.29,131.07,132.18,0.448362338
04.10.2021 17:00:00.000,132.19,132.22,131.46,131.84,-0.264770406
04.10.2021 18:00:00.000,131.86,132.96,131.71,132.64,0.591536478
04.10.2021 19:00:00.000,132.64,133.56,132.62,133.27,0.474969843
04.10.2021 20:00:00.000,133.28,133.8,132.83,133.23,-0.037515006
05.10.2021 14:00:00.000,134.46,135.15,133.92,134.85,0.290049085
05.10.2021 15:00:00.000,134.73,136.06,134.73,135.98,0.927781489
05.10.2021 16:00:00.000,136.02,136.25,135.61,136.08,0.04411116
05.10.2021 17:00:00.000,136.03,137.1,135.92,137.04,0.742483276
05.10.2021 18:00:00.000,137.05,137.33,136.69,137.05,0
05.10.2021 19:00:00.000,137.05,137.25,136.78,136.83,-0.160525356
05.10.2021 20:00:00.000,136.83,137.22,136.01,136.17,-0.482350362
06.10.2021 14:00:00.000,135.22,136.05,134.84,135.32,0.073953557
06.10.2021 15:00:00.000,135.31,137.19,134.88,136.73,1.049442022
06.10.2021 16:00:00.000,136.72,136.93,135.97,136.74,0.014628438
06.10.2021 17:00:00.000,136.76,136.8,136.1,136.38,-0.277859023
06.10.2021 18:00:00.000,136.34,137.33,135.9,137.16,0.601437583
06.10.2021 19:00:00.000,137.17,137.83,136.98,137.17,0
06.10.2021 20:00:00.000,137.17,137.54,136.95,137.28,0.080192462
07.10.2021 14:00:00.000,138.88,139.7,138.86,139.58,0.504032258
07.10.2021 15:00:00.000,139.59,140.14,139.47,139.89,0.214915109
07.10.2021 16:00:00.000,139.92,140.14,139.66,140.07,0.107204117
07.10.2021 17:00:00.000,140.07,140.14,139.7,139.97,-0.071392875
07.10.2021 18:00:00.000,139.99,140.04,139.74,139.76,-0.16429745
07.10.2021 19:00:00.000,139.76,139.82,139.34,139.37,-0.2790498
07.10.2021 20:00:00.000,139.37,139.76,139.15,139.28,-0.064576308
08.10.2021 14:00:00.000,139.64,140.31,139.41,139.77,0.093096534
08.10.2021 15:00:00.000,139.77,140.12,139.31,139.6,-0.121628389
08.10.2021 16:00:00.000,139.67,139.85,139.4,139.73,0.042958402
08.10.2021 17:00:00.000,139.72,140.04,139.62,139.81,0.064414543
08.10.2021 18:00:00.000,139.81,139.95,139.45,139.76,-0.035762821
08.10.2021 19:00:00.000,139.8,140.26,139.73,140.23,0.30758226
08.10.2021 20:00:00.000,140.23,140.27,139.55,139.83,-0.285245668
11.10.2021 14:00:00.000,139.57,140.39,139.32,140.17,0.429891811
11.10.2021 15:00:00.000,140.22,140.67,140.09,140.32,0.071316503
11.10.2021 16:00:00.000,140.41,140.75,140.32,140.47,0.042731999
11.10.2021 17:00:00.000,140.47,140.49,139.93,140.17,-0.213568734
11.10.2021 18:00:00.000,140.17,140.17,139.47,139.78,-0.278233574
11.10.2021 19:00:00.000,139.71,140.19,139.64,139.87,0.11452294
11.10.2021 20:00:00.000,139.88,140.03,139.1,139.18,-0.500428939
12.10.2021 14:00:00.000,139.05,139.28,136.58,136.63,-1.740381158
12.10.2021 15:00:00.000,136.63,137.35,136.45,136.55,-0.058552295
12.10.2021 16:00:00.000,136.58,137.46,136.58,137.3,0.527163567
12.10.2021 17:00:00.000,137.34,137.63,136.55,136.63,-0.516965196
12.10.2021 18:00:00.000,136.62,136.97,136.15,136.52,-0.073195725
12.10.2021 19:00:00.000,136.55,137.23,136.51,136.74,0.139143171
12.10.2021 20:00:00.000,136.76,137.19,136.53,136.75,-0.00731208
13.10.2021 14:00:00.000,137.87,138.22,137.04,137.34,-0.384420106
13.10.2021 15:00:00.000,137.28,137.77,136.92,137.29,0.007284382
13.10.2021 16:00:00.000,137.27,137.72,136.93,137.58,0.225832301
13.10.2021 17:00:00.000,137.55,137.94,137.49,137.55,0
13.10.2021 18:00:00.000,137.56,138.41,137.5,138.14,0.421634196
13.10.2021 19:00:00.000,138.15,138.45,137.67,137.91,-0.173724213
13.10.2021 20:00:00.000,137.92,138.11,137.59,137.85,-0.05075406
14.10.2021 14:00:00.000,139.42,140.58,139.4,140.44,0.731602353
14.10.2021 15:00:00.000,140.44,141.35,140.34,141.02,0.412987753
14.10.2021 16:00:00.000,140.99,141.19,140.78,141.12,0.092205121
14.10.2021 17:00:00.000,141.12,141.35,141.06,141.29,0.120464853
14.10.2021 18:00:00.000,141.26,141.51,141.07,141.43,0.120345462
14.10.2021 19:00:00.000,141.46,141.59,141.26,141.35,-0.077760498
14.10.2021 20:00:00.000,141.35,141.63,141.06,141.44,0.063671737
15.10.2021 14:00:00.000,141.44,141.69,141.19,141.45,0.007070136
15.10.2021 15:00:00.000,141.44,141.64,140.95,141.14,-0.212104072
15.10.2021 16:00:00.000,141.14,141.78,141.03,141.09,-0.035425818
15.10.2021 17:00:00.000,141.11,141.49,141.06,141.42,0.219686769
15.10.2021 18:00:00.000,141.42,141.5,141.23,141.39,-0.021213407
15.10.2021 19:00:00.000,141.34,141.58,141.33,141.5,0.113202207
15.10.2021 20:00:00.000,141.49,141.81,141.39,141.57,0.056541098
18.10.2021 14:00:00.000,141.63,142.28,141.44,142.04,0.289486691
18.10.2021 15:00:00.000,142.05,142.38,141.75,141.87,-0.126715945
18.10.2021 16:00:00.000,141.88,142.18,141.86,141.95,0.049337468
18.10.2021 17:00:00.000,141.95,142.03,141.63,142,0.03522367
18.10.2021 18:00:00.000,142.01,142.68,141.9,142.45,0.309837335
18.10.2021 19:00:00.000,142.45,142.71,142.39,142.66,0.147420147
18.10.2021 20:00:00.000,142.63,142.91,142.57,142.89,0.182289841
19.10.2021 14:00:00.000,143.09,144,142.97,143.5,0.286532951
19.10.2021 15:00:00.000,143.48,143.74,143.07,143.55,0.048787287
19.10.2021 16:00:00.000,143.55,143.75,143.31,143.73,0.12539185
19.10.2021 17:00:00.000,143.73,143.76,143.3,143.67,-0.041744938
19.10.2021 18:00:00.000,143.65,143.91,143.54,143.9,0.174034111
19.10.2021 19:00:00.000,143.89,143.93,143.4,143.58,-0.215442352
19.10.2021 20:00:00.000,143.57,143.89,143.46,143.7,0.090548165
20.10.2021 14:00:00.000,143.6,143.99,143.53,143.68,0.055710306
20.10.2021 15:00:00.000,143.68,143.81,142.62,142.67,-0.702951002
20.10.2021 16:00:00.000,142.66,143.18,142.3,143,0.238328894
20.10.2021 17:00:00.000,143.01,143.01,142.38,142.6,-0.286693238
20.10.2021 18:00:00.000,142.62,142.65,141.84,142.41,-0.147244426
20.10.2021 19:00:00.000,142.37,142.64,142.36,142.4,0.021071855
20.10.2021 20:00:00.000,142.43,142.59,142.3,142.34,-0.063188935
21.10.2021 14:00:00.000,102.02,102.02,102.02,102.02,0
21.10.2021 15:00:00.000,142.3,142.7,142.11,142.15,-0.105411103
21.10.2021 16:00:00.000,142.17,142.5,141.93,142.11,-0.042202996
21.10.2021 17:00:00.000,142.1,142.19,141.48,142.14,0.028149191
21.10.2021 18:00:00.000,142.13,142.21,141.91,141.97,-0.112572997
21.10.2021 19:00:00.000,142,142.21,141.9,142.06,0.042253521
21.10.2021 20:00:00.000,142.1,142.77,142.05,142.77,0.471498944
22.10.2021 14:00:00.000,140.8,140.8,138.11,138.64,-1.534090909
22.10.2021 15:00:00.000,138.63,139.55,138.43,138.63,0
22.10.2021 16:00:00.000,138.63,138.78,137.55,137.87,-0.548221886
22.10.2021 17:00:00.000,137.79,138.39,137.1,137.93,0.10160389
22.10.2021 18:00:00.000,137.93,138.07,137.68,137.68,-0.181251359
22.10.2021 19:00:00.000,137.82,138.46,137.8,138.3,0.348280366
22.10.2021 20:00:00.000,138.26,138.84,138.19,138.78,0.376102994
25.10.2021 14:00:00.000,138.73,138.88,136.49,138.27,-0.331579327
25.10.2021 15:00:00.000,138.28,138.76,137.76,138,-0.202487706
25.10.2021 16:00:00.000,138.06,138.64,137.79,138.13,0.050702593
25.10.2021 17:00:00.000,138.12,139.18,137.98,138.93,0.586446568
25.10.2021 18:00:00.000,139.01,139.09,138.57,138.59,-0.302136537
25.10.2021 19:00:00.000,138.58,138.63,138.24,138.58,0
25.10.2021 20:00:00.000,138.51,138.92,138.34,138.83,0.231030251
26.10.2021 14:00:00.000,140.4,140.75,139.38,139.87,-0.377492877
26.10.2021 15:00:00.000,139.87,139.98,139.33,139.74,-0.092943447
26.10.2021 16:00:00.000,139.77,140,139.14,139.16,-0.43643128
26.10.2021 17:00:00.000,139.15,139.91,138.97,139.77,0.445562343
26.10.2021 18:00:00.000,139.76,140.41,139.64,140,0.171722954
26.10.2021 19:00:00.000,139.97,140.14,139.75,139.88,-0.064299493
26.10.2021 20:00:00.000,139.88,140.08,139.63,139.92,0.028595939
27.10.2021 14:00:00.000,140.48,143.28,140.21,142.98,1.779612756
27.10.2021 15:00:00.000,142.98,144.87,142.27,144.49,1.056091761
27.10.2021 16:00:00.000,144.51,146.87,144.48,146.85,1.619265103
27.10.2021 17:00:00.000,146.86,149,146.86,148.16,0.885196786
27.10.2021 18:00:00.000,148.18,148.79,147.88,148.38,0.134970981
27.10.2021 19:00:00.000,148.33,148.76,147.93,148.03,-0.202251736
27.10.2021 20:00:00.000,148.01,148.28,146.77,146.81,-0.81075603
28.10.2021 14:00:00.000,146.94,147.07,145.51,145.51,-0.973186335
28.10.2021 15:00:00.000,145.44,145.84,144.73,145.52,0.055005501
28.10.2021 16:00:00.000,145.52,146.9,145.37,146.28,0.522264981
28.10.2021 17:00:00.000,146.28,146.83,146.16,146.29,0.006836205
28.10.2021 18:00:00.000,146.29,146.62,146.15,146.28,-0.006835737
28.10.2021 19:00:00.000,146.29,146.54,145.7,145.91,-0.259758015
28.10.2021 20:00:00.000,145.91,146.32,145.65,146.13,0.150777877
29.10.2021 14:00:00.000,145.46,146.63,145.19,145.8,0.233741235
29.10.2021 15:00:00.000,145.78,146.75,145.52,146.69,0.624228289
29.10.2021 16:00:00.000,146.76,148.13,146.76,147.85,0.742709185
29.10.2021 17:00:00.000,147.86,148.37,147.69,147.78,-0.054105235
29.10.2021 18:00:00.000,147.76,148.01,147.31,147.44,-0.216567407
29.10.2021 19:00:00.000,147.47,147.74,146.95,147.61,0.094934563
29.10.2021 20:00:00.000,147.62,148.31,147.58,148.31,0.467416339
01.11.2021 14:00:00.000,147.36,147.36,145.65,145.89,-0.997557003
01.11.2021 15:00:00.000,145.89,146.26,145.21,145.74,-0.102817191
01.11.2021 16:00:00.000,145.74,145.97,145.34,145.72,-0.013723068
01.11.2021 17:00:00.000,145.72,145.83,145.13,145.28,-0.301948943
01.11.2021 18:00:00.000,145.29,145.66,144.5,144.8,-0.337256521
01.11.2021 19:00:00.000,144.78,144.83,143.99,144,-0.538748446
01.11.2021 20:00:00.000,143.99,144.4,143.59,143.81,-0.125008681
02.11.2021 14:00:00.000,145.06,146.56,145.05,146.33,0.875499793
02.11.2021 15:00:00.000,146.34,146.92,145.78,146.64,0.20500205
02.11.2021 16:00:00.000,146.63,146.86,145.64,145.73,-0.613789811
02.11.2021 17:00:00.000,145.72,146.1,145.16,145.89,0.116662092
02.11.2021 18:00:00.000,145.9,146.21,145.44,145.44,-0.315284441
02.11.2021 19:00:00.000,145.45,145.49,144.88,145.35,-0.068752149
02.11.2021 20:00:00.000,145.37,145.98,145.12,145.79,0.288917934
03.11.2021 14:00:00.000,145.73,146.07,145.26,145.79,0.04117203
03.11.2021 15:00:00.000,145.8,145.99,145.09,145.56,-0.164609053
03.11.2021 16:00:00.000,145.53,146.11,145.29,146.1,0.39167182
03.11.2021 17:00:00.000,146.1,146.35,145.58,145.73,-0.253251198
03.11.2021 18:00:00.000,145.73,145.74,144.99,145.17,-0.384272284
03.11.2021 19:00:00.000,145.21,146.31,145.11,146.19,0.67488465
03.11.2021 20:00:00.000,146.21,146.79,146.11,146.62,0.280418576
04.11.2021 14:00:00.000,146.95,148.19,146.6,147.85,0.612453215
04.11.2021 15:00:00.000,147.84,149.81,147.46,149.71,1.264880952
04.11.2021 16:00:00.000,149.72,149.74,148.16,148.89,-0.554368154
04.11.2021 17:00:00.000,148.9,149.2,148.54,148.75,-0.100738751
04.11.2021 18:00:00.000,148.72,149.3,148.41,149.25,0.356374395
04.11.2021 19:00:00.000,149.23,149.31,148.67,148.67,-0.375259666
04.11.2021 20:00:00.000,148.68,149.03,148.49,148.6,-0.053806833
05.11.2021 14:00:00.000,149.39,150.26,149.38,150.09,0.468572194
05.11.2021 15:00:00.000,150.12,150.53,149.84,150.22,0.066613376
05.11.2021 16:00:00.000,150.22,150.23,149.56,149.91,-0.206363999
05.11.2021 17:00:00.000,149.9,150.23,149.53,149.6,-0.200133422
05.11.2021 18:00:00.000,149.61,149.78,148.61,149.34,-0.18046922
05.11.2021 19:00:00.000,149.39,149.68,149.21,149.44,0.033469442
05.11.2021 20:00:00.000,149.5,149.56,148.87,148.97,-0.35451505
08.11.2021 14:00:00.000,149.83,150.97,149.83,150.18,0.233598078
08.11.2021 15:00:00.000,150.2,150.6,149.07,149.49,-0.472703063
08.11.2021 16:00:00.000,149.49,150.1,149.23,149.72,0.153856445
08.11.2021 17:00:00.000,149.72,149.89,149.51,149.72,0
08.11.2021 18:00:00.000,149.73,149.91,149.52,149.52,-0.140252454
08.11.2021 19:00:00.000,149.53,149.89,149.51,149.76,0.153815288
08.11.2021 20:00:00.000,149.75,149.93,149.05,149.44,-0.207011686
09.11.2021 14:00:00.000,149.39,149.98,148.53,148.82,-0.381551643
09.11.2021 15:00:00.000,148.81,148.91,147.47,148.65,-0.107519656
09.11.2021 16:00:00.000,148.65,149.02,148.25,148.73,0.053817693
09.11.2021 17:00:00.000,148.77,149.16,148.48,148.9,0.087383209
09.11.2021 18:00:00.000,148.88,149.12,148.33,148.46,-0.282106394
09.11.2021 19:00:00.000,148.48,148.92,148.45,148.81,0.222252155
09.11.2021 20:00:00.000,148.78,149.3,148.61,149.05,0.181476005
10.11.2021 14:00:00.000,147.64,147.73,146.17,147.37,-0.182877269
10.11.2021 15:00:00.000,147.31,148.36,147.04,147.27,-0.027153622
10.11.2021 16:00:00.000,147.3,147.98,147.3,147.75,0.305498982
10.11.2021 17:00:00.000,147.74,147.92,147.36,147.56,-0.121835657
10.11.2021 18:00:00.000,147.58,147.73,146.39,146.51,-0.725030492
10.11.2021 19:00:00.000,146.52,146.74,145.26,145.97,-0.375375375
10.11.2021 20:00:00.000,145.99,146.85,145.88,146.69,0.479484896
11.11.2021 14:00:00.000,147.41,148.48,147.29,148.13,0.488433621
11.11.2021 15:00:00.000,148.14,148.25,147.34,147.98,-0.10800594
11.11.2021 16:00:00.000,147.95,148.17,147.61,147.89,-0.040554241
11.11.2021 17:00:00.000,147.9,147.91,147.36,147.48,-0.283975659
11.11.2021 18:00:00.000,147.5,147.5,147.13,147.36,-0.094915254
11.11.2021 19:00:00.000,147.36,147.45,147.05,147.12,-0.16286645
11.11.2021 20:00:00.000,147.1,147.2,146.63,146.75,-0.237933379
12.11.2021 14:00:00.000,147.02,147.27,146.27,147.09,0.04761257
12.11.2021 15:00:00.000,147.1,148.17,147.08,148.05,0.645819171
12.11.2021 16:00:00.000,148,149.21,147.99,149.11,0.75
12.11.2021 17:00:00.000,149.13,149.86,149.07,149.21,0.053644471
12.11.2021 18:00:00.000,149.21,149.6,149.02,149.59,0.25467462
12.11.2021 19:00:00.000,149.63,149.63,149.25,149.43,-0.133663035
12.11.2021 20:00:00.000,149.42,149.83,149.37,149.58,0.107080712
15.11.2021 14:00:00.000,149.93,150.47,149.54,150.04,0.073367572
15.11.2021 15:00:00.000,150.03,150.03,148.96,149.26,-0.513230687
15.11.2021 16:00:00.000,149.26,149.53,148.62,149.28,0.013399437
15.11.2021 17:00:00.000,149.25,149.54,148.89,149.47,0.147403685
15.11.2021 18:00:00.000,149.46,149.56,149.18,149.36,-0.066907534
15.11.2021 19:00:00.000,149.36,149.67,149.12,149.39,0.020085699
15.11.2021 20:00:00.000,149.37,149.67,149.17,149.22,-0.100421771
16.11.2021 14:00:00.000,148.79,149.29,148.33,148.83,0.026883527
16.11.2021 15:00:00.000,148.8,149.34,148.8,149.08,0.188172043
16.11.2021 16:00:00.000,149.1,149.8,148.92,149.38,0.187793427
16.11.2021 17:00:00.000,149.38,149.56,149.02,149.21,-0.113803722
16.11.2021 18:00:00.000,149.22,149.33,148.89,149.08,-0.093821204
16.11.2021 19:00:00.000,149.08,149.38,148.94,149.25,0.114032734
16.11.2021 20:00:00.000,149.24,149.43,148.96,148.97,-0.180916644
17.11.2021 14:00:00.000,149.01,149.43,148.63,148.73,-0.187906852
17.11.2021 15:00:00.000,148.67,149.17,148.6,148.95,0.188336584
17.11.2021 16:00:00.000,148.97,149.18,148.53,149.14,0.114116936
17.11.2021 17:00:00.000,149.15,149.22,148.71,149.01,-0.093865236
17.11.2021 18:00:00.000,149.01,149.23,148.85,149.18,0.114086303
17.11.2021 19:00:00.000,149.17,149.63,149.05,149.26,0.060333847
17.11.2021 20:00:00.000,149.26,149.59,149.12,149.23,-0.020099156
18.11.2021 14:00:00.000,149.52,149.97,149.4,149.9,0.254146602
18.11.2021 15:00:00.000,149.92,150.84,149.48,149.89,-0.020010672
18.11.2021 16:00:00.000,149.88,151.64,149.74,151.28,0.934080598
18.11.2021 17:00:00.000,151.32,151.59,150.76,151.02,-0.198255353
18.11.2021 18:00:00.000,151.04,151.33,150.86,151.08,0.026483051
18.11.2021 19:00:00.000,151.06,151.24,150.32,150.61,-0.297894876
18.11.2021 20:00:00.000,150.63,151.22,150.51,150.6,-0.019916351
19.11.2021 14:00:00.000,150.84,151.77,150.73,151.59,0.497215593
19.11.2021 15:00:00.000,151.61,151.7,150.67,150.94,-0.441923356
19.11.2021 16:00:00.000,150.93,151.2,150.75,150.85,-0.053004704
19.11.2021 17:00:00.000,150.85,151.09,150.31,150.37,-0.318196884
19.11.2021 18:00:00.000,150.37,150.63,149.89,150.22,-0.09975394
19.11.2021 19:00:00.000,150.24,150.4,150.04,150.23,-0.006656017
19.11.2021 20:00:00.000,150.22,150.22,149.86,150,-0.146451871
22.11.2021 14:00:00.000,149.95,150.34,148.45,148.59,-0.90696899
22.11.2021 15:00:00.000,148.59,149.62,148.53,148.6,0.006729928
22.11.2021 16:00:00.000,148.6,148.72,147.01,147.56,-0.69986541
22.11.2021 17:00:00.000,147.57,148.31,147.29,148.13,0.379480924
22.11.2021 18:00:00.000,148.14,148.14,147.44,147.61,-0.357769677
22.11.2021 19:00:00.000,147.59,148.45,147.55,148.45,0.582695305
22.11.2021 20:00:00.000,148.43,148.6,147.17,147.21,-0.821936266
23.11.2021 14:00:00.000,146.79,147.54,146.76,147,0.143061516
23.11.2021 15:00:00.000,146.99,147.05,144.85,144.96,-1.38104633
23.11.2021 16:00:00.000,145.01,145.87,144.86,145.52,0.351699883
23.11.2021 17:00:00.000,145.51,145.98,145.22,145.32,-0.130575218
23.11.2021 18:00:00.000,145.29,146.3,145.23,146.1,0.557505678
23.11.2021 19:00:00.000,146.12,146.61,145.88,146.38,0.177935943
23.11.2021 20:00:00.000,146.4,146.88,146.25,146.6,0.136612022
24.11.2021 14:00:00.000,146.37,146.5,145.16,145.39,-0.669536107
24.11.2021 15:00:00.000,145.38,146.22,145.16,145.81,0.295776586
24.11.2021 16:00:00.000,145.79,146.56,145.62,146.29,0.342959051
24.11.2021 17:00:00.000,146.29,146.63,146.09,146.53,0.164057694
24.11.2021 18:00:00.000,146.53,146.84,146.5,146.55,0.013649082
24.11.2021 19:00:00.000,146.55,147.07,146.39,146.76,0.143295803
24.11.2021 20:00:00.000,146.75,146.95,146.54,146.61,-0.095400341
26.11.2021 14:00:00.000,144.97,145.25,143.78,144.1,-0.600124164
26.11.2021 15:00:00.000,144.1,144.27,143.1,143.33,-0.534351145
26.11.2021 16:00:00.000,143.33,143.86,142.8,143.33,0
26.11.2021 17:00:00.000,143.33,143.91,142.43,142.87,-0.320937696
29.11.2021 14:00:00.000,144.68,145.77,144.61,145.34,0.456179154
29.11.2021 15:00:00.000,145.35,146.08,144.96,145.08,-0.185758514
29.11.2021 16:00:00.000,145.08,145.87,144.81,145.68,0.41356493
29.11.2021 17:00:00.000,145.68,146.31,145.57,146.28,0.411861614
29.11.2021 18:00:00.000,146.3,146.48,146.05,146.15,-0.10252905
29.11.2021 19:00:00.000,146.15,146.34,145.94,146.32,0.11631885
29.11.2021 20:00:00.000,146.33,146.87,145.77,145.94,-0.266520877
30.11.2021 14:00:00.000,145.74,146.47,145.02,146.43,0.473445862
30.11.2021 15:00:00.000,146.42,146.61,143.7,143.72,-1.844010381
30.11.2021 16:00:00.000,143.73,144.44,143.17,143.36,-0.25742712
30.11.2021 17:00:00.000,143.39,143.54,142.74,143.05,-0.237115559
30.11.2021 18:00:00.000,143.05,143.38,142.72,143.36,0.216707445
30.11.2021 19:00:00.000,143.36,143.77,142.83,143.05,-0.216238839
30.11.2021 20:00:00.000,143.01,143.14,142.16,142.16,-0.59436403
01.12.2021 14:00:00.000,143.6,145.05,143.45,144.93,0.926183844
01.12.2021 15:00:00.000,144.95,146.14,144.94,145.95,0.689893067
01.12.2021 16:00:00.000,145.96,146.44,145.15,145.17,-0.541244176
01.12.2021 17:00:00.000,145.17,145.72,144.63,144.73,-0.303092926
01.12.2021 18:00:00.000,144.73,145.05,144.06,144.54,-0.131278933
01.12.2021 19:00:00.000,144.5,144.5,143.69,144,-0.346020761
01.12.2021 20:00:00.000,144.01,144.05,142.23,142.23,-1.236025276
02.12.2021 14:00:00.000,141.16,143.42,140.92,143.38,1.57268348
02.12.2021 15:00:00.000,143.37,143.9,142.04,142.78,-0.411522634
02.12.2021 16:00:00.000,142.73,144,142.43,143.38,0.455405311
02.12.2021 17:00:00.000,143.37,144.14,143.2,143.98,0.425472554
02.12.2021 18:00:00.000,143.98,144.11,143.27,143.93,-0.034727045
02.12.2021 19:00:00.000,143.93,144.28,143.63,144.1,0.118112972
02.12.2021 20:00:00.000,144.1,144.65,143.65,143.71,-0.270645385
03.12.2021 14:00:00.000,144.65,144.84,143.69,143.95,-0.48392672
03.12.2021 15:00:00.000,143.93,144.03,141.36,141.58,-1.632738137
03.12.2021 16:00:00.000,141.67,142.36,141.16,141.43,-0.169407779
03.12.2021 17:00:00.000,141.4,142.3,141.25,141.91,0.360678925
03.12.2021 18:00:00.000,141.88,142.31,141.34,141.54,-0.239639132
03.12.2021 19:00:00.000,141.55,141.96,141.27,141.47,-0.056517132
03.12.2021 20:00:00.000,141.44,141.98,141.14,141.92,0.339366516
06.12.2021 14:00:00.000,142.72,142.9,140.64,141.59,-0.79176009
06.12.2021 15:00:00.000,141.49,142.72,141.15,142.15,0.466464061
06.12.2021 16:00:00.000,142.19,142.61,141.71,142.11,-0.056262747
06.12.2021 17:00:00.000,142.17,143.56,142.12,143.51,0.942533587
06.12.2021 18:00:00.000,143.52,144.3,143.27,144.26,0.515607581
06.12.2021 19:00:00.000,144.24,144.35,143.5,143.5,-0.513033833
06.12.2021 20:00:00.000,143.5,144.05,143.43,143.82,0.222996516
07.12.2021 14:00:00.000,146.28,146.79,145.63,146.74,0.314465409
07.12.2021 15:00:00.000,146.73,147.78,146.59,147.76,0.701969604
07.12.2021 16:00:00.000,147.78,148.04,147.46,147.74,-0.027067262
07.12.2021 17:00:00.000,147.75,147.98,147.25,147.72,-0.020304569
07.12.2021 18:00:00.000,147.71,148.26,147.45,148.11,0.270800894
07.12.2021 19:00:00.000,148.12,148.24,147.67,147.85,-0.182284634
07.12.2021 20:00:00.000,147.84,147.97,147.39,147.73,-0.074404762
08.12.2021 14:00:00.000,148.56,148.66,147.62,148.13,-0.289445342
08.12.2021 15:00:00.000,148.15,148.31,147.26,147.27,-0.593992575
08.12.2021 16:00:00.000,147.3,147.99,147.15,147.66,0.244399185
08.12.2021 17:00:00.000,147.67,148.22,147.57,148.08,0.277646103
08.12.2021 18:00:00.000,148.09,148.36,147.85,148.08,-0.00675265
08.12.2021 19:00:00.000,148.08,148.44,147.65,148.2,0.081037277
08.12.2021 20:00:00.000,148.19,148.67,147.93,148.59,0.269923747
09.12.2021 14:00:00.000,148.41,149.23,148.15,148.24,-0.114547537
09.12.2021 15:00:00.000,148.21,148.8,147.58,148.33,0.080966197
09.12.2021 16:00:00.000,148.32,149.1,148.19,149.05,0.492179072
09.12.2021 17:00:00.000,149.07,149.59,148.85,149.35,0.18783122
09.12.2021 18:00:00.000,149.31,149.35,148.18,148.69,-0.415243453
09.12.2021 19:00:00.000,148.67,148.99,148.08,148.24,-0.289231183
09.12.2021 20:00:00.000,148.24,148.69,147.71,148.11,-0.087695629
10.12.2021 14:00:00.000,148.82,149.36,148.38,148.84,0.013439054
10.12.2021 15:00:00.000,148.81,149.12,147.66,148,-0.544318258
10.12.2021 16:00:00.000,147.97,148.31,147.33,148.08,0.074339393
10.12.2021 17:00:00.000,148.07,148.46,147.87,148.11,0.02701425
10.12.2021 18:00:00.000,148.11,148.72,148.09,148.5,0.263317804
10.12.2021 19:00:00.000,148.5,148.53,148.11,148.13,-0.249158249
10.12.2021 20:00:00.000,148.14,148.7,148,148.55,0.276765222
13.12.2021 14:00:00.000,147.62,148.26,147.4,147.42,-0.135482997
13.12.2021 15:00:00.000,147.42,147.51,146.76,147.12,-0.203500204
13.12.2021 16:00:00.000,147.11,147.35,146.43,146.82,-0.197131398
13.12.2021 17:00:00.000,146.81,146.88,146.53,146.78,-0.020434575
13.12.2021 18:00:00.000,146.8,147.01,146.32,146.64,-0.108991826
13.12.2021 19:00:00.000,146.64,147.4,146.43,147.36,0.490998363
13.12.2021 20:00:00.000,147.34,147.56,146.69,146.71,-0.427582462
14.12.2021 14:00:00.000,145.08,145.4,143.2,143.29,-1.23380204
14.12.2021 15:00:00.000,143.29,143.44,142.23,142.69,-0.418731244
14.12.2021 16:00:00.000,142.69,142.96,142.34,142.88,0.133155792
14.12.2021 17:00:00.000,142.9,143.54,142.81,143.5,0.419874038
14.12.2021 18:00:00.000,143.49,143.72,143.24,143.45,-0.027876507
14.12.2021 19:00:00.000,143.46,144.08,143.44,144.03,0.397323296
14.12.2021 20:00:00.000,144.03,145.25,144.02,144.69,0.458237867
15.12.2021 14:00:00.000,143.3,143.53,142.79,142.98,-0.223307746
15.12.2021 15:00:00.000,142.97,144.38,142.66,143.74,0.538574526
15.12.2021 16:00:00.000,143.74,143.82,143.13,143.47,-0.187839154
15.12.2021 17:00:00.000,143.46,143.9,142.95,143.51,0.034852921
15.12.2021 18:00:00.000,143.49,143.91,143.31,143.89,0.278765071
15.12.2021 19:00:00.000,143.9,145.39,143.24,144.85,0.660180681
15.12.2021 20:00:00.000,144.84,147.46,144.8,147.45,1.801988401
16.12.2021 14:00:00.000,148.38,148.44,146.84,146.86,-1.024396819
16.12.2021 15:00:00.000,146.86,147.57,146.52,147.19,0.2247038
16.12.2021 16:00:00.000,147.19,147.24,145.96,146.04,-0.781303078
16.12.2021 17:00:00.000,146.03,146.05,145.26,145.32,-0.486201465
16.12.2021 18:00:00.000,145.35,145.63,145.07,145.2,-0.103199174
16.12.2021 19:00:00.000,145.19,145.33,144.05,144.5,-0.475239342
16.12.2021 20:00:00.000,144.53,145.19,144.29,144.64,0.076108766
17.12.2021 14:00:00.000,144.06,144.09,141.93,143.09,-0.673330557
17.12.2021 15:00:00.000,143.06,143.66,141.76,143.61,0.384454075
17.12.2021 16:00:00.000,143.61,144.37,142.68,143.33,-0.194972495
17.12.2021 17:00:00.000,143.31,143.73,142.4,143.34,0.02093364
17.12.2021 18:00:00.000,143.33,144.12,142.99,144,0.467452731
17.12.2021 19:00:00.000,144.03,144.44,143.6,143.7,-0.229118934
17.12.2021 20:00:00.000,143.71,144.14,142.52,142.64,-0.744555007
20.12.2021 14:00:00.000,140.76,141.85,140.75,141.06,0.21312873
20.12.2021 15:00:00.000,141.07,141.55,140.22,140.69,-0.269369816
20.12.2021 16:00:00.000,140.67,141,140.36,140.84,0.120850217
20.12.2021 17:00:00.000,140.86,141.5,140.7,141.14,0.198778929
20.12.2021 18:00:00.000,141.13,141.69,141.1,141.37,0.170055977
20.12.2021 19:00:00.000,141.36,141.98,141.36,141.72,0.25466893
20.12.2021 20:00:00.000,141.72,142.48,141.6,142.3,0.409257691
21.12.2021 14:00:00.000,143,143,141.85,141.98,-0.713286713
21.12.2021 15:00:00.000,142,142.69,141.58,142.31,0.218309859
21.12.2021 16:00:00.000,142.31,143.44,142.19,143.21,0.632422177
21.12.2021 17:00:00.000,143.23,144.32,143.21,144.26,0.719123089
21.12.2021 18:00:00.000,144.26,144.43,143.95,144.19,-0.048523499
21.12.2021 19:00:00.000,144.2,144.57,144.06,144.55,0.242718447
21.12.2021 20:00:00.000,144.54,144.68,143.71,144.21,-0.228310502
22.12.2021 14:00:00.000,144.32,145.83,144.3,145.63,0.9077051
22.12.2021 15:00:00.000,145.64,146.6,145.1,146.36,0.494369679
22.12.2021 16:00:00.000,146.42,147.25,146.27,147.2,0.53271411
22.12.2021 17:00:00.000,147.22,147.32,146.19,146.71,-0.346420323
22.12.2021 18:00:00.000,146.71,146.78,146.24,146.5,-0.143139527
22.12.2021 19:00:00.000,146.5,146.81,146.33,146.68,0.122866894
22.12.2021 20:00:00.000,146.68,146.87,146.35,146.85,0.115898555
23.12.2021 14:00:00.000,147.37,147.89,147.16,147.62,0.16964104
23.12.2021 15:00:00.000,147.63,147.92,147.13,147.9,0.182889657
23.12.2021 16:00:00.000,147.9,148.52,147.89,148.19,0.196078431
23.12.2021 17:00:00.000,148.19,148.35,148.08,148.17,-0.013496187
23.12.2021 18:00:00.000,148.17,148.2,147.78,147.79,-0.256462172
23.12.2021 19:00:00.000,147.79,147.84,147.18,147.65,-0.094729007
23.12.2021 20:00:00.000,147.65,147.74,147.2,147.29,-0.243819844
27.12.2021 14:00:00.000,148.09,148.35,147.51,147.77,-0.216084813
27.12.2021 15:00:00.000,147.77,148.39,147.65,148.23,0.311294579
27.12.2021 16:00:00.000,148.24,148.27,147.67,147.69,-0.371019968
27.12.2021 17:00:00.000,147.68,147.98,147.55,147.94,0.176056338
27.12.2021 18:00:00.000,147.94,148.11,147.9,148.04,0.067594971
27.12.2021 19:00:00.000,148.03,148.04,147.64,147.75,-0.189150848
27.12.2021 20:00:00.000,147.76,147.96,147.58,147.95,0.128586898
28.12.2021 14:00:00.000,147.73,147.8,146.99,147.37,-0.243687809
28.12.2021 15:00:00.000,147.38,147.53,146.89,147.11,-0.183199891
28.12.2021 16:00:00.000,147.1,147.23,146.46,146.91,-0.129163834
28.12.2021 17:00:00.000,146.92,146.94,146.13,146.53,-0.265450585
28.12.2021 18:00:00.000,146.54,146.54,145.92,146.32,-0.150129657
28.12.2021 19:00:00.000,146.32,146.45,146.1,146.25,-0.04784035
28.12.2021 20:00:00.000,146.25,146.62,146.12,146.32,0.047863248
29.12.2021 14:00:00.000,146.48,147.16,146.42,146.7,0.150191152
29.12.2021 15:00:00.000,146.72,146.9,146.07,146.15,-0.388495093
29.12.2021 16:00:00.000,146.15,146.46,145.82,145.84,-0.212110845
29.12.2021 17:00:00.000,145.86,145.97,145.5,145.64,-0.150829563
29.12.2021 18:00:00.000,145.64,145.84,145.56,145.73,0.06179621
29.12.2021 19:00:00.000,145.68,146.21,145.67,146.18,0.343218012
29.12.2021 20:00:00.000,146.19,146.8,146,146.68,0.335180245
30.12.2021 14:00:00.000,146.31,146.63,145.87,146.34,0.020504408
30.12.2021 15:00:00.000,146.34,147.11,146.22,146.37,0.020500205
30.12.2021 16:00:00.000,146.4,146.76,146.26,146.58,0.12295082
30.12.2021 17:00:00.000,146.58,146.79,146.13,146.18,-0.272888525
30.12.2021 18:00:00.000,146.18,146.57,146.13,146.39,0.143658503
30.12.2021 19:00:00.000,146.4,146.45,146.15,146.34,-0.040983607
30.12.2021 20:00:00.000,146.33,146.47,145.88,145.97,-0.246019272
31.12.2021 14:00:00.000,146.23,146.29,145.31,145.5,-0.499213568
31.12.2021 15:00:00.000,145.51,146.05,145.15,145.61,0.068723799
31.12.2021 16:00:00.000,145.6,145.77,145.2,145.5,-0.068681319
31.12.2021 17:00:00.000,145.52,145.67,145.16,145.57,0.034359538
31.12.2021 18:00:00.000,145.57,145.74,145.27,145.34,-0.157999588
03.01.2022 14:00:00.000,144.77,145.53,144.09,144.09,-0.469710575
03.01.2022 15:00:00.000,144.09,145.29,143.49,145.04,0.659310153
03.01.2022 16:00:00.000,145.04,145.05,144.48,144.6,-0.303364589
03.01.2022 17:00:00.000,144.6,145.29,144.45,145.27,0.463347165
03.01.2022 18:00:00.000,145.27,145.48,145,145.42,0.103256006
03.01.2022 19:00:00.000,145.4,145.53,144.9,145.12,-0.192572215
03.01.2022 20:00:00.000,145.09,145.39,144.67,145.03,-0.041353643
04.01.2022 14:00:00.000,145.24,146.64,145.24,146.43,0.819333517
04.01.2022 15:00:00.000,146.46,146.5,144.33,144.43,-1.386043971
04.01.2022 16:00:00.000,144.42,145.02,144.18,144.86,0.304666944
04.01.2022 17:00:00.000,144.87,145.07,144.2,144.28,-0.407261683
04.01.2022 18:00:00.000,144.3,144.41,143.76,143.89,-0.284130284
04.01.2022 19:00:00.000,143.88,144.58,143.87,144.57,0.479566305
04.01.2022 20:00:00.000,144.57,145.07,144.54,144.63,0.041502386
05.01.2022 14:00:00.000,143.14,144.11,142.85,142.98,-0.111778678
05.01.2022 15:00:00.000,142.96,143.16,141.52,141.89,-0.748461108
05.01.2022 16:00:00.000,141.9,141.9,140.67,140.86,-0.7329105
05.01.2022 17:00:00.000,140.84,140.91,140.12,140.22,-0.440215848
05.01.2022 18:00:00.000,140.22,140.95,140.11,140.27,0.035658251
05.01.2022 19:00:00.000,140.27,140.91,138.86,138.93,-0.955300492
05.01.2022 20:00:00.000,138.93,138.98,138.11,138.14,-0.568631685
06.01.2022 14:00:00.000,138.72,139.31,138.41,138.45,-0.194636678
06.01.2022 15:00:00.000,138.44,139.64,137.72,139.21,0.556197631
06.01.2022 16:00:00.000,139.23,139.52,138.44,138.76,-0.337570926
06.01.2022 17:00:00.000,138.77,138.99,138.22,138.34,-0.309865245
06.01.2022 18:00:00.000,138.36,138.47,137.58,137.68,-0.491471524
06.01.2022 19:00:00.000,137.69,137.77,137.18,137.43,-0.18882998
06.01.2022 20:00:00.000,137.43,138.09,137.41,137.41,-0.014552863
07.01.2022 14:00:00.000,137.48,138.04,136.96,137.87,0.283677626
07.01.2022 15:00:00.000,137.99,138.02,135.73,136.08,-1.384158272
07.01.2022 16:00:00.000,136.04,137.18,136.02,136.86,0.602763893
07.01.2022 17:00:00.000,136.86,137.1,136.54,137.08,0.16074821
07.01.2022 18:00:00.000,137.07,137.42,136.74,136.75,-0.233457358
07.01.2022 19:00:00.000,136.75,137.01,136.46,136.98,0.168190128
07.01.2022 20:00:00.000,136.98,137.41,136.77,137.1,0.08760403
10.01.2022 14:00:00.000,134.14,134.19,133.68,133.97,-0.126733264
10.01.2022 15:00:00.000,133.99,134.15,133.13,134.12,0.097022166
10.01.2022 16:00:00.000,134.09,136.15,133.81,136.1,1.498993214
10.01.2022 17:00:00.000,136.13,136.13,134.83,135.58,-0.404025564
10.01.2022 18:00:00.000,135.58,137.22,135.54,137.12,1.135860746
10.01.2022 19:00:00.000,137.15,138.59,137.09,137.94,0.576011666
10.01.2022 20:00:00.000,137.95,138.26,137.64,138.07,0.086988039
11.01.2022 14:00:00.000,137.2,137.86,136.8,137.35,0.109329446
11.01.2022 15:00:00.000,137.35,138.63,137.22,137.89,0.39315617
11.01.2022 16:00:00.000,137.89,140.05,137.86,139.99,1.522953079
11.01.2022 17:00:00.000,140.02,140.32,139.59,139.73,-0.20711327
11.01.2022 18:00:00.000,139.74,139.99,139.42,139.93,0.135966795
11.01.2022 19:00:00.000,139.92,140,139.54,139.79,-0.092910234
11.01.2022 20:00:00.000,139.78,140.06,139.51,139.8,0.014308199
12.01.2022 14:00:00.000,141.96,142.57,141.17,142.53,0.401521555
12.01.2022 15:00:00.000,142.53,142.77,141.38,141.57,-0.673542412
12.01.2022 16:00:00.000,141.6,142.32,141.25,142.03,0.303672316
12.01.2022 17:00:00.000,142.05,142.41,141.56,142.29,0.168954593
12.01.2022 18:00:00.000,142.29,142.33,141.69,141.88,-0.288143931
12.01.2022 19:00:00.000,141.89,142.2,141.67,142,0.077524843
12.01.2022 20:00:00.000,142.01,142.13,141.65,141.74,-0.190127456
13.01.2022 14:00:00.000,142.44,143.17,142.16,142.9,0.322942994
13.01.2022 15:00:00.000,142.92,142.95,141.25,141.99,-0.650713686
13.01.2022 16:00:00.000,141.99,142.63,141.84,142.08,0.063384745
13.01.2022 17:00:00.000,142.09,142.1,140.2,140.64,-1.020479977
13.01.2022 18:00:00.000,140.64,141.18,140.29,140.93,0.206200228
13.01.2022 19:00:00.000,140.94,141.13,139.76,140.06,-0.624379168
13.01.2022 20:00:00.000,140.01,140.01,139.07,139.12,-0.635668881
14.01.2022 14:00:00.000,138.8,141.09,138.73,140.76,1.412103746
14.01.2022 15:00:00.000,140.79,140.79,139.4,139.79,-0.710277719
14.01.2022 16:00:00.000,139.79,140.18,138.83,139.89,0.071535875
14.01.2022 17:00:00.000,139.88,140.08,139.3,139.36,-0.371747212
14.01.2022 18:00:00.000,139.37,140.38,138.68,140,0.452034154
14.01.2022 19:00:00.000,139.99,140.16,139.46,139.48,-0.364311737
14.01.2022 20:00:00.000,139.46,139.96,139.39,139.7,0.172092356
18.01.2022 14:00:00.000,135.97,136.48,135.57,136.01,0.029418254
18.01.2022 15:00:00.000,135.93,137.13,135.74,135.97,0.029426911
18.01.2022 16:00:00.000,135.97,137.04,135.69,136.9,0.683974406
18.01.2022 17:00:00.000,136.92,136.99,136.33,136.6,-0.233713117
18.01.2022 18:00:00.000,136.6,137.07,136.4,136.87,0.197657394
18.01.2022 19:00:00.000,136.87,137.29,136.59,137.16,0.211879886
18.01.2022 20:00:00.000,137.12,137.36,136,136.01,-0.809509918
19.01.2022 14:00:00.000,136.5,137.9,136.49,137.69,0.871794872
19.01.2022 15:00:00.000,137.66,137.78,136.44,136.84,-0.595670493
19.01.2022 16:00:00.000,136.83,137.13,136.25,137.13,0.219250164
19.01.2022 17:00:00.000,137.13,138.32,137.13,138.3,0.853204988
19.01.2022 18:00:00.000,138.31,138.34,137.75,138.03,-0.202443786
19.01.2022 19:00:00.000,138.02,138.11,136.93,137.36,-0.478191566
19.01.2022 20:00:00.000,137.35,137.48,135.8,135.83,-1.106661813
20.01.2022 14:00:00.000,136.66,137.87,136.52,137.5,0.61466413
20.01.2022 15:00:00.000,137.52,137.92,137.19,137.53,0.00727167
20.01.2022 16:00:00.000,137.53,137.76,136.82,137.03,-0.363557042
20.01.2022 17:00:00.000,137.04,137.37,136.84,136.94,-0.072971395
20.01.2022 18:00:00.000,136.94,136.96,136.45,136.57,-0.270191325
20.01.2022 19:00:00.000,136.56,136.97,135.32,135.35,-0.886057411
20.01.2022 20:00:00.000,135.35,135.45,133.13,133.17,-1.610639084
21.01.2022 14:00:00.000,134.36,134.52,133.19,133.24,-0.833581423
21.01.2022 15:00:00.000,133.26,134.71,132.17,133.89,0.472760018
21.01.2022 16:00:00.000,133.96,134.72,132.83,133.42,-0.403105405
21.01.2022 17:00:00.000,133.38,133.95,132.42,132.75,-0.472334683
21.01.2022 18:00:00.000,132.77,133.41,132.3,132.49,-0.210891015
21.01.2022 19:00:00.000,132.49,133.05,131.83,131.84,-0.490603064
21.01.2022 20:00:00.000,131.85,132,130.07,130.29,-1.183162685
24.01.2022 14:00:00.000,126.8,128.14,126.57,127.13,0.260252366
24.01.2022 15:00:00.000,127.14,127.64,125.54,126.75,-0.306748466
24.01.2022 16:00:00.000,126.77,127.64,125.79,126.48,-0.228760748
24.01.2022 17:00:00.000,126.46,126.54,124.65,125.59,-0.687964574
24.01.2022 18:00:00.000,125.6,127.43,125.47,127.42,1.449044586
24.01.2022 19:00:00.000,127.43,127.93,125.75,126.98,-0.353135055
24.01.2022 20:00:00.000,126.9,130.34,126.58,129.96,2.411347518
25.01.2022 14:00:00.000,127.54,128.37,126.64,126.93,-0.478281324
25.01.2022 15:00:00.000,126.85,128.88,126.75,127.82,0.764682696
25.01.2022 16:00:00.000,127.82,128.25,126.39,126.55,-0.993584729
25.01.2022 17:00:00.000,126.51,127.54,126.37,127.04,0.418939214
25.01.2022 18:00:00.000,127.04,128.7,126.54,128.6,1.227959698
25.01.2022 19:00:00.000,128.62,129.27,128.01,129.25,0.489814959
25.01.2022 20:00:00.000,129.28,129.33,126.46,126.72,-1.98019802
26.01.2022 14:00:00.000,129.6,130.03,128.13,129.72,0.092592593
26.01.2022 15:00:00.000,129.78,130.86,129.17,130.15,0.285097858
26.01.2022 16:00:00.000,130.15,131.74,129.97,131.36,0.929696504
26.01.2022 17:00:00.000,131.37,132.42,131.18,132.02,0.49478572
26.01.2022 18:00:00.000,132.01,132.14,131.38,131.56,-0.340883266
26.01.2022 19:00:00.000,131.56,132.78,128.91,129.37,-1.664639708
26.01.2022 20:00:00.000,129.31,129.64,127.09,129.53,0.170133787
27.01.2022 14:00:00.000,131.27,132.53,130.96,131.87,0.457073208
27.01.2022 15:00:00.000,131.87,132.41,130.72,131.95,0.060665807
27.01.2022 16:00:00.000,131.96,132.35,130.96,131.74,-0.166717187
27.01.2022 17:00:00.000,131.74,131.83,129.85,130.45,-0.979201457
27.01.2022 18:00:00.000,130.47,130.65,128.96,130.02,-0.344906875
27.01.2022 19:00:00.000,130.01,130.7,129.02,129.37,-0.492269825
27.01.2022 20:00:00.000,129.37,130.54,128.96,129.46,0.069567906
28.01.2022 14:00:00.000,130.07,130.16,128.61,129.27,-0.615053433
28.01.2022 15:00:00.000,129.28,130.99,128.79,130.97,1.307240099
28.01.2022 16:00:00.000,131.02,132.45,130.44,132.34,1.007479774
28.01.2022 17:00:00.000,132.35,132.6,131.03,131.06,-0.974688326
28.01.2022 18:00:00.000,131.08,132.31,131.03,132.05,0.740006103
28.01.2022 19:00:00.000,132.02,132.28,130.63,131.84,-0.136342978
28.01.2022 20:00:00.000,131.85,133.02,131.4,132.96,0.841865757
31.01.2022 14:00:00.000,133.56,133.58,132.29,133.34,-0.164719976
31.01.2022 15:00:00.000,133.36,134.22,133.05,133.62,0.194961008
31.01.2022 16:00:00.000,133.61,134.05,132.91,133.92,0.232018561
31.01.2022 17:00:00.000,133.92,134.46,133.52,134.31,0.291218638
31.01.2022 18:00:00.000,134.31,134.72,134.07,134.62,0.230809322
31.01.2022 19:00:00.000,134.62,135.3,134.53,134.97,0.259991086
31.01.2022 20:00:00.000,134.97,135.68,134.14,135.51,0.400088909
01.02.2022 14:00:00.000,137.31,137.76,136.16,136.57,-0.538926517
01.02.2022 15:00:00.000,136.55,136.55,134.57,135.07,-1.083852069
01.02.2022 16:00:00.000,135.05,136.78,135.05,136.64,1.177341725
01.02.2022 17:00:00.000,136.61,137.05,136.14,137.04,0.314764659
01.02.2022 18:00:00.000,137.05,137.16,136.62,136.91,-0.102152499
01.02.2022 19:00:00.000,136.91,137.02,136.3,136.5,-0.299466803
01.02.2022 20:00:00.000,136.47,137.84,136.4,137.72,0.915952224
02.02.2022 14:00:00.000,149.58,150.6,148.1,148.58,-0.668538575
02.02.2022 15:00:00.000,148.57,149.11,145.71,146.75,-1.225011779
02.02.2022 16:00:00.000,146.73,148.36,145.56,148.27,1.049546787
02.02.2022 17:00:00.000,148.28,149.98,148.01,149.98,1.146479633
02.02.2022 18:00:00.000,149.96,149.99,148.25,148.65,-0.873566284
02.02.2022 19:00:00.000,148.68,149.23,147.96,148.86,0.121065375
02.02.2022 20:00:00.000,148.85,149.3,147.75,148.17,-0.456835741
03.02.2022 14:00:00.000,146.33,148.48,146.25,147.27,0.642383653
03.02.2022 15:00:00.000,147.35,149.12,147.08,147.25,-0.067865626
03.02.2022 16:00:00.000,147.26,147.62,146.01,146.28,-0.66548961
03.02.2022 17:00:00.000,146.28,146.62,145.17,145.48,-0.546896363
03.02.2022 18:00:00.000,145.41,145.89,145.2,145.49,0.055016849
03.02.2022 19:00:00.000,145.48,145.74,144.27,144.27,-0.831729447
03.02.2022 20:00:00.000,144.28,144.6,142.2,142.32,-1.358469642
04.02.2022 14:00:00.000,139.93,142.94,139.89,142.06,1.522189666
04.02.2022 15:00:00.000,142.17,143.13,141.16,141.23,-0.661180277
04.02.2022 16:00:00.000,141.22,142.16,140.75,141.5,0.198272199
04.02.2022 17:00:00.000,141.52,143.09,141.27,143.05,1.081119276
04.02.2022 18:00:00.000,143.06,143.86,143.05,143.59,0.370473927
04.02.2022 19:00:00.000,143.61,143.72,142.93,143.59,-0.013926607
04.02.2022 20:00:00.000,143.57,144.52,143.07,143.38,-0.132339625
07.02.2022 14:00:00.000,142.59,143.8,142.59,143.37,0.547022933
07.02.2022 15:00:00.000,143.35,143.48,142.11,142.23,-0.781304499
07.02.2022 16:00:00.000,142.23,142.26,139.73,139.92,-1.62412993
07.02.2022 17:00:00.000,139.92,140.08,138.92,139.47,-0.32161235
07.02.2022 18:00:00.000,139.45,140.46,139.27,140.44,0.709931875
07.02.2022 19:00:00.000,140.45,140.79,140.08,140.22,-0.163759345
07.02.2022 20:00:00.000,140.19,140.66,138.81,138.88,-0.934446109
08.02.2022 14:00:00.000,139.03,139.53,137.65,137.93,-0.791196145
08.02.2022 15:00:00.000,137.92,138.07,136.86,137.93,0.00725058
08.02.2022 16:00:00.000,137.91,139.11,137.88,138.96,0.761366108
08.02.2022 17:00:00.000,138.96,139.86,138.63,139.22,0.187104203
08.02.2022 18:00:00.000,139.23,139.27,138.35,138.55,-0.488400488
08.02.2022 19:00:00.000,138.56,138.96,137.71,137.79,-0.555715935
08.02.2022 20:00:00.000,137.78,139.56,137.47,139.48,1.233851067
09.02.2022 14:00:00.000,140.53,141.24,140.42,141.02,0.348679997
09.02.2022 15:00:00.000,141.02,142.18,141.02,141.4,0.269465324
09.02.2022 16:00:00.000,141.41,141.5,140.59,140.84,-0.403083233
09.02.2022 17:00:00.000,140.82,141.2,140.35,140.99,0.120721488
09.02.2022 18:00:00.000,140.99,141.02,140.43,140.69,-0.212781048
09.02.2022 19:00:00.000,140.7,141.32,140.7,140.93,0.163468372
09.02.2022 20:00:00.000,140.9,141.46,140.52,141.35,0.319375444
10.02.2022 14:00:00.000,139.28,140.57,138.72,140.12,0.603101666
10.02.2022 15:00:00.000,140.13,141.44,140.06,140.3,0.121315921
10.02.2022 16:00:00.000,140.3,140.63,139.6,140.53,0.163934426
10.02.2022 17:00:00.000,140.52,140.55,138.91,139.32,-0.853970965
10.02.2022 18:00:00.000,139.33,139.63,138.59,139.34,0.007177205
10.02.2022 19:00:00.000,139.36,139.66,138.71,138.88,-0.344431688
10.02.2022 20:00:00.000,138.9,139.25,138.01,138.29,-0.439164867
11.02.2022 14:00:00.000,138.67,139.15,138.06,138.35,-0.230763684
11.02.2022 15:00:00.000,138.38,139.07,137.51,138.2,-0.130076601
11.02.2022 16:00:00.000,138.21,138.8,137.59,137.97,-0.173648795
11.02.2022 17:00:00.000,137.96,138.09,137.34,137.43,-0.384169324
11.02.2022 18:00:00.000,137.44,137.74,135.14,135.32,-1.542491269
11.02.2022 19:00:00.000,135.32,135.42,133.49,133.79,-1.130653266
11.02.2022 20:00:00.000,133.78,134.78,133.26,134.42,0.478397369
14.02.2022 14:00:00.000,134.09,135.15,133.85,134.55,0.343053173
14.02.2022 15:00:00.000,134.54,135.3,133.95,134.96,0.312174818
14.02.2022 16:00:00.000,134.9,136.14,134.71,135.95,0.778354337
14.02.2022 17:00:00.000,135.93,136.07,135.39,135.71,-0.16184801
14.02.2022 18:00:00.000,135.76,135.93,134.08,134.12,-1.208014143
14.02.2022 19:00:00.000,134.07,135.21,133.76,134.83,0.566868054
14.02.2022 20:00:00.000,134.81,135.56,134.35,135.49,0.504413619
15.02.2022 14:00:00.000,137.6,137.79,136.14,136.63,-0.70494186
15.02.2022 15:00:00.000,136.66,137.08,136.37,136.68,0.01463486
15.02.2022 16:00:00.000,136.68,136.97,136.59,136.83,0.109745391
15.02.2022 17:00:00.000,136.8,136.92,135.55,135.92,-0.643274854
15.02.2022 18:00:00.000,135.92,136.41,135.63,135.99,0.051500883
15.02.2022 19:00:00.000,135.99,136.24,135.7,136.24,0.183837047
15.02.2022 20:00:00.000,136.24,136.62,135.6,136.2,-0.029359953
16.02.2022 14:00:00.000,136.11,136.25,134.95,135.12,-0.727352876
16.02.2022 15:00:00.000,134.95,135.67,134.86,135.34,0.288995924
16.02.2022 16:00:00.000,135.35,135.63,134.99,135.58,0.169929812
16.02.2022 17:00:00.000,135.59,136.02,135.3,135.96,0.272881481
16.02.2022 18:00:00.000,135.96,136.19,135.75,135.95,-0.007355104
16.02.2022 19:00:00.000,135.95,137.41,135.63,137.37,1.044501655
16.02.2022 20:00:00.000,137.4,137.94,137.33,137.54,0.101892285
17.02.2022 14:00:00.000,136.77,136.9,135.66,135.83,-0.687285223
17.02.2022 15:00:00.000,135.83,135.85,134.82,134.95,-0.647868659
17.02.2022 16:00:00.000,134.98,135.31,134.65,134.88,-0.07408505
17.02.2022 17:00:00.000,134.89,134.95,134.39,134.65,-0.177922752
17.02.2022 18:00:00.000,134.65,134.72,133.89,134.11,-0.401039733
17.02.2022 19:00:00.000,134.1,134.13,133.54,133.62,-0.357941834
17.02.2022 20:00:00.000,133.62,133.72,132.42,132.52,-0.823230055
18.02.2022 14:00:00.000,132.52,133.65,132.3,133.31,0.596136432
18.02.2022 15:00:00.000,133.32,133.78,132.33,132.57,-0.562556256
18.02.2022 16:00:00.000,132.44,132.48,131.06,131.2,-0.936273029
18.02.2022 17:00:00.000,131.2,131.96,130.8,131.02,-0.137195122
18.02.2022 18:00:00.000,131.02,131.16,130.46,130.64,-0.290032056
18.02.2022 19:00:00.000,130.65,131.85,130.49,131.78,0.864906238
18.02.2022 20:00:00.000,131.79,131.97,130.35,130.4,-1.054708248
22.02.2022 14:00:00.000,129.38,131.48,129.23,130.73,1.043437935
22.02.2022 15:00:00.000,130.7,131.89,130.4,130.87,0.13006886
22.02.2022 16:00:00.000,130.82,131.16,129.33,129.81,-0.772053203
22.02.2022 17:00:00.000,129.86,130.21,129.03,129.2,-0.508239643
22.02.2022 18:00:00.000,129.2,129.24,127.88,127.94,-0.975232198
22.02.2022 19:00:00.000,127.94,130.35,127.7,129.92,1.547600438
22.02.2022 20:00:00.000,129.94,130.81,128.59,128.91,-0.792673542
23.02.2022 14:00:00.000,131.4,131.53,130.17,130.49,-0.692541857
23.02.2022 15:00:00.000,130.49,130.49,129.17,129.34,-0.881293586
23.02.2022 16:00:00.000,129.34,129.7,128.59,129.38,0.030926241
23.02.2022 17:00:00.000,129.38,129.96,128.95,129.12,-0.200958417
23.02.2022 18:00:00.000,129.11,129.18,128.22,128.71,-0.309813337
23.02.2022 19:00:00.000,128.7,128.88,128.11,128.45,-0.194250194
23.02.2022 20:00:00.000,128.45,128.57,127.51,127.56,-0.692876606
24.02.2022 14:00:00.000,126.42,127.61,125.66,127,0.458788166
24.02.2022 15:00:00.000,126.99,128.71,126.29,128.21,0.960705567
24.02.2022 16:00:00.000,128.23,129.15,127.96,128.87,0.499103174
24.02.2022 17:00:00.000,128.87,129.01,127.74,128.32,-0.426786684
24.02.2022 18:00:00.000,128.32,130.86,128.11,129.64,1.028678304
24.02.2022 19:00:00.000,129.66,131.27,129.26,130.93,0.979484806
24.02.2022 20:00:00.000,130.95,132.99,130.7,132.92,1.504390989
25.02.2022 14:00:00.000,132.81,133.02,131.64,132.16,-0.489420977
25.02.2022 15:00:00.000,132.14,134.54,131.85,134.28,1.619494476
25.02.2022 16:00:00.000,134.3,135.13,133.82,135.13,0.61801936
25.02.2022 17:00:00.000,135.13,135.39,133.67,133.72,-1.043439651
25.02.2022 18:00:00.000,133.72,134.4,133.33,134.04,0.239306013
25.02.2022 19:00:00.000,134.11,134.39,133.58,133.81,-0.223696965
25.02.2022 20:00:00.000,133.77,134.7,133.44,134.64,0.650370038
28.02.2022 14:00:00.000,133.04,133.61,132.82,133.5,0.345760673
28.02.2022 15:00:00.000,133.51,135.23,132.77,134.82,0.98119991
28.02.2022 16:00:00.000,134.82,135.62,134.46,135.18,0.267022697
28.02.2022 17:00:00.000,135.18,135.46,133.65,133.91,-0.93948809
28.02.2022 18:00:00.000,133.93,134.46,133.51,134.1,0.126931979
28.02.2022 19:00:00.000,134.07,134.1,132.91,133.73,-0.253598866
28.02.2022 20:00:00.000,133.73,134.67,133.12,134.63,0.672997831
01.03.2022 14:00:00.000,134.56,135.95,134.39,135.66,0.817479191
01.03.2022 15:00:00.000,135.65,136.08,134.78,134.96,-0.508661998
01.03.2022 16:00:00.000,134.96,135.66,134.3,134.35,-0.451985774
01.03.2022 17:00:00.000,134.34,134.94,133.91,134.83,0.364746166
01.03.2022 18:00:00.000,134.82,134.99,133.4,133.71,-0.823319982
01.03.2022 19:00:00.000,133.71,134.53,133.4,133.9,0.142098572
01.03.2022 20:00:00.000,133.9,134.69,133.37,134.1,0.149365198
02.03.2022 14:00:00.000,133.58,134.73,133.49,134.32,0.553975146
02.03.2022 15:00:00.000,134.3,134.81,133.37,134.22,-0.059568131
02.03.2022 16:00:00.000,134.19,135.64,133.76,134.86,0.499292049
02.03.2022 17:00:00.000,134.86,134.88,134.26,134.71,-0.111226457
02.03.2022 18:00:00.000,134.73,135.5,134.73,134.9,0.126178282
02.03.2022 19:00:00.000,134.9,135.33,134.74,134.85,-0.037064492
02.03.2022 20:00:00.000,134.85,135.42,134.83,135.27,0.311457175
03.03.2022 14:00:00.000,135.66,136.59,135.46,136.14,0.353825741
03.03.2022 15:00:00.000,136.11,136.38,134,134.01,-1.542869738
03.03.2022 16:00:00.000,134,134.87,133.93,134.61,0.455223881
03.03.2022 17:00:00.000,134.6,135.54,133.93,135.04,0.326894502
03.03.2022 18:00:00.000,135.06,135.43,134.76,134.88,-0.1332741
03.03.2022 19:00:00.000,134.88,135.44,134.6,134.82,-0.044483986
03.03.2022 20:00:00.000,134.82,134.82,133.39,134.01,-0.600801068
04.03.2022 14:00:00.000,133.36,133.57,131.27,132.18,-0.884823035
04.03.2022 15:00:00.000,132.17,132.31,130.53,130.71,-1.104637966
04.03.2022 16:00:00.000,130.71,131.46,130.41,131.25,0.413128299
04.03.2022 17:00:00.000,131.13,132.68,131.04,132.33,0.915122398
04.03.2022 18:00:00.000,132.33,132.9,131.54,131.55,-0.589435502
04.03.2022 19:00:00.000,131.55,131.93,131.05,131.08,-0.357278601
04.03.2022 20:00:00.000,131.08,132.14,131.05,132.14,0.808666463
07.03.2022 14:00:00.000,130.77,131.04,129.53,129.53,-0.948229716
07.03.2022 15:00:00.000,129.47,129.54,127.8,127.97,-1.158569553
07.03.2022 16:00:00.000,127.96,129.29,127.85,128.65,0.53923101
07.03.2022 17:00:00.000,128.65,129.2,127.89,127.99,-0.513019821
07.03.2022 18:00:00.000,127.99,128.49,127.58,127.76,-0.179701539
07.03.2022 19:00:00.000,127.75,128.38,127.13,127.19,-0.438356164
07.03.2022 20:00:00.000,127.19,127.33,126.38,126.44,-0.589668999
08.03.2022 14:00:00.000,126.11,127.96,126.11,127.01,0.713662675
08.03.2022 15:00:00.000,127,127.75,126.02,127.62,0.488188976
08.03.2022 16:00:00.000,127.67,127.81,126.32,127.13,-0.422965458
08.03.2022 17:00:00.000,127.14,130.8,127.07,130.51,2.650621362
08.03.2022 18:00:00.000,130.51,131.22,128.37,128.41,-1.609072102
08.03.2022 19:00:00.000,128.4,129.26,127.73,128.9,0.3894081
08.03.2022 20:00:00.000,128.88,129.73,127.59,127.61,-0.985412787
09.03.2022 14:00:00.000,130.73,131.22,130.04,131.21,0.367168974
09.03.2022 15:00:00.000,131.18,131.91,131,131.45,0.205824059
09.03.2022 16:00:00.000,131.54,132.2,131.11,132.09,0.418123765
09.03.2022 17:00:00.000,132.1,134.21,131.98,133.59,1.127933384
09.03.2022 18:00:00.000,133.61,133.65,132.94,133.27,-0.254471971
09.03.2022 19:00:00.000,133.27,133.73,133.19,133.6,0.247617618
09.03.2022 20:00:00.000,133.61,134.18,133.46,133.86,0.187111743
10.03.2022 14:00:00.000,132.02,133.23,131.57,132.9,0.666565672
10.03.2022 15:00:00.000,132.88,133.2,132,132.19,-0.519265503
10.03.2022 16:00:00.000,132.17,132.2,131.44,131.81,-0.272376485
10.03.2022 17:00:00.000,131.83,132.11,131.52,131.62,-0.159296063
10.03.2022 18:00:00.000,131.62,132.6,131.52,132.56,0.714177177
10.03.2022 19:00:00.000,132.56,133.55,132.42,133.12,0.422450211
10.03.2022 20:00:00.000,133.12,133.29,132.49,133.02,-0.075120192
11.03.2022 14:00:00.000,133.72,133.88,132.52,132.81,-0.680526473
11.03.2022 15:00:00.000,132.79,133.3,132.26,133.3,0.384065065
11.03.2022 16:00:00.000,133.3,133.33,131.9,132.17,-0.847711928
11.03.2022 17:00:00.000,132.2,132.35,131.16,131.7,-0.378214826
11.03.2022 18:00:00.000,131.67,132.28,131.48,131.64,-0.022784233
11.03.2022 19:00:00.000,131.62,132.13,131.31,131.4,-0.16714785
11.03.2022 20:00:00.000,131.4,131.43,130.36,130.47,-0.707762557
14.03.2022 14:00:00.000,130.58,130.64,129.31,129.32,-0.964925716
14.03.2022 15:00:00.000,129.31,130.58,128.86,130.34,0.796535457
14.03.2022 16:00:00.000,130.44,130.48,128.04,128.27,-1.663600123
14.03.2022 17:00:00.000,128.22,128.31,126.85,126.89,-1.037279676
14.03.2022 18:00:00.000,126.89,127.71,126.54,127.35,0.362518717
14.03.2022 19:00:00.000,127.35,127.58,126.85,127.38,0.023557126
14.03.2022 20:00:00.000,127.38,127.69,126.32,126.54,-0.659444183
15.03.2022 14:00:00.000,127.22,127.35,126.56,127.24,0.015720799
15.03.2022 15:00:00.000,127.23,129,127.17,128.59,1.068930284
15.03.2022 16:00:00.000,128.62,130.5,128.62,129.48,0.668636293
15.03.2022 17:00:00.000,129.46,129.94,129.04,129.32,-0.108141511
15.03.2022 18:00:00.000,129.32,129.43,128.44,128.58,-0.572223941
15.03.2022 19:00:00.000,128.58,128.74,127.81,128.72,0.10888163
15.03.2022 20:00:00.000,128.72,129.95,128.65,129.71,0.769111249
16.03.2022 14:00:00.000,131.3,132.37,131.08,132.02,0.548362529
16.03.2022 15:00:00.000,132.02,133.02,131.94,132.96,0.712013331
16.03.2022 16:00:00.000,133.03,133.14,132.51,132.85,-0.135307825
16.03.2022 17:00:00.000,132.87,133.14,131.42,131.66,-0.910664559
16.03.2022 18:00:00.000,131.66,131.91,131.2,131.89,0.174692389
16.03.2022 19:00:00.000,131.88,132.24,129.16,131.64,-0.181983621
16.03.2022 20:00:00.000,131.67,133.21,131.29,133.21,1.169590643
17.03.2022 14:00:00.000,133.34,133.92,132.71,133.89,0.412479376
17.03.2022 15:00:00.000,133.87,134.36,132.64,133.01,-0.642414283
17.03.2022 16:00:00.000,133.03,133.62,132.77,133.4,0.278132752
17.03.2022 17:00:00.000,133.46,133.88,133.04,133.8,0.25475798
17.03.2022 18:00:00.000,133.78,134.71,133.32,134.46,0.508297204
17.03.2022 19:00:00.000,134.46,134.66,133.92,134.14,-0.237988993
17.03.2022 20:00:00.000,134.07,134.71,133.67,134.39,0.238681286
18.03.2022 14:00:00.000,133.1,133.74,132.95,133.7,0.450788881
18.03.2022 15:00:00.000,133.72,134.67,133.52,134.16,0.329045767
18.03.2022 16:00:00.000,134.12,135.47,134.08,135.13,0.753056964
18.03.2022 17:00:00.000,135.13,135.86,135.04,135.39,0.192407311
18.03.2022 18:00:00.000,135.41,135.89,135.15,135.73,0.236319326
18.03.2022 19:00:00.000,135.73,135.95,135.42,135.91,0.132616223
18.03.2022 20:00:00.000,135.91,136.62,135.78,136.6,0.507688912
21.03.2022 14:00:00.000,136.68,137.7,135.76,136.03,-0.47556336
21.03.2022 15:00:00.000,136.05,136.65,135.3,136.62,0.418963616
21.03.2022 16:00:00.000,136.61,137.14,136.23,136.82,0.153722275
21.03.2022 17:00:00.000,136.87,137.21,135.4,135.53,-0.979031197
21.03.2022 18:00:00.000,135.53,135.62,134.56,135.4,-0.095919723
21.03.2022 19:00:00.000,135.39,135.97,135.04,135.12,-0.199423887
21.03.2022 20:00:00.000,135.11,136.17,135.08,136.1,0.732736289
22.03.2022 14:00:00.000,137.12,138.6,137.11,138.08,0.700116686
22.03.2022 15:00:00.000,138.08,140.12,138.08,139.72,1.187717265
22.03.2022 16:00:00.000,139.72,141.51,139.64,140.71,0.708559977
22.03.2022 17:00:00.000,140.73,140.95,140,140.38,-0.248703191
22.03.2022 18:00:00.000,140.38,140.63,139.81,140.38,0
22.03.2022 19:00:00.000,140.38,140.44,139.75,140.19,-0.135346916
22.03.2022 20:00:00.000,140.21,140.77,139.81,139.81,-0.285286356
23.03.2022 14:00:00.000,139.01,139.64,138.93,139.21,0.143874541
23.03.2022 15:00:00.000,139.22,139.92,139.01,139.61,0.280132165
23.03.2022 16:00:00.000,139.61,140.04,139.51,139.68,0.050139675
23.03.2022 17:00:00.000,139.7,139.86,138.76,139,-0.501073729
23.03.2022 18:00:00.000,138.98,139.02,138.11,138.78,-0.143905598
23.03.2022 19:00:00.000,138.78,139.14,138.35,138.69,-0.064850843
23.03.2022 20:00:00.000,138.69,139.13,138.48,138.6,-0.064892927
24.03.2022 14:00:00.000,138.94,139.7,138.81,139.01,0.05038146
24.03.2022 15:00:00.000,139.02,139.59,138.02,139.22,0.143864192
24.03.2022 16:00:00.000,139.23,140.43,139.12,140.39,0.833153774
24.03.2022 17:00:00.000,140.38,140.62,139.62,140.31,-0.049864653
24.03.2022 18:00:00.000,140.32,140.5,139.92,140.08,-0.171037628
24.03.2022 19:00:00.000,140.09,140.45,139.9,140.29,0.142765365
24.03.2022 20:00:00.000,140.28,141.1,140.17,141.07,0.563159395
25.03.2022 14:00:00.000,141.7,141.89,141.27,141.31,-0.275229358
25.03.2022 15:00:00.000,141.32,141.87,140.87,141.36,0.028304557
25.03.2022 16:00:00.000,141.4,141.43,139.62,140.26,-0.806223479
25.03.2022 17:00:00.000,140.26,140.73,140.06,140.35,0.064166548
25.03.2022 18:00:00.000,140.41,141.26,140.22,141.23,0.584003988
25.03.2022 19:00:00.000,141.26,141.47,141.12,141.42,0.113266317
25.03.2022 20:00:00.000,141.42,141.45,140.39,141.26,-0.11313817
28.03.2022 14:00:00.000,140.85,141.89,140.74,141.67,0.582179624
28.03.2022 15:00:00.000,141.69,141.69,140.55,141.26,-0.303479427
28.03.2022 16:00:00.000,141.25,141.29,139.82,139.92,-0.94159292
28.03.2022 17:00:00.000,139.88,140.54,139.82,140.47,0.421790106
28.03.2022 18:00:00.000,140.5,140.98,140.43,140.9,0.284697509
28.03.2022 19:00:00.000,140.9,141.83,140.75,141.82,0.652945351
28.03.2022 20:00:00.000,141.83,141.98,141.47,141.78,-0.035253472
29.03.2022 14:00:00.000,143.94,144.11,143.16,143.54,-0.277893567
29.03.2022 15:00:00.000,143.54,143.69,142.43,142.94,-0.418001951
29.03.2022 16:00:00.000,143.16,143.81,143.11,143.5,0.237496507
29.03.2022 17:00:00.000,143.51,143.66,143,143.24,-0.188140199
29.03.2022 18:00:00.000,143.24,143.84,142.95,143.57,0.230382575
29.03.2022 19:00:00.000,143.72,143.78,143.35,143.47,-0.173949346
29.03.2022 20:00:00.000,143.46,143.88,143.22,143.28,-0.125470514
30.03.2022 14:00:00.000,142.91,143.17,142.59,142.96,0.034987055
30.03.2022 15:00:00.000,142.96,143.42,142.66,142.74,-0.1538892
30.03.2022 16:00:00.000,142.74,142.8,142.35,142.77,0.021017234
30.03.2022 17:00:00.000,142.79,143.03,142.53,142.94,0.105049373
30.03.2022 18:00:00.000,142.93,142.93,142.6,142.68,-0.174910795
30.03.2022 19:00:00.000,142.68,142.99,142.62,142.73,0.035043454
30.03.2022 20:00:00.000,142.72,142.8,142.16,142.16,-0.392376682
31.03.2022 14:00:00.000,142.08,142.08,140.95,141.66,-0.295608108
31.03.2022 15:00:00.000,141.66,141.87,140.76,141.68,0.014118311
31.03.2022 16:00:00.000,141.68,141.89,141.35,141.6,-0.056465274
31.03.2022 17:00:00.000,141.6,141.69,140.92,140.92,-0.480225989
31.03.2022 18:00:00.000,140.92,141.45,140.81,141.31,0.276752768
31.03.2022 19:00:00.000,141.3,141.34,140.81,141.34,0.028308563
31.03.2022 20:00:00.000,141.34,141.76,140.07,140.11,-0.87024197
01.04.2022 14:00:00.000,140.09,140.4,138.7,139.21,-0.628167607
01.04.2022 15:00:00.000,139.21,140.69,138.82,140.66,1.04159184
01.04.2022 16:00:00.000,140.64,140.85,139.53,139.68,-0.682593857
01.04.2022 17:00:00.000,139.68,140.26,139.43,140.06,0.272050401
01.04.2022 18:00:00.000,140.06,140.6,139.85,140.17,0.07853777
01.04.2022 19:00:00.000,140.17,140.89,140.11,140.4,0.164086466
01.04.2022 20:00:00.000,140.44,140.73,139.42,140.56,0.085445742
04.04.2022 14:00:00.000,141.76,143.66,141.7,143.27,1.065180587
04.04.2022 15:00:00.000,143.27,143.59,142.82,143.39,0.08375794
04.04.2022 16:00:00.000,143.39,143.83,143.06,143.45,0.041843922
04.04.2022 17:00:00.000,143.47,144.14,143.36,143.46,-0.006970098
04.04.2022 18:00:00.000,143.46,143.73,143.3,143.51,0.034852921
04.04.2022 19:00:00.000,143.51,143.64,142.78,143.48,-0.020904467
04.04.2022 20:00:00.000,143.48,143.77,143.27,143.65,0.118483412
05.04.2022 14:00:00.000,143.02,143.44,142.71,142.85,-0.118864494
05.04.2022 15:00:00.000,142.85,143.16,141.26,142.03,-0.574028701
05.04.2022 16:00:00.000,142.03,142.12,141.37,141.52,-0.359079068
05.04.2022 17:00:00.000,141.52,141.96,141.21,141.76,0.169587337
05.04.2022 18:00:00.000,141.76,142.27,141.47,141.7,-0.042325056
05.04.2022 19:00:00.000,141.7,141.99,141.52,141.63,-0.049400141
05.04.2022 20:00:00.000,141.68,141.76,140.98,141.25,-0.303500847
06.04.2022 14:00:00.000,139.36,139.48,137.36,137.89,-1.054822044
06.04.2022 15:00:00.000,137.87,138.43,137.56,137.86,-0.00725321
06.04.2022 16:00:00.000,137.82,138.05,137.38,137.85,0.021767523
06.04.2022 17:00:00.000,137.85,137.95,137.01,137.19,-0.478781284
06.04.2022 18:00:00.000,137.19,137.94,136.98,137.65,0.335301407
06.04.2022 19:00:00.000,137.67,138.6,136.38,138.06,0.283286119
06.04.2022 20:00:00.000,138.06,138.19,136.72,137.25,-0.586701434
07.04.2022 14:00:00.000,137.3,137.76,136.46,136.89,-0.298616169
07.04.2022 15:00:00.000,136.92,137.52,135.8,136.36,-0.408997955
07.04.2022 16:00:00.000,136.35,136.81,135.12,135.48,-0.638063806
07.04.2022 17:00:00.000,135.48,135.97,134.83,135.36,-0.088573959
07.04.2022 18:00:00.000,135.36,136.58,135.2,136.55,0.879137116
07.04.2022 19:00:00.000,136.55,136.95,136.16,136.83,0.205053094
07.04.2022 20:00:00.000,136.82,137.8,136.69,136.74,-0.058470984
08.04.2022 14:00:00.000,135.58,135.74,134.52,134.55,-0.759699071
08.04.2022 15:00:00.000,134.55,135.92,134.44,135.64,0.810107767
08.04.2022 16:00:00.000,135.64,136,134.91,135.37,-0.199056326
08.04.2022 17:00:00.000,135.39,135.6,135.1,135.27,-0.088632838
08.04.2022 18:00:00.000,135.26,135.34,134.39,134.81,-0.332692592
08.04.2022 19:00:00.000,134.79,135.16,134.31,134.55,-0.178054752
08.04.2022 20:00:00.000,134.55,134.9,133.75,133.75,-0.594574508
11.04.2022 14:00:00.000,132.13,132.86,131.92,132.16,0.022704912
11.04.2022 15:00:00.000,132.16,132.51,130.31,130.59,-1.187953995
11.04.2022 16:00:00.000,130.58,131.1,130.3,130.33,-0.191453515
11.04.2022 17:00:00.000,130.33,130.74,130.04,130.63,0.230184915
11.04.2022 18:00:00.000,130.63,131.18,130.63,130.93,0.229656281
11.04.2022 19:00:00.000,130.93,131.04,130.3,130.41,-0.397158787
11.04.2022 20:00:00.000,130.41,130.7,129.69,129.72,-0.529100529
12.04.2022 14:00:00.000,131.07,131.78,130.49,131.51,0.335698482
12.04.2022 15:00:00.000,131.5,131.84,129.96,130.36,-0.866920152
12.04.2022 16:00:00.000,130.33,130.83,130.05,130.37,0.030691322
12.04.2022 17:00:00.000,130.37,130.37,129.5,129.72,-0.498580962
12.04.2022 18:00:00.000,129.73,130.06,128.74,128.83,-0.693748555
12.04.2022 19:00:00.000,128.89,129.3,127.88,128.1,-0.612925751
12.04.2022 20:00:00.000,128.09,128.54,127.58,128.49,0.312280428
13.04.2022 14:00:00.000,128.6,129.07,128.45,128.73,0.101088647
13.04.2022 15:00:00.000,128.73,129.62,128.44,129,0.209741319
13.04.2022 16:00:00.000,129,129.88,128.99,129.73,0.565891473
13.04.2022 17:00:00.000,129.74,130.5,129.54,130.29,0.423924773
13.04.2022 18:00:00.000,130.27,130.44,129.54,129.76,-0.391494588
13.04.2022 19:00:00.000,129.76,130.06,129.62,129.75,-0.007706535
13.04.2022 20:00:00.000,129.86,130.63,129.6,130.29,0.331125828
14.04.2022 14:00:00.000,130.03,130.11,128.41,128.81,-0.93824502
14.04.2022 15:00:00.000,128.81,128.9,127.92,128.46,-0.271718034
14.04.2022 16:00:00.000,128.42,128.9,128.08,128.16,-0.202460676
14.04.2022 17:00:00.000,128.16,128.26,127.4,127.71,-0.351123596
14.04.2022 18:00:00.000,127.73,128.52,127.64,128.49,0.595005089
14.04.2022 19:00:00.000,128.5,128.72,127.55,127.65,-0.661478599
14.04.2022 20:00:00.000,127.65,127.87,127.19,127.26,-0.305522914
18.04.2022 14:00:00.000,127.74,128.17,127.27,127.67,-0.05479881
18.04.2022 15:00:00.000,127.65,128.69,127.39,128.03,0.297688993
18.04.2022 16:00:00.000,128.04,128.22,127.16,127.66,-0.296782256
18.04.2022 17:00:00.000,127.61,127.76,126.59,126.76,-0.666091999
18.04.2022 18:00:00.000,126.76,128.37,126.64,128.01,0.986115494
18.04.2022 19:00:00.000,128,128.4,127.75,127.89,-0.0859375
18.04.2022 20:00:00.000,127.88,127.96,127,127.29,-0.461370034
19.04.2022 14:00:00.000,128.1,129.38,127.61,129.37,0.991412959
19.04.2022 15:00:00.000,129.36,129.96,129.19,129.77,0.31694496
19.04.2022 16:00:00.000,129.76,130.22,129.56,129.91,0.115598027
19.04.2022 17:00:00.000,129.82,130.09,129.59,129.85,0.02310892
19.04.2022 18:00:00.000,129.85,130.12,129.64,129.91,0.046207162
19.04.2022 19:00:00.000,129.93,129.93,129.21,129.79,-0.107750327
19.04.2022 20:00:00.000,129.77,130.96,129.74,130.51,0.570239655
20.04.2022 14:00:00.000,131.41,131.54,129.58,129.7,-1.301270832
20.04.2022 15:00:00.000,129.71,130.49,128.59,130.26,0.42402282
20.04.2022 16:00:00.000,130.25,130.27,128.44,128.89,-1.044145873
20.04.2022 17:00:00.000,128.89,129.06,127.91,128.7,-0.147412522
20.04.2022 18:00:00.000,128.72,129.67,128.4,129.1,0.295214419
20.04.2022 19:00:00.000,129.08,129.24,127.84,128.2,-0.681747753
20.04.2022 20:00:00.000,128.19,128.99,128.05,128.06,-0.101411967
21.04.2022 14:00:00.000,129.97,130.35,129.39,129.51,-0.353927829
21.04.2022 15:00:00.000,129.51,129.6,127.98,128.41,-0.849355262
21.04.2022 16:00:00.000,128.41,128.66,127.01,127.07,-1.043532435
21.04.2022 17:00:00.000,127.07,127.37,126.4,126.51,-0.440701975
21.04.2022 18:00:00.000,126.49,126.65,125.87,126.01,-0.379476638
21.04.2022 19:00:00.000,126.01,126.01,125.02,125.15,-0.682485517
21.04.2022 20:00:00.000,125.15,125.5,124.65,125.24,0.071913704
22.04.2022 14:00:00.000,125.33,125.33,123.53,123.64,-1.348440118
22.04.2022 15:00:00.000,123.63,124.14,122.07,122.52,-0.89784033
22.04.2022 16:00:00.000,122.52,122.88,120.69,120.8,-1.403852432
22.04.2022 17:00:00.000,120.8,121.06,120.21,120.29,-0.42218543
22.04.2022 18:00:00.000,120.25,120.43,119.74,119.77,-0.399168399
22.04.2022 19:00:00.000,119.78,120.57,119.17,119.55,-0.192018701
22.04.2022 20:00:00.000,119.56,120.72,119.17,119.7,0.117096019
25.04.2022 14:00:00.000,119.8,120.87,119.52,119.98,0.150250417
25.04.2022 15:00:00.000,119.96,123.13,119.96,121.96,1.667222407
25.04.2022 16:00:00.000,121.96,122.16,120.11,120.51,-1.188914398
25.04.2022 17:00:00.000,120.5,122.29,120.28,121.66,0.962655602
25.04.2022 18:00:00.000,121.68,122.22,121.33,121.6,-0.06574622
25.04.2022 19:00:00.000,121.58,122.87,121.28,122.36,0.641552887
25.04.2022 20:00:00.000,122.36,122.92,121.44,122.92,0.457665904
26.04.2022 14:00:00.000,121.35,121.36,119.82,120.07,-1.054800165
26.04.2022 15:00:00.000,120.14,120.42,119.1,119.55,-0.491093724
26.04.2022 16:00:00.000,119.54,119.96,119.12,119.17,-0.309519826
26.04.2022 17:00:00.000,119.2,120.92,119.18,120.59,1.166107383
26.04.2022 18:00:00.000,120.59,120.59,119.4,119.95,-0.530723941
26.04.2022 19:00:00.000,119.95,121.66,119.85,121.59,1.367236348
26.04.2022 20:00:00.000,121.59,121.73,119.66,119.77,-1.496833621
27.04.2022 14:00:00.000,114.62,117.62,114.51,116.18,1.361019019
27.04.2022 15:00:00.000,116.2,116.72,113.37,115.2,-0.860585198
27.04.2022 16:00:00.000,115.21,116.27,114.78,114.9,-0.269073865
27.04.2022 17:00:00.000,114.89,117.07,114.57,116.92,1.766907477
27.04.2022 18:00:00.000,116.92,117.03,115.56,116.12,-0.684228532
27.04.2022 19:00:00.000,116.12,116.3,115.14,115.36,-0.65449535
27.04.2022 20:00:00.000,115.33,115.48,114.2,115.33,0
28.04.2022 14:00:00.000,116.06,116.89,115.22,116.05,-0.008616233
28.04.2022 15:00:00.000,116.05,117.07,115.38,116.97,0.792761741
28.04.2022 16:00:00.000,116.96,117.63,116.54,116.91,-0.042749658
28.04.2022 17:00:00.000,116.91,118.88,116.71,118.74,1.565306646
28.04.2022 18:00:00.000,118.74,120,118.63,119.54,0.673740947
28.04.2022 19:00:00.000,119.54,120.36,119.37,120.03,0.409904634
28.04.2022 20:00:00.000,120.06,120.43,119.08,119.53,-0.441445944
29.04.2022 14:00:00.000,117.64,118.87,117.42,118.82,1.003060184
29.04.2022 15:00:00.000,118.81,118.87,117.11,117.46,-1.136267991
29.04.2022 16:00:00.000,117.44,118.23,117.02,117.38,-0.051089918
29.04.2022 17:00:00.000,117.39,117.46,116.82,117.15,-0.204446716
29.04.2022 18:00:00.000,117.1,117.94,117.1,117.15,0.042698548
29.04.2022 19:00:00.000,117.16,117.19,115.79,116.22,-0.802321611
29.04.2022 20:00:00.000,116.22,116.37,114.76,114.91,-1.127172604
02.05.2022 14:00:00.000,114,116.06,113.32,115.76,1.543859649
02.05.2022 15:00:00.000,115.73,117.03,114.55,115.39,-0.293787263
02.05.2022 16:00:00.000,115.37,116.66,115.05,116.13,0.658750108
02.05.2022 17:00:00.000,116.13,116.32,114.88,114.92,-1.041935762
02.05.2022 18:00:00.000,114.92,115.47,114.5,115.05,0.113122172
02.05.2022 19:00:00.000,115.04,115.55,114.5,114.81,-0.199930459
02.05.2022 20:00:00.000,114.81,117.25,114.81,117.17,2.055570072
03.05.2022 14:00:00.000,116.97,117.99,116.63,117.82,0.726682055
03.05.2022 15:00:00.000,117.72,118.43,116.88,117.64,-0.067957866
03.05.2022 16:00:00.000,117.72,118.8,117.52,118.28,0.475705063
03.05.2022 17:00:00.000,118.37,118.63,117.37,118.43,0.050688519
03.05.2022 18:00:00.000,118.51,119.31,118.27,118.74,0.194076449
03.05.2022 19:00:00.000,118.72,118.77,117.71,118.57,-0.126347709
03.05.2022 20:00:00.000,118.65,118.84,117.67,118.07,-0.488832701
04.05.2022 14:00:00.000,117.59,117.99,116.48,116.5,-0.926949571
04.05.2022 15:00:00.000,116.33,116.75,115.8,116.15,-0.154732227
04.05.2022 16:00:00.000,116.15,116.71,115.66,116.55,0.344382264
04.05.2022 17:00:00.000,116.55,118.44,116.36,118.33,1.527241527
04.05.2022 18:00:00.000,118.33,119.5,118.05,119.12,0.66762444
04.05.2022 19:00:00.000,119.1,121.09,117.54,120.51,1.183879093
04.05.2022 20:00:00.000,120.51,123.12,120.13,122.6,1.734295909
05.05.2022 14:00:00.000,120.29,121.16,118.94,119.33,-0.798071328
05.05.2022 15:00:00.000,119.31,119.33,115.66,116.81,-2.095381779
05.05.2022 16:00:00.000,116.8,117.38,115.91,116.31,-0.419520548
05.05.2022 17:00:00.000,116.23,117.6,115.93,117.3,0.920588488
05.05.2022 18:00:00.000,117.33,117.64,116.29,116.44,-0.758544277
05.05.2022 19:00:00.000,116.45,117.14,116.17,116.26,-0.163160155
05.05.2022 20:00:00.000,116.27,117.03,115.19,115.92,-0.30102348
06.05.2022 14:00:00.000,114.66,115.08,114.15,114.48,-0.156985871
06.05.2022 15:00:00.000,114.48,116.93,114.44,116.48,1.747030049
06.05.2022 16:00:00.000,116.42,117.44,115.3,116.07,-0.30063563
06.05.2022 17:00:00.000,116.04,117.31,115.94,117.28,1.068597036
06.05.2022 18:00:00.000,117.3,117.36,115.54,115.86,-1.227621483
06.05.2022 19:00:00.000,115.85,115.97,115.07,115.18,-0.578334053
06.05.2022 20:00:00.000,115.18,116.02,114.57,115.73,0.477513457
09.05.2022 14:00:00.000,113.75,114.49,113.31,113.63,-0.105494505
09.05.2022 15:00:00.000,113.66,114.32,113.08,113.54,-0.10557804
09.05.2022 16:00:00.000,113.53,114.58,113.31,114.3,0.678234828
09.05.2022 17:00:00.000,114.29,115.58,113.95,114.05,-0.209992125
09.05.2022 18:00:00.000,114.02,114.53,113.52,113.55,-0.412208384
09.05.2022 19:00:00.000,113.6,114.26,113.41,114.05,0.396126761
09.05.2022 20:00:00.000,114.13,114.63,112.53,112.67,-1.279242969
10.05.2022 14:00:00.000,115.68,116.01,114.68,115.84,0.138312586
10.05.2022 15:00:00.000,115.81,116.42,114.21,114.38,-1.234781107
10.05.2022 16:00:00.000,114.37,115.18,113.41,114.78,0.358485617
10.05.2022 17:00:00.000,114.78,115.3,114.1,114.54,-0.209095661
10.05.2022 18:00:00.000,114.54,116.43,114.26,116.4,1.623886852
10.05.2022 19:00:00.000,116.41,116.61,115.47,116.22,-0.163216219
10.05.2022 20:00:00.000,116.3,116.63,114.36,114.75,-1.332760103
11.05.2022 14:00:00.000,114.14,116.7,113.68,115.93,1.568249518
11.05.2022 15:00:00.000,115.93,116.57,114.51,114.98,-0.819460019
11.05.2022 16:00:00.000,114.98,116.2,114.36,115.04,0.052182988
11.05.2022 17:00:00.000,115.01,115.62,114.55,114.88,-0.113033649
11.05.2022 18:00:00.000,114.84,115.1,114.27,114.3,-0.470219436
11.05.2022 19:00:00.000,114.3,116.11,114.3,115.16,0.752405949
11.05.2022 20:00:00.000,115.14,115.35,113.86,114.05,-0.946673615
12.05.2022 14:00:00.000,112.3,113.21,111.89,112.17,-0.115761354
12.05.2022 15:00:00.000,112.16,114.62,111.71,114.39,1.988231098
12.05.2022 16:00:00.000,114.37,114.83,112.54,112.65,-1.50389088
12.05.2022 17:00:00.000,112.65,113.88,111.92,112.81,0.142032845
12.05.2022 18:00:00.000,112.81,112.98,110.12,110.56,-1.994504033
12.05.2022 19:00:00.000,110.55,111.64,110.46,110.69,0.12663953
12.05.2022 20:00:00.000,110.69,112.92,110.68,112.69,1.806847954
13.05.2022 14:00:00.000,114.33,116.28,113.86,115.18,0.743461909
13.05.2022 15:00:00.000,115.37,116.58,115.27,116.38,0.875444223
13.05.2022 16:00:00.000,116.38,117.39,116,117,0.532737584
13.05.2022 17:00:00.000,116.99,118.02,116.98,117.36,0.316266348
13.05.2022 18:00:00.000,117.36,117.48,116.4,116.49,-0.741308793
13.05.2022 19:00:00.000,116.49,116.5,115.24,116.02,-0.403468109
13.05.2022 20:00:00.000,116.04,117.04,115.7,116.16,0.103412616
16.05.2022 14:00:00.000,116.03,116.63,114.5,114.73,-1.120399897
16.05.2022 15:00:00.000,114.72,115.78,114.36,114.8,0.069735007
16.05.2022 16:00:00.000,114.8,115.36,114.31,115.32,0.452961672
16.05.2022 17:00:00.000,115.43,115.49,114.26,114.53,-0.779693321
16.05.2022 18:00:00.000,114.5,115.51,114.36,115.3,0.698689956
16.05.2022 19:00:00.000,115.31,115.92,115.12,115.67,0.312201891
16.05.2022 20:00:00.000,115.63,115.76,114.37,114.56,-0.92536539
17.05.2022 14:00:00.000,116.97,116.98,116,116.1,-0.743780457
17.05.2022 15:00:00.000,116.18,116.8,115.31,115.64,-0.464796006
17.05.2022 16:00:00.000,115.62,116.39,115.41,116.04,0.363258952
17.05.2022 17:00:00.000,116.06,116.62,115.92,116.43,0.31880062
17.05.2022 18:00:00.000,116.42,116.67,116.03,116.24,-0.15461261
17.05.2022 19:00:00.000,116.24,116.55,115.33,116.24,0
17.05.2022 20:00:00.000,116.22,116.89,116.13,116.53,0.266735502
18.05.2022 14:00:00.000,115.39,115.71,114.07,114.09,-1.126614091
18.05.2022 15:00:00.000,114.22,115.17,114.2,114.85,0.551567151
18.05.2022 16:00:00.000,114.85,114.86,113.27,113.64,-1.053548106
18.05.2022 17:00:00.000,113.64,114.07,113.1,114.04,0.351988736
18.05.2022 18:00:00.000,114.04,114.05,112.79,112.99,-0.920729569
18.05.2022 19:00:00.000,112.98,113.39,112.7,112.85,-0.115064613
18.05.2022 20:00:00.000,112.83,113.36,112.15,112.16,-0.593813702
19.05.2022 14:00:00.000,111.97,113.57,111.8,113.08,0.991336965
19.05.2022 15:00:00.000,113.08,113.49,111.96,112.43,-0.574814291
19.05.2022 16:00:00.000,112.5,112.95,112,112.48,-0.017777778
19.05.2022 17:00:00.000,112.5,112.87,111.37,111.76,-0.657777778
19.05.2022 18:00:00.000,111.74,111.77,110.44,111.23,-0.456416682
19.05.2022 19:00:00.000,111.25,112.08,110.68,111.81,0.503370787
19.05.2022 20:00:00.000,111.88,112.31,110.57,110.75,-1.010010726
20.05.2022 14:00:00.000,111.95,112.48,111.48,111.89,-0.053595355
20.05.2022 15:00:00.000,111.82,112.02,109.27,109.32,-2.235736004
20.05.2022 16:00:00.000,109.32,109.57,108.31,108.4,-0.841566045
20.05.2022 17:00:00.000,108.4,108.45,106.35,106.85,-1.429889299
20.05.2022 18:00:00.000,106.84,107.52,106.45,107.26,0.393111194
20.05.2022 19:00:00.000,107.23,107.29,106.39,106.82,-0.382355684
20.05.2022 20:00:00.000,106.82,110.53,106.64,109.25,2.274854896
23.05.2022 14:00:00.000,109.64,111.04,109.32,109.88,0.218898212
23.05.2022 15:00:00.000,110.03,111.54,109.37,110.89,0.781605017
23.05.2022 16:00:00.000,110.89,111.61,110.8,111.47,0.523040851
23.05.2022 17:00:00.000,111.47,112.07,111.08,111.23,-0.215304566
23.05.2022 18:00:00.000,111.23,111.58,110.65,111.41,0.161826845
23.05.2022 19:00:00.000,111.41,111.81,111.14,111.33,-0.07180684
23.05.2022 20:00:00.000,111.33,111.68,111.01,111.34,0.008982305
24.05.2022 14:00:00.000,104.71,105.34,103.89,103.92,-0.754464712
24.05.2022 15:00:00.000,103.93,104.14,102.19,103.1,-0.798614452
24.05.2022 16:00:00.000,103.1,105.13,103.1,104.71,1.561590689
24.05.2022 17:00:00.000,104.68,105.49,104.06,104.4,-0.267481849
24.05.2022 18:00:00.000,104.4,105.74,104,105.47,1.024904215
24.05.2022 19:00:00.000,105.46,106.26,104.54,104.8,-0.625829698
24.05.2022 20:00:00.000,104.8,106.43,104.66,105.74,0.896946565
25.05.2022 14:00:00.000,105.32,106.07,104.19,105.13,-0.180402583
25.05.2022 15:00:00.000,105.12,106.45,104.32,106.16,0.98934551
25.05.2022 16:00:00.000,106.15,106.36,105.12,105.17,-0.923221856
25.05.2022 17:00:00.000,105.18,105.33,104.37,104.83,-0.332762883
25.05.2022 18:00:00.000,104.81,104.96,104.25,104.87,0.057246446
25.05.2022 19:00:00.000,104.89,106.2,104.34,106.07,1.124988083
25.05.2022 20:00:00.000,106.07,106.58,105.36,105.7,-0.348826247
26.05.2022 14:00:00.000,105.65,107.63,105.65,107.39,1.646947468
26.05.2022 15:00:00.000,107.4,107.96,107.02,107.78,0.353817505
26.05.2022 16:00:00.000,107.78,108.19,107.61,108.08,0.278344776
26.05.2022 17:00:00.000,108.08,108.88,107.97,108.87,0.730940044
26.05.2022 18:00:00.000,108.85,108.91,108.19,108.72,-0.119430409
26.05.2022 19:00:00.000,108.7,108.88,108.25,108.34,-0.331186753
26.05.2022 20:00:00.000,108.33,108.77,107.9,108.29,-0.036924213
27.05.2022 14:00:00.000,110,111.04,109.96,110.69,0.627272727
27.05.2022 15:00:00.000,110.69,112.08,110.65,111.46,0.695636462
27.05.2022 16:00:00.000,111.54,112.27,111.13,112.16,0.555854402
27.05.2022 17:00:00.000,112.16,112.57,111.9,112.18,0.017831669
27.05.2022 18:00:00.000,112.18,112.42,111.94,112.05,-0.115885185
27.05.2022 19:00:00.000,112.03,112.44,111.71,112.42,0.348121039
27.05.2022 20:00:00.000,112.42,112.7,112.05,112.41,-0.008895214
31.05.2022 14:00:00.000,113.22,113.68,112.54,112.9,-0.282635577
31.05.2022 15:00:00.000,112.88,113.99,112.58,113.87,0.877037562
31.05.2022 16:00:00.000,113.87,114.86,113.56,114.68,0.71133749
31.05.2022 17:00:00.000,114.69,115.98,114.69,115.81,0.97654547
31.05.2022 18:00:00.000,115.81,116.02,114.92,115.91,0.086348329
31.05.2022 19:00:00.000,115.89,116.42,114.72,114.96,-0.802485115
31.05.2022 20:00:00.000,114.97,115.91,114.17,114.26,-0.617552405
01.06.2022 14:00:00.000,116.1,117.37,116.1,116.97,0.749354005
01.06.2022 15:00:00.000,116.97,117.01,114.38,115.03,-1.658544926
01.06.2022 16:00:00.000,115,115.02,114.18,114.34,-0.573913043
01.06.2022 17:00:00.000,114.34,114.34,113.52,113.95,-0.341087983
01.06.2022 18:00:00.000,113.93,114.53,113.85,114.39,0.403756693
01.06.2022 19:00:00.000,114.39,115.3,114.31,114.83,0.384649008
01.06.2022 20:00:00.000,114.83,115.15,114.21,114.24,-0.513803013
02.06.2022 14:00:00.000,114.31,114.5,113.26,114.23,-0.069985128
02.06.2022 15:00:00.000,114.23,115.53,114.18,115.27,0.910443841
02.06.2022 16:00:00.000,115.27,116.25,115.17,115.86,0.511841763
02.06.2022 17:00:00.000,115.86,117.86,115.71,117.22,1.173830485
02.06.2022 18:00:00.000,117.22,117.75,117,117.64,0.358300631
02.06.2022 19:00:00.000,117.64,117.84,117.26,117.28,-0.306018361
02.06.2022 20:00:00.000,117.27,117.79,117.1,117.74,0.400784514
03.06.2022 14:00:00.000,116.27,116.31,114.77,115.35,-0.791261718
03.06.2022 15:00:00.000,115.35,115.85,113.75,113.83,-1.317728652
03.06.2022 16:00:00.000,113.84,114.4,113.7,114.02,0.158116655
03.06.2022 17:00:00.000,114.01,114.75,113.9,114.71,0.61398123
03.06.2022 18:00:00.000,114.71,114.93,114.05,114.23,-0.418446517
03.06.2022 19:00:00.000,114.24,114.7,114.15,114.48,0.210084034
03.06.2022 20:00:00.000,114.47,114.67,114.03,114.63,0.139774613
06.06.2022 14:00:00.000,117.26,118.57,117.14,118.56,1.10864745
06.06.2022 15:00:00.000,118.5,119.44,118.37,118.94,0.371308017
06.06.2022 16:00:00.000,118.97,119.02,117.27,118.1,-0.731276792
06.06.2022 17:00:00.000,118.1,118.14,116.53,117.28,-0.694326842
06.06.2022 18:00:00.000,117.27,118.03,116.65,117.98,0.605440437
06.06.2022 19:00:00.000,117.98,118.08,116.91,117.1,-0.745889134
06.06.2022 20:00:00.000,117.1,117.28,116.5,117.1,0
07.06.2022 14:00:00.000,115.95,116.6,115.92,116.14,0.163863734
07.06.2022 15:00:00.000,116.13,117.81,115.73,117.47,1.153879273
07.06.2022 16:00:00.000,117.47,117.56,116.22,116.51,-0.817229931
07.06.2022 17:00:00.000,116.51,116.78,115.92,116.6,0.077246588
07.06.2022 18:00:00.000,116.6,116.98,116.36,116.85,0.214408233
07.06.2022 19:00:00.000,116.85,117.48,116.78,116.99,0.119811724
07.06.2022 20:00:00.000,116.99,117.4,116.89,117.38,0.333361826
08.06.2022 14:00:00.000,116.82,117.84,116.72,117.64,0.7019346
08.06.2022 15:00:00.000,117.64,118.31,117.26,117.53,-0.09350561
08.06.2022 16:00:00.000,117.47,118.61,117.3,117.9,0.366050907
08.06.2022 17:00:00.000,117.92,118.19,116.88,117.34,-0.491858887
08.06.2022 18:00:00.000,117.34,117.55,116.8,117.43,0.076700187
08.06.2022 19:00:00.000,117.43,117.73,117.15,117.54,0.093672826
08.06.2022 20:00:00.000,117.51,117.91,117.13,117.22,-0.246787507
09.06.2022 14:00:00.000,117.57,117.91,116.64,117.83,0.22114485
09.06.2022 15:00:00.000,117.85,117.93,116.72,117.34,-0.4327535
09.06.2022 16:00:00.000,117.28,118.36,116.88,117.81,0.451909959
09.06.2022 17:00:00.000,117.81,118.1,117.38,118.07,0.220694338
09.06.2022 18:00:00.000,118.1,118.24,117.01,117.4,-0.592718036
09.06.2022 19:00:00.000,117.4,117.4,116.34,116.39,-0.860306644
09.06.2022 20:00:00.000,116.37,116.4,115.01,115.34,-0.885107846
10.06.2022 14:00:00.000,112.13,112.78,111.54,111.74,-0.347810577
10.06.2022 15:00:00.000,111.65,111.67,110.83,110.99,-0.591133005
10.06.2022 16:00:00.000,110.99,111.41,110.93,111.39,0.360392828
10.06.2022 17:00:00.000,111.38,111.75,111.15,111.51,0.116717544
10.06.2022 18:00:00.000,111.51,112.64,111.44,112.03,0.46632589
10.06.2022 19:00:00.000,112.03,112.76,111.94,112.64,0.54449701
10.06.2022 20:00:00.000,112.64,112.97,111.66,111.78,-0.763494318
13.06.2022 14:00:00.000,108.07,109.32,107.71,108.65,0.536689183
13.06.2022 15:00:00.000,108.65,109.14,107.07,107.46,-1.095260009
13.06.2022 16:00:00.000,107.44,108.16,107,107.98,0.502606106
13.06.2022 17:00:00.000,107.98,108.98,107.76,108.07,0.083348768
13.06.2022 18:00:00.000,108.09,108.62,107.61,108.48,0.360810436
13.06.2022 19:00:00.000,108.48,108.5,107.52,107.57,-0.838864307
13.06.2022 20:00:00.000,107.56,107.73,106.57,106.81,-0.697285236
14.06.2022 14:00:00.000,107.37,107.91,106.54,107.78,0.38185713
14.06.2022 15:00:00.000,107.71,107.94,106.58,106.96,-0.696314177
14.06.2022 16:00:00.000,106.96,107.56,106.26,107.49,0.495512341
14.06.2022 17:00:00.000,107.5,107.69,106.98,107.67,0.158139535
14.06.2022 18:00:00.000,107.66,108.5,107.27,107.49,-0.157904514
14.06.2022 19:00:00.000,107.35,107.77,107.15,107.15,-0.186306474
14.06.2022 20:00:00.000,107.08,107.9,106.58,107.42,0.317519612
15.06.2022 14:00:00.000,108.79,109.38,108.24,108.85,0.055152128
15.06.2022 15:00:00.000,108.85,109.39,108.58,109.07,0.202113
15.06.2022 16:00:00.000,109.06,109.62,108.91,109.53,0.430955437
15.06.2022 17:00:00.000,109.53,110.03,109.19,109.26,-0.246507806
15.06.2022 18:00:00.000,109.22,110.03,109.22,109.93,0.650064091
15.06.2022 19:00:00.000,109.9,111.28,108,109.83,-0.063694268
15.06.2022 20:00:00.000,109.9,111.96,109.86,110.24,0.309372157
16.06.2022 14:00:00.000,108.06,109.32,108.05,108.95,0.823616509
16.06.2022 15:00:00.000,108.88,108.91,107.24,107.28,-1.469507715
16.06.2022 16:00:00.000,107.28,107.91,106.83,107.34,0.055928412
16.06.2022 17:00:00.000,107.37,107.38,106.32,106.66,-0.661264785
16.06.2022 18:00:00.000,106.67,107,105.83,105.84,-0.778100684
16.06.2022 19:00:00.000,105.84,106.58,105.73,106.23,0.368480726
16.06.2022 20:00:00.000,106.23,106.88,105.94,106.17,-0.05648122
17.06.2022 14:00:00.000,107.39,107.81,107.19,107.58,0.176925226
17.06.2022 15:00:00.000,107.57,107.65,105.57,106.25,-1.22710793
17.06.2022 16:00:00.000,106.21,107.58,105.9,106.88,0.630825723
17.06.2022 17:00:00.000,106.88,107.43,106.53,107.36,0.449101796
17.06.2022 18:00:00.000,107.36,108.67,107.2,108.53,1.089791356
17.06.2022 19:00:00.000,108.52,109.24,108.3,108.3,-0.202727608
17.06.2022 20:00:00.000,107.95,108.72,107.88,108.18,0.213061603
21.06.2022 14:00:00.000,110.39,111.86,110.39,111.19,0.724703325
21.06.2022 15:00:00.000,111.23,112.41,110.96,112.31,0.970961072
21.06.2022 16:00:00.000,112.33,112.65,112.01,112.05,-0.249265557
21.06.2022 17:00:00.000,112.05,112.31,111.81,112.15,0.089245872
21.06.2022 18:00:00.000,112.15,112.34,111.9,112.21,0.053499777
21.06.2022 19:00:00.000,112.21,112.31,111.71,112.31,0.089118617
21.06.2022 20:00:00.000,112.31,112.45,111.99,112.25,-0.05342356
22.06.2022 14:00:00.000,111.34,112.71,111.16,112.31,0.871205317
22.06.2022 15:00:00.000,112.31,113.77,112.07,113.07,0.676698424
22.06.2022 16:00:00.000,113.07,113.27,112.22,112.29,-0.689838153
22.06.2022 17:00:00.000,112.29,113.18,112.22,113.17,0.783685101
22.06.2022 18:00:00.000,113.21,113.54,112.7,113.14,-0.061831994
22.06.2022 19:00:00.000,113.14,113.79,113.03,113.34,0.176772141
22.06.2022 20:00:00.000,113.34,113.46,111.76,112.39,-0.838185989
23.06.2022 14:00:00.000,112.44,112.61,111.51,112.53,0.080042689
23.06.2022 15:00:00.000,112.53,113.17,111.95,113.05,0.462098996
23.06.2022 16:00:00.000,113.05,113.05,112.31,112.34,-0.62804069
23.06.2022 17:00:00.000,112.34,112.39,111.44,111.58,-0.676517714
23.06.2022 18:00:00.000,111.58,111.6,110.97,111.44,-0.125470514
23.06.2022 19:00:00.000,111.4,112.08,111.29,111.87,0.421903052
23.06.2022 20:00:00.000,111.9,113.12,111.74,112.67,0.688114388
24.06.2022 14:00:00.000,114.56,116.07,114.52,115.85,1.126047486
24.06.2022 15:00:00.000,115.84,117.73,115.84,117.03,1.027279006
24.06.2022 16:00:00.000,117.01,117.33,116.78,117.16,0.128194171
24.06.2022 17:00:00.000,117.16,117.36,116.92,117.12,-0.034141345
24.06.2022 18:00:00.000,117.11,117.21,116.91,117.05,-0.051233883
24.06.2022 19:00:00.000,117.05,117.4,117.03,117.39,0.290474156
24.06.2022 20:00:00.000,117.39,118.6,117.14,118.58,1.013714967
27.06.2022 14:00:00.000,117.7,118.46,117.31,118.09,0.331350892
27.06.2022 15:00:00.000,118.14,118.81,117.62,118.22,0.067716269
27.06.2022 16:00:00.000,118.22,118.4,117.42,117.7,-0.439857892
27.06.2022 17:00:00.000,117.68,117.75,116.59,117.12,-0.475866757
27.06.2022 18:00:00.000,117.13,117.22,116.37,116.63,-0.426876121
27.06.2022 19:00:00.000,116.62,116.75,116.3,116.39,-0.197221746
27.06.2022 20:00:00.000,116.41,116.85,116.01,116.18,-0.197577528
28.06.2022 14:00:00.000,117.39,117.82,116.02,116.44,-0.809268251
28.06.2022 15:00:00.000,116.44,116.52,114.51,115.02,-1.219512195
28.06.2022 16:00:00.000,115.02,115.25,113.61,113.7,-1.1476265
28.06.2022 17:00:00.000,113.69,113.79,113.07,113.55,-0.123141877
28.06.2022 18:00:00.000,113.51,113.51,112.78,112.89,-0.546207383
28.06.2022 19:00:00.000,112.89,113.39,112.85,113.18,0.256887235
28.06.2022 20:00:00.000,113.17,113.3,112.57,112.73,-0.388795617
29.06.2022 14:00:00.000,111.79,113.27,111.56,113.09,1.162894713
29.06.2022 15:00:00.000,113.11,113.64,112.28,112.66,-0.397842808
29.06.2022 16:00:00.000,112.66,112.99,112.18,112.69,0.026628795
29.06.2022 17:00:00.000,112.69,112.7,111.64,111.98,-0.630047032
29.06.2022 18:00:00.000,111.98,112.2,111.65,111.99,0.008930166
29.06.2022 19:00:00.000,111.99,112.35,111.57,111.73,-0.232163586
29.06.2022 20:00:00.000,111.73,112.42,111.59,112.03,0.26850443
30.06.2022 14:00:00.000,110.21,110.3,108.33,108.35,-1.687687143
30.06.2022 15:00:00.000,108.31,109.34,107.29,109.11,0.738620626
30.06.2022 16:00:00.000,109.11,110.39,108.64,110.39,1.173128036
30.06.2022 17:00:00.000,110.39,111.19,109.45,110.62,0.208352206
30.06.2022 18:00:00.000,110.62,110.82,109.95,110.39,-0.207919002
30.06.2022 19:00:00.000,110.39,110.47,109.25,109.53,-0.779056074
30.06.2022 20:00:00.000,109.53,109.89,108.71,108.96,-0.520405368
01.07.2022 14:00:00.000,108.19,109.61,107.63,109.03,0.776411868
01.07.2022 15:00:00.000,109.05,109.72,107.15,107.43,-1.485557084
01.07.2022 16:00:00.000,107.42,108.32,107.21,107.94,0.484081177
01.07.2022 17:00:00.000,107.94,108.28,107.43,107.43,-0.472484714
01.07.2022 18:00:00.000,107.4,108.03,107.28,107.93,0.493482309
01.07.2022 19:00:00.000,107.92,108.53,107.7,108.29,0.342846553
01.07.2022 20:00:00.000,108.29,109.11,107.99,108.92,0.58177117
05.07.2022 14:00:00.000,106.34,107.6,106.12,107.43,1.025014106
05.07.2022 15:00:00.000,107.4,110.25,106.94,109.23,1.703910615
05.07.2022 16:00:00.000,109.22,110.61,108.55,110.26,0.952206556
05.07.2022 17:00:00.000,110.26,111.34,109.97,110.85,0.535098857
05.07.2022 18:00:00.000,110.85,112.66,110.79,112.36,1.362201173
05.07.2022 19:00:00.000,112.37,113.72,112.29,113.46,0.970009789
05.07.2022 20:00:00.000,113.45,114.05,113.13,113.81,0.317320405
06.07.2022 14:00:00.000,113.95,114.11,112.25,114.11,0.140412462
06.07.2022 15:00:00.000,114.02,114.64,113.31,114.52,0.438519558
06.07.2022 16:00:00.000,114.52,114.62,113.63,113.91,-0.532658051
06.07.2022 17:00:00.000,113.8,114.54,113.69,114.37,0.500878735
06.07.2022 18:00:00.000,114.4,114.75,114.32,114.72,0.27972028
06.07.2022 19:00:00.000,114.67,115.75,113.97,115.68,0.880788349
06.07.2022 20:00:00.000,115.67,116.31,114.69,114.71,-0.829947264
07.07.2022 14:00:00.000,116.9,117.2,116.37,116.88,-0.01710864
07.07.2022 15:00:00.000,116.87,117.9,116.33,117.58,0.607512621
07.07.2022 16:00:00.000,117.56,118.27,117.37,118.27,0.603946921
07.07.2022 17:00:00.000,118.23,118.6,117.8,118.58,0.296033156
07.07.2022 18:00:00.000,118.58,119.28,118.41,119.27,0.581885647
07.07.2022 19:00:00.000,119.28,119.76,119.21,119.45,0.142521797
07.07.2022 20:00:00.000,119.45,119.84,119.17,119.49,0.033486815
08.07.2022 14:00:00.000,118.3,118.86,117.61,118.14,-0.135249366
08.07.2022 15:00:00.000,118.2,119.41,118.02,119.08,0.744500846
08.07.2022 16:00:00.000,119.1,120.44,118.97,120.23,0.948782536
08.07.2022 17:00:00.000,120.23,120.31,118.42,119.01,-1.014721783
08.07.2022 18:00:00.000,119,120.05,118.85,119.88,0.739495798
08.07.2022 19:00:00.000,119.87,120.24,119.7,120.04,0.141820305
08.07.2022 20:00:00.000,120.04,120.16,119.07,120.12,0.066644452
11.07.2022 14:00:00.000,117.85,117.94,116.23,116.87,-0.831565549
11.07.2022 15:00:00.000,116.85,118.06,116.42,117.57,0.616174583
11.07.2022 16:00:00.000,117.56,118.04,117.47,117.63,0.059544063
11.07.2022 17:00:00.000,117.61,117.69,117.06,117.24,-0.314599099
11.07.2022 18:00:00.000,117.23,117.56,117.01,117.1,-0.110893116
11.07.2022 19:00:00.000,117.07,117.14,116.61,116.76,-0.264798838
11.07.2022 20:00:00.000,116.74,116.82,116.2,116.27,-0.402604077
12.07.2022 14:00:00.000,116.91,117.78,116.03,116.05,-0.735608588
12.07.2022 15:00:00.000,116.05,116.74,115.67,116.41,0.310211116
12.07.2022 16:00:00.000,116.43,116.88,115.9,116.26,-0.146010478
12.07.2022 17:00:00.000,116.34,116.79,116.05,116.69,0.300842359
12.07.2022 18:00:00.000,116.69,116.89,116.21,116.62,-0.059988002
12.07.2022 19:00:00.000,116.62,116.63,115.7,115.73,-0.763162408
12.07.2022 20:00:00.000,115.74,115.74,114.58,114.81,-0.803525143
13.07.2022 14:00:00.000,112.53,113.37,112.05,113.22,0.613169821
13.07.2022 15:00:00.000,113.22,115.08,112.77,114.41,1.051051051
13.07.2022 16:00:00.000,114.43,114.72,113.33,113.65,-0.68163943
13.07.2022 17:00:00.000,113.66,113.71,112.72,113.36,-0.263945099
13.07.2022 18:00:00.000,113.4,113.78,112.62,112.92,-0.423280423
13.07.2022 19:00:00.000,112.91,113.03,111.83,112.94,0.026569834
13.07.2022 20:00:00.000,112.93,112.96,111.87,112.25,-0.60214292
14.07.2022 14:00:00.000,110.38,110.81,109.81,110.22,-0.144953796
14.07.2022 15:00:00.000,109.87,111.12,109.28,110.79,0.837353236
14.07.2022 16:00:00.000,110.8,111.67,110.57,111.21,0.370036101
14.07.2022 17:00:00.000,111.34,111.47,110.32,110.67,-0.601760374
14.07.2022 18:00:00.000,110.66,111.44,110.25,111.09,0.388577625
14.07.2022 19:00:00.000,111.09,111.95,111.01,111.52,0.387073544
14.07.2022 20:00:00.000,111.52,111.9,111.11,111.19,-0.295911047
15.07.2022 14:00:00.000,113.45,114.16,111.87,112.18,-1.119435875
15.07.2022 15:00:00.000,112.33,113.52,112.3,113.02,0.614261551
15.07.2022 16:00:00.000,113.07,113.53,112.81,112.89,-0.15919342
15.07.2022 17:00:00.000,112.89,113.01,112.27,112.42,-0.416334485
15.07.2022 18:00:00.000,112.42,112.83,112.33,112.66,0.213485145
15.07.2022 19:00:00.000,112.66,112.7,112.08,112.32,-0.301793006
15.07.2022 20:00:00.000,112.31,112.46,112.05,112.27,-0.035615707
18.07.2022 14:00:00.000,113.15,114.81,112.29,114.27,0.9898365
18.07.2022 15:00:00.000,114.32,114.66,112.13,112.78,-1.347095871
18.07.2022 16:00:00.000,112.78,113.22,112.25,112.87,0.079801383
18.07.2022 17:00:00.000,112.87,113.14,112.37,112.44,-0.380969257
18.07.2022 18:00:00.000,112.44,112.51,109.56,109.98,-2.187833511
18.07.2022 19:00:00.000,110.01,110.7,109.6,109.73,-0.254522316
18.07.2022 20:00:00.000,109.62,110.23,109.28,109.97,0.319284802
19.07.2022 14:00:00.000,110.98,112.39,110.69,112.35,1.234456659
19.07.2022 15:00:00.000,112.36,113.17,111.78,112.98,0.551797793
19.07.2022 16:00:00.000,112.99,113.44,112.73,113.33,0.300911585
19.07.2022 17:00:00.000,113.32,113.91,113.03,113.83,0.450052947
19.07.2022 18:00:00.000,113.83,113.83,112.99,113.53,-0.263550909
19.07.2022 19:00:00.000,113.55,113.92,113.46,113.81,0.22897402
19.07.2022 20:00:00.000,113.81,114.62,113.69,114.53,0.632633336
20.07.2022 14:00:00.000,113.81,115.01,113.76,113.93,0.105438889
20.07.2022 15:00:00.000,113.96,115.22,113.41,115.22,1.105651106
20.07.2022 16:00:00.000,115.21,116.3,114.83,115.99,0.677024564
20.07.2022 17:00:00.000,115.98,116.27,114.74,115.6,-0.327642697
20.07.2022 18:00:00.000,115.57,115.62,114.14,114.26,-1.133512157
20.07.2022 19:00:00.000,114.27,115.07,114.24,114.76,0.428808961
20.07.2022 20:00:00.000,114.76,115.2,114.55,114.61,-0.130707564
21.07.2022 14:00:00.000,113.54,114.21,112.88,113.81,0.237801656
21.07.2022 15:00:00.000,113.77,114.33,111.9,112.93,-0.738331722
21.07.2022 16:00:00.000,112.93,113.95,112.78,113.78,0.75267865
21.07.2022 17:00:00.000,113.79,114.85,113.75,114.8,0.887599965
21.07.2022 18:00:00.000,114.82,114.95,114.09,114.31,-0.444173489
21.07.2022 19:00:00.000,114.32,115.07,114.22,114.83,0.446116165
21.07.2022 20:00:00.000,114.84,115.2,114.5,114.97,0.113200975
22.07.2022 14:00:00.000,112.54,113.16,111.98,112.26,-0.248800427
22.07.2022 15:00:00.000,112.28,112.28,111.31,111.39,-0.792661204
22.07.2022 16:00:00.000,111.38,111.45,108.85,108.95,-2.181720237
22.07.2022 17:00:00.000,108.95,109.03,108.02,108.03,-0.844424048
22.07.2022 18:00:00.000,108.03,108.12,107.6,107.92,-0.101823568
22.07.2022 19:00:00.000,107.91,108.51,107.62,108.44,0.491150032
22.07.2022 20:00:00.000,108.42,109.11,107.83,108.25,-0.156797639
25.07.2022 14:00:00.000,110.05,110.25,109.12,109.83,-0.199909132
25.07.2022 15:00:00.000,109.82,110.07,108.45,108.68,-1.038062284
25.07.2022 16:00:00.000,108.66,108.81,107.79,107.92,-0.681023376
25.07.2022 17:00:00.000,107.91,108.78,107.73,108.64,0.676489667
25.07.2022 18:00:00.000,108.63,108.73,107.64,107.66,-0.892939335
25.07.2022 19:00:00.000,107.65,107.9,107.36,107.42,-0.213655365
25.07.2022 20:00:00.000,107.43,107.97,107.01,107.95,0.484036117
26.07.2022 14:00:00.000,106.06,107.21,105.91,107.03,0.914576655
26.07.2022 15:00:00.000,107.02,107.73,106.43,106.53,-0.457858344
26.07.2022 16:00:00.000,106.53,106.64,105.74,105.78,-0.704027035
26.07.2022 17:00:00.000,105.78,105.87,105.5,105.67,-0.103989412
26.07.2022 18:00:00.000,105.67,105.81,105.26,105.26,-0.388000379
26.07.2022 19:00:00.000,105.26,105.76,104.76,105.67,0.389511685
26.07.2022 20:00:00.000,105.67,105.83,105.15,105.6,-0.066243967
27.07.2022 14:00:00.000,108.9,111.4,108.79,110.67,1.625344353
27.07.2022 15:00:00.000,110.67,111.47,110.2,111.23,0.506008855
27.07.2022 16:00:00.000,111.24,112.94,111.23,112.72,1.33045667
27.07.2022 17:00:00.000,112.71,113.44,112.21,112.36,-0.310531452
27.07.2022 18:00:00.000,112.36,112.56,111.91,112.04,-0.284798861
27.07.2022 19:00:00.000,112.05,114.2,111.92,113.52,1.311914324
27.07.2022 20:00:00.000,113.51,114.4,113.39,114.02,0.449299621
28.07.2022 14:00:00.000,113.4,113.93,112.13,112.61,-0.69664903
28.07.2022 15:00:00.000,112.62,113.06,111.88,112.92,0.266382525
28.07.2022 16:00:00.000,112.91,114.26,112.9,113.73,0.72624214
28.07.2022 17:00:00.000,113.73,113.94,113.34,113.38,-0.307746417
28.07.2022 18:00:00.000,113.38,114.3,113.15,114.16,0.68795202
28.07.2022 19:00:00.000,114.16,114.38,113.71,114.37,0.183952348
28.07.2022 20:00:00.000,114.37,114.65,114.23,114.44,0.061204861
29.07.2022 14:00:00.000,114.16,115.42,113.69,114.85,0.604414856
29.07.2022 15:00:00.000,114.82,115.55,114.63,114.63,-0.165476398
29.07.2022 16:00:00.000,114.63,115,114.01,114.87,0.209369275
29.07.2022 17:00:00.000,114.88,115.35,114.61,115.29,0.35689415
29.07.2022 18:00:00.000,115.27,116.03,115.18,115.76,0.425088922
29.07.2022 19:00:00.000,115.76,116.35,115.62,116.35,0.50967519
29.07.2022 20:00:00.000,116.38,116.9,116.28,116.48,0.085925417
01.08.2022 14:00:00.000,114.88,116.8,114.68,116.38,1.305710306
01.08.2022 15:00:00.000,116.39,116.96,115.57,116.93,0.463957385
01.08.2022 16:00:00.000,116.93,117.12,116.23,116.62,-0.265115881
01.08.2022 17:00:00.000,116.6,116.68,115.44,115.66,-0.806174957
01.08.2022 18:00:00.000,115.66,115.71,114.85,115.24,-0.363133322
01.08.2022 19:00:00.000,115.25,115.94,115,115.84,0.511930586
01.08.2022 20:00:00.000,115.84,115.94,115.24,115.28,-0.483425414
02.08.2022 14:00:00.000,115.42,115.76,114.77,115.09,-0.28591232
02.08.2022 15:00:00.000,115.1,116.03,114.42,115.83,0.634231103
02.08.2022 16:00:00.000,115.83,116.09,115.12,115.97,0.120866788
02.08.2022 17:00:00.000,115.97,117.07,115.83,116.93,0.827800293
02.08.2022 18:00:00.000,116.93,116.98,115.27,115.55,-1.180193278
02.08.2022 19:00:00.000,115.54,116.14,115.33,115.84,0.259650338
02.08.2022 20:00:00.000,115.83,116.32,115.67,115.97,0.120866788
03.08.2022 14:00:00.000,117.26,118.43,117.04,118.27,0.861333788
03.08.2022 15:00:00.000,118.18,119.42,117.67,118.44,0.220003385
03.08.2022 16:00:00.000,118.44,119.33,118.27,119.14,0.591016548
03.08.2022 17:00:00.000,119.13,119.29,118.35,118.96,-0.142701251
03.08.2022 18:00:00.000,118.96,119.32,118.82,118.91,-0.042030935
03.08.2022 19:00:00.000,118.92,119.04,118.69,118.94,0.016818029
03.08.2022 20:00:00.000,118.92,119.32,118.66,119.13,0.176589304
04.08.2022 14:00:00.000,118.39,119.23,118.32,119.06,0.565926176
04.08.2022 15:00:00.000,119.07,119.47,117.7,118.46,-0.512303687
04.08.2022 16:00:00.000,118.46,118.8,117.9,118.65,0.160391693
04.08.2022 17:00:00.000,118.64,119.03,118.2,118.25,-0.328725556
04.08.2022 18:00:00.000,118.26,118.91,118.18,118.72,0.388973448
04.08.2022 19:00:00.000,118.71,118.87,118.42,118.72,0.00842389
04.08.2022 20:00:00.000,118.72,119.11,118.61,118.82,0.084231806
05.08.2022 14:00:00.000,117.94,118.21,117.15,117.69,-0.211972189
05.08.2022 15:00:00.000,117.68,118.85,117.43,118.13,0.38239293
05.08.2022 16:00:00.000,118.17,118.17,116.89,117.47,-0.592366929
05.08.2022 17:00:00.000,117.49,118.1,117.37,118.05,0.476636309
05.08.2022 18:00:00.000,118.05,118.7,118,118.18,0.110122829
05.08.2022 19:00:00.000,118.19,118.19,117.55,117.74,-0.380742872
05.08.2022 20:00:00.000,117.74,118.36,117.6,118.2,0.390691354
08.08.2022 14:00:00.000,119.19,120.71,118.88,120.6,1.18298515
08.08.2022 15:00:00.000,120.64,120.86,119.31,119.51,-0.936671088
08.08.2022 16:00:00.000,119.49,119.97,118.6,119.1,-0.326387145
08.08.2022 17:00:00.000,119.09,119.19,117.97,118.32,-0.646569821
08.08.2022 18:00:00.000,118.33,118.69,118.1,118.5,0.143666019
08.08.2022 19:00:00.000,118.51,118.53,117.82,118.24,-0.227828875
08.08.2022 20:00:00.000,118.25,118.44,118.04,118.23,-0.016913319
09.08.2022 14:00:00.000,116.61,117.9,116.52,117.07,0.394477318
09.08.2022 15:00:00.000,117.06,117.83,116.73,117.27,0.179395182
09.08.2022 16:00:00.000,117.28,118.02,116.91,117.61,0.281377899
09.08.2022 17:00:00.000,117.62,117.71,116.95,117.12,-0.425097772
09.08.2022 18:00:00.000,117.12,117.68,117,117.54,0.358606557
09.08.2022 19:00:00.000,117.53,117.84,117.22,117.69,0.136135455
09.08.2022 20:00:00.000,117.69,118.19,117.46,117.52,-0.144447277
10.08.2022 14:00:00.000,119.83,120.56,119.34,120.31,0.400567471
10.08.2022 15:00:00.000,120.31,120.97,119.5,120.91,0.498711662
10.08.2022 16:00:00.000,120.91,121.75,120.87,121.75,0.694731619
10.08.2022 17:00:00.000,121.73,121.78,120.42,120.63,-0.903639202
10.08.2022 18:00:00.000,120.66,121,120.37,120.87,0.174042765
10.08.2022 19:00:00.000,120.86,120.96,120.34,120.34,-0.430249876
10.08.2022 20:00:00.000,120.34,120.77,120.31,120.73,0.324081768
11.08.2022 14:00:00.000,121.7,122.32,121.61,121.83,0.106820049
11.08.2022 15:00:00.000,121.81,122.28,120.57,121.12,-0.566455956
11.08.2022 16:00:00.000,121.1,121.28,119.67,120.01,-0.900082576
11.08.2022 17:00:00.000,120.01,120.78,119.96,120.62,0.508290976
11.08.2022 18:00:00.000,120.63,120.94,120.32,120.37,-0.215535107
11.08.2022 19:00:00.000,120.37,120.37,119.58,119.83,-0.448616765
11.08.2022 20:00:00.000,119.84,120.06,119.54,119.87,0.025033378
12.08.2022 14:00:00.000,120.9,121.49,120.48,121.2,0.248138958
12.08.2022 15:00:00.000,121.2,121.5,120.42,120.76,-0.363036304
12.08.2022 16:00:00.000,120.75,121.14,120.57,120.81,0.049689441
12.08.2022 17:00:00.000,120.82,121.25,120.76,121.14,0.264856812
12.08.2022 18:00:00.000,121.14,121.57,121.03,121.52,0.313686644
12.08.2022 19:00:00.000,121.54,122.02,121.4,121.91,0.304426526
12.08.2022 20:00:00.000,121.91,122.64,121.85,122.48,0.467558035
15.08.2022 14:00:00.000,122.94,123.1,121.84,122.56,-0.309093867
15.08.2022 15:00:00.000,122.57,122.58,121.57,121.71,-0.701639879
15.08.2022 16:00:00.000,121.72,123.1,121.62,122.97,1.026947092
15.08.2022 17:00:00.000,122.99,123.25,122.86,123.18,0.154484104
15.08.2022 18:00:00.000,123.2,123.2,122.82,123.02,-0.146103896
15.08.2022 19:00:00.000,123.03,123.08,122.67,122.76,-0.219458669
15.08.2022 20:00:00.000,122.76,123.03,122.69,122.8,0.032583904
16.08.2022 14:00:00.000,122.68,123.02,122.29,122.63,-0.04075644
16.08.2022 15:00:00.000,122.6,122.61,121.58,121.64,-0.783034258
16.08.2022 16:00:00.000,121.65,122.88,121.53,122.78,0.928894369
16.08.2022 17:00:00.000,122.79,122.89,122.5,122.71,-0.065151885
16.08.2022 18:00:00.000,122.71,122.99,122.5,122.94,0.187433787
16.08.2022 19:00:00.000,122.95,123.22,121.79,122.19,-0.618137454
16.08.2022 20:00:00.000,122.19,122.75,121.9,122.54,0.286439152
17.08.2022 14:00:00.000,121.05,121.95,121.01,121.81,0.627839736
17.08.2022 15:00:00.000,121.82,122.12,120.25,120.47,-1.108192415
17.08.2022 16:00:00.000,120.48,120.84,120.21,120.48,0
17.08.2022 17:00:00.000,120.5,121.03,120.48,120.67,0.141078838
17.08.2022 18:00:00.000,120.67,120.91,120.5,120.56,-0.091157703
17.08.2022 19:00:00.000,120.57,121.73,120.53,121.1,0.439578668
17.08.2022 20:00:00.000,121.08,121.4,120.22,120.29,-0.652461183
18.08.2022 14:00:00.000,119.81,120.77,119.68,120.04,0.19197062
18.08.2022 15:00:00.000,120.04,121.09,119.55,120.58,0.44985005
18.08.2022 16:00:00.000,120.59,121.64,120.4,121.46,0.721452857
18.08.2022 17:00:00.000,121.49,121.6,120.61,120.91,-0.477405548
18.08.2022 18:00:00.000,120.93,121.34,120.79,121.17,0.19846192
18.08.2022 19:00:00.000,121.16,121.39,120.99,121.34,0.148563882
18.08.2022 20:00:00.000,121.33,121.68,120.83,120.83,-0.412099233
19.08.2022 14:00:00.000,119.55,119.86,118.53,118.85,-0.585529067
19.08.2022 15:00:00.000,118.84,119.14,118.56,118.64,-0.168293504
19.08.2022 16:00:00.000,118.64,118.84,118.21,118.44,-0.168577208
19.08.2022 17:00:00.000,118.44,118.69,118.31,118.5,0.050658561
19.08.2022 18:00:00.000,118.5,118.63,117.73,118.25,-0.210970464
19.08.2022 19:00:00.000,118.25,118.29,117.79,117.87,-0.321353066
19.08.2022 20:00:00.000,117.89,118.34,117.67,118.08,0.16116719
22.08.2022 14:00:00.000,115.57,116.46,115.45,115.99,0.363416111
22.08.2022 15:00:00.000,115.99,115.99,115.04,115.09,-0.775928959
22.08.2022 16:00:00.000,115.09,115.71,115.08,115.63,0.469198019
22.08.2022 17:00:00.000,115.64,115.95,115.52,115.78,0.121065375
22.08.2022 18:00:00.000,115.79,115.8,115.1,115.17,-0.535452112
22.08.2022 19:00:00.000,115.15,115.23,114.76,114.91,-0.208423795
22.08.2022 20:00:00.000,114.92,115.18,114.66,114.99,0.060911939
23.08.2022 14:00:00.000,115.16,115.9,114.81,115.3,0.12156999
23.08.2022 15:00:00.000,115.32,115.92,114.66,114.71,-0.528962886
23.08.2022 16:00:00.000,114.71,115.16,114.44,115.01,0.261529073
23.08.2022 17:00:00.000,115.01,115.14,114.61,115.07,0.052169377
23.08.2022 18:00:00.000,115.08,115.46,114.82,114.96,-0.104275287
23.08.2022 19:00:00.000,114.96,115.35,114.87,115.01,0.043493389
23.08.2022 20:00:00.000,115,115.16,114.5,114.77,-0.2
24.08.2022 14:00:00.000,114.17,114.71,113.78,114.57,0.350354734
24.08.2022 15:00:00.000,114.57,115.23,114.33,115.12,0.480055861
24.08.2022 16:00:00.000,115.11,115.64,114.97,115.52,0.356181044
24.08.2022 17:00:00.000,115.53,115.71,114.97,115.1,-0.372197698
24.08.2022 18:00:00.000,115.1,115.16,114.53,114.79,-0.269331017
24.08.2022 19:00:00.000,114.8,114.96,114.57,114.87,0.06097561
24.08.2022 20:00:00.000,114.87,115.29,114.79,115.01,0.121876904
25.08.2022 14:00:00.000,115.22,116.42,115.15,116.29,0.928658219
25.08.2022 15:00:00.000,116.3,117.14,116.3,116.72,0.361134996
25.08.2022 16:00:00.000,116.72,116.77,115.93,116.11,-0.522618232
25.08.2022 17:00:00.000,116.13,116.21,115.8,116.06,-0.060277275
25.08.2022 18:00:00.000,116.06,117.12,116,117.08,0.878855764
25.08.2022 19:00:00.000,117.1,117.21,116.62,116.81,-0.24765158
25.08.2022 20:00:00.000,116.81,117.76,116.63,117.66,0.727677425
26.08.2022 14:00:00.000,115.9,116.24,115.53,115.97,0.060396894
26.08.2022 15:00:00.000,115.96,116.25,112.87,113.13,-2.440496723
26.08.2022 16:00:00.000,113.1,113.23,112.05,112.35,-0.663129973
26.08.2022 17:00:00.000,112.35,112.64,111.84,112.55,0.178015131
26.08.2022 18:00:00.000,112.55,112.88,112.12,112.4,-0.1332741
26.08.2022 19:00:00.000,112.4,112.46,111.83,111.96,-0.391459075
26.08.2022 20:00:00.000,111.96,112.19,111.3,111.39,-0.509110397
29.08.2022 14:00:00.000,111.29,111.95,111.01,111.03,-0.233623866
29.08.2022 15:00:00.000,110.99,111.52,110.14,110.18,-0.729795477
29.08.2022 16:00:00.000,110.16,110.62,109.79,110.55,0.354030501
29.08.2022 17:00:00.000,110.56,111.19,110.32,110.99,0.388929088
29.08.2022 18:00:00.000,111,111.27,110.61,110.94,-0.054054054
29.08.2022 19:00:00.000,110.95,111.09,110.57,111.02,0.063091483
29.08.2022 20:00:00.000,111.02,111.41,110.49,110.5,-0.468384075
30.08.2022 14:00:00.000,110.98,111.17,110.18,110.28,-0.630744278
30.08.2022 15:00:00.000,110.33,110.56,108.79,109.67,-0.598205384
30.08.2022 16:00:00.000,109.67,110.05,109.33,109.72,0.045591319
30.08.2022 17:00:00.000,109.72,110.24,109.3,109.57,-0.13671163
30.08.2022 18:00:00.000,109.57,109.61,108.91,109.39,-0.164278543
30.08.2022 19:00:00.000,109.38,109.64,109.22,109.51,0.11885171
30.08.2022 20:00:00.000,109.52,110.21,109.44,109.6,0.073046019
31.08.2022 14:00:00.000,110.7,111.61,110.3,111.09,0.352303523
31.08.2022 15:00:00.000,111.06,111.3,110.26,110.39,-0.603277508
31.08.2022 16:00:00.000,110.38,110.92,109.85,110.77,0.353324878
31.08.2022 17:00:00.000,110.78,110.88,110.29,110.45,-0.297887705
31.08.2022 18:00:00.000,110.44,110.63,109.93,110.23,-0.190148497
31.08.2022 19:00:00.000,110.23,110.51,109.78,109.97,-0.235870453
31.08.2022 20:00:00.000,109.98,110.51,109.3,109.47,-0.463720676
01.09.2022 14:00:00.000,109.41,111.21,109.41,110.14,0.667215063
01.09.2022 15:00:00.000,110.04,110.3,108.72,108.74,-1.181388586
01.09.2022 16:00:00.000,108.72,109.16,108.18,108.41,-0.28513613
01.09.2022 17:00:00.000,108.4,108.82,108.34,108.59,0.175276753
01.09.2022 18:00:00.000,108.59,109.45,108.54,108.9,0.285477484
01.09.2022 19:00:00.000,108.88,109.98,108.78,109.66,0.716385011
01.09.2022 20:00:00.000,109.65,110.21,109.57,110.17,0.474236206
02.09.2022 14:00:00.000,110.54,110.97,110.18,110.21,-0.298534467
02.09.2022 15:00:00.000,110.19,111.62,109.93,111.13,0.853071967
02.09.2022 16:00:00.000,111.14,111.67,111.05,111.51,0.332913443
02.09.2022 17:00:00.000,111.5,111.58,109.64,110.04,-1.30941704
02.09.2022 18:00:00.000,110.03,110.03,108.52,108.53,-1.363264564
02.09.2022 19:00:00.000,108.54,109.12,108.4,108.7,0.147411093
02.09.2022 20:00:00.000,108.7,109.16,108.13,108.67,-0.027598896
06.09.2022 14:00:00.000,108.31,108.75,107.38,107.65,-0.609362016
06.09.2022 15:00:00.000,107.53,108.3,106.54,108.15,0.576583279
06.09.2022 16:00:00.000,108.15,108.43,107.69,108.2,0.046232085
06.09.2022 17:00:00.000,108.19,108.42,107.38,107.75,-0.406691931
06.09.2022 18:00:00.000,107.75,107.79,106.73,107.14,-0.56612529
06.09.2022 19:00:00.000,107.14,107.77,107.07,107.4,0.242673138
06.09.2022 20:00:00.000,107.4,107.81,107.15,107.33,-0.065176909
07.09.2022 14:00:00.000,108.29,108.89,108.14,108.65,0.332440669
07.09.2022 15:00:00.000,108.64,108.93,107.89,108.72,0.073637703
07.09.2022 16:00:00.000,108.73,109.69,108.62,109.39,0.607008185
07.09.2022 17:00:00.000,109.39,109.78,108.98,109.63,0.219398482
07.09.2022 18:00:00.000,109.63,110.11,109.5,110.07,0.401349995
07.09.2022 19:00:00.000,110.09,110.89,110.06,110.72,0.572259061
07.09.2022 20:00:00.000,110.73,110.99,110.56,110.63,-0.090309762
08.09.2022 14:00:00.000,108.78,110.07,108.73,109.92,1.047986762
08.09.2022 15:00:00.000,109.92,110.42,109.11,110.34,0.38209607
08.09.2022 16:00:00.000,110.35,110.57,109.59,109.71,-0.579972814
08.09.2022 17:00:00.000,109.72,109.77,108.06,108.9,-0.747356908
08.09.2022 18:00:00.000,108.9,109.41,108.55,108.91,0.009182736
08.09.2022 19:00:00.000,108.91,109.2,108.68,108.96,0.045909467
08.09.2022 20:00:00.000,108.96,109.22,108.7,109.1,0.128487518
09.09.2022 14:00:00.000,110.76,111.08,110.13,110.81,0.045142651
09.09.2022 15:00:00.000,110.81,111.54,110.77,111.41,0.541467377
09.09.2022 16:00:00.000,111.41,111.6,111.02,111.35,-0.05385513
09.09.2022 17:00:00.000,111.35,111.76,111.06,111.73,0.341266278
09.09.2022 18:00:00.000,111.73,111.91,111.58,111.83,0.089501477
09.09.2022 19:00:00.000,111.83,111.98,111.27,111.5,-0.295090763
09.09.2022 20:00:00.000,111.49,111.98,111.41,111.91,0.3767154
12.09.2022 14:00:00.000,112.34,112.43,111.78,112.36,0.017803098
12.09.2022 15:00:00.000,112.37,112.63,111.62,111.69,-0.605143722
12.09.2022 16:00:00.000,111.71,111.9,111.09,111.22,-0.438635753
12.09.2022 17:00:00.000,111.23,111.58,110.94,111.51,0.251730648
12.09.2022 18:00:00.000,111.5,111.82,111.19,111.72,0.197309417
12.09.2022 19:00:00.000,111.72,111.74,111.13,111.41,-0.277479413
12.09.2022 20:00:00.000,111.41,111.78,111.3,111.64,0.206444664
13.09.2022 14:00:00.000,108.55,108.55,107.36,107.36,-1.096269
13.09.2022 15:00:00.000,107.36,107.44,106.31,106.49,-0.810357675
13.09.2022 16:00:00.000,106.47,106.56,106.14,106.31,-0.150277073
13.09.2022 17:00:00.000,106.3,107.06,106.2,106.96,0.62088429
13.09.2022 18:00:00.000,106.95,107.36,106.8,106.96,0.009350164
13.09.2022 19:00:00.000,106.96,107.02,106.22,106.29,-0.626402393
13.09.2022 20:00:00.000,106.28,106.34,105,105.31,-0.912683478
14.09.2022 14:00:00.000,104.77,106.01,104.65,105.43,0.629951322
14.09.2022 15:00:00.000,105.44,105.44,104.51,105.36,-0.075872534
14.09.2022 16:00:00.000,105.35,105.7,105.05,105.41,0.056953014
14.09.2022 17:00:00.000,105.4,106.02,105.28,105.91,0.483870968
14.09.2022 18:00:00.000,105.91,106.09,105.14,105.26,-0.613728638
14.09.2022 19:00:00.000,105.25,105.61,105,105.28,0.028503563
14.09.2022 20:00:00.000,105.28,105.86,104.86,105.82,0.512917933
15.09.2022 14:00:00.000,105.2,106.19,105.07,105.9,0.66539924
15.09.2022 15:00:00.000,105.9,106.2,103.97,104.02,-1.775259679
15.09.2022 16:00:00.000,104.01,104.45,103.8,104.06,0.048072301
15.09.2022 17:00:00.000,104.06,104.55,103.83,104.54,0.461272343
15.09.2022 18:00:00.000,104.54,105.29,104.51,104.78,0.229577195
15.09.2022 19:00:00.000,104.78,104.78,103.93,104.08,-0.668066425
15.09.2022 20:00:00.000,104.08,104.28,103.31,103.86,-0.211375865
16.09.2022 14:00:00.000,102.56,102.92,102.16,102.45,-0.10725429
16.09.2022 15:00:00.000,102.46,103.98,102.46,102.81,0.341596721
16.09.2022 16:00:00.000,102.82,103.15,102.57,103.1,0.27232056
16.09.2022 17:00:00.000,103.08,103.12,102.53,103.09,0.009701203
16.09.2022 18:00:00.000,103.08,103.16,102.54,102.64,-0.42685293
16.09.2022 19:00:00.000,102.63,103.6,102.59,103.45,0.798986651
16.09.2022 20:00:00.000,103.42,104.02,103.26,103.3,-0.116031715
19.09.2022 14:00:00.000,103,103.28,102.7,102.9,-0.097087379
19.09.2022 15:00:00.000,102.9,103.28,102.48,102.97,0.068027211
19.09.2022 16:00:00.000,103.01,103.15,102.39,102.48,-0.514513154
19.09.2022 17:00:00.000,102.48,103.38,102.37,103.32,0.819672131
19.09.2022 18:00:00.000,103.33,103.36,102.89,102.95,-0.367753799
19.09.2022 19:00:00.000,102.96,103.3,102.86,103.24,0.271950272
19.09.2022 20:00:00.000,103.24,104.01,103.24,103.83,0.571483921
20.09.2022 14:00:00.000,103.08,103.11,102.41,102.47,-0.59177338
20.09.2022 15:00:00.000,102.43,102.89,102.12,102.47,0.039051059
20.09.2022 16:00:00.000,102.46,102.79,102.26,102.62,0.156158501
20.09.2022 17:00:00.000,102.62,102.8,101.84,101.98,-0.623660105
20.09.2022 18:00:00.000,101.98,101.98,101.11,101.22,-0.745244166
20.09.2022 19:00:00.000,101.23,102.13,101.2,101.98,0.740887089
20.09.2022 20:00:00.000,101.98,102.2,101.68,101.8,-0.176505197
21.09.2022 14:00:00.000,102.06,102.24,101.93,102.08,0.019596316
21.09.2022 15:00:00.000,102.09,102.23,101.47,101.58,-0.499559212
21.09.2022 16:00:00.000,101.59,102.09,101.46,102.04,0.442956984
21.09.2022 17:00:00.000,102.03,102.29,101.94,102.02,-0.009801039
21.09.2022 18:00:00.000,102.02,102.62,102,102.49,0.460693982
21.09.2022 19:00:00.000,102.45,103.43,100.11,102.88,0.419716935
21.09.2022 20:00:00.000,102.95,103.12,99.99,100.3,-2.57406508
22.09.2022 14:00:00.000,100.14,100.79,99.84,100.6,0.4593569
22.09.2022 15:00:00.000,100.58,100.98,100.32,100.49,-0.08948101
22.09.2022 16:00:00.000,100.49,101.01,100.03,100.77,0.27863469
22.09.2022 17:00:00.000,100.76,100.96,100.4,100.7,-0.059547439
22.09.2022 18:00:00.000,100.7,100.92,100.4,100.85,0.148957299
22.09.2022 19:00:00.000,100.84,100.92,100.22,100.72,-0.119000397
22.09.2022 20:00:00.000,100.72,101.63,100.71,101.01,0.287926926
23.09.2022 14:00:00.000,99.82,99.98,98.82,98.85,-0.971749148
23.09.2022 15:00:00.000,98.86,99.83,98.42,99.5,0.647380134
23.09.2022 16:00:00.000,99.5,99.85,98.95,99.17,-0.331658291
23.09.2022 17:00:00.000,99.17,99.26,98.54,99.03,-0.141171725
23.09.2022 18:00:00.000,99.04,99.12,98.35,98.54,-0.504846527
23.09.2022 19:00:00.000,98.53,98.73,98,98.08,-0.456713691
23.09.2022 20:00:00.000,98.08,99.28,98.04,99.18,1.121533442
26.09.2022 14:00:00.000,99.16,100,98.96,99.94,0.786607503
26.09.2022 15:00:00.000,99.95,100.43,99.63,99.87,-0.08004002
26.09.2022 16:00:00.000,99.88,100.02,98.85,99.37,-0.510612735
26.09.2022 17:00:00.000,99.38,99.38,98.4,99.11,-0.271684444
26.09.2022 18:00:00.000,99.11,99.12,98.53,98.56,-0.554938957
26.09.2022 19:00:00.000,98.56,99.31,98.53,99.14,0.588474026
26.09.2022 20:00:00.000,99.15,99.49,98.69,99.24,0.090771558
27.09.2022 14:00:00.000,100.22,100.45,99.35,99.68,-0.538814608
27.09.2022 15:00:00.000,99.69,99.73,98.92,99.52,-0.170528639
27.09.2022 16:00:00.000,99.52,99.76,98.23,98.26,-1.26607717
27.09.2022 17:00:00.000,98.27,98.3,97.36,97.72,-0.559682507
27.09.2022 18:00:00.000,97.71,97.8,97.35,97.55,-0.163749872
27.09.2022 19:00:00.000,97.55,98.18,97.34,98.03,0.492055356
27.09.2022 20:00:00.000,98.04,98.14,97.45,98.05,0.010199918
28.09.2022 14:00:00.000,98.28,99.01,98.15,98.18,-0.101750102
28.09.2022 15:00:00.000,98.17,99.48,97.82,99.24,1.089946012
28.09.2022 16:00:00.000,99.25,100.19,99.19,100.15,0.906801008
28.09.2022 17:00:00.000,100.14,100.56,99.73,99.98,-0.159776313
28.09.2022 18:00:00.000,99.99,100.47,99.8,100.28,0.290029003
28.09.2022 19:00:00.000,100.28,100.66,100.26,100.61,0.32907858
28.09.2022 20:00:00.000,100.61,101.39,100.58,101.08,0.467150383
29.09.2022 14:00:00.000,98.48,98.53,97.57,97.91,-0.578797725
29.09.2022 15:00:00.000,97.91,97.97,96.78,97.42,-0.500459606
29.09.2022 16:00:00.000,97.41,97.8,97.08,97.69,0.287444821
29.09.2022 17:00:00.000,97.7,97.76,96.87,96.94,-0.777891505
29.09.2022 18:00:00.000,96.92,97.29,96.72,96.74,-0.185720182
29.09.2022 19:00:00.000,96.73,97.09,96.52,96.75,0.020676109
29.09.2022 20:00:00.000,96.75,98.18,96.72,98.12,1.416020672
30.09.2022 14:00:00.000,98.34,98.4,97.44,98.01,-0.33557047
30.09.2022 15:00:00.000,98.01,98.74,97.69,98.73,0.734618916
30.09.2022 16:00:00.000,98.73,99.49,98.12,98.16,-0.577332118
30.09.2022 17:00:00.000,98.14,98.39,97.81,98.07,-0.071326676
30.09.2022 18:00:00.000,98.07,98.14,97.47,97.49,-0.591414296
30.09.2022 19:00:00.000,97.49,97.73,96.84,96.89,-0.615447738
30.09.2022 20:00:00.000,96.89,97.34,96.3,96.36,-0.547012076
03.10.2022 14:00:00.000,97.28,98.17,97.04,97.59,0.318667763
03.10.2022 15:00:00.000,97.6,98.87,97.6,98.55,0.973360656
03.10.2022 16:00:00.000,98.55,99,98.27,98.52,-0.0304414
03.10.2022 17:00:00.000,98.52,98.95,98.45,98.83,0.314656922
03.10.2022 18:00:00.000,98.83,99.41,98.81,99.26,0.43509056
03.10.2022 19:00:00.000,99.26,99.78,99.15,99.64,0.382832964
03.10.2022 20:00:00.000,99.64,99.96,99.24,99.4,-0.240867122
04.10.2022 14:00:00.000,102.11,102.12,101.18,101.99,-0.117520321
04.10.2022 15:00:00.000,102.02,102.64,101.9,102.62,0.588119976
04.10.2022 16:00:00.000,102.62,102.64,101.79,102.15,-0.45800039
04.10.2022 17:00:00.000,102.16,102.54,101.91,102.03,-0.12725137
04.10.2022 18:00:00.000,102.02,102.32,101.42,102.21,0.186237993
04.10.2022 19:00:00.000,102.21,102.72,101.99,102.6,0.381567361
04.10.2022 20:00:00.000,102.59,102.62,101.96,102.36,-0.224193391
05.10.2022 14:00:00.000,101.22,101.25,100.36,100.7,-0.513732464
05.10.2022 15:00:00.000,100.7,100.7,99.75,99.86,-0.834160874
05.10.2022 16:00:00.000,99.84,100.44,99.81,100.43,0.590945513
05.10.2022 17:00:00.000,100.43,101.42,100.17,101.2,0.766703176
05.10.2022 18:00:00.000,101.21,101.9,101.15,101.41,0.197608932
05.10.2022 19:00:00.000,101.41,102.13,101.35,102.12,0.700128192
05.10.2022 20:00:00.000,102.12,102.72,101.99,102.1,-0.019584802
06.10.2022 14:00:00.000,102.77,103.73,102.3,102.33,-0.428140508
06.10.2022 15:00:00.000,102.33,103.35,101.72,103.34,0.987002834
06.10.2022 16:00:00.000,103.35,103.54,102.78,102.81,-0.522496372
06.10.2022 17:00:00.000,102.8,103.22,102.55,103.01,0.204280156
06.10.2022 18:00:00.000,103.01,103.1,102.61,103.05,0.038831181
06.10.2022 19:00:00.000,103.07,103.07,102.17,102.41,-0.640341515
06.10.2022 20:00:00.000,102.43,102.73,102.12,102.33,-0.097627648
07.10.2022 14:00:00.000,100.05,100.06,99.91,100,-0.049975012
07.10.2022 15:00:00.000,100,100.95,99.77,100.76,0.76
07.10.2022 16:00:00.000,100.76,101.09,100.05,100.24,-0.516077809
07.10.2022 17:00:00.000,100.24,100.36,99.73,99.9,-0.339185954
07.10.2022 18:00:00.000,99.89,100.03,99.42,99.48,-0.410451497
07.10.2022 19:00:00.000,99.46,99.85,99.26,99.83,0.372008848
07.10.2022 20:00:00.000,99.84,100.1,99.2,99.53,-0.310496795
10.10.2022 14:00:00.000,98.81,99.17,98.46,98.65,-0.16192693
10.10.2022 15:00:00.000,98.67,99.43,98.24,98.49,-0.182426269
10.10.2022 16:00:00.000,98.48,99.12,98.32,98.89,0.416328188
10.10.2022 17:00:00.000,98.88,98.91,98.06,98.09,-0.79894822
10.10.2022 18:00:00.000,98.09,99.53,97.85,99.21,1.141808543
10.10.2022 19:00:00.000,99.2,99.46,98.9,99.06,-0.141129032
10.10.2022 20:00:00.000,99.05,99.41,98.85,99.07,0.020191822
11.10.2022 14:00:00.000,98.5,98.77,97.59,97.6,-0.913705584
11.10.2022 15:00:00.000,97.57,98.75,97.55,98.28,0.727682689
11.10.2022 16:00:00.000,98.27,99.73,98.23,99.45,1.200773379
11.10.2022 17:00:00.000,99.47,100.12,98.99,99.69,0.221172213
11.10.2022 18:00:00.000,99.7,99.87,99.21,99.52,-0.180541625
11.10.2022 19:00:00.000,99.51,99.6,97.83,97.9,-1.617927846
11.10.2022 20:00:00.000,97.91,98.26,97.25,98.05,0.142988459
12.10.2022 14:00:00.000,97.95,99.45,97.95,99.29,1.368044921
12.10.2022 15:00:00.000,99.34,99.63,98.42,98.69,-0.654318502
12.10.2022 16:00:00.000,98.7,99.12,98.6,99.07,0.374873354
12.10.2022 17:00:00.000,99.08,99.14,97.89,98.37,-0.716592652
12.10.2022 18:00:00.000,98.37,98.47,97.98,98.36,-0.010165701
12.10.2022 19:00:00.000,98.27,98.93,98,98.49,0.223873003
12.10.2022 20:00:00.000,98.48,98.72,98.25,98.56,0.081234768
13.10.2022 14:00:00.000,96.03,96.5,95.29,96.5,0.489430386
13.10.2022 15:00:00.000,96.47,97.21,96.18,96.71,0.248782005
13.10.2022 16:00:00.000,96.67,100.51,96.59,99.41,2.834385021
13.10.2022 17:00:00.000,99.43,99.78,98.44,98.77,-0.663783566
13.10.2022 18:00:00.000,98.78,100,98.75,99.7,0.931362624
13.10.2022 19:00:00.000,99.7,100.25,99.29,100.13,0.431293882
13.10.2022 20:00:00.000,100.14,100.49,99.53,99.88,-0.259636509
14.10.2022 14:00:00.000,100.6,100.86,99.34,99.72,-0.874751491
14.10.2022 15:00:00.000,99.73,99.73,97.72,98.34,-1.393763161
14.10.2022 16:00:00.000,98.34,98.79,97.7,97.8,-0.549115314
14.10.2022 17:00:00.000,97.75,98.23,97.32,97.72,-0.030690537
14.10.2022 18:00:00.000,97.73,98.19,97.57,98.1,0.378594086
14.10.2022 19:00:00.000,98.1,98.1,97.3,97.67,-0.438328236
14.10.2022 20:00:00.000,97.68,97.85,97.22,97.4,-0.286650287
17.10.2022 14:00:00.000,100.39,101.76,100.26,101.05,0.657436
17.10.2022 15:00:00.000,101.06,101.48,100.68,100.95,-0.10884623
17.10.2022 16:00:00.000,100.94,101.21,100.5,101.02,0.079255003
17.10.2022 17:00:00.000,101.01,101.2,100.52,101.02,0.00990001
17.10.2022 18:00:00.000,101.02,101.56,100.82,101.53,0.504850525
17.10.2022 19:00:00.000,101.53,101.68,101.04,101.09,-0.433369447
17.10.2022 20:00:00.000,101.09,101.16,100.78,100.78,-0.306657434
18.10.2022 14:00:00.000,102.82,102.92,101.81,102.09,-0.709978603
18.10.2022 15:00:00.000,102.11,102.68,101.77,102.2,0.088140241
18.10.2022 16:00:00.000,102.2,102.2,100.81,101.44,-0.743639922
18.10.2022 17:00:00.000,101.43,101.98,101.09,101.54,0.108449177
18.10.2022 18:00:00.000,101.61,101.86,100.99,101.74,0.127940163
18.10.2022 19:00:00.000,101.71,101.78,100.65,101.04,-0.658735621
18.10.2022 20:00:00.000,101.03,101.75,100.72,101.27,0.237553202
19.10.2022 14:00:00.000,101.18,101.66,100.01,100.28,-0.889503855
19.10.2022 15:00:00.000,100.26,101.48,100.01,101.03,0.768003192
19.10.2022 16:00:00.000,101.02,101.41,100.53,101.35,0.326667987
19.10.2022 17:00:00.000,101.34,101.38,100.28,100.4,-0.927570555
19.10.2022 18:00:00.000,100.41,100.46,99.63,99.96,-0.448162534
19.10.2022 19:00:00.000,99.97,100.47,99.85,100.06,0.090027008
19.10.2022 20:00:00.000,100.08,100.46,99.92,100.35,0.269784173
20.10.2022 14:00:00.000,101.34,101.92,100.63,101.58,0.236826525
20.10.2022 15:00:00.000,101.58,102.99,101.47,102.62,1.023823587
20.10.2022 16:00:00.000,102.62,102.66,101.73,102.3,-0.311830053
20.10.2022 17:00:00.000,102.29,102.33,101.27,101.42,-0.850523023
20.10.2022 18:00:00.000,101.42,101.48,100.35,100.58,-0.828239006
20.10.2022 19:00:00.000,100.57,100.62,100.15,100.35,-0.218753107
20.10.2022 20:00:00.000,100.35,100.61,99.97,100.55,0.199302441
21.10.2022 14:00:00.000,98.79,100.66,98.53,100.35,1.579107197
21.10.2022 15:00:00.000,100.36,100.61,99.1,99.12,-1.235552013
21.10.2022 16:00:00.000,99.13,100.02,98.64,100.01,0.887723192
21.10.2022 17:00:00.000,100.02,100.32,99.62,100.05,0.029994001
21.10.2022 18:00:00.000,100.05,100.77,99.89,100.76,0.709645177
21.10.2022 19:00:00.000,100.77,101.04,100.47,100.68,-0.089312295
21.10.2022 20:00:00.000,100.7,101.59,100.63,101.49,0.784508441
24.10.2022 14:00:00.000,101.38,102.3,101.01,101.6,0.217005326
24.10.2022 15:00:00.000,101.61,102.08,100.28,102.01,0.393662041
24.10.2022 16:00:00.000,102.01,102.11,101.48,102.05,0.039211842
24.10.2022 17:00:00.000,102.05,102.6,101.84,102.41,0.352768251
24.10.2022 18:00:00.000,102.41,102.49,101.74,101.94,-0.458939557
24.10.2022 19:00:00.000,101.94,102.57,101.91,102.53,0.578771827
24.10.2022 20:00:00.000,102.53,103.1,102.47,102.74,0.204818102
25.10.2022 14:00:00.000,103.87,104.01,103.02,103.87,0
25.10.2022 15:00:00.000,103.92,104.34,103.45,103.69,-0.221324095
25.10.2022 16:00:00.000,103.68,104.26,103.6,104.14,0.44367284
25.10.2022 17:00:00.000,104.13,104.24,103.4,103.44,-0.662633247
25.10.2022 18:00:00.000,103.46,103.67,103.04,103.62,0.15464914
25.10.2022 19:00:00.000,103.6,104.2,103.59,104.07,0.453667954
25.10.2022 20:00:00.000,104.06,105.09,104.05,104.72,0.634249471
26.10.2022 14:00:00.000,96.12,97.27,95.78,96.78,0.686641698
26.10.2022 15:00:00.000,96.8,98.09,96.52,97.38,0.599173554
26.10.2022 16:00:00.000,97.39,98.53,97.39,98.1,0.729027621
26.10.2022 17:00:00.000,98.11,98.19,97.01,97.11,-1.019264091
26.10.2022 18:00:00.000,97.11,97.36,96.4,96.42,-0.710534445
26.10.2022 19:00:00.000,96.41,96.67,95.51,95.62,-0.819417073
26.10.2022 20:00:00.000,95.61,95.65,94.86,95.44,-0.177805669
27.10.2022 14:00:00.000,94.22,94.29,91.94,92.04,-2.313733814
27.10.2022 15:00:00.000,92.04,93.97,91.89,93.6,1.694915254
27.10.2022 16:00:00.000,93.58,94.16,93.07,93.32,-0.277837145
27.10.2022 17:00:00.000,93.3,93.72,92.71,93.04,-0.278670954
27.10.2022 18:00:00.000,93.04,93.67,92.56,92.59,-0.483662941
27.10.2022 19:00:00.000,92.58,92.68,91.94,92.12,-0.496867574
27.10.2022 20:00:00.000,92.08,92.77,92.08,92.58,0.543006082
28.10.2022 14:00:00.000,92.75,93.42,92.55,92.58,-0.18328841
28.10.2022 15:00:00.000,92.68,94.5,92.31,94.4,1.855848079
28.10.2022 16:00:00.000,94.42,95.12,94.37,94.79,0.39186613
28.10.2022 17:00:00.000,94.78,95.17,94.38,95.12,0.35872547
28.10.2022 18:00:00.000,95.12,95.68,95.08,95.62,0.525651808
28.10.2022 19:00:00.000,95.62,96.67,95.49,96.63,1.05626438
28.10.2022 20:00:00.000,96.64,96.86,96.39,96.71,0.072433775
31.10.2022 14:00:00.000,95.61,95.69,94.53,94.97,-0.669386047
31.10.2022 15:00:00.000,94.98,95.21,94.38,94.75,-0.242156243
31.10.2022 16:00:00.000,94.75,95.42,94.65,95.02,0.284960422
31.10.2022 17:00:00.000,95.04,95.45,94.9,94.97,-0.073653199
31.10.2022 18:00:00.000,94.97,95.4,94.76,95.1,0.136885332
31.10.2022 19:00:00.000,95.1,95.14,94.75,94.82,-0.294426919
31.10.2022 20:00:00.000,94.85,95.06,94.39,94.57,-0.295202952
01.11.2022 14:00:00.000,95.16,95.34,94.23,94.49,-0.704077343
01.11.2022 15:00:00.000,94.48,94.56,92.42,92.52,-2.074513124
01.11.2022 16:00:00.000,92.51,92.69,92,92.27,-0.259431413
01.11.2022 17:00:00.000,92.27,92.71,91.7,91.97,-0.325132763
01.11.2022 18:00:00.000,91.97,92.23,91.81,91.95,-0.021746222
01.11.2022 19:00:00.000,91.95,92.01,91.01,91.36,-0.641653072
01.11.2022 20:00:00.000,91.35,91.39,90.5,90.53,-0.897646415
02.11.2022 14:00:00.000,90.47,90.97,90.12,90.12,-0.386868575
02.11.2022 15:00:00.000,90.13,90.38,89.75,89.76,-0.41051814
02.11.2022 16:00:00.000,89.76,89.79,89.1,89.33,-0.479055258
02.11.2022 17:00:00.000,89.3,89.61,89.12,89.5,0.223964166
02.11.2022 18:00:00.000,89.5,90,89.21,89.81,0.346368715
02.11.2022 19:00:00.000,89.81,91.3,88.69,89.15,-0.734884757
02.11.2022 20:00:00.000,89.1,89.73,87.06,87.17,-2.166105499
03.11.2022 14:00:00.000,86.29,86.48,85.49,85.54,-0.869162128
03.11.2022 15:00:00.000,85.58,86.01,85.07,85.85,0.315494274
03.11.2022 16:00:00.000,85.86,86.01,84.75,84.81,-1.222921034
03.11.2022 17:00:00.000,84.81,85.47,84.69,85.44,0.74283693
03.11.2022 18:00:00.000,85.44,85.48,84.39,84.52,-1.076779026
03.11.2022 19:00:00.000,84.52,84.63,84.02,84.26,-0.307619498
03.11.2022 20:00:00.000,84.25,84.31,83.48,83.54,-0.84272997
04.11.2022 14:00:00.000,85.21,85.33,83.88,84.85,-0.422485624
04.11.2022 15:00:00.000,84.86,86.2,84.56,85.54,0.801319821
04.11.2022 16:00:00.000,85.54,85.74,84.28,84.45,-1.274257657
04.11.2022 17:00:00.000,84.47,85.55,84.21,85.13,0.781342488
04.11.2022 18:00:00.000,85.12,85.5,84.7,85.44,0.37593985
04.11.2022 19:00:00.000,85.44,86.3,85,86.29,0.994850187
04.11.2022 20:00:00.000,86.3,86.67,86.07,86.47,0.196987254
07.11.2022 14:00:00.000,87.38,87.57,86.95,87.35,-0.034332799
07.11.2022 15:00:00.000,87.36,88.16,87.34,88.14,0.892857143
07.11.2022 16:00:00.000,88.14,88.17,87.37,87.41,-0.828227819
07.11.2022 17:00:00.000,87.4,87.58,87.09,87.58,0.205949657
07.11.2022 18:00:00.000,87.58,88.06,87.56,88.02,0.502397808
07.11.2022 19:00:00.000,88.02,88.93,88.02,88.7,0.772551693
07.11.2022 20:00:00.000,88.69,88.94,88.54,88.57,-0.13530274
08.11.2022 14:00:00.000,88.99,89.36,88.63,89.12,0.14608383
08.11.2022 15:00:00.000,89.1,89.99,88.94,89.77,0.751964085
08.11.2022 16:00:00.000,89.78,90.4,89.56,89.61,-0.189351749
08.11.2022 17:00:00.000,89.61,89.77,89.39,89.57,-0.044637875
08.11.2022 18:00:00.000,89.56,89.65,88.17,88.26,-1.451540866
08.11.2022 19:00:00.000,88.23,88.51,87.64,88.35,0.13600816
08.11.2022 20:00:00.000,88.35,89.58,88.3,89.1,0.848896435
09.11.2022 14:00:00.000,88.39,89.32,88.36,88.48,0.101821473
09.11.2022 15:00:00.000,88.48,89.47,88.3,88.47,-0.011301989
09.11.2022 16:00:00.000,88.47,89.14,88.45,88.7,0.259975133
09.11.2022 17:00:00.000,88.69,88.94,88.6,88.88,0.214229338
09.11.2022 18:00:00.000,88.88,88.99,87.66,87.88,-1.125112511
09.11.2022 19:00:00.000,87.88,88.24,87.52,87.6,-0.318616295
09.11.2022 20:00:00.000,87.6,87.89,87.37,87.45,-0.171232877
10.11.2022 14:00:00.000,92.55,93.88,91.66,93.87,1.426256078
10.11.2022 15:00:00.000,93.88,94.15,92.64,93.49,-0.415423945
10.11.2022 16:00:00.000,93.47,93.89,92.93,93.76,0.310259976
10.11.2022 17:00:00.000,93.75,93.85,93.17,93.21,-0.576
10.11.2022 18:00:00.000,93.21,93.73,93.12,93.64,0.461323892
10.11.2022 19:00:00.000,93.63,93.99,93.52,93.94,0.331090462
10.11.2022 20:00:00.000,93.94,94.55,93.81,94.15,0.223546945
11.11.2022 14:00:00.000,94.99,95.78,94.15,95.48,0.515843773
11.11.2022 15:00:00.000,95.49,96.54,94.96,96.46,1.015813174
11.11.2022 16:00:00.000,96.46,96.82,95.64,96.1,-0.373211694
11.11.2022 17:00:00.000,96.1,96.5,95.76,96.31,0.218522373
11.11.2022 18:00:00.000,96.31,97.07,96.29,97.05,0.768352196
11.11.2022 19:00:00.000,97.05,97.36,96.77,97.33,0.288511077
11.11.2022 20:00:00.000,97.35,97.35,96.66,96.85,-0.513610683
14.11.2022 14:00:00.000,95.5,96.06,95.11,95.84,0.356020942
14.11.2022 15:00:00.000,95.83,96.23,95.62,95.93,0.104351456
14.11.2022 16:00:00.000,95.92,96.04,95.3,95.84,-0.083402836
14.11.2022 17:00:00.000,95.84,96.34,95.6,96.16,0.333889816
14.11.2022 18:00:00.000,96.16,96.9,96.05,96.88,0.74875208
14.11.2022 19:00:00.000,96.88,97.08,96.61,96.82,-0.061932287
14.11.2022 20:00:00.000,96.83,97.18,96.16,96.22,-0.629970051
15.11.2022 14:00:00.000,98.53,98.67,97.85,98.41,-0.121790318
15.11.2022 15:00:00.000,98.4,98.96,98.28,98.36,-0.040650407
15.11.2022 16:00:00.000,98.36,100.41,97.88,99.97,1.636844246
15.11.2022 17:00:00.000,99.95,100.04,99.12,99.36,-0.590295148
15.11.2022 18:00:00.000,99.37,99.52,97.01,97.87,-1.509509912
15.11.2022 19:00:00.000,97.88,98.63,97.29,98.54,0.674295055
15.11.2022 20:00:00.000,98.53,98.93,98.3,98.56,0.030447579
16.11.2022 14:00:00.000,98.49,98.95,97.9,98.75,0.263986191
16.11.2022 15:00:00.000,98.76,99.15,98.16,98.56,-0.202511138
16.11.2022 16:00:00.000,98.56,99.47,98.54,99.34,0.791396104
16.11.2022 17:00:00.000,99.33,99.84,99.09,99.6,0.271821202
16.11.2022 18:00:00.000,99.59,99.83,99.02,99.06,-0.532181946
16.11.2022 19:00:00.000,99.05,99.61,99.01,99.47,0.424028269
16.11.2022 20:00:00.000,99.48,99.53,98.88,99.25,-0.231202252
17.11.2022 14:00:00.000,97.98,98.07,97.15,97.33,-0.663400694
17.11.2022 15:00:00.000,97.3,98.22,97.09,97.63,0.339157246
17.11.2022 16:00:00.000,97.63,98.9,97.63,98.89,1.29058691
17.11.2022 17:00:00.000,98.9,99.17,98.62,99.07,0.171890799
17.11.2022 18:00:00.000,99.06,99.48,98.95,99.05,-0.010094892
17.11.2022 19:00:00.000,99.06,99.13,98.16,98.22,-0.847970927
17.11.2022 20:00:00.000,98.23,98.56,97.7,98.19,-0.040720757
18.11.2022 14:00:00.000,97.62,98.98,97.54,98.72,1.126818275
18.11.2022 15:00:00.000,98.72,98.76,97.87,98.04,-0.688816856
18.11.2022 16:00:00.000,98.03,98.21,97.54,97.84,-0.193818219
18.11.2022 17:00:00.000,97.85,97.95,96.74,96.95,-0.919775166
18.11.2022 18:00:00.000,96.96,97.3,96.89,97.01,0.051567657
18.11.2022 19:00:00.000,97.01,97.48,96.91,97.44,0.443253273
18.11.2022 20:00:00.000,97.44,98.01,97.3,97.53,0.092364532
21.11.2022 14:00:00.000,98.06,98.71,98.04,98.17,0.112176219
21.11.2022 15:00:00.000,98.18,98.3,97.09,97.23,-0.967610511
21.11.2022 16:00:00.000,97.23,97.33,96.67,96.77,-0.473105009
21.11.2022 17:00:00.000,96.78,96.94,96.18,96.24,-0.557966522
21.11.2022 18:00:00.000,96.22,96.73,96.17,96.35,0.135107046
21.11.2022 19:00:00.000,96.35,96.47,95.87,95.94,-0.425531915
21.11.2022 20:00:00.000,95.94,96.16,95.67,95.94,0
22.11.2022 14:00:00.000,95.99,96.09,94.45,94.48,-1.573080529
22.11.2022 15:00:00.000,94.48,96.11,94.41,96.02,1.629974598
22.11.2022 16:00:00.000,96.02,96.06,95.43,95.7,-0.333263903
22.11.2022 17:00:00.000,95.71,96.49,95.71,96.45,0.773168948
22.11.2022 18:00:00.000,96.46,97.39,96.45,97.36,0.933029235
22.11.2022 19:00:00.000,97.36,97.46,97.01,97.26,-0.102711586
22.11.2022 20:00:00.000,97.26,97.54,97.15,97.23,-0.030845157
23.11.2022 14:00:00.000,97.68,98.33,97.68,97.91,0.235462735
23.11.2022 15:00:00.000,97.87,98.55,97.59,98.49,0.63349341
23.11.2022 16:00:00.000,98.49,98.73,97.63,97.87,-0.629505534
23.11.2022 17:00:00.000,97.87,98.29,97.5,97.61,-0.265658527
23.11.2022 18:00:00.000,97.61,98.2,97.49,98.04,0.440528634
23.11.2022 19:00:00.000,98.04,98.91,97.78,98.85,0.82619339
23.11.2022 20:00:00.000,98.84,99.06,98.62,98.75,-0.091056253
25.11.2022 14:00:00.000,98.55,98.92,98.06,98.16,-0.395738204
25.11.2022 15:00:00.000,98.16,98.31,97.95,98.22,0.061124694
25.11.2022 16:00:00.000,98.21,98.26,97.62,97.77,-0.44801955
25.11.2022 17:00:00.000,97.78,97.83,97.54,97.59,-0.194313766
28.11.2022 14:00:00.000,97.05,97.81,96.92,97.05,0
28.11.2022 15:00:00.000,97.07,97.31,96.2,96.21,-0.885958587
28.11.2022 16:00:00.000,96.22,96.84,96.13,96.69,0.488463937
28.11.2022 17:00:00.000,96.7,96.89,96.29,96.42,-0.289555326
28.11.2022 18:00:00.000,96.41,96.58,96.17,96.22,-0.197074992
28.11.2022 19:00:00.000,96.22,96.37,95.88,96.32,0.103928497
28.11.2022 20:00:00.000,96.32,96.4,95.89,96.39,0.072674419
29.11.2022 14:00:00.000,96,96.39,95.49,95.56,-0.458333333
29.11.2022 15:00:00.000,95.58,96.04,95.26,95.58,0
29.11.2022 16:00:00.000,95.58,95.6,94.39,95.29,-0.303410755
29.11.2022 17:00:00.000,95.29,95.9,95.26,95.7,0.430265505
29.11.2022 18:00:00.000,95.7,95.71,95,95.2,-0.52246604
29.11.2022 19:00:00.000,95.19,95.52,94.99,95.31,0.126063662
29.11.2022 20:00:00.000,95.31,95.71,95.26,95.32,0.010492078
30.11.2022 14:00:00.000,95.53,96.19,95.17,96.11,0.607139119
30.11.2022 15:00:00.000,96.05,96.28,95.51,95.68,-0.385216033
30.11.2022 16:00:00.000,95.68,96.3,95.52,96.25,0.595735786
30.11.2022 17:00:00.000,96.25,96.6,96.04,96.5,0.25974026
30.11.2022 18:00:00.000,96.5,98.64,96.49,98.53,2.103626943
30.11.2022 19:00:00.000,98.53,100.18,98.53,99.51,0.994620928
30.11.2022 20:00:00.000,99.51,101.07,99.37,100.99,1.48728771
01.12.2022 14:00:00.000,101.52,102.58,101.45,102.23,0.699369582
01.12.2022 15:00:00.000,102.26,102.48,100.67,101.93,-0.322706826
01.12.2022 16:00:00.000,101.93,101.96,101.13,101.49,-0.431668792
01.12.2022 17:00:00.000,101.5,101.78,101.01,101.71,0.206896552
01.12.2022 18:00:00.000,101.71,101.87,101.14,101.46,-0.245796873
01.12.2022 19:00:00.000,101.47,101.72,101.3,101.65,0.177392333
01.12.2022 20:00:00.000,101.65,101.84,101.34,101.46,-0.186915888
02.12.2022 14:00:00.000,100.19,100.23,99.57,99.85,-0.339355225
02.12.2022 15:00:00.000,99.82,100.53,99.48,99.86,0.04007213
02.12.2022 16:00:00.000,99.84,100.49,99.57,100.23,0.390625
02.12.2022 17:00:00.000,100.24,100.61,100.09,100.4,0.159616919
02.12.2022 18:00:00.000,100.4,100.47,100.07,100.19,-0.209163347
02.12.2022 19:00:00.000,100.19,100.72,100.05,100.69,0.499051802
02.12.2022 20:00:00.000,100.7,101.15,100.49,100.72,0.019860973
05.12.2022 14:00:00.000,100.8,101.74,100.7,101.22,0.416666667
05.12.2022 15:00:00.000,101.11,101.51,100.23,101.39,0.27692612
05.12.2022 16:00:00.000,101.4,101.71,100.4,100.65,-0.73964497
05.12.2022 17:00:00.000,100.65,100.77,100.21,100.4,-0.248385494
05.12.2022 18:00:00.000,100.38,100.69,99.78,99.8,-0.577804343
05.12.2022 19:00:00.000,99.78,100.08,99.63,99.86,0.080176388
05.12.2022 20:00:00.000,99.86,99.96,99.34,99.67,-0.190266373
06.12.2022 14:00:00.000,99.79,99.98,98.65,98.65,-1.142399038
06.12.2022 15:00:00.000,98.68,98.79,97.69,97.71,-0.982975274
06.12.2022 16:00:00.000,97.71,97.86,97.32,97.47,-0.245624808
06.12.2022 17:00:00.000,97.46,98.22,97.39,97.92,0.471988508
06.12.2022 18:00:00.000,97.93,98.1,97.36,97.49,-0.449300521
06.12.2022 19:00:00.000,97.5,97.5,96.99,97.2,-0.307692308
06.12.2022 20:00:00.000,97.21,97.47,96.75,97.31,0.102870075
07.12.2022 14:00:00.000,96.45,97.3,96.16,96.3,-0.155520995
07.12.2022 15:00:00.000,96.29,96.74,95.33,96.17,-0.124623533
07.12.2022 16:00:00.000,96.18,96.51,95.49,95.75,-0.447078395
07.12.2022 17:00:00.000,95.73,95.93,95.17,95.86,0.1357986
07.12.2022 18:00:00.000,95.87,96.29,95.66,95.69,-0.187754251
07.12.2022 19:00:00.000,95.68,95.72,95.14,95.24,-0.459866221
07.12.2022 20:00:00.000,95.24,95.51,95.01,95.22,-0.02099958
08.12.2022 14:00:00.000,94.72,94.98,94.08,94.94,0.232263514
08.12.2022 15:00:00.000,94.91,95.32,94.13,94.31,-0.632177853
08.12.2022 16:00:00.000,94.32,94.66,93.81,94.44,0.127226463
08.12.2022 17:00:00.000,94.43,94.99,94.16,94.97,0.571852166
08.12.2022 18:00:00.000,94.97,95.16,94.55,94.68,-0.305359587
08.12.2022 19:00:00.000,94.67,94.67,94.12,94.36,-0.327453259
08.12.2022 20:00:00.000,94.35,94.65,93.79,93.88,-0.498145204
09.12.2022 14:00:00.000,93.8,94.48,93.64,94.18,0.405117271
09.12.2022 15:00:00.000,94.19,94.42,93.64,94.39,0.212336766
09.12.2022 16:00:00.000,94.4,94.4,93.88,94.26,-0.148305085
09.12.2022 17:00:00.000,94.26,94.39,93.88,94.2,-0.063653724
09.12.2022 18:00:00.000,94.2,94.2,93.58,93.9,-0.318471338
09.12.2022 19:00:00.000,93.9,93.91,93.5,93.7,-0.212992545
09.12.2022 20:00:00.000,93.69,93.98,93.14,93.23,-0.490980894
12.12.2022 14:00:00.000,93.37,93.88,92.98,93.48,0.11781086
12.12.2022 15:00:00.000,93.48,93.49,91.89,92.21,-1.358579375
12.12.2022 16:00:00.000,92.22,92.68,91.91,92.44,0.238559965
12.12.2022 17:00:00.000,92.44,92.5,92.25,92.46,0.021635656
12.12.2022 18:00:00.000,92.46,92.67,92.23,92.58,0.129785853
12.12.2022 19:00:00.000,92.58,92.98,92.46,92.9,0.345647008
12.12.2022 20:00:00.000,92.9,93.58,92.89,93.42,0.559741658
13.12.2022 14:00:00.000,97.76,99.79,97.42,99.48,1.759410802
13.12.2022 15:00:00.000,99.5,99.53,97.51,97.73,-1.778894472
13.12.2022 16:00:00.000,97.76,98.55,96.72,97.07,-0.705810147
13.12.2022 17:00:00.000,97.09,97.48,95.4,96.01,-1.112369966
13.12.2022 18:00:00.000,96.02,96.21,95.59,96,-0.020828994
13.12.2022 19:00:00.000,95.99,96.67,95.86,96.24,0.260443796
13.12.2022 20:00:00.000,96.23,96.36,95.61,96.1,-0.135093006
14.12.2022 14:00:00.000,96.46,96.82,95.88,96.19,-0.27990877
14.12.2022 15:00:00.000,96.2,96.9,96.02,96.78,0.602910603
14.12.2022 16:00:00.000,96.78,97.22,96.62,96.67,-0.113659847
14.12.2022 17:00:00.000,96.67,96.78,96.02,96.17,-0.517223544
14.12.2022 18:00:00.000,96.17,96.69,96.06,96.44,0.280752834
14.12.2022 19:00:00.000,96.45,96.45,94.18,95.05,-1.45152929
14.12.2022 20:00:00.000,95.03,96.62,94.84,95.53,0.526149637
15.12.2022 14:00:00.000,93.36,93.42,92.12,92.26,-1.17823479
15.12.2022 15:00:00.000,92.26,92.44,91.71,91.79,-0.509429872
15.12.2022 16:00:00.000,91.78,91.9,91.07,91.15,-0.686424058
15.12.2022 17:00:00.000,91.15,91.5,90.95,91.07,-0.087767416
15.12.2022 18:00:00.000,91.07,91.19,90.43,90.8,-0.296475239
15.12.2022 19:00:00.000,90.81,91.2,90.59,91.18,0.407444114
15.12.2022 20:00:00.000,91.17,91.59,91.09,91.18,0.01096852
16.12.2022 14:00:00.000,91.36,91.73,90.98,91.23,-0.142294221
16.12.2022 15:00:00.000,91.22,91.22,90.35,90.74,-0.526200395
16.12.2022 16:00:00.000,90.74,90.81,90.19,90.28,-0.506942914
16.12.2022 17:00:00.000,90.27,90.78,90.09,90.21,-0.066467265
16.12.2022 18:00:00.000,90.21,90.67,90.07,90.42,0.232790156
16.12.2022 19:00:00.000,90.43,90.72,90.01,90.42,-0.011058277
16.12.2022 20:00:00.000,90.41,91.45,90.24,91.24,0.91804004
19.12.2022 14:00:00.000,90.44,90.88,90.06,90.23,-0.232198142
19.12.2022 15:00:00.000,90.21,91.05,89.88,90.39,0.19953442
19.12.2022 16:00:00.000,90.39,90.5,89.63,89.86,-0.586348047
19.12.2022 17:00:00.000,89.86,89.98,89.55,89.66,-0.22256844
19.12.2022 18:00:00.000,89.66,89.97,89.53,89.54,-0.133838947
19.12.2022 19:00:00.000,89.54,89.56,89.16,89.36,-0.201027474
19.12.2022 20:00:00.000,89.36,89.38,88.92,89.12,-0.268576544
20.12.2022 14:00:00.000,88.78,89.07,88.04,88.99,0.236539761
20.12.2022 15:00:00.000,88.99,89.54,88.63,89.19,0.224744353
20.12.2022 16:00:00.000,89.19,89.44,88.43,89.01,-0.201816347
20.12.2022 17:00:00.000,89.01,89.37,88.84,89.36,0.393214246
20.12.2022 18:00:00.000,89.36,89.64,89.06,89.37,0.011190689
20.12.2022 19:00:00.000,89.38,89.78,89.26,89.38,0
20.12.2022 20:00:00.000,89.39,89.7,89.13,89.63,0.268486408
21.12.2022 14:00:00.000,89.01,89.91,88.91,89.07,0.067408156
21.12.2022 15:00:00.000,89.11,90.34,88.98,90.24,1.268095612
21.12.2022 16:00:00.000,90.25,90.67,90.02,90.31,0.066481994
21.12.2022 17:00:00.000,90.3,90.61,90.04,90.59,0.321151717
21.12.2022 18:00:00.000,90.58,90.75,90.28,90.53,-0.055199823
21.12.2022 19:00:00.000,90.54,90.91,90.5,90.62,0.088358736
21.12.2022 20:00:00.000,90.61,90.75,90.03,90.21,-0.441452378
22.12.2022 14:00:00.000,88.33,88.84,88.17,88.83,0.566059097
22.12.2022 15:00:00.000,88.83,88.83,87.71,87.82,-1.137003265
22.12.2022 16:00:00.000,87.82,88.24,87.7,87.95,0.148030061
22.12.2022 17:00:00.000,87.95,88,87.31,87.37,-0.659465605
22.12.2022 18:00:00.000,87.37,87.38,86.94,87.08,-0.331921712
22.12.2022 19:00:00.000,87.08,87.84,87.05,87.78,0.803858521
22.12.2022 20:00:00.000,87.77,88.23,87.63,88.22,0.512703657
23.12.2022 14:00:00.000,88.41,88.97,88.01,88.2,-0.237529691
23.12.2022 15:00:00.000,88.3,90.02,87.98,89.28,1.109852775
23.12.2022 16:00:00.000,89.29,89.71,88.7,89.65,0.403180647
23.12.2022 17:00:00.000,89.65,89.99,89.5,89.67,0.022308979
23.12.2022 18:00:00.000,89.68,90.1,89.58,89.72,0.044603033
23.12.2022 19:00:00.000,89.72,89.99,89.51,89.97,0.278644672
23.12.2022 20:00:00.000,89.97,90.06,89.54,89.77,-0.222296321
27.12.2022 14:00:00.000,89.17,89.19,88.01,88.09,-1.211169676
27.12.2022 15:00:00.000,88.09,88.99,87.78,88.66,0.647065501
27.12.2022 16:00:00.000,88.65,88.75,88.15,88.26,-0.439932318
27.12.2022 17:00:00.000,88.27,88.51,87.9,88.11,-0.181262037
27.12.2022 18:00:00.000,88.1,88.22,87.67,87.71,-0.442678774
27.12.2022 19:00:00.000,87.72,87.91,87.53,87.79,0.079799362
27.12.2022 20:00:00.000,87.8,88.17,87.69,87.89,0.102505695
28.12.2022 14:00:00.000,88.34,88.51,87.55,87.72,-0.701833824
28.12.2022 15:00:00.000,87.71,88.12,86.8,86.82,-1.014707559
28.12.2022 16:00:00.000,86.81,86.96,86.64,86.67,-0.161271743
28.12.2022 17:00:00.000,86.67,87.31,86.61,87.25,0.669205031
28.12.2022 18:00:00.000,87.25,87.57,86.9,86.92,-0.378223496
28.12.2022 19:00:00.000,86.92,87.04,86.55,86.59,-0.379659457
28.12.2022 20:00:00.000,86.58,86.71,86.37,86.45,-0.15015015
29.12.2022 14:00:00.000,87.41,88.06,87.34,87.96,0.629218625
29.12.2022 15:00:00.000,87.98,88.74,87.77,88.68,0.795635372
29.12.2022 16:00:00.000,88.69,89.11,88.39,89.01,0.360807306
29.12.2022 17:00:00.000,89,89.21,88.72,88.81,-0.213483146
29.12.2022 18:00:00.000,88.8,89.08,88.68,89.03,0.259009009
29.12.2022 19:00:00.000,89.04,89.28,89,89.07,0.033692722
29.12.2022 20:00:00.000,89.07,89.35,88.99,89.08,0.011227125
30.12.2022 14:00:00.000,87.41,87.66,87.02,87.42,0.011440339
30.12.2022 15:00:00.000,87.44,87.96,87.2,87.71,0.308783166
30.12.2022 16:00:00.000,87.7,88.04,87.63,87.83,0.148232611
30.12.2022 17:00:00.000,87.84,87.99,87.62,87.94,0.113843352
30.12.2022 18:00:00.000,87.96,87.96,87.2,87.64,-0.363801728
30.12.2022 19:00:00.000,87.64,87.82,87.43,87.69,0.057051575
30.12.2022 20:00:00.000,87.68,88.57,87.67,88.57,1.015054745
