Gmt time,Open,High,Low,Close,% change
03.01.2023 14:00:00.000,90.69,91.54,89.99,90.03,-0.727753887
03.01.2023 15:00:00.000,90.02,90.21,89.11,89.95,-0.077760498
03.01.2023 16:00:00.000,89.96,90.03,89.15,89.23,-0.811471765
03.01.2023 17:00:00.000,89.24,89.47,89.01,89.25,0.011205737
03.01.2023 18:00:00.000,89.25,89.61,89.1,89.55,0.336134454
03.01.2023 19:00:00.000,89.55,90.11,89.36,89.94,0.435510888
03.01.2023 20:00:00.000,89.94,90.23,89.61,89.64,-0.333555704
04.01.2023 14:00:00.000,89.57,90.19,88.97,89.04,-0.591715976
04.01.2023 15:00:00.000,89,89.59,87.8,88.56,-0.494382022
04.01.2023 16:00:00.000,88.57,89.45,88.1,89.24,0.756463814
04.01.2023 17:00:00.000,89.24,89.53,88.89,88.89,-0.392200807
04.01.2023 18:00:00.000,88.89,89.13,88.54,88.79,-0.112498594
04.01.2023 19:00:00.000,88.78,89.24,87.97,88.63,-0.168956972
04.01.2023 20:00:00.000,88.64,88.85,87.88,88.31,-0.372292419
05.01.2023 14:00:00.000,87.82,88.08,87.18,87.66,-0.182190845
05.01.2023 15:00:00.000,87.67,87.99,86.97,87.08,-0.672978214
05.01.2023 16:00:00.000,87.09,87.5,86.79,87.11,0.022964749
05.01.2023 17:00:00.000,87.11,87.58,86.96,87.01,-0.114797383
05.01.2023 18:00:00.000,87.01,87.64,86.73,87.2,0.218365705
05.01.2023 19:00:00.000,87.21,87.7,87.12,87.42,0.240798074
05.01.2023 20:00:00.000,87.42,87.42,86.57,86.57,-0.972317547
06.01.2023 14:00:00.000,86.94,87.16,85.56,85.9,-1.196227283
06.01.2023 15:00:00.000,85.9,86.93,85.84,86.83,1.082654249
06.01.2023 16:00:00.000,86.86,87.55,86.72,87.01,0.172691688
06.01.2023 17:00:00.000,87.01,87.22,86.37,86.52,-0.56315366
06.01.2023 18:00:00.000,86.52,87.3,86.48,87.2,0.785945446
06.01.2023 19:00:00.000,87.19,87.93,87.16,87.9,0.814313568
06.01.2023 20:00:00.000,87.9,88.47,87.88,88.09,0.216154721
09.01.2023 14:00:00.000,89.44,90.06,88.99,89.91,0.52549195
09.01.2023 15:00:00.000,89.92,90.66,89.83,90.18,0.289145907
09.01.2023 16:00:00.000,90.19,90.67,90.13,90.55,0.399157335
09.01.2023 17:00:00.000,90.55,90.67,90.34,90.58,0.033130867
09.01.2023 18:00:00.000,90.57,90.83,89.82,89.99,-0.64038865
09.01.2023 19:00:00.000,89.95,90.15,89.18,89.24,-0.789327404
09.01.2023 20:00:00.000,89.23,89.37,88.62,88.75,-0.537935672
10.01.2023 14:00:00.000,87.72,88.68,87.21,88.39,0.76379389
10.01.2023 15:00:00.000,88.42,89.47,87.79,88.9,0.542863606
10.01.2023 16:00:00.000,88.89,89.25,88.49,88.75,-0.157498031
10.01.2023 17:00:00.000,88.75,89.29,88.42,89.11,0.405633803
10.01.2023 18:00:00.000,89.11,89.33,88.83,89.06,-0.056110425
10.01.2023 19:00:00.000,89.07,89.17,88.76,88.82,-0.280678118
10.01.2023 20:00:00.000,88.82,89.07,88.64,89.05,0.258950687
11.01.2023 14:00:00.000,90.26,91.04,90.15,90.56,0.332373144
11.01.2023 15:00:00.000,90.57,91.24,90.31,90.45,-0.132494203
11.01.2023 16:00:00.000,90.45,91.33,90.42,91.11,0.729684909
11.01.2023 17:00:00.000,91.11,91.55,91.11,91.44,0.362199539
11.01.2023 18:00:00.000,91.45,91.8,91.29,91.51,0.065609623
11.01.2023 19:00:00.000,91.51,91.76,91.32,91.65,0.152988744
11.01.2023 20:00:00.000,91.65,92.24,91.61,92.16,0.556464812
12.01.2023 14:00:00.000,91.86,92.11,90.56,91.09,-0.838232092
12.01.2023 15:00:00.000,91.07,92.62,91.04,91.65,0.636872735
12.01.2023 16:00:00.000,91.68,91.94,91.23,91.9,0.239965096
12.01.2023 17:00:00.000,91.89,92.29,91.79,92.11,0.239416694
12.01.2023 18:00:00.000,92.1,92.41,91.35,92.28,0.195439739
12.01.2023 19:00:00.000,92.29,92.39,91.94,92.1,-0.205872792
12.01.2023 20:00:00.000,92.11,92.14,91.5,91.76,-0.379980458
13.01.2023 14:00:00.000,91.59,91.8,91.03,91.38,-0.229282673
13.01.2023 15:00:00.000,91.37,91.89,91.28,91.55,0.197001204
13.01.2023 16:00:00.000,91.54,91.58,90.93,91.5,-0.043696745
13.01.2023 17:00:00.000,91.5,92.1,91.45,91.98,0.524590164
13.01.2023 18:00:00.000,91.99,92.41,91.69,92.33,0.369605392
13.01.2023 19:00:00.000,92.33,92.45,92.07,92.37,0.043322864
13.01.2023 20:00:00.000,92.38,92.98,92.36,92.7,0.346395324
17.01.2023 14:00:00.000,91.91,92.01,90.83,91.83,-0.087041671
17.01.2023 15:00:00.000,91.86,92.49,91.35,92.09,0.250381015
17.01.2023 16:00:00.000,92.08,92.24,91.31,91.81,-0.293223284
17.01.2023 17:00:00.000,91.8,92.02,91.56,91.94,0.152505447
17.01.2023 18:00:00.000,91.94,92.27,91.75,92.06,0.130519904
17.01.2023 19:00:00.000,92.06,92.26,91.85,92.09,0.032587443
17.01.2023 20:00:00.000,92.08,92.4,91.98,92.11,0.032580365
18.01.2023 14:00:00.000,92.97,93.07,92.39,93.02,0.05378079
18.01.2023 15:00:00.000,93,93.58,91.92,92.25,-0.806451613
18.01.2023 16:00:00.000,92.25,92.33,91.51,91.95,-0.325203252
18.01.2023 17:00:00.000,91.95,92.15,91.74,91.79,-0.174007613
18.01.2023 18:00:00.000,91.8,92.01,91.39,91.91,0.119825708
18.01.2023 19:00:00.000,91.93,92.36,91.75,92.15,0.23931252
18.01.2023 20:00:00.000,92.15,92.41,91.85,91.86,-0.314704286
19.01.2023 14:00:00.000,92.78,92.8,91.57,91.89,-0.959258461
19.01.2023 15:00:00.000,91.9,93.42,91.75,93.06,1.262241567
19.01.2023 16:00:00.000,93.06,93.69,92.89,93.14,0.085966043
19.01.2023 17:00:00.000,93.14,93.95,93.14,93.65,0.547562809
19.01.2023 18:00:00.000,93.65,94.09,93.56,93.59,-0.06406834
19.01.2023 19:00:00.000,93.56,94.27,93.43,94.15,0.630611372
19.01.2023 20:00:00.000,94.15,94.39,93.67,93.83,-0.339883165
20.01.2023 14:00:00.000,96.38,98.56,96.23,97.99,1.670471052
20.01.2023 15:00:00.000,97.99,99.14,97.52,97.61,-0.387794673
20.01.2023 16:00:00.000,97.62,98.43,97.33,97.84,0.225363655
20.01.2023 17:00:00.000,97.83,98.13,97.79,97.85,0.020443627
20.01.2023 18:00:00.000,97.85,98.57,97.53,98.47,0.633622892
20.01.2023 19:00:00.000,98.49,98.74,98.19,98.73,0.243679561
20.01.2023 20:00:00.000,98.73,99.33,98.73,99.1,0.374759445
23.01.2023 14:00:00.000,99.15,100.2,98.98,99.64,0.494200706
23.01.2023 15:00:00.000,99.65,100.61,99.58,100.47,0.82288008
23.01.2023 16:00:00.000,100.47,101.12,100.47,101.08,0.607146412
23.01.2023 17:00:00.000,101.09,101.27,100.89,101.13,0.039568701
23.01.2023 18:00:00.000,101.12,101.38,100.89,100.9,-0.217563291
23.01.2023 19:00:00.000,100.9,100.93,99.92,100.4,-0.495540139
23.01.2023 20:00:00.000,100.4,101.36,100.26,101.27,0.866533865
24.01.2023 14:00:00.000,99.99,101.08,99.75,100.24,0.250025003
24.01.2023 15:00:00.000,100.23,100.72,99.69,100.4,0.169609897
24.01.2023 16:00:00.000,100.41,100.75,100.08,100.41,0
24.01.2023 17:00:00.000,100.4,100.43,99.29,99.67,-0.727091633
24.01.2023 18:00:00.000,99.68,100.08,99.41,99.86,0.180577849
24.01.2023 19:00:00.000,99.86,99.86,98.85,99.35,-0.510715001
24.01.2023 20:00:00.000,99.34,99.48,98.7,99.19,-0.150996577
25.01.2023 14:00:00.000,97.16,97.7,96.01,96.02,-1.173322355
25.01.2023 15:00:00.000,96.03,96.29,95.26,95.62,-0.426949911
25.01.2023 16:00:00.000,95.62,96.31,95.29,96.17,0.575193474
25.01.2023 17:00:00.000,96.17,96.31,95.61,95.97,-0.207965062
25.01.2023 18:00:00.000,95.97,96.41,95.95,96.25,0.291757841
25.01.2023 19:00:00.000,96.25,96.68,96.02,96.42,0.176623377
25.01.2023 20:00:00.000,96.42,96.84,96.22,96.52,0.103712923
26.01.2023 14:00:00.000,98.45,98.77,97.58,97.65,-0.812595226
26.01.2023 15:00:00.000,97.7,98.45,96.8,96.91,-0.808597748
26.01.2023 16:00:00.000,96.91,97.8,96.81,97.79,0.908059024
26.01.2023 17:00:00.000,97.78,98.39,97.72,98.13,0.35794641
26.01.2023 18:00:00.000,98.13,98.65,98.02,98.54,0.417813105
26.01.2023 19:00:00.000,98.54,98.78,98.39,98.56,0.020296326
26.01.2023 20:00:00.000,98.57,99.17,98.53,98.92,0.35507761
27.01.2023 14:00:00.000,100.03,100.49,99.97,100.44,0.409877037
27.01.2023 15:00:00.000,100.44,100.82,99.69,99.7,-0.736758264
27.01.2023 16:00:00.000,99.71,100.84,99.63,100.79,1.083141109
27.01.2023 17:00:00.000,100.81,101.11,100.58,100.74,-0.069437556
27.01.2023 18:00:00.000,100.73,101.14,100.32,101.12,0.387173632
27.01.2023 19:00:00.000,101.12,101.58,100.91,101.23,0.108781646
27.01.2023 20:00:00.000,101.23,101.45,100.57,100.82,-0.405018275
30.01.2023 14:00:00.000,98.32,99.37,98.31,99.32,1.017087063
30.01.2023 15:00:00.000,99.29,99.4,97.52,98.17,-1.128008863
30.01.2023 16:00:00.000,98.14,98.78,98.08,98.77,0.641940086
30.01.2023 17:00:00.000,98.78,98.79,98.1,98.4,-0.384693258
30.01.2023 18:00:00.000,98.37,98.78,98.24,98.53,0.162651215
30.01.2023 19:00:00.000,98.53,98.69,98.12,98.26,-0.274028215
30.01.2023 20:00:00.000,98.25,98.43,97.91,98.01,-0.244274809
31.01.2023 14:00:00.000,98.3,98.74,98.04,98.29,-0.01017294
31.01.2023 15:00:00.000,98.29,99,98.26,98.78,0.498524774
31.01.2023 16:00:00.000,98.8,98.95,98.66,98.72,-0.08097166
31.01.2023 17:00:00.000,98.73,99.09,98.59,99.03,0.303859009
31.01.2023 18:00:00.000,99.02,99.24,98.6,99.21,0.191880428
31.01.2023 19:00:00.000,99.2,99.68,99.14,99.62,0.423387097
31.01.2023 20:00:00.000,99.61,99.84,99.3,99.76,0.15058729
01.02.2023 14:00:00.000,99.94,99.99,99.21,99.26,-0.680408245
01.02.2023 15:00:00.000,99.31,99.8,98.92,98.99,-0.322223341
01.02.2023 16:00:00.000,98.96,99.28,98.81,99.17,0.212206952
01.02.2023 17:00:00.000,99.18,99.25,98.87,99.13,-0.05041339
01.02.2023 18:00:00.000,99.13,99.32,98.85,99.18,0.050438818
01.02.2023 19:00:00.000,99.2,101.07,98.43,100.78,1.592741935
01.02.2023 20:00:00.000,100.83,102.16,100.74,101.36,0.525637211
02.02.2023 14:00:00.000,107.25,107.96,106.61,107.18,-0.065268065
02.02.2023 15:00:00.000,107.19,108.47,106.94,107.99,0.746338278
02.02.2023 16:00:00.000,107.99,108.28,107.58,107.63,-0.3333642
02.02.2023 17:00:00.000,107.63,107.89,106.91,107.27,-0.334479234
02.02.2023 18:00:00.000,107.3,108.58,107.09,108.58,1.192917055
02.02.2023 19:00:00.000,108.57,108.66,106.87,107.02,-1.427650364
02.02.2023 20:00:00.000,107.02,108.59,106.8,108.27,1.16800598
03.02.2023 14:00:00.000,103.86,106.7,103.33,106.09,2.147121125
03.02.2023 15:00:00.000,106.08,107.87,104.97,106.82,0.697586727
03.02.2023 16:00:00.000,106.81,108,106.8,106.91,0.093624192
03.02.2023 17:00:00.000,106.91,107.3,105.81,105.89,-0.95407352
03.02.2023 18:00:00.000,105.91,106.15,104.94,105.63,-0.264375413
03.02.2023 19:00:00.000,105.63,105.78,104.49,104.6,-0.97510177
03.02.2023 20:00:00.000,104.59,105.44,104.43,105.39,0.764891481
06.02.2023 14:00:00.000,104.04,104.68,103.56,103.84,-0.192233756
06.02.2023 15:00:00.000,103.83,104.26,102.2,103.17,-0.635654435
06.02.2023 16:00:00.000,103.18,103.82,102.62,103.32,0.13568521
06.02.2023 17:00:00.000,103.32,103.75,102.98,103.45,0.125822687
06.02.2023 18:00:00.000,103.45,103.52,102.8,103.02,-0.415659739
06.02.2023 19:00:00.000,103.03,104.26,103.02,103.43,0.388236436
06.02.2023 20:00:00.000,103.43,103.88,103.1,103.64,0.20303587
07.02.2023 14:00:00.000,103.95,104.36,103.56,103.66,-0.278980279
07.02.2023 15:00:00.000,103.62,105.18,103.57,104.88,1.215981471
07.02.2023 16:00:00.000,104.89,106.04,104.8,105.64,0.715034798
07.02.2023 17:00:00.000,105.63,107.21,105.09,106.89,1.192842942
07.02.2023 18:00:00.000,106.88,107.12,104.21,105.05,-1.712200599
07.02.2023 19:00:00.000,105.06,107.4,104.99,107.22,2.055968018
07.02.2023 20:00:00.000,107.24,108.66,106.75,108.66,1.324132786
08.02.2023 14:00:00.000,101.64,102.14,100.87,101.8,0.157418339
08.02.2023 15:00:00.000,101.78,102.01,99.64,99.64,-2.10257418
08.02.2023 16:00:00.000,99.63,99.85,98.45,99.57,-0.060222824
08.02.2023 17:00:00.000,99.59,100.35,99.04,99.87,0.281152726
08.02.2023 18:00:00.000,99.88,100.19,99.08,99.59,-0.290348418
08.02.2023 19:00:00.000,99.6,100.22,99.37,100.09,0.491967871
08.02.2023 20:00:00.000,100.08,100.1,99.31,99.96,-0.119904077
09.02.2023 14:00:00.000,98.58,98.91,96.6,97.01,-1.592615135
09.02.2023 15:00:00.000,97.03,97.07,95.67,95.88,-1.185200453
09.02.2023 16:00:00.000,95.88,95.88,94.25,94.59,-1.34543179
09.02.2023 17:00:00.000,94.58,94.8,93.87,94.3,-0.296045676
09.02.2023 18:00:00.000,94.29,95.24,94.14,95.14,0.901474175
09.02.2023 19:00:00.000,95.13,95.32,94.19,94.52,-0.641227794
09.02.2023 20:00:00.000,94.51,95.53,94.15,95.43,0.973441964
10.02.2023 14:00:00.000,96.56,97.02,95.31,95.56,-1.035625518
10.02.2023 15:00:00.000,95.64,96.22,95.08,95.68,0.041823505
10.02.2023 16:00:00.000,95.68,95.79,94.9,94.94,-0.773411371
10.02.2023 17:00:00.000,94.9,95.32,94.53,95.04,0.147523709
10.02.2023 18:00:00.000,95.04,95.61,95.03,95.22,0.189393939
10.02.2023 19:00:00.000,95.23,95.26,94.65,94.88,-0.36753124
10.02.2023 20:00:00.000,94.91,95.03,94.58,94.89,-0.021072595
13.02.2023 14:00:00.000,94.78,95.27,94.6,95.15,0.390377717
13.02.2023 15:00:00.000,95.15,95.33,94.05,94.38,-0.809248555
13.02.2023 16:00:00.000,94.38,95.05,94.28,94.48,0.105954651
13.02.2023 17:00:00.000,94.5,95.03,94.43,94.8,0.317460317
13.02.2023 18:00:00.000,94.8,95.17,94.49,95.06,0.274261603
13.02.2023 19:00:00.000,95.06,95.08,94.4,94.52,-0.568062276
13.02.2023 20:00:00.000,94.52,94.96,94.36,94.69,0.179856115
14.02.2023 14:00:00.000,94.31,94.47,93.76,94.15,-0.169653271
14.02.2023 15:00:00.000,94.18,94.67,92.93,93.34,-0.89190911
14.02.2023 16:00:00.000,93.35,93.83,92.64,93.03,-0.342795929
14.02.2023 17:00:00.000,93.03,93.82,92.91,93.53,0.537461034
14.02.2023 18:00:00.000,93.53,94.34,93.51,94,0.502512563
14.02.2023 19:00:00.000,94,94.48,93.56,94.42,0.446808511
14.02.2023 20:00:00.000,94.43,95.15,94.09,95.04,0.64598115
15.02.2023 14:00:00.000,95.28,95.3,94.36,94.59,-0.72418136
15.02.2023 15:00:00.000,94.59,95.41,94.46,95.31,0.761179829
15.02.2023 16:00:00.000,95.29,97.01,95.28,96.37,1.133382307
15.02.2023 17:00:00.000,96.38,96.7,96.09,96.34,-0.041502386
15.02.2023 18:00:00.000,96.35,96.9,96.23,96.86,0.529320187
15.02.2023 19:00:00.000,96.87,97.33,96.8,96.88,0.010323113
15.02.2023 20:00:00.000,96.89,97.04,96.58,96.66,-0.237382599
16.02.2023 14:00:00.000,95.37,96.79,95,96.38,1.059033239
16.02.2023 15:00:00.000,96.38,97.76,95.87,97.72,1.390329944
16.02.2023 16:00:00.000,97.73,97.87,96.76,97.2,-0.542310447
16.02.2023 17:00:00.000,97.19,97.3,96.54,96.86,-0.339541105
16.02.2023 18:00:00.000,96.86,97.2,96.63,97.11,0.258104481
16.02.2023 19:00:00.000,97.11,97.34,96.86,97.07,-0.041190403
16.02.2023 20:00:00.000,97.05,97.12,95.59,95.93,-1.154044307
17.02.2023 14:00:00.000,95.25,95.41,94.04,94.24,-1.060367454
17.02.2023 15:00:00.000,94.21,94.57,94.01,94.08,-0.137989598
17.02.2023 16:00:00.000,94.07,94.25,93.44,94.03,-0.042521527
17.02.2023 17:00:00.000,94.02,94.25,93.75,93.89,-0.138268454
17.02.2023 18:00:00.000,93.89,94.28,93.77,93.91,0.021301523
17.02.2023 19:00:00.000,93.94,94.58,93.83,94.49,0.585480094
17.02.2023 20:00:00.000,94.5,94.77,94.25,94.59,0.095238095
21.02.2023 14:00:00.000,92.98,93.41,92.72,92.99,0.010755001
21.02.2023 15:00:00.000,92.98,93.31,92.43,92.63,-0.376425038
21.02.2023 16:00:00.000,92.63,92.75,92.39,92.44,-0.205117133
21.02.2023 17:00:00.000,92.46,92.6,92.08,92.23,-0.248756219
21.02.2023 18:00:00.000,92.23,92.33,92,92.19,-0.043369836
21.02.2023 19:00:00.000,92.19,92.34,92,92.23,0.043388654
21.02.2023 20:00:00.000,92.23,92.51,92.09,92.1,-0.140951968
22.02.2023 14:00:00.000,92.11,92.24,91.67,91.73,-0.412550212
22.02.2023 15:00:00.000,91.74,92.23,90.86,92,0.283409636
22.02.2023 16:00:00.000,92.01,92.24,91.68,92.13,0.130420606
22.02.2023 17:00:00.000,92.13,92.29,91.95,92.23,0.108542277
22.02.2023 18:00:00.000,92.22,92.35,92.03,92.05,-0.184341791
22.02.2023 19:00:00.000,92.06,92.35,91.65,91.79,-0.293286987
22.02.2023 20:00:00.000,91.78,92.18,91.66,91.87,0.09806058
23.02.2023 14:00:00.000,91.29,91.9,91.06,91.63,0.372439479
23.02.2023 15:00:00.000,91.63,91.81,90.58,90.6,-1.124085998
23.02.2023 16:00:00.000,90.57,90.84,90.2,90.23,-0.375400243
23.02.2023 17:00:00.000,90.22,90.5,90.01,90.38,0.17734427
23.02.2023 18:00:00.000,90.38,90.7,90.13,90.63,0.276609869
23.02.2023 19:00:00.000,90.62,91.35,90.52,91,0.41933348
23.02.2023 20:00:00.000,91.01,91.34,91,91.08,0.076914625
24.02.2023 14:00:00.000,89.87,90.12,89.32,89.45,-0.467341716
24.02.2023 15:00:00.000,89.41,89.56,88.85,89.09,-0.357901801
24.02.2023 16:00:00.000,89.08,89.47,88.94,89.25,0.190839695
24.02.2023 17:00:00.000,89.25,89.42,88.96,89.16,-0.100840336
24.02.2023 18:00:00.000,89.16,89.31,89,89.16,0
24.02.2023 19:00:00.000,89.16,89.51,89.01,89.46,0.336473755
24.02.2023 20:00:00.000,89.47,89.6,89.03,89.34,-0.145300101
27.02.2023 14:00:00.000,90.01,90.17,89.62,90.08,0.077769137
27.02.2023 15:00:00.000,90.07,90.44,89.85,90.01,-0.066614855
27.02.2023 16:00:00.000,90,90.24,89.76,90.08,0.088888889
27.02.2023 17:00:00.000,90.09,90.17,89.91,90.09,0
27.02.2023 18:00:00.000,90.09,90.23,89.9,90.23,0.155400155
27.02.2023 19:00:00.000,90.23,90.37,89.89,90.06,-0.188407403
27.02.2023 20:00:00.000,90.06,90.11,89.8,90,-0.066622252
28.02.2023 14:00:00.000,89.84,90.4,89.71,90.24,0.445235975
28.02.2023 15:00:00.000,90.21,90.79,90.15,90.34,0.144108192
28.02.2023 16:00:00.000,90.34,90.84,90.23,90.43,0.099623644
28.02.2023 17:00:00.000,90.46,91.31,90.45,91.16,0.773822684
28.02.2023 18:00:00.000,91.16,91.45,91.12,91.18,0.021939447
28.02.2023 19:00:00.000,91.19,91.25,90.81,90.86,-0.361881785
28.02.2023 20:00:00.000,90.86,90.9,90.29,90.36,-0.55029716
01.03.2023 14:00:00.000,89.92,91.18,89.85,90.86,1.045373665
01.03.2023 15:00:00.000,90.89,91,89.97,90.57,-0.352073936
01.03.2023 16:00:00.000,90.57,90.88,89.93,90.77,0.220823672
01.03.2023 17:00:00.000,90.78,91.19,90.57,90.94,0.176250275
01.03.2023 18:00:00.000,90.94,90.94,90.42,90.59,-0.384869144
01.03.2023 19:00:00.000,90.58,90.67,90.28,90.46,-0.132479576
01.03.2023 20:00:00.000,90.46,90.55,90.16,90.49,0.033163829
02.03.2023 14:00:00.000,90.21,90.36,89.87,90.26,0.055426228
02.03.2023 15:00:00.000,90.25,90.52,89.99,90.37,0.132963989
02.03.2023 16:00:00.000,90.38,90.71,90.21,90.47,0.099579553
02.03.2023 17:00:00.000,90.49,90.83,90.39,90.81,0.353630235
02.03.2023 18:00:00.000,90.81,91.6,90.76,91.59,0.858936241
02.03.2023 19:00:00.000,91.58,92.32,91.58,92.2,0.677003713
02.03.2023 20:00:00.000,92.19,92.48,92.03,92.16,-0.03254149
03.03.2023 14:00:00.000,92.97,93.56,92.77,93.51,0.580832527
03.03.2023 15:00:00.000,93.51,93.9,93,93.81,0.320821303
03.03.2023 16:00:00.000,93.8,93.83,93.36,93.7,-0.106609808
03.03.2023 17:00:00.000,93.71,93.78,93.46,93.73,0.021342439
03.03.2023 18:00:00.000,93.75,93.83,93.52,93.69,-0.064
03.03.2023 19:00:00.000,93.69,93.95,93.57,93.87,0.192122959
03.03.2023 20:00:00.000,93.87,94,93.51,93.96,0.095877277
06.03.2023 14:00:00.000,94.82,95.2,94.46,95.19,0.390213035
06.03.2023 15:00:00.000,95.21,95.92,95.04,95.86,0.682701397
06.03.2023 16:00:00.000,95.86,96.3,95.81,95.98,0.125182558
06.03.2023 17:00:00.000,95.98,96.11,95.58,95.73,-0.260470931
06.03.2023 18:00:00.000,95.73,95.9,95.53,95.65,-0.083568369
06.03.2023 19:00:00.000,95.66,95.91,95.62,95.7,0.041814761
06.03.2023 20:00:00.000,95.7,95.92,95.51,95.58,-0.12539185
07.03.2023 14:00:00.000,96.06,96.06,95.63,95.67,-0.405996252
07.03.2023 15:00:00.000,95.7,95.7,94.42,94.82,-0.91954023
07.03.2023 16:00:00.000,94.82,95.28,94.76,94.9,0.084370386
07.03.2023 17:00:00.000,94.9,95.35,94.64,94.7,-0.210748156
07.03.2023 18:00:00.000,94.69,94.74,93.99,94.04,-0.686450523
07.03.2023 19:00:00.000,94.03,94.34,93.87,93.9,-0.138253749
07.03.2023 20:00:00.000,93.9,94.11,93.84,94.02,0.127795527
08.03.2023 14:00:00.000,94.95,95.18,94.6,95.13,0.18957346
08.03.2023 15:00:00.000,95.14,95.75,94.61,95.72,0.609627917
08.03.2023 16:00:00.000,95.73,96.23,95.53,95.98,0.261151154
08.03.2023 17:00:00.000,95.98,96.06,95.13,95.52,-0.479266514
08.03.2023 18:00:00.000,95.52,95.52,95.01,95.12,-0.418760469
08.03.2023 19:00:00.000,95.13,95.24,94.67,94.75,-0.39945338
08.03.2023 20:00:00.000,94.72,95.03,94.49,94.58,-0.147804054
09.03.2023 14:00:00.000,95.01,95.89,94.84,95.53,0.547310809
09.03.2023 15:00:00.000,95.53,95.83,95.08,95.26,-0.282633728
09.03.2023 16:00:00.000,95.26,95.42,95.01,95.05,-0.220449297
09.03.2023 17:00:00.000,95.06,95.3,94.44,94.57,-0.515463918
09.03.2023 18:00:00.000,94.55,94.75,93.55,93.79,-0.803807509
09.03.2023 19:00:00.000,93.79,93.99,93.47,93.54,-0.266552937
09.03.2023 20:00:00.000,93.56,93.61,92.35,92.9,-0.705429671
10.03.2023 14:00:00.000,92.63,92.76,92.01,92.19,-0.475008097
10.03.2023 15:00:00.000,92.21,92.9,91.8,92.79,0.628999024
10.03.2023 16:00:00.000,92.78,93.17,92.36,92.57,-0.226341884
10.03.2023 17:00:00.000,92.58,92.85,92.1,92.17,-0.442860229
10.03.2023 18:00:00.000,92.17,92.38,90.89,90.93,-1.345340132
10.03.2023 19:00:00.000,90.92,91.84,90.9,91.68,0.835899692
10.03.2023 20:00:00.000,91.69,91.76,90.8,90.94,-0.817973607
13.03.2023 14:00:00.000,90.61,92.29,89.93,91.89,1.412647611
13.03.2023 15:00:00.000,91.89,92.48,91.28,91.97,0.087060616
13.03.2023 16:00:00.000,92.03,92.86,91.86,92.59,0.608497229
13.03.2023 17:00:00.000,92.59,93.06,92.37,92.49,-0.108003024
13.03.2023 18:00:00.000,92.49,92.51,91.72,92.29,-0.216239593
13.03.2023 19:00:00.000,92.3,92.98,92.28,92.84,0.585048754
13.03.2023 20:00:00.000,92.84,92.98,91.76,91.82,-1.098664369
14.03.2023 14:00:00.000,93.42,94.53,93.34,94.48,1.134660672
14.03.2023 15:00:00.000,94.47,94.82,94.11,94.14,-0.349317244
14.03.2023 16:00:00.000,94.15,94.55,94.09,94.12,-0.031864047
14.03.2023 17:00:00.000,94.13,94.45,93.78,93.89,-0.254966536
14.03.2023 18:00:00.000,93.88,94.01,93.15,93.35,-0.56455049
14.03.2023 19:00:00.000,93.35,93.66,92.78,93.56,0.224959829
14.03.2023 20:00:00.000,93.59,94.05,92.9,93.87,0.299177263
15.03.2023 14:00:00.000,93.98,94.47,93.4,93.54,-0.46818472
15.03.2023 15:00:00.000,93.54,94.18,93.04,93.66,0.128287364
15.03.2023 16:00:00.000,93.67,95.25,93.46,94.86,1.270417423
15.03.2023 17:00:00.000,94.87,95.37,94.51,94.99,0.12648888
15.03.2023 18:00:00.000,94.98,96.4,94.89,96.29,1.379237734
15.03.2023 19:00:00.000,96.29,97,95.99,96.87,0.602347077
15.03.2023 20:00:00.000,96.87,97.24,96,96.01,-0.887787757
16.03.2023 14:00:00.000,96.4,97.97,96.4,97.94,1.597510373
16.03.2023 15:00:00.000,97.94,99.73,97.46,99.44,1.531549929
16.03.2023 16:00:00.000,99.41,100.53,99.35,100.16,0.754451262
16.03.2023 17:00:00.000,100.16,100.83,99.64,100.81,0.648961661
16.03.2023 18:00:00.000,100.8,101.15,100.54,100.8,0
16.03.2023 19:00:00.000,100.78,101.42,100.74,101.4,0.615201429
16.03.2023 20:00:00.000,101.4,101.93,100.76,100.89,-0.50295858
17.03.2023 14:00:00.000,101.69,103.08,101.23,102.93,1.219392271
17.03.2023 15:00:00.000,102.93,103.47,101.53,102.36,-0.55377441
17.03.2023 16:00:00.000,102.3,102.57,101.12,101.94,-0.351906158
17.03.2023 17:00:00.000,101.95,102.57,101.85,102.16,0.205983325
17.03.2023 18:00:00.000,102.16,102.68,102.07,102.44,0.274079875
17.03.2023 19:00:00.000,102.47,102.54,101.69,101.92,-0.536742461
17.03.2023 20:00:00.000,101.93,102.49,101.81,102.49,0.549396645
20.03.2023 14:00:00.000,101.44,101.81,100.79,101.1,-0.335173502
20.03.2023 15:00:00.000,101.09,102.13,101.09,102.1,0.999109704
20.03.2023 16:00:00.000,102.12,102.57,101.84,101.86,-0.254602429
20.03.2023 17:00:00.000,101.85,102.19,101.49,102.09,0.235640648
20.03.2023 18:00:00.000,102.09,102.32,101.67,102.05,-0.039181115
20.03.2023 19:00:00.000,102.05,102.35,101.8,102.13,0.078392945
20.03.2023 20:00:00.000,102.12,102.24,101.84,102,-0.117508813
21.03.2023 14:00:00.000,102.8,103.16,102.17,103.11,0.30155642
21.03.2023 15:00:00.000,103.1,103.84,102.88,103.07,-0.029097963
21.03.2023 16:00:00.000,103.05,104.18,103,103.96,0.883066473
21.03.2023 17:00:00.000,103.92,105.12,103.83,104.97,1.01039261
21.03.2023 18:00:00.000,104.97,105.74,104.92,105.22,0.238163285
21.03.2023 19:00:00.000,105.22,105.29,104.66,105.22,0
21.03.2023 20:00:00.000,105.19,105.95,105.16,105.86,0.636942675
22.03.2023 14:00:00.000,104.78,105.84,104.68,105.71,0.887573964
22.03.2023 15:00:00.000,105.7,106.06,105.2,105.8,0.094607379
22.03.2023 16:00:00.000,105.81,106.94,105.77,106.54,0.689915887
22.03.2023 17:00:00.000,106.53,106.59,105.82,106.28,-0.234675678
22.03.2023 18:00:00.000,106.27,106.28,105.87,105.98,-0.272889809
22.03.2023 19:00:00.000,106.07,107.49,105.37,106.23,0.150843782
22.03.2023 20:00:00.000,106.24,107.21,104.52,104.59,-1.553087349
23.03.2023 14:00:00.000,105.77,106.26,105.4,106.02,0.236361917
23.03.2023 15:00:00.000,106.04,107.1,106.03,106.76,0.678989061
23.03.2023 16:00:00.000,106.77,106.88,106.34,106.69,-0.074927414
23.03.2023 17:00:00.000,106.69,107.05,106.5,106.83,0.131221295
23.03.2023 18:00:00.000,106.83,106.85,106.15,106.41,-0.393147992
23.03.2023 19:00:00.000,106.4,106.55,105.49,106.19,-0.197368421
23.03.2023 20:00:00.000,106.19,106.9,105.63,106.36,0.160090404
24.03.2023 14:00:00.000,105.5,106.04,105.15,105.89,0.369668246
24.03.2023 15:00:00.000,105.89,106.02,105.31,105.8,-0.084993862
24.03.2023 16:00:00.000,105.8,106.14,104.73,105.94,0.132325142
24.03.2023 17:00:00.000,105.94,106.05,105.07,105.36,-0.547479705
24.03.2023 18:00:00.000,105.36,105.9,105.18,105.67,0.294229309
24.03.2023 19:00:00.000,105.67,105.99,105.46,105.78,0.104097663
24.03.2023 20:00:00.000,105.78,106.14,105.56,105.77,-0.009453583
27.03.2023 14:00:00.000,104.63,105.4,104.54,105.32,0.659466692
27.03.2023 15:00:00.000,105.34,105.37,103.69,103.94,-1.329029808
27.03.2023 16:00:00.000,103.93,104.23,102.98,103.02,-0.875589339
27.03.2023 17:00:00.000,103.03,103.59,102.79,103.17,0.135882753
27.03.2023 18:00:00.000,103.17,103.56,102.63,103.16,-0.00969274
27.03.2023 19:00:00.000,103.14,103.83,103,103.79,0.630211363
27.03.2023 20:00:00.000,103.78,103.9,103.13,103.27,-0.491424167
28.03.2023 14:00:00.000,101.16,101.28,100.36,100.86,-0.296559905
28.03.2023 15:00:00.000,100.85,101.63,100.27,100.3,-0.545364403
28.03.2023 16:00:00.000,100.29,101.32,100.27,101.28,0.987137302
28.03.2023 17:00:00.000,101.29,101.45,100.57,100.87,-0.414651002
28.03.2023 18:00:00.000,100.91,101.37,100.55,100.65,-0.257655336
28.03.2023 19:00:00.000,100.65,101.44,100.58,101.15,0.496770989
28.03.2023 20:00:00.000,101.17,101.53,101.13,101.35,0.177918355
29.03.2023 14:00:00.000,102.44,102.47,101.36,101.87,-0.556423272
29.03.2023 15:00:00.000,101.95,101.98,101.02,101.39,-0.549288867
29.03.2023 16:00:00.000,101.39,102.11,101.37,102.01,0.611500148
29.03.2023 17:00:00.000,102.02,102.09,101.79,101.86,-0.156831994
29.03.2023 18:00:00.000,101.86,102.02,101.64,101.83,-0.029452189
29.03.2023 19:00:00.000,101.83,101.95,101.65,101.83,0
29.03.2023 20:00:00.000,101.84,102.08,101.71,101.87,0.029457973
30.03.2023 14:00:00.000,100.82,100.9,100.5,100.89,0.069430669
30.03.2023 15:00:00.000,100.88,101.17,100.36,101.04,0.158604282
30.03.2023 16:00:00.000,101.03,101.37,100.76,101.06,0.02969415
30.03.2023 17:00:00.000,101.06,101.31,100.9,101.12,0.059370671
30.03.2023 18:00:00.000,101.12,101.27,100.96,101.11,-0.009889241
30.03.2023 19:00:00.000,101.11,101.22,101.01,101.16,0.049451093
30.03.2023 20:00:00.000,101.15,101.6,101.07,101.38,0.227385072
31.03.2023 14:00:00.000,102.09,102.4,101.8,102.27,0.176315016
31.03.2023 15:00:00.000,102.26,103.62,102.06,102.94,0.664971641
31.03.2023 16:00:00.000,102.94,103.21,102.72,102.89,-0.048571984
31.03.2023 17:00:00.000,102.89,102.96,102.63,102.77,-0.11662941
31.03.2023 18:00:00.000,102.77,103.15,102.6,103.12,0.340566313
31.03.2023 19:00:00.000,103.12,103.41,103.02,103.39,0.261830877
31.03.2023 20:00:00.000,103.4,104.01,103.38,104.01,0.589941973
03.04.2023 14:00:00.000,103.34,104.11,103.12,103.63,0.280627056
03.04.2023 15:00:00.000,103.66,104.07,103.03,103.22,-0.424464596
03.04.2023 16:00:00.000,103.23,103.43,102.88,103.38,0.145306597
03.04.2023 17:00:00.000,103.37,103.74,103.27,103.48,0.106413853
03.04.2023 18:00:00.000,103.47,103.47,103.2,103.41,-0.057987823
03.04.2023 19:00:00.000,103.4,104.01,103.22,103.95,0.531914894
03.04.2023 20:00:00.000,103.96,104.72,103.92,104.7,0.711812235
04.04.2023 14:00:00.000,105.11,105.85,104.75,105.66,0.523261345
04.04.2023 15:00:00.000,105.66,106.1,105.36,105.56,-0.094643195
04.04.2023 16:00:00.000,105.56,105.78,105.19,105.26,-0.28419856
04.04.2023 17:00:00.000,105.26,105.35,104.69,104.97,-0.275508265
04.04.2023 18:00:00.000,104.98,105.26,104.9,105.1,0.114307487
04.04.2023 19:00:00.000,105.1,105.27,104.77,104.9,-0.190294957
04.04.2023 20:00:00.000,104.89,105.21,104.66,104.85,-0.038135189
05.04.2023 14:00:00.000,105.72,105.79,104.61,105.38,-0.321604238
05.04.2023 15:00:00.000,105.38,105.65,104.21,104.46,-0.873030936
05.04.2023 16:00:00.000,104.46,104.75,104.46,104.62,0.153168677
05.04.2023 17:00:00.000,104.63,104.69,104.1,104.32,-0.296282137
05.04.2023 18:00:00.000,104.34,104.7,104.17,104.55,0.201265095
05.04.2023 19:00:00.000,104.55,104.99,104.31,104.83,0.267814443
05.04.2023 20:00:00.000,104.83,105.02,104.56,105,0.162167319
06.04.2023 14:00:00.000,105.09,105.62,104.81,105.36,0.256922638
06.04.2023 15:00:00.000,105.37,106.74,105.27,106.21,0.797190851
06.04.2023 16:00:00.000,106.22,107.52,106.17,107.33,1.045000941
06.04.2023 17:00:00.000,107.34,107.74,107.28,107.32,-0.018632383
06.04.2023 18:00:00.000,107.33,108.46,107.27,108.46,1.052827728
06.04.2023 19:00:00.000,108.47,109.62,108.46,108.9,0.396422974
06.04.2023 20:00:00.000,108.9,109.12,108.6,108.89,-0.009182736
10.04.2023 14:00:00.000,107.84,107.91,106.47,106.82,-0.945845697
10.04.2023 15:00:00.000,106.81,106.81,106.02,106.36,-0.421308866
10.04.2023 16:00:00.000,106.37,106.82,106.33,106.35,-0.018802294
10.04.2023 17:00:00.000,106.35,106.43,105.6,106.41,0.056417489
10.04.2023 18:00:00.000,106.42,106.91,106.38,106.75,0.310092088
10.04.2023 19:00:00.000,106.76,107.03,106.62,106.95,0.177969277
10.04.2023 20:00:00.000,106.95,107.04,106.69,106.83,-0.112201964
11.04.2023 14:00:00.000,106.97,107.22,106.01,106.09,-0.822660559
11.04.2023 15:00:00.000,106.09,106.22,105.27,105.67,-0.395890282
11.04.2023 16:00:00.000,105.67,106.13,105.59,106.08,0.388000379
11.04.2023 17:00:00.000,106.07,106.41,106.02,106.32,0.23569341
11.04.2023 18:00:00.000,106.31,106.72,106.23,106.63,0.30100649
11.04.2023 19:00:00.000,106.63,106.92,106.45,106.88,0.234455594
11.04.2023 20:00:00.000,106.88,106.94,105.98,106.11,-0.720434132
12.04.2023 14:00:00.000,107.24,107.52,106.23,106.4,-0.783289817
12.04.2023 15:00:00.000,106.32,106.83,105.53,105.64,-0.639578631
12.04.2023 16:00:00.000,105.6,106.28,105.27,106.11,0.482954545
12.04.2023 17:00:00.000,106.12,106.38,105.93,106.33,0.197889182
12.04.2023 18:00:00.000,106.33,106.42,105.7,105.76,-0.536066961
12.04.2023 19:00:00.000,105.75,105.98,104.96,105.38,-0.349881797
12.04.2023 20:00:00.000,105.38,105.56,105.03,105.31,-0.066426267
13.04.2023 14:00:00.000,107.46,107.71,106.8,107.5,0.037223153
13.04.2023 15:00:00.000,107.5,107.9,107.22,107.24,-0.241860465
13.04.2023 16:00:00.000,107.24,107.69,107.15,107.49,0.233121969
13.04.2023 17:00:00.000,107.49,107.66,107.35,107.56,0.065122337
13.04.2023 18:00:00.000,107.56,108,107.41,107.97,0.381182596
13.04.2023 19:00:00.000,107.98,108.22,107.84,107.97,-0.009260974
13.04.2023 20:00:00.000,107.98,108.27,107.82,108.12,0.12965364
14.04.2023 14:00:00.000,108.26,108.94,108.07,108.63,0.341769813
14.04.2023 15:00:00.000,108.64,108.95,107.89,108.54,-0.092047128
14.04.2023 16:00:00.000,108.5,108.88,108.31,108.71,0.193548387
14.04.2023 17:00:00.000,108.71,108.73,108.03,108.18,-0.487535645
14.04.2023 18:00:00.000,108.18,108.76,108.1,108.65,0.434461083
14.04.2023 19:00:00.000,108.67,109.57,108.62,109.53,0.791386767
14.04.2023 20:00:00.000,109.53,109.55,108.97,109.41,-0.109559025
17.04.2023 14:00:00.000,106.63,106.68,105.41,105.83,-0.750257901
17.04.2023 15:00:00.000,105.86,106.71,105.66,106.18,0.302286038
17.04.2023 16:00:00.000,106.2,106.22,105.41,105.74,-0.433145009
17.04.2023 17:00:00.000,105.74,105.97,105.58,105.91,0.160771704
17.04.2023 18:00:00.000,105.93,106.43,105.83,106.12,0.179363731
17.04.2023 19:00:00.000,106.12,106.5,105.98,106.44,0.30154542
17.04.2023 20:00:00.000,106.44,106.68,106.31,106.49,0.046974821
18.04.2023 14:00:00.000,106.32,107.03,106.24,106.36,0.037622272
18.04.2023 15:00:00.000,106.36,106.48,105.47,105.7,-0.620534035
18.04.2023 16:00:00.000,105.68,106.03,105.58,105.65,-0.028387585
18.04.2023 17:00:00.000,105.65,105.97,105.52,105.64,-0.009465215
18.04.2023 18:00:00.000,105.65,105.66,105.13,105.41,-0.227165168
18.04.2023 19:00:00.000,105.4,105.59,104.99,104.99,-0.388994307
18.04.2023 20:00:00.000,104.99,105.25,104.77,105.24,0.238117916
19.04.2023 14:00:00.000,104.56,104.83,103.79,103.86,-0.669472073
19.04.2023 15:00:00.000,103.86,104.8,103.85,104.6,0.712497593
19.04.2023 16:00:00.000,104.61,105.23,104.61,105.23,0.592677564
19.04.2023 17:00:00.000,105.23,105.46,105.11,105.38,0.142544902
19.04.2023 18:00:00.000,105.37,105.58,105.3,105.56,0.180316978
19.04.2023 19:00:00.000,105.56,105.71,105.12,105.33,-0.217885563
19.04.2023 20:00:00.000,105.33,105.41,104.83,104.86,-0.446216652
20.04.2023 14:00:00.000,105.44,105.82,105,105.64,0.189681335
20.04.2023 15:00:00.000,105.62,105.84,105.22,105.66,0.037871615
20.04.2023 16:00:00.000,105.68,106.14,105.29,106,0.302800908
20.04.2023 17:00:00.000,105.99,106.39,105.72,106.37,0.358524389
20.04.2023 18:00:00.000,106.38,106.89,106.32,106.54,0.150404211
20.04.2023 19:00:00.000,106.54,106.54,105.62,105.83,-0.666416369
20.04.2023 20:00:00.000,105.81,106.07,105.25,105.81,0
21.04.2023 14:00:00.000,106.47,106.58,105.65,105.76,-0.666854513
21.04.2023 15:00:00.000,105.77,106.36,105.51,106.34,0.538905172
21.04.2023 16:00:00.000,106.36,106.64,106.01,106.03,-0.310267018
21.04.2023 17:00:00.000,106.04,106.22,105.63,105.74,-0.282912109
21.04.2023 18:00:00.000,105.75,106.14,105.53,106,0.236406619
21.04.2023 19:00:00.000,106,106.19,105.65,105.7,-0.283018868
21.04.2023 20:00:00.000,105.7,105.74,105.48,105.69,-0.009460738
24.04.2023 14:00:00.000,106.39,107.08,106.36,106.76,0.347777047
24.04.2023 15:00:00.000,106.77,106.96,105.67,106.05,-0.674346727
24.04.2023 16:00:00.000,106.03,106.4,105.85,105.96,-0.066019051
24.04.2023 17:00:00.000,105.96,106.43,105.96,106.35,0.36806342
24.04.2023 18:00:00.000,106.35,106.98,106.22,106.96,0.573577809
24.04.2023 19:00:00.000,106.96,107.31,106.81,107.01,0.046746447
24.04.2023 20:00:00.000,107.01,107.06,106.64,106.68,-0.308382394
25.04.2023 14:00:00.000,106.79,107.43,106.1,106.13,-0.618035397
25.04.2023 15:00:00.000,106.1,106.53,105.88,106.17,0.065975495
25.04.2023 16:00:00.000,106.17,106.81,106.03,106.51,0.320241123
25.04.2023 17:00:00.000,106.51,106.69,105.93,106.23,-0.262886114
25.04.2023 18:00:00.000,106.23,106.38,105.4,105.5,-0.687188177
25.04.2023 19:00:00.000,105.5,105.68,105.27,105.37,-0.123222749
25.04.2023 20:00:00.000,105.37,105.43,104.78,104.81,-0.531460568
26.04.2023 14:00:00.000,103.52,106.46,103.44,106.38,2.762751159
26.04.2023 15:00:00.000,106.32,106.98,105.59,105.68,-0.601956358
26.04.2023 16:00:00.000,105.68,106.43,104.99,105.07,-0.577214232
26.04.2023 17:00:00.000,105.08,105.63,104.16,104.38,-0.666159117
26.04.2023 18:00:00.000,104.39,104.69,104.12,104.54,0.143691925
26.04.2023 19:00:00.000,104.54,104.72,104.02,104.17,-0.353931509
26.04.2023 20:00:00.000,104.17,104.52,104.06,104.46,0.278391091
27.04.2023 14:00:00.000,105.51,106.92,105.29,106.28,0.729788646
27.04.2023 15:00:00.000,106.27,107.96,106.22,107.39,1.053919262
27.04.2023 16:00:00.000,107.4,108.62,107.29,108.2,0.744878957
27.04.2023 17:00:00.000,108.2,108.78,108.15,108.71,0.471349353
27.04.2023 18:00:00.000,108.72,109.14,108.58,108.84,0.110375276
27.04.2023 19:00:00.000,108.84,109.11,108.84,108.96,0.110253583
27.04.2023 20:00:00.000,108.98,109.09,108.53,108.67,-0.284455863
28.04.2023 14:00:00.000,107.78,108.02,107,107.1,-0.630914826
28.04.2023 15:00:00.000,107.19,107.67,106.15,106.28,-0.848959791
28.04.2023 16:00:00.000,106.28,107.25,106.03,107.19,0.85622883
28.04.2023 17:00:00.000,107.19,107.78,107.06,107.75,0.522436794
28.04.2023 18:00:00.000,107.74,107.85,107.42,107.68,-0.055689623
28.04.2023 19:00:00.000,107.68,108,107.47,108,0.29717682
28.04.2023 20:00:00.000,108,108.14,107.79,108.04,0.037037037
01.05.2023 14:00:00.000,107.73,108.29,107.73,108,0.250626566
01.05.2023 15:00:00.000,107.99,108.41,107.57,108.36,0.342624317
01.05.2023 16:00:00.000,108.35,108.42,107.7,108.08,-0.249192432
01.05.2023 17:00:00.000,108.09,108.39,107.96,108.35,0.24054029
01.05.2023 18:00:00.000,108.34,108.67,108.19,108.44,0.092302012
01.05.2023 19:00:00.000,108.44,108.57,107.77,108.05,-0.359645887
01.05.2023 20:00:00.000,108.05,108.11,107.65,107.76,-0.268394262
02.05.2023 14:00:00.000,107.62,107.71,106.38,106.87,-0.696896488
02.05.2023 15:00:00.000,106.87,106.94,104.5,104.79,-1.946289885
02.05.2023 16:00:00.000,104.8,105.84,104.65,105.36,0.534351145
02.05.2023 17:00:00.000,105.34,106.09,105.26,106.06,0.683501044
02.05.2023 18:00:00.000,106.06,106.48,105.98,106.45,0.367716387
02.05.2023 19:00:00.000,106.46,106.46,105.93,106.24,-0.206650385
02.05.2023 20:00:00.000,106.25,106.34,105.91,106.09,-0.150588235
03.05.2023 14:00:00.000,106.55,106.83,106.16,106.69,0.131393712
03.05.2023 15:00:00.000,106.7,106.8,106.2,106.43,-0.253045923
03.05.2023 16:00:00.000,106.41,106.74,106.31,106.68,0.253735551
03.05.2023 17:00:00.000,106.68,106.69,106.31,106.64,-0.037495313
03.05.2023 18:00:00.000,106.65,106.71,106.29,106.58,-0.065635256
03.05.2023 19:00:00.000,106.58,108.11,106.31,107.45,0.816288234
03.05.2023 20:00:00.000,107.45,107.56,106.03,106.16,-1.200558399
04.05.2023 14:00:00.000,105.49,106.2,105.26,105.66,0.161152716
04.05.2023 15:00:00.000,105.63,106.03,104.7,104.99,-0.605888479
04.05.2023 16:00:00.000,104.99,105.73,104.96,105.31,0.304790932
04.05.2023 17:00:00.000,105.32,105.9,105.18,105.88,0.531712875
04.05.2023 18:00:00.000,105.89,106.2,105.54,105.81,-0.075550099
04.05.2023 19:00:00.000,105.82,105.93,105.38,105.49,-0.311850312
04.05.2023 20:00:00.000,105.49,105.68,105.21,105.23,-0.24646886
05.05.2023 14:00:00.000,105.47,105.54,104.73,104.92,-0.521475301
05.05.2023 15:00:00.000,104.93,105.76,104.85,105.7,0.733822548
05.05.2023 16:00:00.000,105.71,105.75,105.1,105.26,-0.425692933
05.05.2023 17:00:00.000,105.26,105.85,105.24,105.75,0.465513965
05.05.2023 18:00:00.000,105.74,105.9,105.55,105.72,-0.018914318
05.05.2023 19:00:00.000,105.72,106.44,105.67,106.33,0.576995838
05.05.2023 20:00:00.000,106.32,106.39,105.93,106.18,-0.131677953
08.05.2023 14:00:00.000,106.58,106.84,106.19,106.25,-0.309626572
08.05.2023 15:00:00.000,106.26,107.51,106.14,107.33,1.00696405
08.05.2023 16:00:00.000,107.33,107.39,106.95,107.38,0.046585298
08.05.2023 17:00:00.000,107.38,107.76,107.33,107.72,0.31663252
08.05.2023 18:00:00.000,107.72,108.35,107.56,108.26,0.501299666
08.05.2023 19:00:00.000,108.26,108.29,107.69,108.18,-0.073896176
08.05.2023 20:00:00.000,108.18,108.41,107.84,108.25,0.06470697
09.05.2023 14:00:00.000,109.54,110.48,109.06,110.26,0.657294139
09.05.2023 15:00:00.000,110.28,110.59,109.31,109.31,-0.879579253
09.05.2023 16:00:00.000,109.31,109.45,108.35,108.8,-0.466562986
09.05.2023 17:00:00.000,108.76,108.91,108.47,108.82,0.055167341
09.05.2023 18:00:00.000,108.82,108.96,108.03,108.04,-0.716780004
09.05.2023 19:00:00.000,108.05,108.38,107.72,108.31,0.240629338
09.05.2023 20:00:00.000,108.31,108.36,107.88,107.91,-0.369310313
10.05.2023 14:00:00.000,109.41,109.92,109.2,109.92,0.466136551
10.05.2023 15:00:00.000,109.96,110.34,108.48,108.73,-1.118588578
10.05.2023 16:00:00.000,108.74,109.35,108.59,109.22,0.441419901
10.05.2023 17:00:00.000,109.23,109.68,109.03,109.64,0.375354756
10.05.2023 18:00:00.000,109.64,110.86,109.06,110.35,0.647573878
10.05.2023 19:00:00.000,110.33,113.19,110.33,113.17,2.574095894
10.05.2023 20:00:00.000,113.17,113.5,112.16,112.27,-0.795263762
11.05.2023 14:00:00.000,115.56,117.97,115.56,117.69,1.843198339
11.05.2023 15:00:00.000,117.69,118.17,116.73,117.98,0.24641006
11.05.2023 16:00:00.000,117.99,118.43,117.54,117.97,-0.016950589
11.05.2023 17:00:00.000,117.96,118.13,117.66,117.89,-0.05934215
11.05.2023 18:00:00.000,117.89,117.98,116.94,117.06,-0.704046145
11.05.2023 19:00:00.000,117.06,117.6,116.99,117.54,0.41004613
11.05.2023 20:00:00.000,117.54,117.74,116.68,116.7,-0.714650332
12.05.2023 14:00:00.000,117.47,117.47,116.83,117.09,-0.323486848
12.05.2023 15:00:00.000,117.06,117.25,116.55,117.08,0.017085255
12.05.2023 16:00:00.000,117.08,117.75,117.04,117.73,0.555175948
12.05.2023 17:00:00.000,117.74,118.18,117.14,117.34,-0.339731612
12.05.2023 18:00:00.000,117.34,117.6,117.19,117.22,-0.102266917
12.05.2023 19:00:00.000,117.22,117.45,117.18,117.31,0.076778707
12.05.2023 20:00:00.000,117.31,118,117.23,117.83,0.443269968
15.05.2023 14:00:00.000,117.44,118.78,117.34,118.14,0.596049046
15.05.2023 15:00:00.000,118.17,118.2,117.05,117.19,-0.829313701
15.05.2023 16:00:00.000,117.18,118.02,117.14,117.9,0.614439324
15.05.2023 17:00:00.000,117.92,118.05,117.12,117.19,-0.619063772
15.05.2023 18:00:00.000,117.18,117.52,116.93,117.41,0.196279229
15.05.2023 19:00:00.000,117.41,117.52,116.94,117.08,-0.281066349
15.05.2023 20:00:00.000,117.07,117.36,116.83,116.83,-0.205005552
16.05.2023 14:00:00.000,117.34,118.62,117.26,118.48,0.971535708
16.05.2023 15:00:00.000,118.51,119.72,118.32,119.58,0.902877394
16.05.2023 16:00:00.000,119.59,120.27,119.4,120.26,0.560247512
16.05.2023 17:00:00.000,120.26,120.35,119.74,120.2,-0.049891901
16.05.2023 18:00:00.000,120.21,121.1,120.12,121.08,0.723733466
16.05.2023 19:00:00.000,121.09,121.19,120.2,120.52,-0.470724255
16.05.2023 20:00:00.000,120.52,120.77,120.1,120.31,-0.174244939
17.05.2023 14:00:00.000,119.94,120.48,119.54,119.65,-0.24178756
17.05.2023 15:00:00.000,119.68,120.18,119.46,119.95,0.225601604
17.05.2023 16:00:00.000,119.95,120.17,119.5,119.88,-0.058357649
17.05.2023 17:00:00.000,119.88,120.94,119.71,120.83,0.792459126
17.05.2023 18:00:00.000,120.83,122.11,120.82,122.11,1.059339568
17.05.2023 19:00:00.000,122.11,122.28,121.69,121.78,-0.270248137
17.05.2023 20:00:00.000,121.78,122.03,121.28,121.47,-0.254557399
18.05.2023 14:00:00.000,121.85,122,121.48,121.94,0.073861305
18.05.2023 15:00:00.000,121.94,122.85,121.57,122.82,0.721666393
18.05.2023 16:00:00.000,122.82,123.89,122.73,123.47,0.529229767
18.05.2023 17:00:00.000,123.48,123.51,122.64,123.03,-0.364431487
18.05.2023 18:00:00.000,123.04,123.82,123.03,123.16,0.097529259
18.05.2023 19:00:00.000,123.15,123.15,122.61,122.95,-0.162403573
18.05.2023 20:00:00.000,122.95,123.85,122.8,123.52,0.463603091
19.05.2023 14:00:00.000,124.96,126.47,123.94,124.26,-0.560179257
19.05.2023 15:00:00.000,124.26,124.89,123.64,124.5,0.193143409
19.05.2023 16:00:00.000,124.5,124.9,123.8,123.94,-0.449799197
19.05.2023 17:00:00.000,123.94,124.15,123.1,123.29,-0.524447313
19.05.2023 18:00:00.000,123.29,123.53,123,123.12,-0.137886284
19.05.2023 19:00:00.000,123.12,123.2,122.71,122.99,-0.105588044
19.05.2023 20:00:00.000,122.99,123.26,122.77,123.23,0.195137816
22.05.2023 14:00:00.000,125.42,126.96,125.36,126.82,1.116249402
22.05.2023 15:00:00.000,126.82,127.04,125.33,126.28,-0.425800347
22.05.2023 16:00:00.000,126.31,126.32,125.6,125.65,-0.522523949
22.05.2023 17:00:00.000,125.64,126.29,125.55,126.1,0.366125438
22.05.2023 18:00:00.000,126.11,126.42,125.79,126.19,0.063436682
22.05.2023 19:00:00.000,126.18,126.35,125.85,125.97,-0.166428911
22.05.2023 20:00:00.000,125.97,126.04,125.47,125.85,-0.095260776
23.05.2023 14:00:00.000,124.9,125.2,124.5,124.67,-0.184147318
23.05.2023 15:00:00.000,124.67,124.85,124.19,124.56,-0.088232935
23.05.2023 16:00:00.000,124.57,125.26,124.4,125.03,0.36927029
23.05.2023 17:00:00.000,125.04,125.38,124.2,124.39,-0.519833653
23.05.2023 18:00:00.000,124.37,124.42,123.25,123.6,-0.619120367
23.05.2023 19:00:00.000,123.61,123.74,123.04,123.51,-0.080899604
23.05.2023 20:00:00.000,123.51,123.7,123.14,123.45,-0.048579062
24.05.2023 14:00:00.000,122.19,122.72,121.67,122.05,-0.114575661
24.05.2023 15:00:00.000,122.04,122.27,120.75,120.95,-0.893149787
24.05.2023 16:00:00.000,120.94,121.99,120.84,121.63,0.570530842
24.05.2023 17:00:00.000,121.62,121.86,121.31,121.52,-0.082223319
24.05.2023 18:00:00.000,121.51,121.69,121.19,121.52,0.008229775
24.05.2023 19:00:00.000,121.52,121.63,121.09,121.41,-0.090520079
24.05.2023 20:00:00.000,121.43,122.09,121.21,121.71,0.230585523
25.05.2023 14:00:00.000,125.08,125.26,123.78,123.85,-0.983370643
25.05.2023 15:00:00.000,123.85,124.51,122.91,124.48,0.508679855
25.05.2023 16:00:00.000,124.48,125.26,124.4,124.76,0.224935733
25.05.2023 17:00:00.000,124.77,125.73,124.76,124.85,0.064117977
25.05.2023 18:00:00.000,124.86,124.96,124.11,124.19,-0.536600993
25.05.2023 19:00:00.000,124.19,124.46,123.61,123.68,-0.410661084
25.05.2023 20:00:00.000,123.68,124.66,123.62,124.37,0.557891332
26.05.2023 14:00:00.000,123.65,124.7,123.61,124.53,0.711686211
26.05.2023 15:00:00.000,124.52,125.7,124.47,125.38,0.690652104
26.05.2023 16:00:00.000,125.37,125.51,124.8,125.48,0.087740289
26.05.2023 17:00:00.000,125.49,125.99,125.48,125.84,0.278906686
26.05.2023 18:00:00.000,125.84,125.93,125.23,125.38,-0.365543547
26.05.2023 19:00:00.000,125.38,125.4,124.97,125.14,-0.191418089
26.05.2023 20:00:00.000,125.13,125.67,125.05,125.54,0.327659234
30.05.2023 14:00:00.000,124.72,125.31,122.9,123.46,-1.010262989
30.05.2023 15:00:00.000,123.42,125.16,123.14,125.03,1.304488738
30.05.2023 16:00:00.000,125.03,125.38,124.49,124.81,-0.17595777
30.05.2023 17:00:00.000,124.8,125.23,124.59,125.19,0.3125
30.05.2023 18:00:00.000,125.18,125.2,123.49,123.56,-1.294136444
30.05.2023 19:00:00.000,123.57,125.09,123.41,124.86,1.043942705
30.05.2023 20:00:00.000,124.85,124.91,124.37,124.46,-0.31237485
31.05.2023 14:00:00.000,123.88,124.49,123.62,123.95,0.056506296
31.05.2023 15:00:00.000,123.95,124.9,123.59,124.09,0.11294877
31.05.2023 16:00:00.000,124.1,124.26,123.6,124.03,-0.056406124
31.05.2023 17:00:00.000,124.03,124.25,123.59,123.81,-0.177376441
31.05.2023 18:00:00.000,123.82,124.48,123.74,124.12,0.242287191
31.05.2023 19:00:00.000,124.13,124.18,123.61,123.84,-0.233626037
31.05.2023 20:00:00.000,123.83,124.49,123.15,123.45,-0.306872325
01.06.2023 14:00:00.000,123.78,125.02,123.32,124.44,0.533204072
01.06.2023 15:00:00.000,124.43,124.63,123.37,123.73,-0.562565298
01.06.2023 16:00:00.000,123.76,123.99,123.44,123.84,0.064641241
01.06.2023 17:00:00.000,123.86,124.06,123.72,123.78,-0.064589052
01.06.2023 18:00:00.000,123.78,124.18,123.56,123.97,0.153498142
01.06.2023 19:00:00.000,123.96,124.27,123.87,124.03,0.056469829
01.06.2023 20:00:00.000,124.04,124.23,123.49,124.15,0.088681071
02.06.2023 14:00:00.000,126.23,126.74,124.49,124.53,-1.346748
02.06.2023 15:00:00.000,124.52,125.67,124.36,125.61,0.875361388
02.06.2023 16:00:00.000,125.63,125.87,125.15,125.58,-0.039799411
02.06.2023 17:00:00.000,125.58,125.82,125.12,125.77,0.151297977
02.06.2023 18:00:00.000,125.78,125.91,125.33,125.5,-0.222610908
02.06.2023 19:00:00.000,125.5,125.72,125.29,125.68,0.143426295
02.06.2023 20:00:00.000,125.68,125.8,125.22,125.33,-0.278485041
05.06.2023 14:00:00.000,125.17,126.66,124.98,126.39,0.974674443
05.06.2023 15:00:00.000,126.4,127.54,126.28,127.22,0.648734177
05.06.2023 16:00:00.000,127.24,127.98,127.01,127.47,0.180760767
05.06.2023 17:00:00.000,127.47,127.69,127.15,127.63,0.12551973
05.06.2023 18:00:00.000,127.64,127.78,126.89,127.14,-0.391726731
05.06.2023 19:00:00.000,127.14,127.19,126.17,126.63,-0.40113261
05.06.2023 20:00:00.000,126.63,126.89,126.09,126.63,0
06.06.2023 14:00:00.000,126.6,127.06,126.01,126.72,0.09478673
06.06.2023 15:00:00.000,126.72,128.44,126.52,127.84,0.883838384
06.06.2023 16:00:00.000,127.87,128.35,127.34,128.35,0.375381247
06.06.2023 17:00:00.000,128.35,128.54,127.99,128.07,-0.218153487
06.06.2023 18:00:00.000,128.09,128.87,128,128.12,0.023421032
06.06.2023 19:00:00.000,128.11,128.52,128,128.44,0.257591133
06.06.2023 20:00:00.000,128.46,128.65,127.71,128.04,-0.326950023
07.06.2023 14:00:00.000,129.35,129.54,127.88,128.2,-0.889060688
07.06.2023 15:00:00.000,128.2,128.39,124.68,124.84,-2.620904836
07.06.2023 16:00:00.000,124.83,125.28,123.64,123.69,-0.913242009
07.06.2023 17:00:00.000,123.7,124.41,123.12,123.26,-0.355699272
07.06.2023 18:00:00.000,123.28,123.46,122.64,123.24,-0.032446463
07.06.2023 19:00:00.000,123.25,123.6,122.8,123.14,-0.089249493
07.06.2023 20:00:00.000,123.14,123.36,122.64,122.93,-0.170537599
08.06.2023 14:00:00.000,122.55,123.11,122.01,122.4,-0.122399021
08.06.2023 15:00:00.000,122.4,123.09,122.05,122.9,0.408496732
08.06.2023 16:00:00.000,122.94,123.7,122.83,123.52,0.47177485
08.06.2023 17:00:00.000,123.52,123.73,122.94,123.05,-0.380505181
08.06.2023 18:00:00.000,123.06,123.23,122.36,122.61,-0.36567528
08.06.2023 19:00:00.000,122.64,122.83,122.47,122.56,-0.065231572
08.06.2023 20:00:00.000,122.56,122.81,122.46,122.71,0.122389034
09.06.2023 14:00:00.000,123.06,124.09,123.01,124.03,0.788233382
09.06.2023 15:00:00.000,124.04,124.28,123.15,123.46,-0.4675911
09.06.2023 16:00:00.000,123.47,124.05,122.88,122.92,-0.445452337
09.06.2023 17:00:00.000,122.93,123.08,122.49,123,0.056942976
09.06.2023 18:00:00.000,123.01,123.82,122.94,123.69,0.552800585
09.06.2023 19:00:00.000,123.69,123.7,123.29,123.5,-0.153609831
09.06.2023 20:00:00.000,123.5,123.52,122.83,122.84,-0.534412955
12.06.2023 14:00:00.000,122.87,123.38,122.65,122.85,-0.016277366
12.06.2023 15:00:00.000,122.88,123.1,122.35,122.84,-0.032552083
12.06.2023 16:00:00.000,122.84,123.18,122.68,123.08,0.195376099
12.06.2023 17:00:00.000,123.09,123.29,122.74,123.2,0.089365505
12.06.2023 18:00:00.000,123.18,123.79,123.05,123.79,0.495210261
12.06.2023 19:00:00.000,123.78,124.43,123.69,124.38,0.484730974
12.06.2023 20:00:00.000,124.38,124.74,124.05,124.26,-0.096478534
13.06.2023 14:00:00.000,125.36,125.76,124.73,125.05,-0.247287811
13.06.2023 15:00:00.000,125.05,125.29,124.3,124.66,-0.31187525
13.06.2023 16:00:00.000,124.66,125.16,124.33,124.7,0.032087277
13.06.2023 17:00:00.000,124.71,124.99,124.48,124.79,0.064148825
13.06.2023 18:00:00.000,124.79,124.91,124.39,124.48,-0.248417341
13.06.2023 19:00:00.000,124.49,124.6,123.84,124.12,-0.297212628
13.06.2023 20:00:00.000,124.13,124.43,124.06,124.42,0.233626037
14.06.2023 14:00:00.000,122.7,123.71,122.19,123.52,0.668296659
14.06.2023 15:00:00.000,123.52,124.78,123.51,124.24,0.582901554
14.06.2023 16:00:00.000,124.23,124.64,124.05,124.29,0.048297513
14.06.2023 17:00:00.000,124.3,124.57,123.97,124.21,-0.072405471
14.06.2023 18:00:00.000,124.21,124.22,123.29,123.74,-0.378391434
14.06.2023 19:00:00.000,123.61,124.11,122.44,123.83,0.177979128
14.06.2023 20:00:00.000,123.86,124.65,123.5,123.92,0.048441789
15.06.2023 14:00:00.000,123.46,124.35,123.12,124.31,0.688482099
15.06.2023 15:00:00.000,124.32,124.73,123.93,124.35,0.024131274
15.06.2023 16:00:00.000,124.35,125.2,124.27,124.77,0.337756333
15.06.2023 17:00:00.000,124.78,124.91,124.02,124.29,-0.392691136
15.06.2023 18:00:00.000,124.29,125.08,123.98,125.04,0.603427468
15.06.2023 19:00:00.000,125.06,126.02,124.82,125.89,0.663681433
15.06.2023 20:00:00.000,125.89,126.15,125.6,125.91,0.015886885
16.06.2023 14:00:00.000,125.29,125.45,124.57,124.97,-0.255407455
16.06.2023 15:00:00.000,124.97,125.33,124.57,125.01,0.032007682
16.06.2023 16:00:00.000,125,125.63,124.78,125.23,0.184
16.06.2023 17:00:00.000,125.24,125.76,125.01,125.52,0.223570744
16.06.2023 18:00:00.000,125.52,125.53,125,125.12,-0.318674315
16.06.2023 19:00:00.000,125.11,125.15,124.5,124.51,-0.479577971
16.06.2023 20:00:00.000,124.53,124.91,124.11,124.11,-0.337268128
20.06.2023 14:00:00.000,123.98,125.17,123.68,124.03,0.040329085
20.06.2023 15:00:00.000,124.01,124.31,122.82,123.14,-0.701556326
20.06.2023 16:00:00.000,123.14,123.64,123.1,123.14,0
20.06.2023 17:00:00.000,123.14,124.15,123.03,123.95,0.657787884
20.06.2023 18:00:00.000,123.95,124.44,123.75,123.82,-0.104881
20.06.2023 19:00:00.000,123.82,124.22,123.73,123.89,0.056533678
20.06.2023 20:00:00.000,123.89,124.24,123.75,124.03,0.113003471
21.06.2023 14:00:00.000,122.97,123.23,122,122.22,-0.609904855
21.06.2023 15:00:00.000,122.23,122.35,120.93,121.13,-0.899942731
21.06.2023 16:00:00.000,121.13,121.8,120.85,121.55,0.346734913
21.06.2023 17:00:00.000,121.55,121.99,121.44,121.7,0.123406006
21.06.2023 18:00:00.000,121.7,121.71,121.18,121.23,-0.386195563
21.06.2023 19:00:00.000,121.24,122.01,121.14,121.75,0.42065325
21.06.2023 20:00:00.000,121.73,121.75,121.13,121.33,-0.328596073
22.06.2023 14:00:00.000,120.45,121.71,120.45,121.49,0.863428809
22.06.2023 15:00:00.000,121.55,121.88,120.63,120.92,-0.518305224
22.06.2023 16:00:00.000,120.9,122.46,120.85,122.18,1.05872622
22.06.2023 17:00:00.000,122.17,122.34,121.83,122.18,0.008185316
22.06.2023 18:00:00.000,122.18,122.7,122,122.69,0.417416926
22.06.2023 19:00:00.000,122.68,123.34,122.61,123.28,0.489077274
22.06.2023 20:00:00.000,123.26,123.78,123.05,123.78,0.421872465
23.06.2023 14:00:00.000,122.91,123.17,121.85,122.3,-0.496298104
23.06.2023 15:00:00.000,122.28,122.7,122.04,122.29,0.008177952
23.06.2023 16:00:00.000,122.3,122.53,122,122.47,0.139002453
23.06.2023 17:00:00.000,122.47,123.32,122.32,123.19,0.587899077
23.06.2023 18:00:00.000,123.19,123.43,123.02,123.21,0.016235084
23.06.2023 19:00:00.000,123.2,123.39,122.7,122.89,-0.251623377
23.06.2023 20:00:00.000,122.89,123.31,122.7,123.01,0.097648303
26.06.2023 14:00:00.000,121.76,122.57,121.44,122.46,0.574901445
26.06.2023 15:00:00.000,122.47,122.72,121.24,121.75,-0.587899077
26.06.2023 16:00:00.000,121.75,121.8,120.67,121.13,-0.509240246
26.06.2023 17:00:00.000,121.14,121.15,119.02,119.54,-1.320785868
26.06.2023 18:00:00.000,119.55,119.69,119.18,119.28,-0.225846926
26.06.2023 19:00:00.000,119.29,119.75,119.13,119.63,0.2850197
26.06.2023 20:00:00.000,119.64,119.9,119.15,119.33,-0.259110665
27.06.2023 14:00:00.000,117.58,118.25,117.24,117.77,0.161592108
27.06.2023 15:00:00.000,117.73,118.49,117.11,118.38,0.552110762
27.06.2023 16:00:00.000,118.39,118.97,118.01,118.97,0.489906242
27.06.2023 17:00:00.000,118.96,119.23,118.7,118.94,-0.016812374
27.06.2023 18:00:00.000,118.93,119.5,118.76,119.48,0.462456907
27.06.2023 19:00:00.000,119.48,119.9,119.28,119.62,0.117174422
27.06.2023 20:00:00.000,119.61,119.85,118.75,118.95,-0.551793328
28.06.2023 14:00:00.000,118.8,119.19,118.4,118.89,0.075757576
28.06.2023 15:00:00.000,118.86,121.07,118.56,120.7,1.548039711
28.06.2023 16:00:00.000,120.7,120.97,119.94,120.86,0.132560066
28.06.2023 17:00:00.000,120.84,121.26,120.06,120.25,-0.488248924
28.06.2023 18:00:00.000,120.25,120.78,120.1,120.37,0.0997921
28.06.2023 19:00:00.000,120.37,120.88,120.3,120.74,0.307385561
28.06.2023 20:00:00.000,120.77,121.15,120.52,120.91,0.115922829
29.06.2023 14:00:00.000,120.74,120.79,119.98,120.09,-0.538346861
29.06.2023 15:00:00.000,120.1,120.3,119.21,119.4,-0.582847627
29.06.2023 16:00:00.000,119.39,120.52,119.37,120.45,0.887846553
29.06.2023 17:00:00.000,120.45,120.51,119.93,120,-0.373599004
29.06.2023 18:00:00.000,119.98,120.3,119.8,119.8,-0.150025004
29.06.2023 19:00:00.000,119.81,119.93,119.54,119.86,0.041732744
29.06.2023 20:00:00.000,119.86,120.06,119.56,119.83,-0.025029201
30.06.2023 14:00:00.000,121.39,121.93,121.15,121.33,-0.049427465
30.06.2023 15:00:00.000,121.33,122.02,121.3,121.48,0.12362977
30.06.2023 16:00:00.000,121.48,121.75,121.18,121.41,-0.057622654
30.06.2023 17:00:00.000,121.41,121.69,121.26,121.68,0.222386953
30.06.2023 18:00:00.000,121.68,121.69,121.28,121.38,-0.246548323
30.06.2023 19:00:00.000,121.38,121.51,121.13,121.34,-0.032954358
30.06.2023 20:00:00.000,121.37,121.42,121.01,121.22,-0.123589025
03.07.2023 14:00:00.000,120.04,120.91,119.86,120.83,0.658113962
03.07.2023 15:00:00.000,120.82,121.01,119.81,119.84,-0.811123986
03.07.2023 16:00:00.000,119.84,120.43,119.69,120.25,0.34212283
03.07.2023 17:00:00.000,120.24,120.64,120.04,120.58,0.282767798
03.07.2023 18:00:00.000,120.59,120.66,120.3,120.46,-0.1078033
05.07.2023 14:00:00.000,120.81,122.59,120.7,122.18,1.134012085
05.07.2023 15:00:00.000,122.19,123.37,122.08,122.79,0.491038547
05.07.2023 16:00:00.000,122.8,122.9,122.52,122.65,-0.122149837
05.07.2023 17:00:00.000,122.64,122.84,122.41,122.71,0.057077626
05.07.2023 18:00:00.000,122.72,123.04,122.67,122.95,0.187418514
05.07.2023 19:00:00.000,122.94,123.11,122.32,122.93,-0.008134049
05.07.2023 20:00:00.000,122.92,122.97,122.64,122.68,-0.195248942
06.07.2023 14:00:00.000,119.99,120.76,119.91,120.27,0.233352779
06.07.2023 15:00:00.000,120.27,120.33,119.24,119.26,-0.839777168
06.07.2023 16:00:00.000,119.29,120.07,119.26,119.93,0.53650767
06.07.2023 17:00:00.000,119.95,120.84,119.88,120.77,0.683618174
06.07.2023 18:00:00.000,120.78,120.93,120.44,120.92,0.115913231
06.07.2023 19:00:00.000,120.94,121.15,120.69,121.05,0.090954192
06.07.2023 20:00:00.000,121.05,121.08,120.63,120.76,-0.239570425
07.07.2023 14:00:00.000,121,121.45,120.73,121.36,0.297520661
07.07.2023 15:00:00.000,121.36,121.49,120.56,121.06,-0.247198418
07.07.2023 16:00:00.000,121.06,121.18,120.72,120.94,-0.099124401
07.07.2023 17:00:00.000,120.94,121.4,120.89,121.3,0.297668265
07.07.2023 18:00:00.000,121.29,121.75,121.2,121.31,0.016489406
07.07.2023 19:00:00.000,121.3,121.45,121.05,121.12,-0.148392415
07.07.2023 20:00:00.000,121.11,121.12,120.24,120.29,-0.677070432
10.07.2023 14:00:00.000,118.6,118.92,116.84,117.12,-1.247892074
10.07.2023 15:00:00.000,117.1,118.68,117.07,117.66,0.47822374
10.07.2023 16:00:00.000,117.65,117.85,117.19,117.2,-0.382490438
10.07.2023 17:00:00.000,117.2,117.35,116.78,117.18,-0.017064846
10.07.2023 18:00:00.000,117.18,117.32,116.9,117.03,-0.128008193
10.07.2023 19:00:00.000,117.03,117.43,116.91,117.22,0.162351534
10.07.2023 20:00:00.000,117.22,117.26,116.76,116.82,-0.341238696
11.07.2023 14:00:00.000,116.54,117.42,116.54,116.93,0.334649048
11.07.2023 15:00:00.000,116.94,117.48,116.71,117.31,0.316401573
11.07.2023 16:00:00.000,117.31,118.07,117.16,118.07,0.647856108
11.07.2023 17:00:00.000,118.07,118.22,117.64,117.83,-0.203269247
11.07.2023 18:00:00.000,117.83,117.97,117.49,117.73,-0.08486803
11.07.2023 19:00:00.000,117.73,117.76,117.13,117.55,-0.152892211
11.07.2023 20:00:00.000,117.54,117.95,117.29,117.67,0.110600647
12.07.2023 14:00:00.000,119.47,120.34,119.39,120.08,0.510588432
12.07.2023 15:00:00.000,120.1,120.95,119.96,120.05,-0.041631973
12.07.2023 16:00:00.000,120.05,120.49,119.06,119.3,-0.624739692
12.07.2023 17:00:00.000,119.3,119.93,119.16,119.63,0.276613579
12.07.2023 18:00:00.000,119.63,119.99,119.39,119.91,0.234055003
12.07.2023 19:00:00.000,119.91,120.15,119.49,119.6,-0.258527229
12.07.2023 20:00:00.000,119.6,119.81,119.43,119.67,0.058528428
13.07.2023 14:00:00.000,121.99,123.52,121.93,123.01,0.836134109
13.07.2023 15:00:00.000,123,124.64,122.71,124.57,1.276422764
13.07.2023 16:00:00.000,124.58,125.34,124.31,125.25,0.537807032
13.07.2023 17:00:00.000,125.27,125.33,124.65,124.73,-0.431068891
13.07.2023 18:00:00.000,124.71,124.89,124.5,124.62,-0.072167428
13.07.2023 19:00:00.000,124.63,124.95,124.53,124.73,0.080237503
13.07.2023 20:00:00.000,124.74,124.98,124.55,124.97,0.184383518
14.07.2023 14:00:00.000,126.48,127.08,125.91,126.54,0.04743833
14.07.2023 15:00:00.000,126.56,126.87,125,125.46,-0.869152971
14.07.2023 16:00:00.000,125.47,126.02,125.37,125.69,0.175340719
14.07.2023 17:00:00.000,125.7,125.7,125.14,125.39,-0.246618934
14.07.2023 18:00:00.000,125.4,125.51,125.22,125.35,-0.039872408
14.07.2023 19:00:00.000,125.35,125.77,125.22,125.59,0.191463901
14.07.2023 20:00:00.000,125.59,125.69,125.29,125.53,-0.047774504
17.07.2023 14:00:00.000,126.31,127.28,125.14,125.76,-0.435436624
17.07.2023 15:00:00.000,125.76,125.92,125.42,125.6,-0.127226463
17.07.2023 16:00:00.000,125.61,125.72,124.66,124.96,-0.517474723
17.07.2023 17:00:00.000,124.98,124.98,124.49,124.85,-0.104016643
17.07.2023 18:00:00.000,124.84,125.24,124.8,125.21,0.296379366
17.07.2023 19:00:00.000,125.22,125.49,124.88,124.96,-0.207634563
17.07.2023 20:00:00.000,124.96,125.24,124.71,125.13,0.136043534
18.07.2023 14:00:00.000,124,124.11,123.33,123.85,-0.120967742
18.07.2023 15:00:00.000,123.86,123.98,123.41,123.76,-0.080736315
18.07.2023 16:00:00.000,123.76,123.97,123.3,123.85,0.072721396
18.07.2023 17:00:00.000,123.85,123.95,123.4,123.85,0
18.07.2023 18:00:00.000,123.86,124.45,123.79,124.31,0.363313418
18.07.2023 19:00:00.000,124.31,124.74,124.21,124.4,0.072399646
18.07.2023 20:00:00.000,124.4,124.45,124.07,124.15,-0.20096463
19.07.2023 14:00:00.000,124.33,125.46,124.26,124.67,0.273465777
19.07.2023 15:00:00.000,124.67,124.93,123.91,124.09,-0.465228202
19.07.2023 16:00:00.000,124.11,124.51,123.97,124.36,0.201434212
19.07.2023 17:00:00.000,124.36,124.42,122.78,123.2,-0.932775812
19.07.2023 18:00:00.000,123.2,123.2,122.47,123.01,-0.154220779
19.07.2023 19:00:00.000,123.03,123.16,122.64,123.13,0.081280988
19.07.2023 20:00:00.000,123.12,123.5,122.69,122.7,-0.341130604
20.07.2023 14:00:00.000,123.03,124.68,122.95,123.54,0.414533041
20.07.2023 15:00:00.000,123.53,123.74,121.41,121.52,-1.627135109
20.07.2023 16:00:00.000,121.53,121.83,121.02,121.29,-0.197482103
20.07.2023 17:00:00.000,121.28,121.49,120.52,120.54,-0.610158311
20.07.2023 18:00:00.000,120.54,120.72,120.26,120.42,-0.099552016
20.07.2023 19:00:00.000,120.42,120.43,119.23,119.25,-0.971599402
20.07.2023 20:00:00.000,119.24,119.65,118.68,119.54,0.251593425
21.07.2023 14:00:00.000,120.53,121.29,119.66,120.17,-0.298680826
21.07.2023 15:00:00.000,120.18,120.46,119.07,120.13,-0.04160426
21.07.2023 16:00:00.000,120.14,121.05,120,120.33,0.158148826
21.07.2023 17:00:00.000,120.35,120.38,119.61,119.86,-0.407145825
21.07.2023 18:00:00.000,119.84,120.54,119.83,120.4,0.46728972
21.07.2023 19:00:00.000,120.4,120.49,119.86,120.18,-0.182724252
21.07.2023 20:00:00.000,120.18,120.19,119.47,119.88,-0.249625562
24.07.2023 14:00:00.000,123.03,123.19,121.4,122.07,-0.780297488
24.07.2023 15:00:00.000,122.03,123.04,121.46,122.82,0.647381791
24.07.2023 16:00:00.000,122.82,122.84,121.9,122.29,-0.43152581
24.07.2023 17:00:00.000,122.29,122.45,121.91,122,-0.237141222
24.07.2023 18:00:00.000,122,122.33,121.82,122.12,0.098360656
24.07.2023 19:00:00.000,122.12,122.19,121.58,121.85,-0.221094006
24.07.2023 20:00:00.000,121.85,121.99,121.56,121.64,-0.172343045
25.07.2023 14:00:00.000,122.57,122.81,121.73,122.81,0.195806478
25.07.2023 15:00:00.000,122.82,122.83,121.53,121.71,-0.903761602
25.07.2023 16:00:00.000,121.71,122.21,121.65,122.09,0.312217566
25.07.2023 17:00:00.000,122.08,123.06,122,123.05,0.794560944
25.07.2023 18:00:00.000,123.05,123.67,122.9,123.23,0.146281999
25.07.2023 19:00:00.000,123.21,123.47,123.08,123.1,-0.089278468
25.07.2023 20:00:00.000,123.09,123.55,122.98,123.04,-0.040620684
26.07.2023 14:00:00.000,129.53,131.36,128.75,130.84,1.011348722
26.07.2023 15:00:00.000,130.75,131.24,129.39,129.75,-0.764818356
26.07.2023 16:00:00.000,129.75,130.42,129.54,130.23,0.369942197
26.07.2023 17:00:00.000,130.24,130.33,129.46,129.63,-0.468366093
26.07.2023 18:00:00.000,129.62,129.9,129.44,129.69,0.054004012
26.07.2023 19:00:00.000,129.69,130.62,129.39,130.2,0.393245431
26.07.2023 20:00:00.000,130.24,130.31,129.14,129.18,-0.813882064
27.07.2023 14:00:00.000,131.72,133.59,131.66,133.09,1.040085029
27.07.2023 15:00:00.000,133.08,133.37,131.81,132.22,-0.646227833
27.07.2023 16:00:00.000,132.22,132.69,131.91,132.16,-0.045378914
27.07.2023 17:00:00.000,132.16,133.29,132.11,133.19,0.779358354
27.07.2023 18:00:00.000,133.19,133.26,131.12,131.36,-1.373977025
27.07.2023 19:00:00.000,131.36,131.5,129.66,129.68,-1.278928136
27.07.2023 20:00:00.000,129.64,130.41,129.17,129.82,0.138846035
28.07.2023 14:00:00.000,132.28,133.21,131.83,132.79,0.385545812
28.07.2023 15:00:00.000,132.8,133.36,132.49,133.35,0.414156627
28.07.2023 16:00:00.000,133.34,134.02,133.31,134.01,0.502474876
28.07.2023 17:00:00.000,133.99,134.01,133.45,133.51,-0.358235689
28.07.2023 18:00:00.000,133.52,133.52,132.24,132.52,-0.748951468
28.07.2023 19:00:00.000,132.52,133.29,132.43,133.23,0.535768186
28.07.2023 20:00:00.000,133.23,133.38,132.86,132.99,-0.180139608
31.07.2023 14:00:00.000,133.12,133.69,132.29,132.56,-0.420673077
31.07.2023 15:00:00.000,132.56,133.34,132.15,133.11,0.414906457
31.07.2023 16:00:00.000,133.11,133.46,133,133.08,-0.022537751
31.07.2023 17:00:00.000,133.09,133.25,132.5,132.59,-0.375685626
31.07.2023 18:00:00.000,132.58,132.86,132.48,132.73,0.113139237
31.07.2023 19:00:00.000,132.75,132.92,132.44,132.8,0.037664783
31.07.2023 20:00:00.000,132.8,132.92,132.45,132.87,0.052710843
01.08.2023 14:00:00.000,131.95,132.58,131.41,132.12,0.128836681
01.08.2023 15:00:00.000,132.08,132.91,131.68,132.57,0.37098728
01.08.2023 16:00:00.000,132.6,132.72,132.11,132.23,-0.279034691
01.08.2023 17:00:00.000,132.23,132.27,131.85,132.24,0.00756258
01.08.2023 18:00:00.000,132.24,132.43,131.81,132.07,-0.128554144
01.08.2023 19:00:00.000,132.07,132.19,131.88,131.98,-0.06814568
01.08.2023 20:00:00.000,131.98,132.28,131.91,132.04,0.045461434
02.08.2023 14:00:00.000,129.91,130.16,129.31,130.04,0.100069279
02.08.2023 15:00:00.000,130.03,130.42,128.8,128.93,-0.845958625
02.08.2023 16:00:00.000,128.93,129.38,128.38,128.39,-0.418831924
02.08.2023 17:00:00.000,128.4,128.75,127.86,128.57,0.132398754
02.08.2023 18:00:00.000,128.54,128.95,128.4,128.57,0.023339038
02.08.2023 19:00:00.000,128.55,129.06,128.54,128.87,0.248930377
02.08.2023 20:00:00.000,128.87,128.94,128.36,128.53,-0.263831768
03.08.2023 14:00:00.000,128.07,129.02,127.79,128.56,0.382603264
03.08.2023 15:00:00.000,128.56,129,128,128.78,0.171126322
03.08.2023 16:00:00.000,128.77,129.49,128.62,129.14,0.287334006
03.08.2023 17:00:00.000,129.12,129.73,129.04,129.54,0.32527881
03.08.2023 18:00:00.000,129.53,129.74,129.07,129.09,-0.339689647
03.08.2023 19:00:00.000,129.08,129.25,128.83,129.14,0.046482801
03.08.2023 20:00:00.000,129.15,129.25,128.55,128.92,-0.178087495
04.08.2023 14:00:00.000,131.03,131.9,130.12,130.15,-0.671601923
04.08.2023 15:00:00.000,130.16,130.32,129.37,130.29,0.099877074
04.08.2023 16:00:00.000,130.28,130.93,130.21,130.63,0.268652134
04.08.2023 17:00:00.000,130.63,131.11,130.39,130.86,0.176069816
04.08.2023 18:00:00.000,130.86,130.87,129.66,129.74,-0.855876509
04.08.2023 19:00:00.000,129.71,129.75,128.33,128.5,-0.932850204
04.08.2023 20:00:00.000,128.51,128.79,128.31,128.38,-0.101159443
07.08.2023 14:00:00.000,129.86,130.68,129.72,129.96,0.077006006
07.08.2023 15:00:00.000,129.89,130.97,129.49,130.8,0.700592809
07.08.2023 16:00:00.000,130.82,131.22,130.29,131.22,0.305763645
07.08.2023 17:00:00.000,131.22,131.99,131.18,131.91,0.525834476
07.08.2023 18:00:00.000,131.93,131.99,131.55,131.86,-0.05305844
07.08.2023 19:00:00.000,131.85,131.95,131.14,131.69,-0.121350019
07.08.2023 20:00:00.000,131.69,132.02,131.64,131.86,0.129091047
08.08.2023 14:00:00.000,131.19,131.49,130.67,130.81,-0.289656224
08.08.2023 15:00:00.000,130.84,131.14,130.5,130.6,-0.183430144
08.08.2023 16:00:00.000,130.6,131.22,130.12,131.13,0.405819296
08.08.2023 17:00:00.000,131.13,131.83,131.05,131.52,0.297414779
08.08.2023 18:00:00.000,131.53,131.8,131.23,131.51,-0.015205657
08.08.2023 19:00:00.000,131.51,131.86,131.36,131.77,0.197703597
08.08.2023 20:00:00.000,131.77,131.93,131.43,131.82,0.037944904
09.08.2023 14:00:00.000,132.15,132.23,131.2,131.24,-0.688611426
09.08.2023 15:00:00.000,131.24,132.05,130.88,130.88,-0.274306614
09.08.2023 16:00:00.000,130.88,130.99,129.5,130.1,-0.59596577
09.08.2023 17:00:00.000,130.09,130.77,130.03,130.43,0.261357522
09.08.2023 18:00:00.000,130.42,131.24,130.28,131.13,0.544395031
09.08.2023 19:00:00.000,131.13,131.66,130.96,131.02,-0.08388622
09.08.2023 20:00:00.000,131.01,131.04,130.25,130.33,-0.519044348
10.08.2023 14:00:00.000,131.71,132.4,131.47,132.35,0.485916028
10.08.2023 15:00:00.000,132.37,132.64,131.25,131.46,-0.687466949
10.08.2023 16:00:00.000,131.45,131.62,130.55,130.91,-0.410802587
10.08.2023 17:00:00.000,130.91,131.54,130.57,130.69,-0.168054389
10.08.2023 18:00:00.000,130.72,130.94,130.03,130.12,-0.458996328
10.08.2023 19:00:00.000,130.13,130.95,130.1,130.84,0.545608238
10.08.2023 20:00:00.000,130.85,130.98,130.13,130.24,-0.466182652
11.08.2023 14:00:00.000,129.03,129.57,128.75,129.34,0.240254204
11.08.2023 15:00:00.000,129.43,130.3,129.32,129.43,0
11.08.2023 16:00:00.000,129.46,129.64,129,129.62,0.123590298
11.08.2023 17:00:00.000,129.6,130.01,129.32,129.47,-0.100308642
11.08.2023 18:00:00.000,129.48,129.9,129.24,129.52,0.030892802
11.08.2023 19:00:00.000,129.52,130.33,129.48,130.17,0.501852996
11.08.2023 20:00:00.000,130.17,130.43,129.75,130,-0.130598448
14.08.2023 14:00:00.000,130.03,131.03,129.77,130.61,0.446050911
14.08.2023 15:00:00.000,130.59,131.75,130.38,131.58,0.758097864
14.08.2023 16:00:00.000,131.58,131.9,131.31,131.63,0.037999696
14.08.2023 17:00:00.000,131.64,131.77,131.15,131.48,-0.121543604
14.08.2023 18:00:00.000,131.48,131.66,131.14,131.27,-0.15972011
14.08.2023 19:00:00.000,131.27,131.29,130.84,131.13,-0.106650415
14.08.2023 20:00:00.000,131.13,131.73,131.05,131.63,0.381300999
15.08.2023 14:00:00.000,131.64,131.89,130.87,131.38,-0.197508356
15.08.2023 15:00:00.000,131.37,131.37,130.27,130.44,-0.707924184
15.08.2023 16:00:00.000,130.44,131.2,130.43,131.16,0.551977921
15.08.2023 17:00:00.000,131.17,131.48,130.76,131.11,-0.045742167
15.08.2023 18:00:00.000,131.13,131.33,130.63,130.74,-0.297414779
15.08.2023 19:00:00.000,130.74,130.9,130.61,130.69,-0.038243843
15.08.2023 20:00:00.000,130.69,130.71,129.81,130.27,-0.321371184
16.08.2023 14:00:00.000,129.23,130.29,129.09,129.89,0.510717326
16.08.2023 15:00:00.000,129.88,130.9,129.7,130.41,0.408068987
16.08.2023 16:00:00.000,130.41,130.56,129.09,129.18,-0.943179204
16.08.2023 17:00:00.000,129.14,129.32,128.46,128.74,-0.309741366
16.08.2023 18:00:00.000,128.74,129.29,128.47,129.16,0.326238931
16.08.2023 19:00:00.000,129.15,129.76,128.56,129.59,0.340689121
16.08.2023 20:00:00.000,129.57,129.57,128.84,129.05,-0.401327468
17.08.2023 14:00:00.000,130.56,131.14,130.33,130.64,0.06127451
17.08.2023 15:00:00.000,130.65,131.25,129.86,130.9,0.191350938
17.08.2023 16:00:00.000,130.92,131.81,130.87,131.71,0.603421937
17.08.2023 17:00:00.000,131.73,132.46,131.41,132.44,0.53898125
17.08.2023 18:00:00.000,132.45,132.49,131.12,131.34,-0.838052095
17.08.2023 19:00:00.000,131.33,131.34,130.36,130.54,-0.60153811
17.08.2023 20:00:00.000,130.52,130.85,129.85,130.84,0.245173154
18.08.2023 14:00:00.000,129.09,129.14,127.52,127.71,-1.069021613
18.08.2023 15:00:00.000,127.7,127.96,127.01,127.82,0.093970243
18.08.2023 16:00:00.000,127.8,128.57,127.48,128.48,0.532081377
18.08.2023 17:00:00.000,128.5,128.64,128.13,128.32,-0.140077821
18.08.2023 18:00:00.000,128.32,128.33,127.29,127.92,-0.311720698
18.08.2023 19:00:00.000,127.93,128.43,127.8,127.92,-0.007816775
18.08.2023 20:00:00.000,127.9,128.63,127.61,128.21,0.242376857
21.08.2023 14:00:00.000,128.5,128.88,128.12,128.87,0.287937743
21.08.2023 15:00:00.000,128.91,129.25,127.81,127.89,-0.791249709
21.08.2023 16:00:00.000,127.89,128.16,127.17,127.51,-0.297130346
21.08.2023 17:00:00.000,127.51,128.27,127.47,128.25,0.580346639
21.08.2023 18:00:00.000,128.25,129.07,128.06,128.9,0.506822612
21.08.2023 19:00:00.000,128.9,129.25,128.72,129.06,0.12412723
21.08.2023 20:00:00.000,129.08,129.22,128.89,128.95,-0.100712736
22.08.2023 14:00:00.000,129.33,130.04,129.05,129.62,0.224232583
22.08.2023 15:00:00.000,129.63,130.71,129.44,130.6,0.748283576
22.08.2023 16:00:00.000,130.61,130.95,130.3,130.44,-0.130158487
22.08.2023 17:00:00.000,130.44,130.59,129.93,130.14,-0.2299908
22.08.2023 18:00:00.000,130.14,130.21,129.43,129.74,-0.307361303
22.08.2023 19:00:00.000,129.73,129.9,129.4,129.81,0.061666538
22.08.2023 20:00:00.000,129.81,130.16,129.35,129.56,-0.192589169
23.08.2023 14:00:00.000,132.08,133.04,131.9,132.94,0.651120533
23.08.2023 15:00:00.000,132.94,134.06,132.64,133.48,0.406198285
23.08.2023 16:00:00.000,133.48,133.53,132.99,133.36,-0.089901109
23.08.2023 17:00:00.000,133.35,133.42,132.91,132.98,-0.277465317
23.08.2023 18:00:00.000,132.99,134.02,132.94,133.95,0.721858786
23.08.2023 19:00:00.000,133.95,133.96,133.48,133.76,-0.141843972
23.08.2023 20:00:00.000,133.76,133.89,133.07,133.07,-0.515849282
24.08.2023 14:00:00.000,133.56,133.71,133.07,133.63,0.052410901
24.08.2023 15:00:00.000,133.66,133.8,131.94,132.48,-0.882837049
24.08.2023 16:00:00.000,132.5,132.55,130.95,130.96,-1.162264151
24.08.2023 17:00:00.000,130.98,132.28,130.97,131.79,0.618415025
24.08.2023 18:00:00.000,131.79,132,131.49,131.6,-0.144168753
24.08.2023 19:00:00.000,131.61,131.88,131.17,131.38,-0.174758757
24.08.2023 20:00:00.000,131.37,131.55,130.52,130.55,-0.624191216
25.08.2023 14:00:00.000,129.54,130.46,129.53,130.18,0.49405589
25.08.2023 15:00:00.000,130.22,131.39,128.17,128.23,-1.528183075
25.08.2023 16:00:00.000,128.25,129.53,128.03,128.91,0.514619883
25.08.2023 17:00:00.000,128.9,129.64,128.84,129.64,0.574088441
25.08.2023 18:00:00.000,129.63,129.75,129.1,129.67,0.030857055
25.08.2023 19:00:00.000,129.66,130.68,129.47,130.59,0.717260528
25.08.2023 20:00:00.000,130.61,130.97,130.35,130.44,-0.130158487
28.08.2023 14:00:00.000,132.51,133.23,131.84,132.11,-0.30186401
28.08.2023 15:00:00.000,132.07,132.61,131.35,131.62,-0.340728402
28.08.2023 16:00:00.000,131.59,131.67,130.95,131.23,-0.27357702
28.08.2023 17:00:00.000,131.22,131.89,131.04,131.84,0.47248895
28.08.2023 18:00:00.000,131.85,132.11,130.85,130.96,-0.67500948
28.08.2023 19:00:00.000,130.96,131.73,130.93,131.62,0.503970678
28.08.2023 20:00:00.000,131.63,132,131.38,131.63,0
29.08.2023 14:00:00.000,134.18,134.28,133.24,133.68,-0.372633776
29.08.2023 15:00:00.000,133.7,136.28,133.68,136.08,1.780104712
29.08.2023 16:00:00.000,136.09,137.29,135.83,137.03,0.690719377
29.08.2023 17:00:00.000,137.03,137.05,135.19,135.39,-1.196818215
29.08.2023 18:00:00.000,135.41,135.52,134.65,134.84,-0.4209438
29.08.2023 19:00:00.000,134.84,135.52,134.79,135.34,0.370809849
29.08.2023 20:00:00.000,135.34,135.86,135.17,135.43,0.066499187
30.08.2023 14:00:00.000,136.09,136.3,135.01,136.27,0.132265413
30.08.2023 15:00:00.000,136.27,136.85,135.47,136.62,0.256843032
30.08.2023 16:00:00.000,136.62,136.64,135.71,136.22,-0.292782901
30.08.2023 17:00:00.000,136.21,136.51,135.7,136.03,-0.132148888
30.08.2023 18:00:00.000,136.03,136.41,135.88,136.39,0.264647504
30.08.2023 19:00:00.000,136.4,137.24,136.18,137.07,0.491202346
30.08.2023 20:00:00.000,137.07,137.15,136.62,136.64,-0.313708324
31.08.2023 14:00:00.000,137.43,138.09,137.37,137.82,0.283780834
31.08.2023 15:00:00.000,137.84,138.32,137.64,138.21,0.268427162
31.08.2023 16:00:00.000,138.22,138.4,137.66,137.84,-0.274924034
31.08.2023 17:00:00.000,137.83,138,136.96,137.38,-0.326489153
31.08.2023 18:00:00.000,137.37,137.93,137.22,137.85,0.349421271
31.08.2023 19:00:00.000,137.84,138.24,137.79,137.94,0.072547882
31.08.2023 20:00:00.000,137.94,138.28,137.59,137.61,-0.23923445
01.09.2023 14:00:00.000,137.66,137.73,135.96,136.8,-0.62472759
01.09.2023 15:00:00.000,136.8,137.29,136.16,136.3,-0.365497076
01.09.2023 16:00:00.000,136.27,137.03,136.19,136.5,0.168782564
01.09.2023 17:00:00.000,136.5,137.06,136.42,136.84,0.249084249
01.09.2023 18:00:00.000,136.84,136.88,136.25,136.45,-0.285004385
01.09.2023 19:00:00.000,136.46,136.62,136.04,136.33,-0.095266012
01.09.2023 20:00:00.000,136.32,136.77,136.29,136.72,0.29342723
05.09.2023 14:00:00.000,136.22,136.62,135.68,135.89,-0.242255175
05.09.2023 15:00:00.000,135.9,136.44,135.55,135.96,0.04415011
05.09.2023 16:00:00.000,135.96,136.7,135.94,136.52,0.411885849
05.09.2023 17:00:00.000,136.52,136.75,136.27,136.57,0.03662467
05.09.2023 18:00:00.000,136.56,136.89,136.31,136.86,0.219683656
05.09.2023 19:00:00.000,136.85,137.37,136.79,137.35,0.365363537
05.09.2023 20:00:00.000,137.36,137.36,136.59,136.81,-0.400407688
06.09.2023 14:00:00.000,136.28,137.47,136.24,137.19,0.667742882
06.09.2023 15:00:00.000,137.17,137.17,135.56,135.63,-1.122694467
06.09.2023 16:00:00.000,135.62,136.05,135.33,135.46,-0.1179767
06.09.2023 17:00:00.000,135.44,135.73,134.79,134.89,-0.406083875
06.09.2023 18:00:00.000,134.88,135.31,134.68,135.1,0.163107948
06.09.2023 19:00:00.000,135.1,135.41,135.01,135.23,0.096225019
06.09.2023 20:00:00.000,135.23,135.46,135.08,135.28,0.036974044
07.09.2023 14:00:00.000,134.31,135.13,133.97,135.09,0.580746035
07.09.2023 15:00:00.000,135.12,136.06,134.64,135.52,0.296033156
07.09.2023 16:00:00.000,135.52,136.06,134.67,134.85,-0.494391972
07.09.2023 17:00:00.000,134.84,135.92,134.8,135.72,0.652625334
07.09.2023 18:00:00.000,135.7,136.48,135.68,136.41,0.52321297
07.09.2023 19:00:00.000,136.39,136.56,136.1,136.52,0.095314906
07.09.2023 20:00:00.000,136.51,136.58,136.19,136.24,-0.197787708
08.09.2023 14:00:00.000,136.31,136.9,136.18,136.41,0.073362189
08.09.2023 15:00:00.000,136.41,137.15,136.34,136.44,0.021992523
08.09.2023 16:00:00.000,136.39,137.16,136.33,136.96,0.417919202
08.09.2023 17:00:00.000,136.96,137.3,136.76,137.07,0.080315421
08.09.2023 18:00:00.000,137.07,137.42,136.78,137.42,0.255343985
08.09.2023 19:00:00.000,137.42,137.51,136.79,136.82,-0.436617668
08.09.2023 20:00:00.000,136.8,136.99,136.57,136.93,0.09502924
11.09.2023 14:00:00.000,137.95,138.25,137.42,137.48,-0.340703153
11.09.2023 15:00:00.000,137.5,137.81,136.54,136.64,-0.625454545
11.09.2023 16:00:00.000,136.64,137.3,136.63,136.77,0.095140515
11.09.2023 17:00:00.000,136.77,137.37,136.69,137.32,0.402134971
11.09.2023 18:00:00.000,137.32,137.94,137.22,137.86,0.393242062
11.09.2023 19:00:00.000,137.86,137.88,137.52,137.64,-0.159582185
11.09.2023 20:00:00.000,137.63,137.98,137.46,137.64,0.007265858
12.09.2023 14:00:00.000,137.01,137.64,136.95,137.44,0.313845705
12.09.2023 15:00:00.000,137.44,137.44,136.55,136.56,-0.640279395
12.09.2023 16:00:00.000,136.55,136.92,136.19,136.59,0.029293299
12.09.2023 17:00:00.000,136.59,136.97,136.49,136.62,0.021963541
12.09.2023 18:00:00.000,136.61,136.98,136.42,136.55,-0.04392065
12.09.2023 19:00:00.000,136.55,136.82,136.14,136.32,-0.16843647
12.09.2023 20:00:00.000,136.33,136.33,135.93,136.17,-0.117362283
13.09.2023 14:00:00.000,135.38,136.02,135.23,135.69,0.228985079
13.09.2023 15:00:00.000,135.71,136.45,134.91,136.05,0.250534227
13.09.2023 16:00:00.000,136.07,136.49,135.8,136.34,0.19842728
13.09.2023 17:00:00.000,136.35,137.05,136.25,136.88,0.388705537
13.09.2023 18:00:00.000,136.88,137.43,136.82,137.37,0.357977791
13.09.2023 19:00:00.000,137.37,137.5,136.8,137.19,-0.131032977
13.09.2023 20:00:00.000,137.2,137.53,136.74,137.48,0.204081633
14.09.2023 14:00:00.000,137.59,138.36,137.07,137.61,0.01453594
14.09.2023 15:00:00.000,137.66,138.81,137.05,138.53,0.631991864
14.09.2023 16:00:00.000,138.52,139.18,138.39,139.15,0.45480797
14.09.2023 17:00:00.000,139.15,139.54,138.68,139.45,0.215594682
14.09.2023 18:00:00.000,139.45,139.45,139,139.25,-0.143420581
14.09.2023 19:00:00.000,139.25,139.31,138.89,139.18,-0.0502693
14.09.2023 20:00:00.000,139.18,139.4,138.81,138.9,-0.20117833
15.09.2023 14:00:00.000,138.61,138.79,137.61,137.96,-0.468941635
15.09.2023 15:00:00.000,138,138.5,137.7,137.71,-0.210144928
15.09.2023 16:00:00.000,137.71,138.27,137.18,137.99,0.20332583
15.09.2023 17:00:00.000,138,138.58,137.97,138.58,0.420289855
15.09.2023 18:00:00.000,138.58,138.6,137.44,137.96,-0.447395006
15.09.2023 19:00:00.000,137.98,138.13,137.68,137.98,0
15.09.2023 20:00:00.000,137.97,138.25,137.68,138.04,0.050735667
18.09.2023 14:00:00.000,138.91,139.49,138.31,139.43,0.3743431
18.09.2023 15:00:00.000,139.43,139.92,139.02,139.32,-0.078892634
18.09.2023 16:00:00.000,139.32,139.65,138.96,139.46,0.100488085
18.09.2023 17:00:00.000,139.46,139.54,138.78,138.81,-0.466083465
18.09.2023 18:00:00.000,138.81,139.19,138.81,139.03,0.158490022
18.09.2023 19:00:00.000,139.04,139.54,138.96,139.24,0.143843498
18.09.2023 20:00:00.000,139.24,139.45,138.85,138.86,-0.272910083
19.09.2023 14:00:00.000,138.28,139.18,138.13,138.76,0.347121782
19.09.2023 15:00:00.000,138.77,138.8,137.95,138.08,-0.497225625
19.09.2023 16:00:00.000,138.08,138.34,137.66,137.88,-0.144843569
19.09.2023 17:00:00.000,137.88,137.97,137.5,137.92,0.029010734
19.09.2023 18:00:00.000,137.93,138.75,137.87,138.71,0.565504241
19.09.2023 19:00:00.000,138.72,138.98,138.45,138.5,-0.158592849
19.09.2023 20:00:00.000,138.47,139,138.39,138.73,0.187766303
20.09.2023 14:00:00.000,138.55,138.75,138.18,138.22,-0.238181162
20.09.2023 15:00:00.000,138.23,138.27,136.93,137.1,-0.817478116
20.09.2023 16:00:00.000,137.1,137.21,136.16,136.86,-0.175054705
20.09.2023 17:00:00.000,136.88,137,136.57,136.93,0.036528346
20.09.2023 18:00:00.000,136.93,137.04,136.38,136.69,-0.175272037
20.09.2023 19:00:00.000,136.69,136.9,135.83,136.23,-0.33652791
20.09.2023 20:00:00.000,136.23,136.48,134.78,134.78,-1.064376422
21.09.2023 14:00:00.000,132.14,133.08,131.83,132.03,-0.083245043
21.09.2023 15:00:00.000,132.06,132.34,131.08,131.58,-0.363471149
21.09.2023 16:00:00.000,131.59,132.18,131.55,131.94,0.265977658
21.09.2023 17:00:00.000,131.95,132.96,131.6,132.66,0.538082607
21.09.2023 18:00:00.000,132.66,133.19,132.6,132.76,0.075380672
21.09.2023 19:00:00.000,132.76,132.84,131.84,131.86,-0.677915035
21.09.2023 20:00:00.000,131.86,132.06,131.42,131.61,-0.189595025
22.09.2023 14:00:00.000,131.21,132.13,130.52,132.13,0.70116607
22.09.2023 15:00:00.000,132.14,132.88,131.86,132.76,0.469199334
22.09.2023 16:00:00.000,132.76,133,132.36,132.39,-0.278698403
22.09.2023 17:00:00.000,132.39,132.9,132.35,132.76,0.279477302
22.09.2023 18:00:00.000,132.76,132.79,131.79,131.91,-0.640253088
22.09.2023 19:00:00.000,131.88,131.97,131.13,131.69,-0.144070367
22.09.2023 20:00:00.000,131.69,132.46,131.08,131.29,-0.30374364
25.09.2023 14:00:00.000,130.37,131.12,130.06,130.96,0.452558104
25.09.2023 15:00:00.000,130.99,131.45,130.71,130.85,-0.106878388
25.09.2023 16:00:00.000,130.86,131.82,130.83,131.65,0.603698609
25.09.2023 17:00:00.000,131.65,131.89,131.21,131.55,-0.075958982
25.09.2023 18:00:00.000,131.54,131.91,131.38,131.87,0.250874259
25.09.2023 19:00:00.000,131.87,132.12,131.59,131.67,-0.151664518
25.09.2023 20:00:00.000,131.67,132.08,131.36,131.91,0.182273866
26.09.2023 14:00:00.000,130.46,130.66,129.27,129.29,-0.896826614
26.09.2023 15:00:00.000,129.3,129.48,128.54,128.65,-0.502706883
26.09.2023 16:00:00.000,128.66,128.81,128.19,128.46,-0.155448469
26.09.2023 17:00:00.000,128.45,129.41,128.39,129.25,0.622810432
26.09.2023 18:00:00.000,129.26,129.49,128.92,129.39,0.10057249
26.09.2023 19:00:00.000,129.39,129.39,128.9,129.15,-0.185485741
26.09.2023 20:00:00.000,129.12,129.45,128.94,129.34,0.170384139
27.09.2023 14:00:00.000,130.29,130.85,130.06,130.5,0.161178909
27.09.2023 15:00:00.000,130.5,130.65,129.67,130.08,-0.32183908
27.09.2023 16:00:00.000,130.08,130.5,129.99,130.35,0.207564576
27.09.2023 17:00:00.000,130.34,130.68,129.91,130.53,0.145772595
27.09.2023 18:00:00.000,130.53,130.8,129.69,130.01,-0.398375852
27.09.2023 19:00:00.000,129.98,131.22,129.63,131.02,0.800123096
27.09.2023 20:00:00.000,131.03,131.72,130.76,131.39,0.274746241
28.09.2023 14:00:00.000,131.54,131.65,130.71,131.39,-0.114033754
28.09.2023 15:00:00.000,131.39,132.29,131.22,131.98,0.449044828
28.09.2023 16:00:00.000,131.98,133.56,131.73,133.46,1.121382028
28.09.2023 17:00:00.000,133.46,134.16,133.39,133.64,0.134871872
28.09.2023 18:00:00.000,133.64,133.88,133.18,133.24,-0.299311583
28.09.2023 19:00:00.000,133.24,133.71,132.78,133.2,-0.030021015
28.09.2023 20:00:00.000,133.19,133.68,132.89,132.98,-0.157669495
29.09.2023 14:00:00.000,133.56,134.71,133.24,134.56,0.748727164
29.09.2023 15:00:00.000,134.55,134.87,133.66,133.69,-0.639167596
29.09.2023 16:00:00.000,133.7,133.78,132.65,133.04,-0.493642483
29.09.2023 17:00:00.000,133.04,133.13,132.39,132.51,-0.398376428
29.09.2023 18:00:00.000,132.51,132.51,131.52,131.53,-0.739566825
29.09.2023 19:00:00.000,131.54,132.08,131.32,132.06,0.395317014
29.09.2023 20:00:00.000,132.07,132.43,131.63,131.98,-0.06814568
02.10.2023 14:00:00.000,133.18,134.21,132.91,133.52,0.255293588
02.10.2023 15:00:00.000,133.47,134.79,133.41,134.31,0.629354911
02.10.2023 16:00:00.000,134.32,135.35,134.03,134.22,-0.074449077
02.10.2023 17:00:00.000,134.21,134.47,133.83,134.09,-0.089412115
02.10.2023 18:00:00.000,134.09,134.35,133.49,133.97,-0.089492132
02.10.2023 19:00:00.000,133.97,134.66,133.84,134.11,0.104501008
02.10.2023 20:00:00.000,134.1,135.06,133.89,135.04,0.700969426
03.10.2023 14:00:00.000,134.41,135.24,134.07,134.78,0.275277137
03.10.2023 15:00:00.000,134.76,134.8,133.34,133.73,-0.764321757
03.10.2023 16:00:00.000,133.73,133.74,132.99,133.35,-0.28415464
03.10.2023 17:00:00.000,133.36,134.24,133.33,134.13,0.577384523
03.10.2023 18:00:00.000,134.13,134.37,133.35,133.36,-0.574069932
03.10.2023 19:00:00.000,133.36,133.6,133.17,133.42,0.044991002
03.10.2023 20:00:00.000,133.44,133.56,132.81,133.17,-0.202338129
04.10.2023 14:00:00.000,134.48,135.19,134.17,134.22,-0.193337299
04.10.2023 15:00:00.000,134.13,135.68,133.42,134.87,0.551703571
04.10.2023 16:00:00.000,134.86,136.36,134.79,136.3,1.067773988
04.10.2023 17:00:00.000,136.33,136.36,135.62,135.84,-0.359421991
04.10.2023 18:00:00.000,135.84,135.93,135.46,135.48,-0.265017668
04.10.2023 19:00:00.000,135.47,135.76,135.13,135.62,0.110725622
04.10.2023 20:00:00.000,135.63,136.57,135.59,136.43,0.589840006
05.10.2023 14:00:00.000,135.97,136.26,135.16,135.44,-0.389791866
05.10.2023 15:00:00.000,135.44,135.44,134.44,134.66,-0.575900768
05.10.2023 16:00:00.000,134.65,135.89,134.58,135.71,0.787226142
05.10.2023 17:00:00.000,135.72,136.21,135.62,135.86,0.103153551
05.10.2023 18:00:00.000,135.86,136.23,135.52,136.01,0.110407773
05.10.2023 19:00:00.000,136,136.33,135.87,136.3,0.220588235
05.10.2023 20:00:00.000,136.29,136.35,135.9,136.06,-0.168757796
06.10.2023 14:00:00.000,136.08,137.12,135.81,136.82,0.543797766
06.10.2023 15:00:00.000,136.83,137.39,136.14,137.1,0.197325148
06.10.2023 16:00:00.000,137.11,138.01,137.06,137.99,0.641820436
06.10.2023 17:00:00.000,138,138.46,137.94,138.27,0.195652174
06.10.2023 18:00:00.000,138.26,138.72,138.14,138.68,0.303775495
06.10.2023 19:00:00.000,138.66,139.02,138.55,138.86,0.144237704
06.10.2023 20:00:00.000,138.87,139.18,138.71,138.71,-0.115215669
09.10.2023 14:00:00.000,136.98,138.92,136.68,138.81,1.335961454
09.10.2023 15:00:00.000,138.81,139.14,138.01,138.36,-0.324184137
09.10.2023 16:00:00.000,138.36,138.98,137.84,138.84,0.346921075
09.10.2023 17:00:00.000,138.84,139.07,138.63,138.81,-0.021607606
09.10.2023 18:00:00.000,138.81,139.71,138.52,139.69,0.633960089
09.10.2023 19:00:00.000,139.72,139.92,139.43,139.76,0.028628686
09.10.2023 20:00:00.000,139.75,139.97,139.12,139.48,-0.193202147
10.10.2023 14:00:00.000,139.85,139.95,138.84,139.35,-0.357525921
10.10.2023 15:00:00.000,139.35,139.77,138.43,139.69,0.243989953
10.10.2023 16:00:00.000,139.71,140.63,139.59,140.47,0.543983967
10.10.2023 17:00:00.000,140.47,140.73,140.03,140.14,-0.234925607
10.10.2023 18:00:00.000,140.12,140.42,139.48,140.13,0.00713674
10.10.2023 19:00:00.000,140.14,140.14,139.51,139.69,-0.321107464
10.10.2023 20:00:00.000,139.69,139.84,139.08,139.13,-0.40088768
11.10.2023 14:00:00.000,140.67,141.64,140.55,141.36,0.490509704
11.10.2023 15:00:00.000,141.39,141.91,140.89,141.81,0.297050711
11.10.2023 16:00:00.000,141.84,142.21,141.1,141.28,-0.394811055
11.10.2023 17:00:00.000,141.29,141.31,140.66,141.09,-0.141552835
11.10.2023 18:00:00.000,141.09,141.14,140.53,140.92,-0.120490467
11.10.2023 19:00:00.000,140.92,141.76,140.88,141.38,0.326426341
11.10.2023 20:00:00.000,141.38,141.74,141.1,141.59,0.148535861
12.10.2023 14:00:00.000,141.39,141.93,141.11,141.8,0.289978075
12.10.2023 15:00:00.000,141.81,142.32,141.47,141.76,-0.035258444
12.10.2023 16:00:00.000,141.78,141.98,141.36,141.46,-0.225701792
12.10.2023 17:00:00.000,141.46,141.9,141.19,141.31,-0.106037042
12.10.2023 18:00:00.000,141.31,141.37,140,140.21,-0.778430401
12.10.2023 19:00:00.000,140.22,140.33,139.43,140.03,-0.135501355
12.10.2023 20:00:00.000,140.06,140.69,140.01,140.28,0.157075539
13.10.2023 14:00:00.000,141.18,141.27,140.37,140.49,-0.488737782
13.10.2023 15:00:00.000,140.46,140.46,138.97,139.35,-0.790260572
13.10.2023 16:00:00.000,139.35,139.36,138.13,138.15,-0.861141012
13.10.2023 17:00:00.000,138.15,139.33,138.06,138.9,0.542888165
13.10.2023 18:00:00.000,138.89,138.96,137.96,138.65,-0.172798618
13.10.2023 19:00:00.000,138.66,138.9,138.05,138.84,0.129813933
13.10.2023 20:00:00.000,138.83,139.22,138.37,138.7,-0.093639703
16.10.2023 14:00:00.000,139.96,140.24,139.37,140.05,0.064304087
16.10.2023 15:00:00.000,140.02,140.89,139.78,140.36,0.242822454
16.10.2023 16:00:00.000,140.36,140.4,139.79,139.82,-0.384724993
16.10.2023 17:00:00.000,139.82,140.15,139.64,140.08,0.185953369
16.10.2023 18:00:00.000,140.08,140.57,139.48,140.55,0.335522559
16.10.2023 19:00:00.000,140.54,140.84,140.44,140.79,0.1778853
16.10.2023 20:00:00.000,140.79,140.8,140.36,140.63,-0.113644435
17.10.2023 14:00:00.000,139.87,140.15,138.49,139.22,-0.464717237
17.10.2023 15:00:00.000,139.2,140.72,139.1,139.99,0.567528736
17.10.2023 16:00:00.000,139.99,140.56,139.76,140.46,0.335738267
17.10.2023 17:00:00.000,140.46,141.23,140.45,141.02,0.398690019
17.10.2023 18:00:00.000,141.03,141.2,140.29,140.38,-0.460894845
17.10.2023 19:00:00.000,140.39,140.87,140.13,140.44,0.035615072
17.10.2023 20:00:00.000,140.43,140.88,140.28,140.86,0.306202378
18.10.2023 14:00:00.000,141.81,141.97,140.57,141.5,-0.218602355
18.10.2023 15:00:00.000,141.49,141.97,140.5,140.64,-0.60074917
18.10.2023 16:00:00.000,140.63,141.57,140.6,141.28,0.462205788
18.10.2023 17:00:00.000,141.27,141.72,140.62,140.75,-0.368089474
18.10.2023 18:00:00.000,140.76,141.27,140.2,140.36,-0.28417164
18.10.2023 19:00:00.000,140.34,140.34,139.22,139.36,-0.698304119
18.10.2023 20:00:00.000,139.38,139.47,138.68,139.22,-0.114794088
19.10.2023 14:00:00.000,139.73,140.84,139.45,140.76,0.737135905
19.10.2023 15:00:00.000,140.77,140.99,139.64,139.97,-0.568302905
19.10.2023 16:00:00.000,139.98,140.2,139.24,139.94,-0.028575511
19.10.2023 17:00:00.000,139.95,140.85,138.66,140.21,0.185780636
19.10.2023 18:00:00.000,140.19,140.72,139.26,139.57,-0.442256937
19.10.2023 19:00:00.000,139.57,140.18,138.65,138.82,-0.537364763
19.10.2023 20:00:00.000,138.8,139.19,138.58,139.18,0.273775216
20.10.2023 14:00:00.000,137.48,138.99,137.4,138.07,0.429153331
20.10.2023 15:00:00.000,138.09,138.55,136.26,136.27,-1.317981027
20.10.2023 16:00:00.000,136.26,137.07,136.22,136.93,0.491707031
20.10.2023 17:00:00.000,136.94,138.16,136.6,138.12,0.861691252
20.10.2023 18:00:00.000,138.12,138.19,137.56,138.02,-0.072400811
20.10.2023 19:00:00.000,138.02,138.03,137.01,137.25,-0.557890161
20.10.2023 20:00:00.000,137.25,137.5,136.5,136.52,-0.531876138
23.10.2023 14:00:00.000,136.3,136.62,135.16,136.54,0.176082172
23.10.2023 15:00:00.000,136.53,137.42,136.45,137.42,0.651871384
23.10.2023 16:00:00.000,137.45,138.14,137.21,138.13,0.494725355
23.10.2023 17:00:00.000,138.14,138.67,137.91,138.67,0.383668742
23.10.2023 18:00:00.000,138.68,138.89,138.25,138.72,0.02884338
23.10.2023 19:00:00.000,138.71,139.01,138.33,138.62,-0.06488357
23.10.2023 20:00:00.000,138.6,138.9,137.81,137.84,-0.548340548
24.10.2023 14:00:00.000,139.41,140.08,138.83,140.04,0.451904454
24.10.2023 15:00:00.000,140.06,140.56,139.52,140.39,0.235613309
24.10.2023 16:00:00.000,140.39,140.7,140.02,140.37,-0.014246029
24.10.2023 17:00:00.000,140.35,140.46,138.87,139.04,-0.933380834
24.10.2023 18:00:00.000,139.02,139.97,138.92,139.72,0.503524673
24.10.2023 19:00:00.000,139.68,140.25,139.58,140.01,0.236254296
24.10.2023 20:00:00.000,140.01,140.59,139.78,140,-0.007142347
25.10.2023 14:00:00.000,128.31,128.65,126.4,128.61,0.233808744
25.10.2023 15:00:00.000,128.58,128.72,127.07,127.54,-0.808834967
25.10.2023 16:00:00.000,127.54,128.02,126.68,126.93,-0.478281324
25.10.2023 17:00:00.000,126.9,127.99,126.77,127.5,0.472813239
25.10.2023 18:00:00.000,127.51,128.07,126.21,126.6,-0.713669516
25.10.2023 19:00:00.000,126.6,126.8,126.07,126.73,0.102685624
25.10.2023 20:00:00.000,126.74,127.34,126.33,126.82,0.063121351
26.10.2023 14:00:00.000,124.57,125.44,122.43,122.69,-1.509191619
26.10.2023 15:00:00.000,122.67,124.88,122.32,124.46,1.459199478
26.10.2023 16:00:00.000,124.47,124.54,123.54,123.84,-0.506146059
26.10.2023 17:00:00.000,123.86,124.06,122.89,122.94,-0.7427741
26.10.2023 18:00:00.000,122.96,123.8,122.74,123.65,0.5611581
26.10.2023 19:00:00.000,123.64,124.54,123.43,124.17,0.428663863
26.10.2023 20:00:00.000,124.18,124.51,123.24,123.51,-0.539539378
27.10.2023 14:00:00.000,123.52,123.71,121.47,122.32,-0.971502591
27.10.2023 15:00:00.000,122.23,123.11,121.79,122.37,0.114538166
27.10.2023 16:00:00.000,122.4,123.58,122.15,123.58,0.964052288
27.10.2023 17:00:00.000,123.56,123.97,123,123.05,-0.412754937
27.10.2023 18:00:00.000,123.04,123.17,122.43,122.71,-0.268205462
27.10.2023 19:00:00.000,122.7,123.35,122.29,123.02,0.260798696
27.10.2023 20:00:00.000,123.01,123.49,122.8,123.27,0.21136493
30.10.2023 14:00:00.000,124.8,126.29,124.65,126.28,1.185897436
30.10.2023 15:00:00.000,126.36,126.53,124.58,125.57,-0.625197847
30.10.2023 16:00:00.000,125.58,126.04,125.2,125.89,0.246854595
30.10.2023 17:00:00.000,125.87,126.01,125.21,125.46,-0.325732899
30.10.2023 18:00:00.000,125.46,126.4,125.34,126.4,0.749242787
30.10.2023 19:00:00.000,126.4,126.42,125.96,126.05,-0.276898734
30.10.2023 20:00:00.000,126.05,126.41,125.59,125.82,-0.182467275
31.10.2023 14:00:00.000,125.61,125.65,124.88,125.12,-0.39009633
31.10.2023 15:00:00.000,125.11,126.12,124.58,124.7,-0.327711614
31.10.2023 16:00:00.000,124.7,125.14,124.31,124.54,-0.128307939
31.10.2023 17:00:00.000,124.53,124.54,123.9,124.48,-0.040150968
31.10.2023 18:00:00.000,124.48,124.94,124.22,124.81,0.265102828
31.10.2023 19:00:00.000,124.81,125.1,124.57,125,0.152231392
31.10.2023 20:00:00.000,125.01,125.34,124.96,125.15,0.111991041
01.11.2023 14:00:00.000,125.7,126.83,125.58,126.27,0.453460621
01.11.2023 15:00:00.000,126.24,126.82,125.79,126.66,0.33269962
01.11.2023 16:00:00.000,126.64,126.84,126.04,126.16,-0.379027164
01.11.2023 17:00:00.000,126.18,126.29,125.89,125.98,-0.158503725
01.11.2023 18:00:00.000,125.98,126.25,125.86,126.18,0.158755358
01.11.2023 19:00:00.000,126.18,127.44,126.18,127.12,0.744967507
01.11.2023 20:00:00.000,127.15,127.72,127.13,127.53,0.298859615
02.11.2023 14:00:00.000,129.62,129.62,128.7,128.91,-0.547754976
02.11.2023 15:00:00.000,128.95,129.23,128.2,128.66,-0.22489337
02.11.2023 16:00:00.000,128.68,128.85,128.21,128.55,-0.1010258
02.11.2023 17:00:00.000,128.56,128.69,128.16,128.41,-0.116677038
02.11.2023 18:00:00.000,128.39,128.92,128.08,128.77,0.295973207
02.11.2023 19:00:00.000,128.79,129.1,128.67,128.81,0.015529156
02.11.2023 20:00:00.000,128.8,128.86,128.53,128.63,-0.131987578
03.11.2023 14:00:00.000,129.39,130.1,128.99,129.74,0.270500039
03.11.2023 15:00:00.000,129.74,130.24,129.2,130.16,0.323724372
03.11.2023 16:00:00.000,130.17,130.71,129.97,130.62,0.345701775
03.11.2023 17:00:00.000,130.62,130.66,130.14,130.2,-0.321543408
03.11.2023 18:00:00.000,130.18,130.26,129.64,130.01,-0.130588416
03.11.2023 19:00:00.000,130.01,130.35,129.9,130.26,0.192292901
03.11.2023 20:00:00.000,130.26,130.48,130.16,130.45,0.145862122
06.11.2023 14:00:00.000,129.97,131.26,129.91,130.75,0.600138493
06.11.2023 15:00:00.000,130.8,131.1,130.29,130.8,0
06.11.2023 16:00:00.000,130.8,131.1,130.67,131.05,0.191131498
06.11.2023 17:00:00.000,131.03,131.04,130.67,130.96,-0.05342288
06.11.2023 18:00:00.000,130.94,130.97,130.44,130.88,-0.045822514
06.11.2023 19:00:00.000,130.89,131.34,130.73,131.18,0.221560089
06.11.2023 20:00:00.000,131.18,131.42,131.03,131.35,0.129592926
07.11.2023 14:00:00.000,131.41,132.01,131.13,131.96,0.418537402
07.11.2023 15:00:00.000,131.98,132.87,131.54,132.76,0.590998636
07.11.2023 16:00:00.000,132.77,132.96,132.32,132.52,-0.188295549
07.11.2023 17:00:00.000,132.53,132.59,132.26,132.5,-0.022636384
07.11.2023 18:00:00.000,132.49,133.15,132.44,133.04,0.41512567
07.11.2023 19:00:00.000,133.03,133.26,132.77,132.9,-0.097722318
07.11.2023 20:00:00.000,132.89,133.02,132.33,132.34,-0.413876138
08.11.2023 14:00:00.000,133.12,133.15,132.33,132.41,-0.533353365
08.11.2023 15:00:00.000,132.44,132.8,132.14,132.53,0.067955301
08.11.2023 16:00:00.000,132.54,133.09,132.4,132.75,0.158442734
08.11.2023 17:00:00.000,132.74,132.87,132.45,132.6,-0.105469339
08.11.2023 18:00:00.000,132.6,133.06,132.49,132.7,0.075414781
08.11.2023 19:00:00.000,132.72,133.52,132.65,132.98,0.195901145
08.11.2023 20:00:00.000,132.98,133.34,132.65,133.17,0.142878628
09.11.2023 14:00:00.000,133.21,133.58,132.65,133.53,0.240222206
09.11.2023 15:00:00.000,133.56,133.66,132.74,133.38,-0.134770889
09.11.2023 16:00:00.000,133.37,133.94,133.33,133.78,0.307415461
09.11.2023 17:00:00.000,133.77,133.78,132.89,133.19,-0.433580025
09.11.2023 18:00:00.000,133.21,133.23,132.13,132.22,-0.743187448
09.11.2023 19:00:00.000,132.22,132.34,131.75,131.83,-0.294962941
09.11.2023 20:00:00.000,131.83,132,131.52,131.57,-0.197223697
10.11.2023 14:00:00.000,131.2,132.36,131.08,132.31,0.846036585
10.11.2023 15:00:00.000,132.28,132.33,131.19,131.59,-0.521620804
10.11.2023 16:00:00.000,131.58,133.04,131.58,133.01,1.086791306
10.11.2023 17:00:00.000,133.01,133.74,133,133.61,0.451093903
10.11.2023 18:00:00.000,133.61,134.03,133.31,133.79,0.134720455
10.11.2023 19:00:00.000,133.79,134.06,133.73,133.93,0.104641603
10.11.2023 20:00:00.000,133.93,134.26,133.89,133.96,0.022399761
13.11.2023 14:00:00.000,133.41,133.6,132.74,133.13,-0.209879319
13.11.2023 15:00:00.000,133.14,133.83,133.08,133.68,0.405588103
13.11.2023 16:00:00.000,133.68,134.01,133.53,133.78,0.074805506
13.11.2023 17:00:00.000,133.78,133.9,133.55,133.7,-0.059799671
13.11.2023 18:00:00.000,133.69,133.93,133.47,133.69,0
13.11.2023 19:00:00.000,133.69,134.1,133.64,133.96,0.201959758
13.11.2023 20:00:00.000,133.94,134.09,133.58,133.58,-0.268777064
14.11.2023 14:00:00.000,136.15,136.56,135.71,136.51,0.264414249
14.11.2023 15:00:00.000,136.57,137.23,135.8,135.85,-0.527202167
14.11.2023 16:00:00.000,135.84,136.09,135.5,135.65,-0.139870436
14.11.2023 17:00:00.000,135.65,136.21,135.49,136.21,0.412827129
14.11.2023 18:00:00.000,136.23,136.57,136.13,136.13,-0.07340527
14.11.2023 19:00:00.000,136.13,136.51,135.89,136.43,0.22037758
14.11.2023 20:00:00.000,136.41,136.46,135.22,135.23,-0.86503922
15.11.2023 14:00:00.000,136.05,136.3,135.42,135.78,-0.19845645
15.11.2023 15:00:00.000,135.77,136.18,135.48,135.91,0.103115563
15.11.2023 16:00:00.000,135.94,136.34,135.67,135.79,-0.110342798
15.11.2023 17:00:00.000,135.79,136.04,135.64,135.69,-0.073643125
15.11.2023 18:00:00.000,135.69,136.23,135.32,136.2,0.375856732
15.11.2023 19:00:00.000,136.19,136.35,135.96,136.19,0
15.11.2023 20:00:00.000,136.18,136.51,135.99,136.24,0.044059333
16.11.2023 14:00:00.000,136.28,137.91,136.07,137.68,1.027296742
16.11.2023 15:00:00.000,137.68,138.85,137.64,137.9,0.159790819
16.11.2023 16:00:00.000,137.9,138.24,137.51,138.16,0.188542422
16.11.2023 17:00:00.000,138.18,138.62,138.13,138.5,0.231581994
16.11.2023 18:00:00.000,138.5,138.6,138,138.48,-0.014440433
16.11.2023 19:00:00.000,138.48,138.74,138.36,138.48,0
16.11.2023 20:00:00.000,138.5,138.66,138.29,138.46,-0.028880866
17.11.2023 14:00:00.000,137.48,137.74,136.85,137.22,-0.189118417
17.11.2023 15:00:00.000,137.18,137.26,135.82,136.06,-0.816445546
17.11.2023 16:00:00.000,136.06,136.15,135.45,135.95,-0.080846685
17.11.2023 17:00:00.000,135.96,136.18,135.7,136.04,0.058840836
17.11.2023 18:00:00.000,136.04,136.29,136.01,136.15,0.080858571
17.11.2023 19:00:00.000,136.16,136.65,136.16,136.39,0.168918919
17.11.2023 20:00:00.000,136.39,137.27,136.2,136.78,0.285944717
20.11.2023 14:00:00.000,136.9,137.34,136.41,137.31,0.299488678
20.11.2023 15:00:00.000,137.35,137.58,136.63,137.5,0.109210047
20.11.2023 16:00:00.000,137.51,138.02,137.41,137.68,0.123627373
20.11.2023 17:00:00.000,137.68,138.03,137.5,137.82,0.101685067
20.11.2023 18:00:00.000,137.82,138.41,137.8,138,0.130605137
20.11.2023 19:00:00.000,137.98,138.09,137.71,137.87,-0.079721699
20.11.2023 20:00:00.000,137.87,138.17,137.76,137.92,0.036266048
21.11.2023 14:00:00.000,138.27,138.56,137.98,138.39,0.086786722
21.11.2023 15:00:00.000,138.43,138.94,138.05,138.26,-0.12280575
21.11.2023 16:00:00.000,138.26,138.28,137.68,138.1,-0.115723998
21.11.2023 17:00:00.000,138.1,138.5,138.05,138.36,0.18826937
21.11.2023 18:00:00.000,138.38,138.73,138.06,138.44,0.043358867
21.11.2023 19:00:00.000,138.44,138.66,138.26,138.5,0.043340075
21.11.2023 20:00:00.000,138.49,138.69,138.34,138.51,0.014441476
22.11.2023 14:00:00.000,140.6,141.07,139.47,139.57,-0.73257468
22.11.2023 15:00:00.000,139.66,140.66,139.33,139.92,0.186166404
22.11.2023 16:00:00.000,139.93,140.43,139.88,140.27,0.242978632
22.11.2023 17:00:00.000,140.27,140.31,139.81,139.95,-0.228131461
22.11.2023 18:00:00.000,139.95,140.25,139.76,140.15,0.142908181
22.11.2023 19:00:00.000,140.16,140.36,139.71,140,-0.114155251
22.11.2023 20:00:00.000,140,140.1,139.86,139.99,-0.007142857
24.11.2023 14:00:00.000,139.29,139.47,138.51,139.04,-0.179481657
24.11.2023 15:00:00.000,139.04,139.04,137.48,137.59,-1.042865362
24.11.2023 16:00:00.000,137.59,138.15,137.57,138.1,0.370666473
24.11.2023 17:00:00.000,138.11,138.37,138.02,138.26,0.10860908
27.11.2023 14:00:00.000,138.74,138.88,138.11,138.28,-0.331555427
27.11.2023 15:00:00.000,138.29,138.54,137.77,138.09,-0.144623617
27.11.2023 16:00:00.000,138.09,138.25,137.58,138.22,0.094141502
27.11.2023 17:00:00.000,138.22,138.48,138.13,138.46,0.173636232
27.11.2023 18:00:00.000,138.47,138.66,138.1,138.25,-0.15887918
27.11.2023 19:00:00.000,138.25,138.29,137.8,138.1,-0.108499096
27.11.2023 20:00:00.000,138.09,138.36,138.02,138.06,-0.021724962
28.11.2023 14:00:00.000,137.55,137.57,137.4,137.48,-0.050890585
28.11.2023 15:00:00.000,137.16,138.04,137.01,137.84,0.495771362
28.11.2023 16:00:00.000,137.84,138.22,137.7,138.12,0.203134068
28.11.2023 17:00:00.000,138.14,138.31,137.87,137.99,-0.108585493
28.11.2023 18:00:00.000,138,138.19,137.63,138.08,0.057971014
28.11.2023 19:00:00.000,138.07,138.29,137.84,138.16,0.065184327
28.11.2023 20:00:00.000,138.17,138.58,137.95,138.53,0.2605486
29.11.2023 14:00:00.000,139.58,139.62,139.24,139.24,-0.243587907
29.11.2023 15:00:00.000,139.05,139.25,137.3,137.57,-1.064365336
29.11.2023 16:00:00.000,137.57,137.7,136.81,137.37,-0.145380534
29.11.2023 17:00:00.000,137.37,137.46,136.96,137.06,-0.225667904
29.11.2023 18:00:00.000,137.05,137.13,136.58,136.81,-0.17511857
29.11.2023 19:00:00.000,136.82,136.95,136.45,136.59,-0.168104078
29.11.2023 20:00:00.000,136.6,136.63,136.28,136.43,-0.124450952
30.11.2023 14:00:00.000,136.76,136.77,135.36,135.38,-1.009066979
30.11.2023 15:00:00.000,135.38,135.44,133.83,134.11,-0.938100163
30.11.2023 16:00:00.000,134.11,134.31,133.35,133.37,-0.551785847
30.11.2023 17:00:00.000,133.37,133.77,133.16,133.23,-0.104971133
30.11.2023 18:00:00.000,133.23,133.27,132.78,132.93,-0.22517451
30.11.2023 19:00:00.000,132.93,133.51,132.9,133.5,0.428797111
30.11.2023 20:00:00.000,133.5,133.9,132.91,133.82,0.239700375
01.12.2023 14:00:00.000,132.93,133.05,132.68,132.73,-0.150455127
01.12.2023 15:00:00.000,132.61,133.18,132.13,132.31,-0.226227283
01.12.2023 16:00:00.000,132.31,133.04,132.13,132.87,0.423248432
01.12.2023 17:00:00.000,132.87,133.46,132.79,133.32,0.338676902
01.12.2023 18:00:00.000,133.32,133.42,132.87,132.94,-0.285028503
01.12.2023 19:00:00.000,132.94,133.26,132.81,133.18,0.180532571
01.12.2023 20:00:00.000,133.18,133.39,133,133.19,0.007508635
04.12.2023 14:00:00.000,130.73,130.85,130.39,130.79,0.045896122
04.12.2023 15:00:00.000,130.54,130.81,129.41,129.64,-0.689443849
04.12.2023 16:00:00.000,129.64,130.21,129.38,130.16,0.401110768
04.12.2023 17:00:00.000,130.16,130.59,129.95,130.5,0.261216964
04.12.2023 18:00:00.000,130.49,130.5,129.89,129.95,-0.413824814
04.12.2023 19:00:00.000,129.93,130.51,129.56,130.08,0.115446779
04.12.2023 20:00:00.000,130.09,130.76,130.02,130.62,0.407410254
05.12.2023 14:00:00.000,129.8,130.91,129.71,130.87,0.824345146
05.12.2023 15:00:00.000,131.87,133.29,131.6,133.14,0.96306969
05.12.2023 16:00:00.000,133.14,133.52,131.97,132.18,-0.721045516
05.12.2023 17:00:00.000,132.18,132.41,131.8,132.15,-0.022696323
05.12.2023 18:00:00.000,132.16,132.18,131.78,131.95,-0.158898305
05.12.2023 19:00:00.000,131.96,132.41,131.79,132.36,0.303122158
05.12.2023 20:00:00.000,132.37,132.53,132.18,132.29,-0.060436655
06.12.2023 14:00:00.000,132.67,133.23,132.56,132.64,-0.022612497
06.12.2023 15:00:00.000,132.64,132.94,131.95,132.8,0.120627262
06.12.2023 16:00:00.000,132.82,132.88,131.82,132.29,-0.39903629
06.12.2023 17:00:00.000,132.29,132.46,131.83,131.86,-0.325043465
06.12.2023 18:00:00.000,131.86,132.11,131.66,132,0.106173214
06.12.2023 19:00:00.000,131.99,132.14,131.79,131.91,-0.060610652
06.12.2023 20:00:00.000,131.92,131.95,131.4,131.43,-0.371437235
07.12.2023 14:00:00.000,138.98,139.46,138.18,138.45,-0.381349835
07.12.2023 15:00:00.000,138.47,138.82,137.59,138.29,-0.129992056
07.12.2023 16:00:00.000,138.3,138.57,137.28,138.56,0.187997108
07.12.2023 17:00:00.000,138.54,139.98,138.53,139.33,0.570232424
07.12.2023 18:00:00.000,139.35,139.38,138.24,138.72,-0.452099031
07.12.2023 19:00:00.000,138.69,138.86,138.29,138.51,-0.129785853
07.12.2023 20:00:00.000,138.51,138.83,138.14,138.2,-0.223810555
08.12.2023 14:00:00.000,136.28,136.91,136.08,136.37,0.066040505
08.12.2023 15:00:00.000,136.37,137.97,136.37,137.12,0.549974335
08.12.2023 16:00:00.000,137.11,137.21,136.22,136.27,-0.61264678
08.12.2023 17:00:00.000,136.27,136.6,135.79,136.53,0.190797681
08.12.2023 18:00:00.000,136.53,136.61,136.19,136.44,-0.065919578
08.12.2023 19:00:00.000,136.45,136.87,136.28,136.78,0.24184683
08.12.2023 20:00:00.000,136.77,136.79,136.55,136.64,-0.095050084
11.12.2023 14:00:00.000,133.55,134.53,133.12,134.35,0.599026582
11.12.2023 15:00:00.000,134.4,134.48,133.39,134.01,-0.290178571
11.12.2023 16:00:00.000,134.02,134.02,133.34,133.69,-0.246231906
11.12.2023 17:00:00.000,133.71,134.12,133.52,134,0.216887293
11.12.2023 18:00:00.000,134,134.32,133.93,134.07,0.052238806
11.12.2023 19:00:00.000,134.09,134.3,133.89,134.27,0.134238198
11.12.2023 20:00:00.000,134.29,134.62,134.17,134.56,0.201057413
12.12.2023 14:00:00.000,134.04,134.49,132.87,133.68,-0.268576544
12.12.2023 15:00:00.000,133.68,133.96,133.46,133.77,0.067324955
12.12.2023 16:00:00.000,133.79,134.03,133.57,133.66,-0.097167202
12.12.2023 17:00:00.000,133.67,133.81,133.39,133.8,0.097254433
12.12.2023 18:00:00.000,133.8,134.13,133.72,134.05,0.186846039
12.12.2023 19:00:00.000,134.04,134.1,133.4,133.5,-0.402864816
12.12.2023 20:00:00.000,133.5,133.84,133.33,133.65,0.112359551
13.12.2023 15:00:00.000,133.91,134.31,133.77,134.06,0.112015533
13.12.2023 16:00:00.000,134.06,134.18,133.32,133.36,-0.522154259
13.12.2023 17:00:00.000,133.36,133.49,133.2,133.29,-0.052489502
13.12.2023 18:00:00.000,133.28,133.3,132.94,132.96,-0.240096038
13.12.2023 19:00:00.000,132.96,134.39,132.96,134.18,0.917569194
13.12.2023 20:00:00.000,134.17,134.62,133.31,133.55,-0.46210032
14.12.2023 14:00:00.000,134.01,135.01,133.7,133.83,-0.134318334
14.12.2023 15:00:00.000,133.83,133.83,131.9,132.2,-1.217963087
14.12.2023 16:00:00.000,132.2,132.67,131.58,132.58,0.287443268
14.12.2023 17:00:00.000,132.58,132.87,131.9,131.91,-0.505355257
14.12.2023 18:00:00.000,131.91,131.91,131.06,131.26,-0.492760215
14.12.2023 19:00:00.000,131.25,132.87,131.23,132.72,1.12
14.12.2023 20:00:00.000,132.72,133.23,132.58,133.13,0.308921037
15.12.2023 14:00:00.000,133.03,134.79,133.03,133.86,0.623919417
15.12.2023 15:00:00.000,133.92,134.09,133.07,133.1,-0.612305854
15.12.2023 16:00:00.000,133.12,133.49,132.89,132.99,-0.09765625
15.12.2023 17:00:00.000,133.01,133.4,132.76,132.76,-0.187955793
15.12.2023 18:00:00.000,132.77,133.22,132.68,132.91,0.105445507
15.12.2023 19:00:00.000,132.91,133.59,132.82,133.58,0.504100519
15.12.2023 20:00:00.000,133.59,133.98,133.51,133.72,0.097312673
18.12.2023 14:00:00.000,134.78,136.09,134.58,135.99,0.897759311
18.12.2023 15:00:00.000,136,137.36,135.94,136.52,0.382352941
18.12.2023 16:00:00.000,136.5,137.88,136.41,137.86,0.996336996
18.12.2023 17:00:00.000,137.85,138.36,137.09,137.7,-0.108813928
18.12.2023 18:00:00.000,137.71,137.89,137.36,137.51,-0.145232735
18.12.2023 19:00:00.000,137.5,137.67,137.29,137.48,-0.014545455
18.12.2023 20:00:00.000,137.51,137.79,137.33,137.41,-0.072721984
19.12.2023 14:00:00.000,138.11,138.62,137.59,137.97,-0.101368474
19.12.2023 15:00:00.000,138.03,138.24,137.47,137.79,-0.173875245
19.12.2023 16:00:00.000,137.77,138.16,137.64,137.85,0.058067794
19.12.2023 17:00:00.000,137.86,137.93,137.51,137.84,-0.014507471
19.12.2023 18:00:00.000,137.83,138.52,137.79,138.42,0.428063557
19.12.2023 19:00:00.000,138.42,138.71,138.35,138.37,-0.036121948
19.12.2023 20:00:00.000,138.36,138.46,137.95,138.1,-0.187915583
20.12.2023 14:00:00.000,141.61,141.68,140.71,141.11,-0.353082409
20.12.2023 15:00:00.000,141.13,143.05,141.02,142.34,0.857365549
20.12.2023 16:00:00.000,142.34,142.62,141.7,141.84,-0.351271603
20.12.2023 17:00:00.000,141.84,142.18,141.76,142.13,0.204455725
20.12.2023 18:00:00.000,142.13,142.31,141.79,141.95,-0.126644621
20.12.2023 19:00:00.000,141.93,142.14,140.06,140.09,-1.296413725
20.12.2023 20:00:00.000,140.1,140.53,139.38,139.76,-0.242683797
21.12.2023 14:00:00.000,140.95,141.18,140.47,140.97,0.014189429
21.12.2023 15:00:00.000,140.98,141.88,140.6,141.38,0.283728188
21.12.2023 16:00:00.000,141.36,141.82,141.17,141.2,-0.113186191
21.12.2023 17:00:00.000,141.24,141.35,140.91,141.26,0.014160295
21.12.2023 18:00:00.000,141.25,141.55,141.1,141.43,0.127433628
21.12.2023 19:00:00.000,141.45,141.45,141.1,141.33,-0.084835631
21.12.2023 20:00:00.000,141.33,142.03,141.14,141.99,0.466992146
22.12.2023 14:00:00.000,142.54,143.22,142.31,142.54,0
22.12.2023 15:00:00.000,142.59,142.97,142.25,142.26,-0.231432779
22.12.2023 16:00:00.000,142.25,142.63,142.07,142.14,-0.077328647
22.12.2023 17:00:00.000,142.17,142.82,142.06,142.81,0.450165295
22.12.2023 18:00:00.000,142.8,142.92,142.56,142.58,-0.154061625
22.12.2023 19:00:00.000,142.58,142.8,142.04,142.77,0.133258522
22.12.2023 20:00:00.000,142.79,142.86,142.47,142.74,-0.035016458
26.12.2023 14:00:00.000,143.51,143.92,143.29,143.5,-0.006968156
26.12.2023 15:00:00.000,143.49,143.53,142.95,143.04,-0.313610705
26.12.2023 16:00:00.000,143.02,143.06,142.49,142.87,-0.104880436
26.12.2023 17:00:00.000,142.86,142.89,142.6,142.64,-0.15399692
26.12.2023 18:00:00.000,142.64,142.72,142.52,142.62,-0.014021312
26.12.2023 19:00:00.000,142.63,142.73,142.51,142.62,-0.007011148
26.12.2023 20:00:00.000,142.63,142.97,142.6,142.8,0.119189511
27.12.2023 14:00:00.000,142.82,142.95,142.02,142.15,-0.469121972
27.12.2023 15:00:00.000,142.19,142.19,141.19,141.63,-0.393839229
27.12.2023 16:00:00.000,141.65,141.68,141.26,141.45,-0.141193082
27.12.2023 17:00:00.000,141.44,141.63,141.18,141.22,-0.155542986
27.12.2023 18:00:00.000,141.23,141.74,141.2,141.52,0.205338809
27.12.2023 19:00:00.000,141.52,141.53,141.03,141.17,-0.247314867
27.12.2023 20:00:00.000,141.18,141.42,141.09,141.24,0.042498938
28.12.2023 14:00:00.000,141.79,141.82,141.07,141.14,-0.45842443
28.12.2023 15:00:00.000,141.13,141.75,140.81,141.54,0.290512294
28.12.2023 16:00:00.000,141.55,141.66,141.2,141.41,-0.098904981
28.12.2023 17:00:00.000,141.41,141.54,141.27,141.4,-0.007071636
28.12.2023 18:00:00.000,141.42,141.65,141.24,141.5,0.056569085
28.12.2023 19:00:00.000,141.5,141.74,141.43,141.5,0
28.12.2023 20:00:00.000,141.5,141.53,141.12,141.29,-0.148409894
29.12.2023 14:00:00.000,140.83,141.41,140.74,141.23,0.284030391
29.12.2023 15:00:00.000,141.22,141.27,140.45,140.69,-0.375300949
29.12.2023 16:00:00.000,140.7,140.78,139.9,140.35,-0.248756219
29.12.2023 17:00:00.000,140.35,140.53,140.05,140.5,0.106875668
29.12.2023 18:00:00.000,140.49,140.81,140.44,140.7,0.149476831
29.12.2023 19:00:00.000,140.71,141.16,140.63,141.08,0.262952171
29.12.2023 20:00:00.000,141.09,141.18,140.85,141.04,-0.035438373
02.01.2024 14:00:00.000,140.04,140.09,137.8,137.88,-1.542416452
02.01.2024 15:00:00.000,137.84,138.84,137.74,138.09,0.181369704
02.01.2024 16:00:00.000,138.09,139.25,138.09,139.24,0.832790209
02.01.2024 17:00:00.000,139.25,139.55,138.8,138.83,-0.301615799
02.01.2024 18:00:00.000,138.82,139.44,138.74,139.05,0.165682178
02.01.2024 19:00:00.000,139.05,139.16,138.68,138.69,-0.258899676
02.01.2024 20:00:00.000,138.69,139.51,138.49,139.42,0.526353739
03.01.2024 14:00:00.000,139.03,139.88,138.99,139.16,0.093504999
03.01.2024 15:00:00.000,139.1,140.14,138.95,140.1,0.718907261
03.01.2024 16:00:00.000,140.1,140.37,139.9,140.19,0.064239829
03.01.2024 17:00:00.000,140.19,140.7,139.99,140.68,0.349525644
03.01.2024 18:00:00.000,140.67,140.79,140.27,140.46,-0.149285562
03.01.2024 19:00:00.000,140.46,141.05,140.08,141,0.384451089
03.01.2024 20:00:00.000,141,141.08,140.08,140.12,-0.624113475
04.01.2024 14:00:00.000,139.92,140.26,139.7,139.74,-0.12864494
04.01.2024 15:00:00.000,139.7,140.24,139.48,139.89,0.136005727
04.01.2024 16:00:00.000,139.92,140.62,139.53,139.56,-0.25728988
04.01.2024 17:00:00.000,139.56,139.69,138.86,139.04,-0.372599599
04.01.2024 18:00:00.000,139.04,139.33,138.81,139.06,0.01438435
04.01.2024 19:00:00.000,139.05,139.08,138.4,138.62,-0.30924128
04.01.2024 20:00:00.000,138.62,138.82,138.17,138.24,-0.274130717
05.01.2024 14:00:00.000,138.36,138.71,137.99,138.17,-0.137322926
05.01.2024 15:00:00.000,138.19,138.79,138.05,138.25,0.043418482
05.01.2024 16:00:00.000,138.24,138.38,137.28,137.65,-0.426793981
05.01.2024 17:00:00.000,137.65,137.73,137.17,137.56,-0.065383218
05.01.2024 18:00:00.000,137.56,137.76,137.14,137.6,0.02907822
05.01.2024 19:00:00.000,137.6,137.73,136.96,137.02,-0.421511628
05.01.2024 20:00:00.000,137,137.29,136.83,137.21,0.153284672
08.01.2024 14:00:00.000,138.25,138.73,138.05,138.65,0.289330922
08.01.2024 15:00:00.000,138.64,139.08,138.21,138.91,0.19474899
08.01.2024 16:00:00.000,138.91,139.36,138.82,139.31,0.287956231
08.01.2024 17:00:00.000,139.29,139.77,139.21,139.46,0.122047527
08.01.2024 18:00:00.000,139.45,139.93,139.23,139.86,0.294012191
08.01.2024 19:00:00.000,139.85,140.45,139.76,140.34,0.350375402
08.01.2024 20:00:00.000,140.34,140.53,140.15,140.42,0.057004418
09.01.2024 14:00:00.000,140.67,141.41,140.31,141.09,0.298571124
09.01.2024 15:00:00.000,141.09,141.61,140.81,141.39,0.212630236
09.01.2024 16:00:00.000,141.39,142.36,141.38,142.36,0.686045689
09.01.2024 17:00:00.000,142.37,142.68,142.15,142.52,0.105359275
09.01.2024 18:00:00.000,142.52,142.78,142.06,142.34,-0.126298063
09.01.2024 19:00:00.000,142.33,142.53,142.01,142.14,-0.133492588
09.01.2024 20:00:00.000,142.13,142.32,141.83,142.28,0.105537184
10.01.2024 14:00:00.000,143.07,144,142.85,143.24,0.118822954
10.01.2024 15:00:00.000,143.24,143.4,142.54,143.36,0.083775482
10.01.2024 16:00:00.000,143.37,143.51,142.91,143.22,-0.104624398
10.01.2024 17:00:00.000,143.24,143.81,143.1,143.77,0.370008378
10.01.2024 18:00:00.000,143.77,144.02,143.63,143.89,0.083466648
10.01.2024 19:00:00.000,143.89,144.51,143.88,144.27,0.264090625
10.01.2024 20:00:00.000,144.27,144.27,143.28,143.58,-0.478269911
11.01.2024 14:00:00.000,146.15,146.61,144.51,144.91,-0.84844338
11.01.2024 15:00:00.000,144.94,144.98,143.54,143.64,-0.896922865
11.01.2024 16:00:00.000,143.64,143.79,142.54,142.56,-0.751879699
11.01.2024 17:00:00.000,142.56,142.87,142.19,142.43,-0.091189675
11.01.2024 18:00:00.000,142.41,143.43,142.41,143.36,0.667087985
11.01.2024 19:00:00.000,143.36,143.95,143.14,143.89,0.369698661
11.01.2024 20:00:00.000,143.91,143.91,143.23,143.35,-0.389132096
12.01.2024 14:00:00.000,143.43,144.42,143.35,143.88,0.313741895
12.01.2024 15:00:00.000,143.87,144.2,143.48,144.14,0.187669424
12.01.2024 16:00:00.000,144.15,144.72,144.02,144.13,-0.013874436
12.01.2024 17:00:00.000,144.13,144.6,144.02,144.5,0.25671269
12.01.2024 18:00:00.000,144.52,144.73,144.42,144.48,-0.02767783
12.01.2024 19:00:00.000,144.48,144.66,144.22,144.3,-0.124584718
12.01.2024 20:00:00.000,144.3,144.38,144.14,144.22,-0.055440055
16.01.2024 14:00:00.000,145.19,145.78,144.24,144.96,-0.158413114
16.01.2024 15:00:00.000,144.97,145.12,144.46,144.58,-0.269021177
16.01.2024 16:00:00.000,144.58,144.65,143.86,143.97,-0.421911744
16.01.2024 17:00:00.000,143.95,144.08,143.31,143.39,-0.389023967
16.01.2024 18:00:00.000,143.38,143.8,143.23,143.32,-0.041846841
16.01.2024 19:00:00.000,143.33,143.67,143.04,143.61,0.19535338
16.01.2024 20:00:00.000,143.6,143.79,143.47,143.75,0.104456825
17.01.2024 14:00:00.000,142.23,142.61,140.83,140.94,-0.906981649
17.01.2024 15:00:00.000,140.94,142.06,140.49,141.87,0.659855258
17.01.2024 16:00:00.000,141.87,142.61,141.86,142.24,0.260802143
17.01.2024 17:00:00.000,142.24,142.47,142.02,142.41,0.11951631
17.01.2024 18:00:00.000,142.41,142.63,141.59,141.85,-0.393230812
17.01.2024 19:00:00.000,141.85,142.46,141.8,142.35,0.352485019
17.01.2024 20:00:00.000,142.35,143.03,142.26,142.91,0.393396558
18.01.2024 14:00:00.000,144.06,144.68,143.74,144.1,0.027766209
18.01.2024 15:00:00.000,144.1,144.84,143.41,144.83,0.506592644
18.01.2024 16:00:00.000,144.83,145.58,144.68,145.17,0.234757992
18.01.2024 17:00:00.000,145.19,145.25,144.28,144.34,-0.585439769
18.01.2024 18:00:00.000,144.33,144.64,144.07,144.57,0.166285596
18.01.2024 19:00:00.000,144.59,145.45,144.49,145.43,0.58095304
18.01.2024 20:00:00.000,145.44,145.44,144.83,144.99,-0.309405941
19.01.2024 14:00:00.000,146.61,147.23,146.33,146.73,0.081849806
19.01.2024 15:00:00.000,146.75,147.55,146.49,147.42,0.456558773
19.01.2024 16:00:00.000,147.44,147.92,147.09,147.26,-0.122083559
19.01.2024 17:00:00.000,147.27,147.43,146.76,147.25,-0.013580498
19.01.2024 18:00:00.000,147.25,147.76,146.97,147.71,0.312393888
19.01.2024 19:00:00.000,147.69,147.74,147.09,147.53,-0.108335026
19.01.2024 20:00:00.000,147.55,147.96,147.48,147.94,0.264317181
22.01.2024 15:00:00.000,149.54,149.68,148.51,148.69,-0.56840979
22.01.2024 16:00:00.000,148.71,148.98,148.56,148.81,0.067244973
22.01.2024 17:00:00.000,148.83,148.95,148.34,148.75,-0.053752604
22.01.2024 18:00:00.000,148.75,148.75,148.29,148.65,-0.067226891
22.01.2024 19:00:00.000,148.65,148.7,148.31,148.55,-0.067272116
22.01.2024 20:00:00.000,148.55,148.57,147.64,147.64,-0.612588354
23.01.2024 14:00:00.000,147.91,148.47,147.82,148.12,0.14197823
23.01.2024 15:00:00.000,148.13,148.85,148.01,148.22,0.060757443
23.01.2024 16:00:00.000,148.24,148.26,147.74,148.15,-0.060712358
23.01.2024 17:00:00.000,148.14,148.23,147.84,148.18,0.027001485
23.01.2024 18:00:00.000,148.18,148.47,148.13,148.31,0.087731138
23.01.2024 19:00:00.000,148.31,148.36,148.04,148.27,-0.026970535
23.01.2024 20:00:00.000,148.27,148.71,148.25,148.67,0.269778108
24.01.2024 14:00:00.000,150.29,150.83,149.81,150.5,0.139729856
24.01.2024 15:00:00.000,150.52,151.5,150.22,151.43,0.604570821
24.01.2024 16:00:00.000,151.43,151.54,150.52,150.94,-0.323581853
24.01.2024 17:00:00.000,150.95,151.22,150.74,151.18,0.152368334
24.01.2024 18:00:00.000,151.19,151.25,150.71,150.8,-0.257953568
24.01.2024 19:00:00.000,150.8,150.94,150.48,150.64,-0.106100796
24.01.2024 20:00:00.000,150.66,150.74,150.1,150.21,-0.298685783
25.01.2024 14:00:00.000,152.14,152.49,151.53,152.13,-0.006572893
25.01.2024 15:00:00.000,152.15,154.66,152.01,154.53,1.56424581
25.01.2024 16:00:00.000,154.53,154.75,154.23,154.49,-0.025884941
25.01.2024 17:00:00.000,154.5,154.67,153.3,153.5,-0.647249191
25.01.2024 18:00:00.000,153.5,153.91,152.85,152.96,-0.351791531
25.01.2024 19:00:00.000,152.95,153.42,152.73,153.42,0.307289964
25.01.2024 20:00:00.000,153.42,153.44,152.95,153.22,-0.1303611
26.01.2024 14:00:00.000,153.81,153.84,153.08,153.55,-0.169039724
26.01.2024 15:00:00.000,153.58,153.94,152.95,153.68,0.065112645
26.01.2024 16:00:00.000,153.7,154.03,153.35,153.68,-0.013012362
26.01.2024 17:00:00.000,153.67,154.09,152.98,153.06,-0.396954513
26.01.2024 18:00:00.000,153.07,153.5,153,153.41,0.222120598
26.01.2024 19:00:00.000,153.38,153.56,153.08,153.2,-0.117355587
26.01.2024 20:00:00.000,153.2,153.84,153.14,153.45,0.163185379
29.01.2024 14:00:00.000,153.54,154.35,153.43,153.69,0.097694412
29.01.2024 15:00:00.000,153.72,153.91,152.97,153.07,-0.422846734
29.01.2024 16:00:00.000,153.09,153.72,152.95,153.54,0.293944738
29.01.2024 17:00:00.000,153.56,154.04,153.29,153.92,0.234436051
29.01.2024 18:00:00.000,153.93,154.03,153.79,153.93,0
29.01.2024 19:00:00.000,153.93,154.46,153.86,154.45,0.33781589
29.01.2024 20:00:00.000,154.45,155.19,154.45,154.81,0.233085141
30.01.2024 14:00:00.000,154.75,154.82,154.38,154.47,-0.180936995
30.01.2024 15:00:00.000,154.45,154.56,153.78,154.12,-0.213661379
30.01.2024 16:00:00.000,154.12,154.48,153.64,153.69,-0.279003374
30.01.2024 17:00:00.000,153.69,153.91,153.08,153.71,0.013013208
30.01.2024 18:00:00.000,153.72,153.86,153.35,153.5,-0.143117356
30.01.2024 19:00:00.000,153.49,153.73,153.23,153.42,-0.045605577
30.01.2024 20:00:00.000,153.42,153.62,152.83,152.85,-0.371529136
31.01.2024 14:00:00.000,143.91,144.6,143.88,144.47,0.389132096
31.01.2024 15:00:00.000,144.46,144.57,142.87,143.27,-0.823757442
31.01.2024 16:00:00.000,143.27,143.97,142.89,143.34,0.048858798
31.01.2024 17:00:00.000,143.34,143.64,142.3,142.68,-0.4604437
31.01.2024 18:00:00.000,142.68,143.76,142.59,143.41,0.511634427
31.01.2024 19:00:00.000,143.42,143.95,142.8,143.07,-0.244038488
31.01.2024 20:00:00.000,143.11,143.14,141.55,141.83,-0.894416882
01.02.2024 14:00:00.000,143.24,143.98,143.21,143.93,0.48170902
01.02.2024 15:00:00.000,143.95,143.98,142.9,143.56,-0.270927405
01.02.2024 16:00:00.000,143.55,143.86,142.69,142.85,-0.48763497
01.02.2024 17:00:00.000,142.85,143.29,142.25,143.02,0.11900595
01.02.2024 18:00:00.000,143.01,143.04,142.24,142.42,-0.412558562
01.02.2024 19:00:00.000,142.41,143.33,142.33,143.26,0.596868197
01.02.2024 20:00:00.000,143.27,143.36,142.37,142.68,-0.411809869
02.02.2024 14:00:00.000,139.02,139.88,138.7,139.75,0.525104302
02.02.2024 15:00:00.000,139.73,141.49,139.3,140.98,0.894582409
02.02.2024 16:00:00.000,140.99,142.15,140.57,142.12,0.801475282
02.02.2024 17:00:00.000,142.14,142.95,141.8,142.05,-0.063317856
02.02.2024 18:00:00.000,142.05,142.23,141.73,142.19,0.098556846
02.02.2024 19:00:00.000,142.19,143.56,142.19,143.22,0.724382868
02.02.2024 20:00:00.000,143.22,143.86,142.99,143.66,0.307219662
05.02.2024 14:00:00.000,145.56,146.48,145.27,146.08,0.357241
05.02.2024 15:00:00.000,146.01,146.64,144.71,145.07,-0.643791521
05.02.2024 16:00:00.000,145.07,145.23,144.68,144.89,-0.124078031
05.02.2024 17:00:00.000,144.87,145.45,144.51,145.4,0.365845241
05.02.2024 18:00:00.000,145.4,145.83,144.64,144.86,-0.371389271
05.02.2024 19:00:00.000,144.85,145.54,144.64,145.43,0.400414222
05.02.2024 20:00:00.000,145.43,145.44,144.81,145.05,-0.261294093
06.02.2024 14:00:00.000,146.09,146.32,145.56,145.61,-0.328564583
06.02.2024 15:00:00.000,145.58,145.91,145.08,145.58,0
06.02.2024 16:00:00.000,145.57,146.13,145.38,145.53,-0.027478189
06.02.2024 17:00:00.000,145.52,145.67,144.78,145.01,-0.35046729
06.02.2024 18:00:00.000,145.01,145.35,144.92,145.03,0.013792152
06.02.2024 19:00:00.000,145.02,145.08,144.5,144.91,-0.075851607
06.02.2024 20:00:00.000,144.92,145.24,144.66,145.15,0.158708253
07.02.2024 14:00:00.000,145.98,146.1,145.33,145.48,-0.342512673
07.02.2024 15:00:00.000,145.45,146.48,145.17,145.91,0.316259883
07.02.2024 16:00:00.000,145.91,146.59,145.74,146.33,0.287848674
07.02.2024 17:00:00.000,146.32,146.66,145.97,146.22,-0.068343357
07.02.2024 18:00:00.000,146.22,146.81,145.96,146.55,0.22568732
07.02.2024 19:00:00.000,146.57,146.82,146.48,146.72,0.102340179
07.02.2024 20:00:00.000,146.72,146.98,146.56,146.64,-0.054525627
08.02.2024 14:00:00.000,147.19,147.54,146.4,146.62,-0.387254569
08.02.2024 15:00:00.000,146.64,147.5,146.61,147.42,0.531914894
08.02.2024 16:00:00.000,147.42,147.47,146.89,147.05,-0.250983584
08.02.2024 17:00:00.000,147.05,147.37,146.9,146.95,-0.06800408
08.02.2024 18:00:00.000,146.96,147.23,146.62,146.68,-0.190528035
08.02.2024 19:00:00.000,146.67,147,146.4,146.92,0.170450672
08.02.2024 20:00:00.000,146.92,147.31,146.89,147.12,0.136128505
09.02.2024 14:00:00.000,148.03,148.54,147.85,148.53,0.337769371
09.02.2024 15:00:00.000,148.54,149.79,148.07,149.74,0.807863202
09.02.2024 16:00:00.000,149.73,150.23,149.69,149.97,0.160288519
09.02.2024 17:00:00.000,149.96,150.61,149.8,150.46,0.333422246
09.02.2024 18:00:00.000,150.46,150.68,150.09,150.16,-0.199388542
09.02.2024 19:00:00.000,150.16,150.57,149.98,150.42,0.173148641
09.02.2024 20:00:00.000,150.4,150.49,150.02,150.09,-0.206117021
12.02.2024 14:00:00.000,149.72,149.96,149.26,149.56,-0.10686615
12.02.2024 15:00:00.000,149.64,149.78,149.05,149.73,0.060144346
12.02.2024 16:00:00.000,149.73,150.3,149.56,150.22,0.327255727
12.02.2024 17:00:00.000,150.21,150.57,149.87,150.09,-0.079888157
12.02.2024 18:00:00.000,150.09,150.17,149.45,149.69,-0.266506763
12.02.2024 19:00:00.000,149.69,149.8,148.77,148.85,-0.56115973
12.02.2024 20:00:00.000,148.84,149.23,148.68,148.77,-0.047030368
13.02.2024 14:00:00.000,145.85,147.42,145.79,147.26,0.966746658
13.02.2024 15:00:00.000,147.27,148.02,146.23,147.37,0.067902492
13.02.2024 16:00:00.000,147.41,147.8,146.63,146.71,-0.47486602
13.02.2024 17:00:00.000,146.7,146.96,146.32,146.38,-0.218132243
13.02.2024 18:00:00.000,146.4,146.59,146.02,146.09,-0.211748634
13.02.2024 19:00:00.000,146.1,146.23,145.32,145.37,-0.499657769
13.02.2024 20:00:00.000,145.36,146.11,145.09,146.06,0.481563016
14.02.2024 14:00:00.000,147.11,147.22,146.29,146.99,-0.081571613
14.02.2024 15:00:00.000,147.02,147.2,146.14,146.15,-0.591756224
14.02.2024 16:00:00.000,146.14,146.36,145.79,145.79,-0.239496373
14.02.2024 17:00:00.000,145.81,146.47,145.51,146.21,0.274329607
14.02.2024 18:00:00.000,146.24,146.62,145.95,146.43,0.129923414
14.02.2024 19:00:00.000,146.42,146.51,146.01,146.37,-0.03414834
14.02.2024 20:00:00.000,146.37,147.21,146.26,147.04,0.457744073
15.02.2024 14:00:00.000,143.66,143.87,141.86,142.97,-0.48030071
15.02.2024 15:00:00.000,142.94,143.83,142.75,143.27,0.230866098
15.02.2024 16:00:00.000,143.29,143.32,142.61,142.73,-0.390815828
15.02.2024 17:00:00.000,142.72,143.79,142.45,143.44,0.504484305
15.02.2024 18:00:00.000,143.44,143.9,143.39,143.59,0.104573341
15.02.2024 19:00:00.000,143.6,143.67,143.06,143.41,-0.132311978
15.02.2024 20:00:00.000,143.41,144.04,143.29,143.98,0.397461823
16.02.2024 14:00:00.000,144.22,144.25,142.38,142.63,-1.102482319
16.02.2024 15:00:00.000,142.58,142.73,141.98,142.26,-0.224435405
16.02.2024 16:00:00.000,142.26,142.94,142.21,142.69,0.302263461
16.02.2024 17:00:00.000,142.67,142.78,141.51,141.91,-0.532697834
16.02.2024 18:00:00.000,141.91,142.44,141.62,142.44,0.373476147
16.02.2024 19:00:00.000,142.43,142.63,141.53,141.84,-0.414238573
16.02.2024 20:00:00.000,141.86,142.28,141.64,141.82,-0.028196814
20.02.2024 14:00:00.000,141.8,142.05,141.29,141.82,0.014104372
20.02.2024 15:00:00.000,141.79,143.13,141.66,143,0.853374709
20.02.2024 16:00:00.000,143,143.32,142.08,142.1,-0.629370629
20.02.2024 17:00:00.000,142.08,142.48,141.8,142.3,0.154842342
20.02.2024 18:00:00.000,142.3,142.48,141.95,142.42,0.084328883
20.02.2024 19:00:00.000,142.45,142.49,142.07,142.39,-0.042120042
20.02.2024 20:00:00.000,142.42,142.46,141.78,142.03,-0.273837944
21.02.2024 14:00:00.000,142.43,142.53,141.89,142.27,-0.112335884
21.02.2024 15:00:00.000,142.26,142.81,142.18,142.7,0.309292844
21.02.2024 16:00:00.000,142.71,143.79,142.7,143.44,0.511526873
21.02.2024 17:00:00.000,143.47,143.58,143,143.48,0.006970098
21.02.2024 18:00:00.000,143.48,143.85,143.11,143.29,-0.132422637
21.02.2024 19:00:00.000,143.29,143.63,142.71,142.97,-0.22332333
21.02.2024 20:00:00.000,142.96,143.88,142.89,143.84,0.615556799
22.02.2024 14:00:00.000,144.68,145.87,143.99,145.87,0.822504838
22.02.2024 15:00:00.000,145.85,145.9,144.64,144.67,-0.809050394
22.02.2024 16:00:00.000,144.66,144.95,144.35,144.37,-0.200470068
22.02.2024 17:00:00.000,144.36,145.13,144.22,144.97,0.422554724
22.02.2024 18:00:00.000,144.97,145.12,144.82,144.94,-0.020693937
22.02.2024 19:00:00.000,144.95,145.16,144.61,144.82,-0.089686099
22.02.2024 20:00:00.000,144.81,145.46,144.75,145.35,0.372902424
23.02.2024 14:00:00.000,145.47,145.94,144.99,145.69,0.151233931
23.02.2024 15:00:00.000,145.68,145.68,145.04,145.13,-0.377539813
23.02.2024 16:00:00.000,145.16,145.29,144.87,145.29,0.089556352
23.02.2024 17:00:00.000,145.29,145.57,145.11,145.22,-0.048179503
23.02.2024 18:00:00.000,145.22,145.46,145.09,145.38,0.110177661
23.02.2024 19:00:00.000,145.38,145.42,144.86,145.15,-0.158206081
23.02.2024 20:00:00.000,145.14,145.45,144.95,145.43,0.199807083
26.02.2024 14:00:00.000,141.93,142.59,141.21,141.53,-0.281829071
26.02.2024 15:00:00.000,141.54,141.96,140.71,140.71,-0.586406669
26.02.2024 16:00:00.000,140.71,140.97,140.17,140.18,-0.376661218
26.02.2024 17:00:00.000,140.19,140.2,139.4,139.41,-0.556387759
26.02.2024 18:00:00.000,139.42,139.95,139.15,139.91,0.351456032
26.02.2024 19:00:00.000,139.91,140.19,139.52,139.55,-0.25730827
26.02.2024 20:00:00.000,139.55,139.68,138.73,138.99,-0.40128986
27.02.2024 14:00:00.000,139.44,139.82,138.76,139.06,-0.272518646
27.02.2024 15:00:00.000,139.04,139.67,138.82,139.36,0.230149597
27.02.2024 16:00:00.000,139.36,139.55,139.11,139.21,-0.107634902
27.02.2024 17:00:00.000,139.21,139.22,138.49,138.81,-0.28733568
27.02.2024 18:00:00.000,138.81,139.39,138.72,139.33,0.37461278
27.02.2024 19:00:00.000,139.33,140.33,139.33,140.26,0.667480083
27.02.2024 20:00:00.000,140.25,140.47,139.87,140.18,-0.049910873
28.02.2024 14:00:00.000,138.39,138.65,137.3,137.69,-0.505816894
28.02.2024 15:00:00.000,137.69,138.28,137.33,137.47,-0.159779214
28.02.2024 16:00:00.000,137.47,137.75,137.25,137.3,-0.123663345
28.02.2024 17:00:00.000,137.31,137.4,137.09,137.19,-0.087393489
28.02.2024 18:00:00.000,137.19,137.56,136.92,137.25,0.043734966
28.02.2024 19:00:00.000,137.25,137.29,136.62,137.16,-0.06557377
28.02.2024 20:00:00.000,137.16,137.45,137.13,137.28,0.087489064
29.02.2024 14:00:00.000,138.89,139.93,138.57,139.67,0.561595507
29.02.2024 15:00:00.000,139.68,139.75,138,138.15,-1.095360825
29.02.2024 16:00:00.000,138.15,138.22,137.55,137.93,-0.159247195
29.02.2024 17:00:00.000,137.92,138.23,137.86,138.19,0.195765661
29.02.2024 18:00:00.000,138.18,138.46,138.07,138.12,-0.043421624
29.02.2024 19:00:00.000,138.12,138.52,138,138.3,0.13032146
29.02.2024 20:00:00.000,138.31,139.23,138.28,139.01,0.506109464
01.03.2024 14:00:00.000,139.4,139.54,138.9,139.23,-0.12195122
01.03.2024 15:00:00.000,139.32,139.5,138.41,138.57,-0.538329027
01.03.2024 16:00:00.000,138.55,138.97,138.51,138.81,0.187657885
01.03.2024 17:00:00.000,138.81,139.17,138.8,139.09,0.201714574
01.03.2024 18:00:00.000,139.09,139.45,139.08,139.24,0.107843842
01.03.2024 19:00:00.000,139.22,139.48,139,139.27,0.03591438
01.03.2024 20:00:00.000,139.27,139.29,137.96,138.12,-0.825734185
04.03.2024 15:00:00.000,134.01,134.1,133.91,133.97,-0.029848519
04.03.2024 16:00:00.000,133.97,134.02,132.84,133.18,-0.589684258
04.03.2024 17:00:00.000,133.17,133.84,133.03,133.71,0.405496733
04.03.2024 18:00:00.000,133.71,133.73,133.3,133.5,-0.157056316
04.03.2024 19:00:00.000,133.5,134.53,133.47,134.41,0.68164794
04.03.2024 20:00:00.000,134.41,134.74,134.06,134.38,-0.022319768
05.03.2024 14:00:00.000,133.25,133.88,132.65,132.71,-0.405253283
05.03.2024 15:00:00.000,132.78,133.09,131.54,131.76,-0.76818798
05.03.2024 16:00:00.000,131.72,132.71,131.71,132.7,0.744002429
05.03.2024 17:00:00.000,132.7,134,132.7,133.71,0.761115298
05.03.2024 18:00:00.000,133.7,133.91,133.33,133.33,-0.276738968
05.03.2024 19:00:00.000,133.33,133.55,133.08,133.17,-0.120003
05.03.2024 20:00:00.000,133.16,133.63,133.01,133.58,0.315410033
06.03.2024 14:00:00.000,133.97,134.13,132.8,133.04,-0.694185265
06.03.2024 15:00:00.000,133.05,133.05,131.92,132.15,-0.67643743
06.03.2024 16:00:00.000,132.16,132.65,132.15,132.54,0.287530266
06.03.2024 19:00:00.000,132.32,132.77,132.13,132.25,-0.052902056
06.03.2024 20:00:00.000,132.24,132.66,132.2,132.62,0.287356322
07.03.2024 14:00:00.000,133.14,133.7,132.64,133.48,0.255370287
07.03.2024 15:00:00.000,133.47,134.54,133.38,134.2,0.546939387
07.03.2024 16:00:00.000,134.2,135.36,134.1,135.1,0.670640835
07.03.2024 17:00:00.000,135.1,135.5,134.98,135.47,0.273871207
07.03.2024 18:00:00.000,135.47,135.8,135.17,135.71,0.177160995
07.03.2024 19:00:00.000,135.7,135.77,135.34,135.5,-0.147383935
07.03.2024 20:00:00.000,135.5,135.8,135.15,135.4,-0.073800738
08.03.2024 14:00:00.000,136.23,137.8,135.81,137.77,1.130441166
08.03.2024 15:00:00.000,137.79,138.69,137.75,138.6,0.587851078
08.03.2024 16:00:00.000,138.63,138.97,137.75,137.76,-0.62756979
08.03.2024 17:00:00.000,137.79,138.12,137.04,137.1,-0.500762029
08.03.2024 18:00:00.000,137.08,137.12,135.96,136.63,-0.32827546
08.03.2024 19:00:00.000,136.66,137.16,136.25,136.94,0.204888043
08.03.2024 20:00:00.000,136.96,137.05,136.09,136.55,-0.299357477
11.03.2024 14:00:00.000,137.59,138.86,137.45,138.46,0.632313395
11.03.2024 15:00:00.000,138.47,139.31,138.36,139.08,0.440528634
11.03.2024 16:00:00.000,139.04,139.94,138.81,139.9,0.618527043
11.03.2024 17:00:00.000,139.9,139.96,139.19,139.6,-0.214438885
11.03.2024 18:00:00.000,139.6,139.67,139.14,139.25,-0.250716332
11.03.2024 19:00:00.000,139.24,139.58,139.14,139.49,0.179546107
11.03.2024 20:00:00.000,139.48,139.56,138.76,138.82,-0.47318612
12.03.2024 14:00:00.000,139.83,140.1,138.82,139.62,-0.150182364
12.03.2024 15:00:00.000,139.62,140.06,139.18,139.31,-0.222031228
12.03.2024 16:00:00.000,139.32,139.57,139.07,139.46,0.100488085
12.03.2024 17:00:00.000,139.46,139.81,139.18,139.55,0.064534634
12.03.2024 18:00:00.000,139.55,140.28,139.32,139.53,-0.014331781
12.03.2024 19:00:00.000,139.54,140.16,139.51,139.91,0.265156944
12.03.2024 20:00:00.000,139.93,140.05,139.69,139.78,-0.107196455
13.03.2024 14:00:00.000,140.66,141.46,140.58,140.81,0.106640125
13.03.2024 15:00:00.000,140.88,141.32,140.47,141.19,0.220045429
13.03.2024 16:00:00.000,141.2,141.72,140.86,141.5,0.212464589
13.03.2024 17:00:00.000,141.5,142.13,141.34,141.93,0.303886926
13.03.2024 18:00:00.000,141.93,142.11,141.4,141.71,-0.155005989
13.03.2024 19:00:00.000,141.71,141.74,141.2,141.27,-0.310493261
13.03.2024 20:00:00.000,141.27,141.33,140.54,140.79,-0.339774899
14.03.2024 14:00:00.000,142.42,142.97,142.16,142.37,-0.035107429
14.03.2024 15:00:00.000,142.35,144.18,141.84,143.59,0.871092378
14.03.2024 16:00:00.000,143.63,144.14,143.47,143.97,0.236719348
14.03.2024 17:00:00.000,143.97,144.23,143.11,143.53,-0.305619226
14.03.2024 18:00:00.000,143.54,144.11,143.49,144.06,0.362268357
14.03.2024 19:00:00.000,144.07,144.71,144.07,144.31,0.166585688
14.03.2024 20:00:00.000,144.31,144.48,143.68,144.13,-0.124731481
15.03.2024 14:00:00.000,143.33,143.54,142.9,143.15,-0.125584316
15.03.2024 15:00:00.000,143.15,143.29,142.19,142.35,-0.558854349
15.03.2024 16:00:00.000,142.38,142.47,141.55,141.68,-0.491642085
15.03.2024 17:00:00.000,141.71,141.74,141.11,141.22,-0.345776586
15.03.2024 18:00:00.000,141.21,141.94,141.18,141.87,0.467388995
15.03.2024 19:00:00.000,141.9,142.34,141.75,142.1,0.140944327
15.03.2024 20:00:00.000,142.11,142.57,141.75,141.89,-0.154809654
18.03.2024 14:00:00.000,151.81,152.9,150.62,150.88,-0.612607865
18.03.2024 15:00:00.000,150.86,152.1,149.9,151.76,0.59657961
18.03.2024 16:00:00.000,151.79,151.93,150.54,150.67,-0.737861519
18.03.2024 17:00:00.000,150.62,150.69,148.94,149.04,-1.048997477
18.03.2024 18:00:00.000,149.05,149.49,148.78,149.16,0.073800738
18.03.2024 19:00:00.000,149.17,149.36,148.11,148.33,-0.563115908
18.03.2024 20:00:00.000,148.33,148.8,148.13,148.37,0.026966898
19.03.2024 14:00:00.000,148.33,148.52,147.16,147.25,-0.72810625
19.03.2024 15:00:00.000,147.21,147.81,147.05,147.3,0.061137151
19.03.2024 20:00:00.000,148.03,148.03,148.03,148.03,0
20.03.2024 15:00:00.000,148.34,148.4,148.33,148.36,0.01348254
20.03.2024 17:00:00.000,148.54,148.74,148.16,148.46,-0.053857547
20.03.2024 18:00:00.000,148.46,148.46,147.65,148.07,-0.262697023
20.03.2024 19:00:00.000,148.09,149.74,148.09,149.26,0.790060099
20.03.2024 20:00:00.000,149.31,149.7,149.23,149.37,0.04018485
21.03.2024 14:00:00.000,150.66,150.9,150.34,150.5,-0.106199389
21.03.2024 15:00:00.000,150.5,150.62,148.34,148.41,-1.388704319
21.03.2024 16:00:00.000,148.36,148.93,148.15,148.46,0.067403613
21.03.2024 17:00:00.000,148.45,148.98,148.37,148.56,0.074099023
21.03.2024 18:00:00.000,148.55,148.55,148.17,148.43,-0.080780882
21.03.2024 19:00:00.000,148.43,148.65,148.04,148.14,-0.195378293
21.03.2024 20:00:00.000,148.15,148.93,147.99,148.67,0.350995613
22.03.2024 14:00:00.000,150.76,152.19,150.5,151.89,0.749535686
22.03.2024 15:00:00.000,151.93,152.52,151.58,152.22,0.190877378
22.03.2024 16:00:00.000,152.22,152.53,151.51,151.55,-0.440152411
22.03.2024 17:00:00.000,151.55,151.81,151.09,151.77,0.145166612
22.03.2024 18:00:00.000,151.77,151.87,151.37,151.69,-0.05271134
22.03.2024 19:00:00.000,151.68,151.92,151.44,151.48,-0.13185654
22.03.2024 20:00:00.000,151.48,152.16,151.3,151.93,0.29706892
25.03.2024 14:00:00.000,150.03,150.06,148.78,149.73,-0.199960008
25.03.2024 15:00:00.000,149.71,150.45,149.51,150.04,0.220426157
25.03.2024 16:00:00.000,150.06,150.52,149.99,150.52,0.306544049
25.03.2024 17:00:00.000,150.52,150.83,150.18,150.43,-0.059792719
25.03.2024 18:00:00.000,150.46,150.51,150.26,150.44,-0.013292569
25.03.2024 19:00:00.000,150.44,150.94,150.4,150.91,0.31241691
25.03.2024 20:00:00.000,150.91,151.44,150.87,150.9,-0.006626466
26.03.2024 14:00:00.000,151.44,151.89,151.3,151.51,0.046222927
26.03.2024 15:00:00.000,151.5,152.25,151.5,152.12,0.409240924
26.03.2024 16:00:00.000,152.15,153.18,152.09,152.95,0.525796911
26.03.2024 17:00:00.000,152.95,153.06,152.29,152.64,-0.202680615
26.03.2024 18:00:00.000,152.64,152.82,152.41,152.56,-0.052410901
26.03.2024 19:00:00.000,152.55,152.75,152.27,152.65,0.065552278
26.03.2024 20:00:00.000,152.64,152.71,151.62,151.67,-0.63548218
27.03.2024 14:00:00.000,151.67,152.68,151.37,152.03,0.237357421
27.03.2024 15:00:00.000,152.07,152.15,150.72,150.84,-0.808838035
27.03.2024 16:00:00.000,150.83,150.95,150.11,150.43,-0.265199231
27.03.2024 17:00:00.000,150.43,151.74,150.42,150.74,0.206075916
27.03.2024 18:00:00.000,150.71,150.76,150.43,150.67,-0.026541039
27.03.2024 19:00:00.000,150.67,150.97,150.53,150.7,0.019911064
27.03.2024 20:00:00.000,150.7,151.89,150.58,151.89,0.789648308
28.03.2024 14:00:00.000,151.98,152.53,151.66,151.74,-0.157915515
28.03.2024 15:00:00.000,151.73,152,151.41,151.81,0.052725236
28.03.2024 16:00:00.000,151.82,152.09,151.56,151.69,-0.085627717
28.03.2024 17:00:00.000,151.69,152.1,151.57,152.03,0.224141341
28.03.2024 18:00:00.000,152.03,152.17,151.89,152.1,0.046043544
28.03.2024 19:00:00.000,152.1,152.58,152.02,152.5,0.262984878
28.03.2024 20:00:00.000,152.5,152.65,152.19,152.25,-0.163934426
01.04.2024 14:00:00.000,154.13,156.96,154.13,156.07,1.25867774
01.04.2024 15:00:00.000,156.07,156.7,155.64,156.05,-0.012814763
01.04.2024 16:00:00.000,156.05,156.71,155.7,155.91,-0.089714835
01.04.2024 17:00:00.000,155.9,156.39,155.88,156.03,0.083386786
01.04.2024 18:00:00.000,156.03,156.24,155.83,156.06,0.019227072
01.04.2024 19:00:00.000,156.06,156.34,155.85,156.2,0.089709086
01.04.2024 20:00:00.000,156.19,156.39,155.97,156.38,0.121646712
02.04.2024 14:00:00.000,154.68,154.89,153.43,154.28,-0.258598397
02.04.2024 15:00:00.000,154.34,155.23,153.99,154.41,0.045354412
02.04.2024 16:00:00.000,154.41,154.99,154.13,154.88,0.304384431
02.04.2024 17:00:00.000,154.88,155.32,154.75,155.19,0.200154959
02.04.2024 18:00:00.000,155.21,155.45,154.96,155.43,0.141743444
02.04.2024 19:00:00.000,155.43,155.58,155.12,155.31,-0.077205173
02.04.2024 20:00:00.000,155.31,155.93,155.28,155.82,0.328375507
03.04.2024 14:00:00.000,154.32,155.22,154.27,155.08,0.492483152
03.04.2024 15:00:00.000,155.1,156.15,155.1,155.45,0.225660864
03.04.2024 16:00:00.000,155.48,155.75,155.34,155.59,0.070748649
03.04.2024 17:00:00.000,155.62,156.16,155.39,156.04,0.269888189
03.04.2024 18:00:00.000,156.07,156.27,155.76,156.02,-0.032036907
03.04.2024 19:00:00.000,156.03,156.31,155.94,156.09,0.038454143
03.04.2024 20:00:00.000,156.09,156.34,155.51,156.3,0.134537767
04.04.2024 14:00:00.000,154.73,155.42,153.74,154.14,-0.381309378
04.04.2024 15:00:00.000,154.13,154.99,153.76,154.84,0.460650101
04.04.2024 16:00:00.000,154.85,155.94,154.84,155.92,0.690991282
04.04.2024 17:00:00.000,155.93,156.15,155.5,155.61,-0.205220291
04.04.2024 18:00:00.000,155.61,155.88,155.38,155.38,-0.147805411
04.04.2024 19:00:00.000,155.39,155.39,153.14,153.46,-1.242036167
04.04.2024 20:00:00.000,153.43,153.52,152.03,152.32,-0.723456951
05.04.2024 14:00:00.000,152.42,154.15,152.23,154.13,1.121900013
05.04.2024 15:00:00.000,154.14,154.37,153.04,154.23,0.058388478
05.04.2024 16:00:00.000,154.23,154.62,153.59,154.52,0.188030863
05.04.2024 17:00:00.000,154.52,154.82,154.29,154.64,0.07765985
05.04.2024 18:00:00.000,154.63,154.77,154,154.14,-0.316885469
05.04.2024 19:00:00.000,154.16,154.44,153.53,153.76,-0.25947068
05.04.2024 20:00:00.000,153.76,154.11,153.49,154.06,0.195109261
08.04.2024 14:00:00.000,155.28,156.36,154.7,156.27,0.63755796
08.04.2024 15:00:00.000,156.27,156.6,155.95,156.46,0.121584437
08.04.2024 16:00:00.000,156.46,156.62,155.8,155.94,-0.332353317
08.04.2024 17:00:00.000,155.94,156.23,155.36,156.18,0.153905348
08.04.2024 18:00:00.000,156.18,156.23,155.62,155.92,-0.166474581
08.04.2024 19:00:00.000,155.92,156.07,155.71,155.96,0.025654182
08.04.2024 20:00:00.000,155.96,156.4,155.74,156.14,0.115414209
09.04.2024 14:00:00.000,158,159.34,157.64,159.15,0.727848101
09.04.2024 15:00:00.000,159.14,159.86,157.2,157.47,-1.049390474
09.04.2024 16:00:00.000,157.47,157.76,156.73,157.32,-0.095256239
09.04.2024 17:00:00.000,157.29,158.66,157.27,158.13,0.534045394
09.04.2024 18:00:00.000,158.13,158.5,157.59,157.62,-0.322519446
09.04.2024 19:00:00.000,157.64,157.68,157.15,157.22,-0.26642984
09.04.2024 20:00:00.000,157.21,158.08,156.63,157.86,0.413459704
10.04.2024 14:00:00.000,157.38,157.64,156.17,156.72,-0.419367137
10.04.2024 15:00:00.000,156.73,157.32,156.61,156.93,0.127607988
10.04.2024 16:00:00.000,156.94,157,156.17,156.82,-0.076462342
10.04.2024 17:00:00.000,156.81,157.36,156.53,157.14,0.210445762
10.04.2024 18:00:00.000,157.15,157.85,156.43,157.4,0.159083678
10.04.2024 19:00:00.000,157.4,157.94,157.21,157.26,-0.088945362
10.04.2024 20:00:00.000,157.26,157.94,157.14,157.76,0.317944805
11.04.2024 14:00:00.000,159.01,159.3,158.54,158.62,-0.245267593
11.04.2024 15:00:00.000,158.62,158.89,157.89,158.53,-0.056739377
11.04.2024 16:00:00.000,158.55,159.68,158.55,159.65,0.693787449
11.04.2024 17:00:00.000,159.67,159.78,159.28,159.33,-0.212939187
11.04.2024 18:00:00.000,159.32,160.37,159.15,160.31,0.621390911
11.04.2024 19:00:00.000,160.33,161.03,160.27,160.76,0.268196844
11.04.2024 20:00:00.000,160.79,161.09,160.49,160.73,-0.037315753
12.04.2024 14:00:00.000,160.44,161.66,160.44,161.09,0.405135876
12.04.2024 15:00:00.000,161.14,161.31,159.06,159.14,-1.241156758
12.04.2024 16:00:00.000,159.16,160.2,158.83,160.02,0.540336768
12.04.2024 17:00:00.000,160,160.05,159.1,159.1,-0.5625
12.04.2024 18:00:00.000,159.1,159.24,158.57,158.91,-0.119421747
12.04.2024 19:00:00.000,158.91,159.25,158.65,158.71,-0.125857404
12.04.2024 20:00:00.000,158.71,159.19,158.59,158.92,0.132316804
15.04.2024 14:00:00.000,159.92,160.2,159.02,160.19,0.168834417
15.04.2024 15:00:00.000,160.19,160.8,159.49,159.52,-0.418253324
15.04.2024 16:00:00.000,159.52,160.32,159.45,160.13,0.382397192
15.04.2024 17:00:00.000,160.13,160.26,159.09,159.48,-0.40592019
15.04.2024 18:00:00.000,159.49,159.72,156.95,157.28,-1.385666813
15.04.2024 19:00:00.000,157.27,157.35,156.52,156.63,-0.406943473
15.04.2024 20:00:00.000,156.63,156.74,156.12,156.46,-0.10853604
16.04.2024 14:00:00.000,156.08,156.69,155.41,156.31,0.147360328
16.04.2024 15:00:00.000,156.33,156.6,155.04,155.65,-0.434977292
16.04.2024 16:00:00.000,155.65,156.69,155.65,156.36,0.456151622
16.04.2024 17:00:00.000,156.37,156.57,156,156.06,-0.198247746
16.04.2024 18:00:00.000,156.07,156.64,155.58,156.32,0.160184533
16.04.2024 19:00:00.000,156.31,157.2,156.02,157.03,0.460623121
16.04.2024 20:00:00.000,157.05,157.13,156.11,156.22,-0.52849411
17.04.2024 14:00:00.000,157.38,158.67,157.36,158.07,0.438429279
17.04.2024 15:00:00.000,158.09,158.32,157.38,157.79,-0.189765324
17.04.2024 16:00:00.000,157.79,158.27,156.95,157.01,-0.494327904
17.04.2024 17:00:00.000,157.01,157.13,156.1,156.27,-0.47130756
17.04.2024 18:00:00.000,156.28,157.52,156.18,157.48,0.767852572
17.04.2024 19:00:00.000,157.48,158.1,157,157.33,-0.095250191
17.04.2024 20:00:00.000,157.33,157.37,156.62,157.3,-0.019068201
18.04.2024 14:00:00.000,156.94,157.26,156.19,156.69,-0.159296546
18.04.2024 15:00:00.000,156.69,157.9,156.48,157.76,0.682877018
18.04.2024 16:00:00.000,157.77,157.88,157.36,157.48,-0.183811878
18.04.2024 17:00:00.000,157.48,158.45,157.34,157.56,0.050800102
18.04.2024 18:00:00.000,157.55,158.28,157.28,158.06,0.32370676
18.04.2024 19:00:00.000,158.05,158.23,157.43,157.63,-0.26573869
18.04.2024 20:00:00.000,157.61,158.22,157.43,157.5,-0.069792526
19.04.2024 14:00:00.000,156.47,156.79,155.93,156.33,-0.089474021
19.04.2024 15:00:00.000,156.32,156.89,155.49,156.74,0.268679632
19.04.2024 16:00:00.000,156.75,156.75,155.86,155.94,-0.516746411
19.04.2024 17:00:00.000,155.93,156.03,153.89,155.37,-0.35913551
19.04.2024 18:00:00.000,155.37,156.33,155.29,156.07,0.450537427
19.04.2024 19:00:00.000,156.05,156.1,154.81,155.3,-0.480615187
19.04.2024 20:00:00.000,155.29,155.68,154.71,155.64,0.225384764
22.04.2024 14:00:00.000,157.35,158.12,157,157.4,0.031776295
22.04.2024 15:00:00.000,157.34,157.95,155.64,155.75,-1.0105504
22.04.2024 16:00:00.000,155.71,157.52,155.7,157.51,1.155995119
22.04.2024 17:00:00.000,157.51,157.96,157.44,157.62,0.069836836
22.04.2024 18:00:00.000,157.63,158.74,157.61,158.61,0.621709066
22.04.2024 19:00:00.000,158.61,159.17,158.37,158.61,0
22.04.2024 20:00:00.000,158.61,158.82,157.79,157.84,-0.485467499
23.04.2024 14:00:00.000,158.38,159.82,158.38,159.22,0.530369996
23.04.2024 15:00:00.000,159.17,159.95,158.72,159.9,0.458629139
23.04.2024 16:00:00.000,159.91,160.17,159.42,159.92,0.006253518
23.04.2024 17:00:00.000,159.95,160.4,159.7,160.16,0.131291028
23.04.2024 18:00:00.000,160.14,160.41,159.95,160.24,0.06244536
23.04.2024 19:00:00.000,160.24,160.26,159.69,159.87,-0.230903645
23.04.2024 20:00:00.000,159.89,159.93,159.5,159.64,-0.156357496
24.04.2024 14:00:00.000,160.14,160.7,159.36,159.44,-0.437117522
24.04.2024 15:00:00.000,159.45,160.06,159.23,159.84,0.244590781
24.04.2024 16:00:00.000,159.84,159.97,159.18,159.29,-0.344094094
24.04.2024 17:00:00.000,159.28,159.79,159.19,159.51,0.144399799
24.04.2024 18:00:00.000,159.5,160.74,159.41,160.73,0.771159875
24.04.2024 19:00:00.000,160.73,160.74,160.02,160.16,-0.354631992
24.04.2024 20:00:00.000,160.16,161.37,160.01,160.99,0.518231768
25.04.2024 14:00:00.000,153.46,155.36,153.3,154.75,0.840609931
25.04.2024 15:00:00.000,154.75,156.77,154.13,156.58,1.182552504
25.04.2024 16:00:00.000,156.55,157.83,156.38,157.7,0.734589588
25.04.2024 17:00:00.000,157.7,157.98,157.1,157.23,-0.298034242
25.04.2024 18:00:00.000,157.23,157.95,156.69,157.94,0.451567767
25.04.2024 19:00:00.000,157.95,158.25,157.29,157.35,-0.379867047
25.04.2024 20:00:00.000,157.35,157.96,157.34,157.85,0.317762949
26.04.2024 14:00:00.000,173.93,175.38,173.44,173.8,-0.074742713
26.04.2024 15:00:00.000,173.79,173.9,171.41,173.6,-0.109327349
26.04.2024 16:00:00.000,173.57,174.09,172.31,173.54,-0.017284093
26.04.2024 17:00:00.000,173.55,174.2,173.13,173.74,0.109478536
26.04.2024 18:00:00.000,173.74,174.11,173.47,173.83,0.051801543
26.04.2024 19:00:00.000,173.84,173.93,172.35,173,-0.483202945
26.04.2024 20:00:00.000,172.97,173.85,172.87,173.54,0.329536914
29.04.2024 14:00:00.000,170.27,170.61,168.89,170.44,0.099841428
29.04.2024 15:00:00.000,170.41,170.61,169.55,169.71,-0.410774016
29.04.2024 16:00:00.000,169.71,169.92,168.44,169.12,-0.347651877
29.04.2024 17:00:00.000,169.12,169.33,168.35,168.7,-0.248344371
29.04.2024 18:00:00.000,168.7,169,168.18,168.74,0.023710729
29.04.2024 19:00:00.000,168.74,168.75,167.8,167.87,-0.515586109
29.04.2024 20:00:00.000,167.86,168.1,167.04,167.87,0.005957345
30.04.2024 14:00:00.000,169.06,169.83,168.57,169.12,0.035490358
30.04.2024 15:00:00.000,169.11,169.49,167.67,167.76,-0.798296966
30.04.2024 16:00:00.000,167.77,167.77,166.95,167.12,-0.387435179
30.04.2024 17:00:00.000,167.12,167.19,165.74,166.13,-0.592388703
30.04.2024 18:00:00.000,166.13,166.36,165.66,165.9,-0.138445795
30.04.2024 19:00:00.000,165.9,166.29,165.47,165.49,-0.247136829
30.04.2024 20:00:00.000,165.48,166.14,165.13,165.18,-0.18129079
01.05.2024 14:00:00.000,165.62,166.1,165.21,166.06,0.265668398
01.05.2024 15:00:00.000,166.06,167.37,165.8,166.83,0.463687824
01.05.2024 16:00:00.000,166.84,167.54,166.75,167.35,0.305682091
01.05.2024 17:00:00.000,167.34,167.69,166.55,166.63,-0.424285885
01.05.2024 18:00:00.000,166.63,166.75,165.81,166.57,-0.036007922
01.05.2024 19:00:00.000,166.58,168.03,166.13,167.96,0.828430784
01.05.2024 20:00:00.000,167.97,168.75,165.53,165.54,-1.446686908
02.05.2024 14:00:00.000,166.2,167.44,166,167.17,0.583634176
02.05.2024 15:00:00.000,167.16,167.72,166.33,167.06,-0.059822924
02.05.2024 16:00:00.000,167.06,167.19,166.29,166.91,-0.0897881
02.05.2024 17:00:00.000,166.92,167.07,166.4,166.74,-0.107836089
02.05.2024 18:00:00.000,166.76,167.45,166.67,167.39,0.377788438
02.05.2024 19:00:00.000,167.39,168.18,167.29,168.11,0.430133222
02.05.2024 20:00:00.000,168.12,168.3,167.44,167.99,-0.07732572
03.05.2024 14:00:00.000,168.48,168.84,167.67,167.71,-0.45702754
03.05.2024 15:00:00.000,167.71,168.18,164.95,165.79,-1.144833343
03.05.2024 16:00:00.000,165.8,167.5,165.72,167.05,0.753920386
03.05.2024 17:00:00.000,167.05,167.81,166.97,167.55,0.299311583
03.05.2024 18:00:00.000,167.55,168.23,167.54,168.03,0.286481647
03.05.2024 19:00:00.000,168.01,168.69,168.01,168.54,0.315457413
03.05.2024 20:00:00.000,168.54,169.18,168.43,169.14,0.355998576
06.05.2024 14:00:00.000,168.79,169.85,168.77,168.94,0.088867824
06.05.2024 15:00:00.000,168.94,168.99,167.87,168.34,-0.355155677
06.05.2024 16:00:00.000,168.34,169.03,168.15,168.53,0.112866817
06.05.2024 17:00:00.000,168.53,169,167.94,168.95,0.24921379
06.05.2024 18:00:00.000,168.95,169.12,168.58,168.86,-0.053270198
06.05.2024 19:00:00.000,168.86,169.27,168.82,169.18,0.1895061
06.05.2024 20:00:00.000,169.19,169.31,168.56,169.31,0.070926178
07.05.2024 14:00:00.000,172.45,172.84,171,171.87,-0.336329371
07.05.2024 15:00:00.000,171.87,172.47,171.45,172.42,0.320009309
07.05.2024 16:00:00.000,172.43,172.77,172.23,172.61,0.104390187
07.05.2024 17:00:00.000,172.61,173.45,172.56,172.95,0.196975841
07.05.2024 18:00:00.000,172.96,173.09,172.37,172.5,-0.265957447
07.05.2024 19:00:00.000,172.53,172.65,172.19,172.64,0.063757028
07.05.2024 20:00:00.000,172.64,173.14,172.16,173.07,0.249073216
08.05.2024 14:00:00.000,171.29,171.51,170.78,171.5,0.122599101
08.05.2024 15:00:00.000,171.5,171.88,171.2,171.48,-0.011661808
08.05.2024 16:00:00.000,171.47,171.86,171.16,171.5,0.017495772
08.05.2024 17:00:00.000,171.5,171.8,171.13,171.19,-0.180758017
08.05.2024 18:00:00.000,171.19,171.42,170.91,171.38,0.110987791
08.05.2024 19:00:00.000,171.39,171.59,171.25,171.46,0.040842523
08.05.2024 20:00:00.000,171.45,171.5,171.07,171.07,-0.221638962
09.05.2024 14:00:00.000,171.34,171.37,170.38,170.56,-0.455235205
09.05.2024 15:00:00.000,170.56,170.87,169.92,170.75,0.111397749
09.05.2024 16:00:00.000,170.77,171.1,170.58,170.66,-0.064414124
09.05.2024 17:00:00.000,170.66,171.03,170.55,170.92,0.152349701
09.05.2024 18:00:00.000,170.92,171.09,170.69,170.71,-0.122864498
09.05.2024 19:00:00.000,170.69,171.17,170.58,171.1,0.240201535
09.05.2024 20:00:00.000,171.09,171.51,170.99,171.42,0.19288094
10.05.2024 14:00:00.000,169.5,169.91,168.84,169.85,0.206489676
10.05.2024 15:00:00.000,169.82,170.4,169.27,169.49,-0.194323401
10.05.2024 16:00:00.000,169.48,169.96,169.05,169.45,-0.017701204
10.05.2024 17:00:00.000,169.45,169.58,169.13,169.36,-0.053113013
10.05.2024 18:00:00.000,169.35,171.27,167.88,170.39,0.614112784
10.05.2024 19:00:00.000,170.41,170.87,169.84,170.49,0.046945602
10.05.2024 20:00:00.000,170.49,170.58,169.89,170.2,-0.170097953
13.05.2024 14:00:00.000,166.55,167.6,166.16,166.37,-0.108075653
13.05.2024 15:00:00.000,166.37,167.45,166.14,167.29,0.552984312
13.05.2024 16:00:00.000,167.29,167.87,167.27,167.7,0.245083388
13.05.2024 17:00:00.000,167.7,168.18,167.52,167.89,0.113297555
13.05.2024 18:00:00.000,167.88,170.27,167.78,169.2,0.786275911
13.05.2024 19:00:00.000,169.19,169.69,169.14,169.56,0.218689048
13.05.2024 20:00:00.000,169.57,170.6,169.5,170.53,0.566137878
14.05.2024 14:00:00.000,171.99,172.01,170.42,170.42,-0.91284377
14.05.2024 15:00:00.000,170.44,171.75,170.42,171.48,0.610185402
14.05.2024 16:00:00.000,171.48,171.7,170.68,171.04,-0.25658969
14.05.2024 17:00:00.000,171.04,171.06,170.6,170.81,-0.134471469
14.05.2024 18:00:00.000,170.83,172.73,170.75,171.89,0.620499912
14.05.2024 19:00:00.000,171.88,172.64,171.56,172.34,0.267628578
14.05.2024 20:00:00.000,172.34,172.51,171.61,171.85,-0.28432169
15.05.2024 14:00:00.000,173.2,174,172.17,172.5,-0.404157044
15.05.2024 15:00:00.000,172.57,173.45,172.57,173.36,0.457785247
15.05.2024 16:00:00.000,173.36,173.42,172.67,172.79,-0.32879557
15.05.2024 17:00:00.000,172.77,172.79,172.09,172.33,-0.254673844
15.05.2024 18:00:00.000,172.33,173.51,172.19,173.46,0.655718679
15.05.2024 19:00:00.000,173.46,173.72,173.21,173.58,0.069180214
15.05.2024 20:00:00.000,173.57,173.98,173.49,173.91,0.195886386
16.05.2024 14:00:00.000,174.54,175.27,174.41,175.1,0.32084336
16.05.2024 15:00:00.000,175.12,176.28,175.06,176.18,0.605299223
16.05.2024 16:00:00.000,176.17,176.32,175.6,175.68,-0.278140433
16.05.2024 17:00:00.000,175.68,175.68,175.09,175.37,-0.176457195
16.05.2024 18:00:00.000,175.38,175.61,174.8,175.56,0.10263428
16.05.2024 19:00:00.000,175.56,176.06,175.34,175.81,0.142401458
16.05.2024 20:00:00.000,175.8,175.87,175.12,175.86,0.034129693
17.05.2024 14:00:00.000,175.98,176.42,175.44,176.37,0.221616093
17.05.2024 15:00:00.000,176.35,177.27,176.14,176.88,0.300538701
17.05.2024 16:00:00.000,176.87,176.95,176.51,176.93,0.03392322
17.05.2024 17:00:00.000,176.93,177.36,176.84,177.27,0.192166393
17.05.2024 18:00:00.000,177.27,177.47,176.92,177.04,-0.129745586
17.05.2024 19:00:00.000,177.03,177.26,176.31,177.21,0.101677682
17.05.2024 20:00:00.000,177.21,177.43,177.16,177.27,0.033858134
20.05.2024 14:00:00.000,178.55,179.58,178.28,179.42,0.487258471
20.05.2024 15:00:00.000,179.43,179.92,178.62,178.69,-0.412417099
20.05.2024 16:00:00.000,178.68,178.87,178.07,178.32,-0.201477502
20.05.2024 17:00:00.000,178.32,178.45,177.79,178.24,-0.044863167
20.05.2024 18:00:00.000,178.25,178.37,177.79,178.18,-0.039270687
20.05.2024 19:00:00.000,178.17,178.53,177.98,178.32,0.084189257
20.05.2024 20:00:00.000,178.33,178.91,178.29,178.57,0.134581955
21.05.2024 14:00:00.000,177.51,178.93,177.49,178.82,0.737986592
21.05.2024 15:00:00.000,178.88,179.33,178.75,179.1,0.122987478
21.05.2024 16:00:00.000,179.09,179.39,178.85,179.05,-0.022335139
21.05.2024 17:00:00.000,179.03,179.32,178.38,178.43,-0.335139362
21.05.2024 18:00:00.000,178.42,179.07,178.32,179.07,0.364308934
21.05.2024 19:00:00.000,179.07,179.18,178.88,179.1,0.016753225
21.05.2024 20:00:00.000,179.1,179.68,178.99,179.68,0.323841429
22.05.2024 14:00:00.000,178.16,178.42,177.1,177.9,-0.145936237
22.05.2024 15:00:00.000,177.91,177.99,177,177.12,-0.444044742
22.05.2024 16:00:00.000,177.11,177.58,176.88,177.17,0.033877251
22.05.2024 17:00:00.000,177.17,177.38,176.75,176.87,-0.169328893
22.05.2024 18:00:00.000,176.84,177.53,176.84,177.36,0.29405112
22.05.2024 19:00:00.000,177.36,177.62,176.76,177.56,0.112764998
22.05.2024 20:00:00.000,177.54,177.96,177.18,177.73,0.107018137
23.05.2024 14:00:00.000,179.52,179.72,178.02,178.27,-0.696301248
23.05.2024 15:00:00.000,178.27,178.69,176.95,177.1,-0.656307848
23.05.2024 16:00:00.000,177.11,177.96,177.07,177.84,0.412173226
23.05.2024 17:00:00.000,177.86,177.94,176.55,176.55,-0.736534353
23.05.2024 18:00:00.000,176.56,176.64,175.52,175.61,-0.538060716
23.05.2024 19:00:00.000,175.6,175.73,174.62,174.73,-0.495444191
23.05.2024 20:00:00.000,174.75,175.34,174.59,174.99,0.137339056
24.05.2024 14:00:00.000,176.83,176.99,175.27,175.42,-0.797376011
24.05.2024 15:00:00.000,175.42,176.82,175.17,176.69,0.723976742
24.05.2024 16:00:00.000,176.69,177.15,176.36,176.57,-0.067915558
24.05.2024 17:00:00.000,176.57,176.97,176.54,176.82,0.141586906
24.05.2024 18:00:00.000,176.82,177.06,176.82,176.92,0.056554688
24.05.2024 19:00:00.000,176.92,177.28,176.48,176.53,-0.220438616
24.05.2024 20:00:00.000,176.53,176.66,176.19,176.34,-0.107630431
28.05.2024 14:00:00.000,177.96,178.46,176.19,176.52,-0.8091706
28.05.2024 15:00:00.000,176.49,177.93,176.36,177.89,0.793246076
28.05.2024 16:00:00.000,177.92,178.12,177.63,178.06,0.07868705
28.05.2024 17:00:00.000,178.05,178.23,177.48,177.6,-0.252737995
28.05.2024 18:00:00.000,177.61,177.72,177.38,177.62,0.005630314
28.05.2024 19:00:00.000,177.63,177.83,176.88,177.51,-0.067556156
28.05.2024 20:00:00.000,177.51,177.78,177.27,177.52,0.005633485
29.05.2024 14:00:00.000,177.46,177.97,176.22,177.44,-0.011270145
29.05.2024 15:00:00.000,177.49,178.16,177.02,177.85,0.202828328
29.05.2024 16:00:00.000,177.85,178.02,177.29,177.59,-0.14619061
29.05.2024 17:00:00.000,177.6,178.21,177.48,178.14,0.304054054
29.05.2024 18:00:00.000,178.14,178.2,177.73,178.04,-0.056135624
29.05.2024 19:00:00.000,178.05,178.13,177.32,177.39,-0.370682393
29.05.2024 20:00:00.000,177.39,178.05,177.37,177.39,0
30.05.2024 14:00:00.000,175.43,176.18,175.32,175.66,0.131106424
30.05.2024 15:00:00.000,175.65,175.73,174.1,174.47,-0.671790492
30.05.2024 16:00:00.000,174.47,174.76,174.1,174.29,-0.103169599
30.05.2024 17:00:00.000,174.28,174.57,174.01,174.37,0.051641037
30.05.2024 18:00:00.000,174.38,174.77,174.3,174.47,0.051611423
30.05.2024 19:00:00.000,174.47,174.55,173.58,173.82,-0.372556887
30.05.2024 20:00:00.000,173.81,173.85,173.21,173.61,-0.115068178
31.05.2024 14:00:00.000,173.24,173.41,172.6,172.79,-0.259755253
31.05.2024 15:00:00.000,172.77,173.46,171.8,172.23,-0.312554263
31.05.2024 16:00:00.000,172.23,172.3,171.29,171.48,-0.435464205
31.05.2024 17:00:00.000,171.48,171.71,170.95,171.62,0.081642174
31.05.2024 18:00:00.000,171.61,172.09,171.51,171.94,0.192296486
31.05.2024 19:00:00.000,171.94,172.32,171.57,172.31,0.215191346
31.05.2024 20:00:00.000,172.31,174.36,172.19,173.66,0.78347165
03.06.2024 14:00:00.000,175,175.82,174.04,174.22,-0.445714286
03.06.2024 15:00:00.000,174.21,174.65,173.2,173.31,-0.516617875
03.06.2024 16:00:00.000,173.31,174.13,173,173.94,0.363510473
03.06.2024 17:00:00.000,173.95,174,172.42,172.75,-0.689853406
03.06.2024 18:00:00.000,172.76,173.92,172.45,173.6,0.486223663
03.06.2024 19:00:00.000,173.61,173.78,173.23,173.74,0.074880479
03.06.2024 20:00:00.000,173.73,173.95,173.17,173.6,-0.074828757
04.06.2024 14:00:00.000,173.48,174.37,173.18,174.06,0.334332488
04.06.2024 15:00:00.000,174.1,174.93,173.33,174.11,0.005743825
04.06.2024 16:00:00.000,174.11,174.58,174.01,174.04,-0.040204468
04.06.2024 17:00:00.000,174.04,174.14,173.53,173.72,-0.183865778
04.06.2024 18:00:00.000,173.72,173.96,173.31,173.51,-0.120884181
04.06.2024 19:00:00.000,173.51,174.75,173.48,174.37,0.495648666
04.06.2024 20:00:00.000,174.36,174.81,173.76,174.66,0.172057811
05.06.2024 14:00:00.000,176.87,177.93,176.66,177.53,0.373155425
05.06.2024 15:00:00.000,177.46,177.74,176.29,176.4,-0.597317705
05.06.2024 16:00:00.000,176.42,176.89,175.44,175.46,-0.544155991
05.06.2024 17:00:00.000,175.46,175.96,175.27,175.73,0.153881226
05.06.2024 18:00:00.000,175.73,176.51,175.73,176.33,0.34143288
05.06.2024 19:00:00.000,176.33,176.36,175.84,176.19,-0.079396586
05.06.2024 20:00:00.000,176.19,176.86,176.12,176.73,0.306487315
06.06.2024 14:00:00.000,178.21,178.32,177.18,177.96,-0.140283935
06.06.2024 15:00:00.000,177.99,178.21,177.26,177.78,-0.117984156
06.06.2024 16:00:00.000,177.78,177.92,177.23,177.67,-0.061874227
06.06.2024 17:00:00.000,177.68,178.15,177.67,178.02,0.191355245
06.06.2024 18:00:00.000,177.99,178.53,177.92,178.32,0.185403674
06.06.2024 19:00:00.000,178.28,178.33,177.83,178.17,-0.061700696
06.06.2024 20:00:00.000,178.16,178.68,178.03,178.04,-0.067355186
07.06.2024 14:00:00.000,178.44,179.39,178.16,178.41,-0.016812374
07.06.2024 15:00:00.000,178.4,178.9,177.89,178.55,0.084080717
07.06.2024 16:00:00.000,178.57,178.79,177.94,178.51,-0.033600269
07.06.2024 17:00:00.000,178.52,178.77,178.16,178.73,0.117633879
07.06.2024 18:00:00.000,178.7,178.73,177.82,178,-0.391717963
07.06.2024 19:00:00.000,178,178.01,176.65,177.58,-0.235955056
07.06.2024 20:00:00.000,177.57,177.78,175.83,175.89,-0.946105761
10.06.2024 14:00:00.000,175.07,175.64,174.35,174.41,-0.37699206
10.06.2024 15:00:00.000,174.41,175.26,174.36,175.2,0.452955679
10.06.2024 16:00:00.000,175.19,175.43,174.7,175.37,0.102745591
10.06.2024 17:00:00.000,175.36,175.57,175.12,175.41,0.028512774
10.06.2024 18:00:00.000,175.41,175.63,174.89,175.56,0.085513939
10.06.2024 19:00:00.000,175.56,178.4,175.26,176.68,0.637958533
10.06.2024 20:00:00.000,176.63,176.94,176.18,176.61,-0.011323105
11.06.2024 14:00:00.000,178.28,178.37,175.89,176.46,-1.020866053
11.06.2024 15:00:00.000,176.46,177.07,175.6,176.04,-0.238014281
11.06.2024 16:00:00.000,176.05,176.24,175.62,175.72,-0.187446748
11.06.2024 17:00:00.000,175.73,176.11,175.41,176.07,0.193478632
11.06.2024 18:00:00.000,176.08,176.92,176.05,176.89,0.460018174
11.06.2024 19:00:00.000,176.89,177.7,176.82,177.62,0.41268585
11.06.2024 20:00:00.000,177.63,178.01,177.41,177.73,0.056296797
12.06.2024 14:00:00.000,181.82,181.9,180.09,180.62,-0.6599934
12.06.2024 15:00:00.000,180.64,180.69,178.55,178.6,-1.129317981
12.06.2024 16:00:00.000,178.61,179.3,178.22,178.35,-0.145568557
12.06.2024 17:00:00.000,178.34,178.37,177.76,178.36,0.011214534
12.06.2024 18:00:00.000,178.36,178.68,178.26,178.67,0.173805786
12.06.2024 19:00:00.000,178.68,178.85,178.02,178.68,0
12.06.2024 20:00:00.000,178.69,179.46,178.27,179.26,0.318988192
13.06.2024 14:00:00.000,177.32,178.47,176.93,178.29,0.547033612
13.06.2024 15:00:00.000,178.29,178.46,177.77,178.01,-0.157047507
13.06.2024 16:00:00.000,178,178.11,177.46,177.5,-0.280898876
13.06.2024 17:00:00.000,177.49,177.78,176.92,177.56,0.039438842
13.06.2024 18:00:00.000,177.55,178,177.51,177.88,0.185863137
13.06.2024 19:00:00.000,177.89,178.23,177.7,177.84,-0.028107257
13.06.2024 20:00:00.000,177.85,177.96,176.96,176.96,-0.500421704
14.06.2024 14:00:00.000,176.34,178.1,176.32,178.09,0.992401043
14.06.2024 15:00:00.000,178.09,178.4,177.39,178.34,0.14037846
14.06.2024 16:00:00.000,178.33,178.63,177.96,178.39,0.033645489
14.06.2024 17:00:00.000,178.39,178.7,177.69,177.77,-0.347553114
14.06.2024 18:00:00.000,177.77,178.16,177.66,177.83,0.033751477
14.06.2024 19:00:00.000,177.83,177.95,177.55,177.88,0.028116741
14.06.2024 20:00:00.000,177.88,178.26,177.78,177.9,0.011243535
17.06.2024 14:00:00.000,176.6,177.22,176.46,177,0.226500566
17.06.2024 15:00:00.000,177.04,177.6,176.77,177.08,0.022593764
17.06.2024 16:00:00.000,177.08,177.34,176.77,177.2,0.067765981
17.06.2024 17:00:00.000,177.2,178.39,177.12,178.16,0.541760722
17.06.2024 18:00:00.000,178.15,179.61,178.12,179.61,0.8195341
17.06.2024 19:00:00.000,179.61,179.89,178.74,178.96,-0.361895217
17.06.2024 20:00:00.000,178.94,179.41,178.82,178.99,0.027942327
18.06.2024 14:00:00.000,177.32,177.94,177.2,177.39,0.039476652
18.06.2024 15:00:00.000,177.47,178.24,177.22,177.65,0.101425593
18.06.2024 16:00:00.000,177.64,177.73,176.77,177.07,-0.320873677
18.06.2024 17:00:00.000,177.08,177.22,176.09,176.45,-0.355771403
18.06.2024 18:00:00.000,176.45,176.71,176.11,176.18,-0.153017852
18.06.2024 19:00:00.000,176.18,176.19,175.61,175.9,-0.158928369
18.06.2024 20:00:00.000,175.9,176.55,175.87,176.53,0.358158044
20.06.2024 14:00:00.000,178.13,178.36,176.46,176.83,-0.729804076
20.06.2024 15:00:00.000,176.82,177.83,176.48,177.69,0.492025789
20.06.2024 16:00:00.000,177.69,177.8,177.18,177.34,-0.196972255
20.06.2024 17:00:00.000,177.34,177.69,176.96,177.53,0.107138829
20.06.2024 18:00:00.000,177.52,177.54,176.9,177.35,-0.095763858
20.06.2024 19:00:00.000,177.35,177.63,177.19,177.41,0.033831407
20.06.2024 20:00:00.000,177.41,177.79,176.94,177.73,0.180373147
21.06.2024 14:00:00.000,178.6,180.24,178.25,179.98,0.772676372
21.06.2024 15:00:00.000,180.02,181.38,179.7,180.73,0.394400622
21.06.2024 16:00:00.000,180.73,181.63,180.47,181.53,0.442649256
21.06.2024 17:00:00.000,181.54,182.48,181.4,181.84,0.165252837
21.06.2024 18:00:00.000,181.84,182.04,180.94,181.52,-0.175978883
21.06.2024 19:00:00.000,181.52,181.87,181.23,181.33,-0.104671662
21.06.2024 20:00:00.000,181.37,181.89,180.92,181.03,-0.187462094
24.06.2024 14:00:00.000,181.04,181.37,180.21,181.21,0.0939019
24.06.2024 15:00:00.000,181.24,182.01,180.3,180.99,-0.137938645
24.06.2024 16:00:00.000,180.99,181.37,180.72,181.36,0.204431184
24.06.2024 17:00:00.000,181.36,181.8,181.05,181.32,-0.02205558
24.06.2024 18:00:00.000,181.32,181.34,180.55,180.85,-0.259210236
24.06.2024 19:00:00.000,180.84,181.02,180.26,180.62,-0.121654501
24.06.2024 20:00:00.000,180.61,181.11,180.59,180.87,0.143956592
25.06.2024 14:00:00.000,181.43,182.39,181.25,181.89,0.253541311
25.06.2024 15:00:00.000,181.9,183.69,181.79,183.44,0.846619021
25.06.2024 16:00:00.000,183.45,184.14,183.36,184.04,0.321613519
25.06.2024 17:00:00.000,184.04,184.3,183.3,183.61,-0.23364486
25.06.2024 18:00:00.000,183.6,184.23,183.5,184.23,0.343137255
25.06.2024 19:00:00.000,184.23,184.76,184.18,184.74,0.276827878
25.06.2024 20:00:00.000,184.74,185.41,184.54,185.39,0.351845837
26.06.2024 14:00:00.000,184.47,184.84,183.95,184.76,0.157207134
26.06.2024 15:00:00.000,184.76,185.9,184.62,185.47,0.384282312
26.06.2024 16:00:00.000,185.46,185.6,184.91,185.45,-0.005391998
26.06.2024 17:00:00.000,185.44,185.72,185.08,185.23,-0.113244176
26.06.2024 18:00:00.000,185.23,185.55,184.84,185.5,0.145764725
26.06.2024 19:00:00.000,185.48,185.82,185.37,185.62,0.075479836
26.06.2024 20:00:00.000,185.62,185.68,185.13,185.39,-0.123909062
27.06.2024 14:00:00.000,186.33,187.12,186.33,187.1,0.413245317
27.06.2024 15:00:00.000,187.08,187.45,186.55,186.94,-0.074834295
27.06.2024 16:00:00.000,186.94,187.27,185.93,186.05,-0.476088585
27.06.2024 17:00:00.000,186.04,186.68,185.87,186.3,0.139754891
27.06.2024 18:00:00.000,186.3,186.66,186.1,186.29,-0.005367687
27.06.2024 19:00:00.000,186.31,186.53,185.94,186.52,0.112715367
27.06.2024 20:00:00.000,186.52,186.95,186.42,186.47,-0.026806777
28.06.2024 14:00:00.000,184.64,185.61,184.26,185.45,0.438691508
28.06.2024 15:00:00.000,185.47,186.55,185.24,185.46,-0.005391708
28.06.2024 16:00:00.000,185.47,185.78,184.98,185.45,-0.010783415
28.06.2024 17:00:00.000,185.45,185.6,184.75,185.27,-0.097061202
28.06.2024 18:00:00.000,185.27,185.59,185.15,185.41,0.075565391
28.06.2024 19:00:00.000,185.39,185.81,185.15,185.55,0.086304547
28.06.2024 20:00:00.000,185.55,185.71,183.67,183.72,-0.986257074
01.07.2024 14:00:00.000,184.76,185.05,182.7,183.08,-0.909287725
01.07.2024 15:00:00.000,183.18,184.25,183.1,183.67,0.267496452
01.07.2024 16:00:00.000,183.67,183.92,183.33,183.68,0.005444547
01.07.2024 17:00:00.000,183.68,184.67,183.47,184.4,0.391986063
01.07.2024 18:00:00.000,184.4,184.44,183.62,183.95,-0.244034707
01.07.2024 19:00:00.000,183.95,184.36,183.72,184.06,0.059798858
01.07.2024 20:00:00.000,184.07,184.43,183.63,184.42,0.190145054
02.07.2024 14:00:00.000,183.56,183.88,183.03,183.63,0.03813467
02.07.2024 15:00:00.000,183.63,185.09,183.18,184.93,0.707945325
02.07.2024 16:00:00.000,184.97,185.48,184.72,184.8,-0.091906796
02.07.2024 17:00:00.000,184.78,185.64,184.61,185.63,0.460006494
02.07.2024 18:00:00.000,185.62,186.55,185.61,186.41,0.42560069
02.07.2024 19:00:00.000,186.41,186.69,186.27,186.29,-0.064374229
02.07.2024 20:00:00.000,186.29,186.93,186.21,186.46,0.091255569
03.07.2024 14:00:00.000,186.29,187.17,185.93,186.19,-0.053679747
03.07.2024 15:00:00.000,186.2,186.42,185.52,186.42,0.118152524
03.07.2024 16:00:00.000,186.43,187.29,186.28,187.21,0.418387599
03.07.2024 17:00:00.000,187.2,187.56,186.98,187.32,0.064102564
03.07.2024 18:00:00.000,187.33,187.33,186.62,186.99,-0.181497891
05.07.2024 14:00:00.000,188.92,190.9,188.89,190.72,0.952784247
05.07.2024 15:00:00.000,190.73,191.45,189.98,190.88,0.078645205
05.07.2024 16:00:00.000,190.86,191.92,190.7,191.77,0.47678927
05.07.2024 17:00:00.000,191.78,191.85,191.34,191.63,-0.078214621
05.07.2024 18:00:00.000,191.63,192.2,191.56,191.68,0.026091948
05.07.2024 19:00:00.000,191.68,192.17,191.56,191.99,0.16172788
05.07.2024 20:00:00.000,191.98,192.24,191.78,191.95,-0.015626628
08.07.2024 14:00:00.000,190.18,190.6,189.58,189.71,-0.247134294
08.07.2024 15:00:00.000,189.71,190.5,189.3,190.43,0.379526646
08.07.2024 16:00:00.000,190.44,191.66,190.43,191.3,0.451585801
08.07.2024 17:00:00.000,191.29,191.31,190.53,190.79,-0.26138324
08.07.2024 18:00:00.000,190.78,191.17,190.61,190.81,0.015724919
08.07.2024 19:00:00.000,190.82,191.03,190.64,190.75,-0.036683786
08.07.2024 20:00:00.000,190.76,190.78,189.98,190.39,-0.193960998
09.07.2024 14:00:00.000,192.57,192.64,191.39,191.98,-0.306382095
09.07.2024 15:00:00.000,191.99,192.13,191.49,192,0.005208605
09.07.2024 16:00:00.000,192.01,192.03,191.1,191.29,-0.37498047
09.07.2024 17:00:00.000,191.27,191.54,190.27,190.67,-0.313692686
09.07.2024 18:00:00.000,190.67,190.99,190.28,190.97,0.157339907
09.07.2024 19:00:00.000,190.98,191.25,190.56,190.72,-0.13613991
09.07.2024 20:00:00.000,190.72,190.82,190.24,190.4,-0.167785235
10.07.2024 14:00:00.000,191.84,192.34,191.4,192.26,0.218932444
10.07.2024 15:00:00.000,192.26,192.44,191.06,191.24,-0.530531572
10.07.2024 16:00:00.000,191.24,191.83,190.84,191.77,0.277138674
10.07.2024 17:00:00.000,191.77,192.33,191.31,192.21,0.229441518
10.07.2024 18:00:00.000,192.21,192.93,192.14,192.86,0.338171791
10.07.2024 19:00:00.000,192.87,193.28,192.61,192.84,-0.015554519
10.07.2024 20:00:00.000,192.85,192.85,192.04,192.63,-0.114078299
11.07.2024 14:00:00.000,191.98,192.26,191.04,191.38,-0.312532555
11.07.2024 15:00:00.000,191.37,191.37,188.81,188.84,-1.322046298
11.07.2024 16:00:00.000,188.84,188.86,187.34,187.41,-0.757254819
11.07.2024 17:00:00.000,187.4,188.09,186.82,187.26,-0.07470651
11.07.2024 18:00:00.000,187.26,187.75,186.89,187.11,-0.080102531
11.07.2024 19:00:00.000,187.11,188.18,187.01,188.1,0.529100529
11.07.2024 20:00:00.000,188.1,188.44,187.04,187.28,-0.435938331
12.07.2024 14:00:00.000,187.74,188.25,186.62,187.69,-0.026632577
12.07.2024 15:00:00.000,187.69,188.16,186.71,187.2,-0.261068784
12.07.2024 16:00:00.000,187.19,187.82,186.85,186.88,-0.165607137
12.07.2024 17:00:00.000,186.86,187.6,186.73,187.59,0.390666809
12.07.2024 18:00:00.000,187.6,188.66,187.37,188.4,0.426439232
12.07.2024 19:00:00.000,188.4,188.6,187.51,187.98,-0.222929936
12.07.2024 20:00:00.000,187.99,188.03,186.11,186.8,-0.633012394
15.07.2024 14:00:00.000,187.62,188.81,187.33,188.79,0.623600895
15.07.2024 15:00:00.000,188.8,189.65,188.39,189.11,0.164194915
15.07.2024 16:00:00.000,189.09,189.87,188.45,189.03,-0.031730922
15.07.2024 17:00:00.000,189.01,189.11,188.13,188.43,-0.306862071
15.07.2024 18:00:00.000,188.43,188.68,187.77,187.83,-0.318420634
15.07.2024 19:00:00.000,187.83,188.47,187.54,188.33,0.266198158
15.07.2024 20:00:00.000,188.33,188.56,187.65,188.15,-0.095576913
16.07.2024 14:00:00.000,189.44,190.31,188.33,188.37,-0.564822635
16.07.2024 15:00:00.000,188.36,188.47,187.4,187.94,-0.222977278
16.07.2024 16:00:00.000,187.92,188.63,187.47,187.55,-0.196892295
16.07.2024 17:00:00.000,187.53,187.66,185.5,185.99,-0.821201941
16.07.2024 18:00:00.000,185.99,186.25,185.09,185.5,-0.263455024
16.07.2024 19:00:00.000,185.49,186.06,185.09,186,0.274947437
16.07.2024 20:00:00.000,186.01,186.08,185.33,185.53,-0.258050642
17.07.2024 14:00:00.000,183.79,184.31,183.11,183.24,-0.299254584
17.07.2024 15:00:00.000,183.23,183.41,181.6,182.05,-0.643999345
17.07.2024 16:00:00.000,182.05,182.45,181.65,182.09,0.021971986
17.07.2024 17:00:00.000,182.08,182.83,182.08,182.81,0.400922671
17.07.2024 18:00:00.000,182.81,182.99,182.17,182.88,0.038291122
17.07.2024 19:00:00.000,182.88,183.42,182.69,183.01,0.071084864
17.07.2024 20:00:00.000,182.99,183.11,182.24,182.62,-0.202196841
18.07.2024 14:00:00.000,183.52,183.7,181.08,181.09,-1.324106364
18.07.2024 15:00:00.000,181.09,182.16,180.33,181.11,0.011044232
18.07.2024 16:00:00.000,181.11,181.33,178.87,179.21,-1.049086191
18.07.2024 17:00:00.000,179.18,179.22,178.2,178.88,-0.167429401
18.07.2024 18:00:00.000,178.89,180.03,178.74,179.64,0.419252054
18.07.2024 19:00:00.000,179.64,179.66,178.59,179.05,-0.328434647
18.07.2024 20:00:00.000,179.05,179.71,178.18,178.65,-0.223401285
19.07.2024 14:00:00.000,180.83,181.93,180.15,180.72,-0.060830614
19.07.2024 15:00:00.000,180.7,181.23,180.02,180.89,0.105146652
19.07.2024 16:00:00.000,180.9,181.25,179.5,180.79,-0.060807076
19.07.2024 17:00:00.000,180.8,180.8,179.65,179.88,-0.508849558
19.07.2024 18:00:00.000,179.87,179.94,179.21,179.68,-0.105631845
19.07.2024 19:00:00.000,179.67,180.18,179.3,179.73,0.033394557
19.07.2024 20:00:00.000,179.72,179.98,178.85,179.36,-0.200311596
22.07.2024 14:00:00.000,183.04,183.94,182.89,183.65,0.33326049
22.07.2024 15:00:00.000,183.64,183.79,182.48,182.78,-0.468307558
22.07.2024 16:00:00.000,182.76,183.46,182.01,182.47,-0.158678048
22.07.2024 17:00:00.000,182.46,183.94,182.38,183.88,0.778252768
22.07.2024 18:00:00.000,183.89,184.26,183.58,183.74,-0.081570504
22.07.2024 19:00:00.000,183.75,184.26,183.6,183.78,0.016326531
22.07.2024 20:00:00.000,183.8,184.29,183.52,183.55,-0.13601741
23.07.2024 14:00:00.000,184.08,184.96,183.7,184.77,0.374837027
23.07.2024 15:00:00.000,184.77,185.02,183.53,183.77,-0.5412134
23.07.2024 16:00:00.000,183.78,184.78,183.68,184.38,0.32647731
23.07.2024 17:00:00.000,184.36,184.57,183.7,184.27,-0.048817531
23.07.2024 18:00:00.000,184.27,184.67,183.87,184.55,0.151950942
23.07.2024 19:00:00.000,184.56,185.18,184.19,184.48,-0.043346337
23.07.2024 20:00:00.000,184.49,185.01,183.56,183.57,-0.498672015
24.07.2024 14:00:00.000,173.78,177.52,173.78,177.41,2.088847969
24.07.2024 15:00:00.000,177.39,177.92,175.83,176.7,-0.388973448
24.07.2024 16:00:00.000,176.72,177.18,174.29,174.34,-1.346763241
24.07.2024 17:00:00.000,174.37,175.01,174.05,174.35,-0.011469863
24.07.2024 18:00:00.000,174.33,175.58,174.3,175.09,0.435954798
24.07.2024 19:00:00.000,175.08,175.16,173.98,174.42,-0.376970528
24.07.2024 20:00:00.000,174.43,175.11,173.87,174.28,-0.085994382
25.07.2024 14:00:00.000,174.49,174.68,171.06,171.18,-1.896956846
25.07.2024 15:00:00.000,171.17,174.06,169.52,173.8,1.536484197
25.07.2024 16:00:00.000,173.84,174.43,172.99,173.71,-0.074781408
25.07.2024 17:00:00.000,173.71,174.87,173.35,174.58,0.500834725
25.07.2024 18:00:00.000,174.6,175.17,173.97,174.44,-0.09163803
25.07.2024 19:00:00.000,174.44,174.55,169.95,171.04,-1.949094244
25.07.2024 20:00:00.000,171.02,171.98,169.69,169.78,-0.725061396
26.07.2024 14:00:00.000,166.56,167.35,165.85,166.66,0.060038425
26.07.2024 15:00:00.000,166.62,168.53,165.95,168.18,0.936262153
26.07.2024 16:00:00.000,168.17,168.7,167.53,168.28,0.065410002
26.07.2024 17:00:00.000,168.29,169.66,168.24,169.52,0.730881217
26.07.2024 18:00:00.000,169.52,169.82,168.16,168.75,-0.45422369
26.07.2024 19:00:00.000,168.75,168.94,168.11,168.31,-0.260740741
26.07.2024 20:00:00.000,168.3,169.02,167.74,168.17,-0.077243018
29.07.2024 14:00:00.000,170.66,171.49,170.15,171.48,0.480487519
29.07.2024 15:00:00.000,171.51,171.74,169.94,170.32,-0.693837094
29.07.2024 16:00:00.000,170.31,170.75,169.68,170.71,0.234865833
29.07.2024 17:00:00.000,170.72,171.86,170.72,171.61,0.521321462
29.07.2024 18:00:00.000,171.62,172.12,171.24,171.65,0.01748048
29.07.2024 19:00:00.000,171.66,171.67,170.59,171.07,-0.343702668
29.07.2024 20:00:00.000,171.06,171.71,170.95,171.22,0.093534432
30.07.2024 14:00:00.000,172.89,172.91,171.05,171.61,-0.740355139
30.07.2024 15:00:00.000,171.53,172.08,171.17,171.54,0.005829884
30.07.2024 16:00:00.000,171.54,171.72,170.73,170.99,-0.320624927
30.07.2024 17:00:00.000,171,171.26,170.26,170.35,-0.380116959
30.07.2024 18:00:00.000,170.34,171.68,170.09,171.61,0.745567688
30.07.2024 19:00:00.000,171.63,172.01,171.36,171.69,0.034958923
30.07.2024 20:00:00.000,171.68,172.37,171.42,172.18,0.291239515
31.07.2024 14:00:00.000,174.29,174.61,172.92,173.94,-0.200814734
31.07.2024 15:00:00.000,173.95,174.22,173.18,173.64,-0.17821213
31.07.2024 16:00:00.000,173.66,173.83,172.79,173.02,-0.36853622
31.07.2024 17:00:00.000,173.01,173.08,172.02,172.16,-0.491301081
31.07.2024 18:00:00.000,172.18,172.46,171.68,172.27,0.052270879
31.07.2024 19:00:00.000,172.29,173.32,172.04,172.93,0.371466713
31.07.2024 20:00:00.000,172.98,173.46,172.14,173.02,0.023124061
01.08.2024 14:00:00.000,172.43,175.62,172.09,175.4,1.722438091
01.08.2024 15:00:00.000,175.42,175.62,173.51,174.06,-0.77528218
01.08.2024 16:00:00.000,174.05,174.27,171.84,171.86,-1.258259121
01.08.2024 17:00:00.000,171.86,172.64,171.55,171.65,-0.122192482
01.08.2024 18:00:00.000,171.66,171.87,170.81,171.62,-0.023301876
01.08.2024 19:00:00.000,171.61,171.75,170.49,170.96,-0.378765806
01.08.2024 20:00:00.000,170.96,172.25,170.69,171.65,0.403603182
02.08.2024 14:00:00.000,168.53,170.18,168.53,168.76,0.136474218
02.08.2024 15:00:00.000,168.76,169.13,166.36,167.16,-0.948091965
02.08.2024 16:00:00.000,167.16,168.72,166.97,168.38,0.729839675
02.08.2024 17:00:00.000,168.38,168.77,166.62,166.84,-0.914597933
02.08.2024 18:00:00.000,166.84,167.34,166.63,167.04,0.11987533
02.08.2024 19:00:00.000,167.04,167.51,166.53,167.23,0.113745211
02.08.2024 20:00:00.000,167.24,168.24,167.07,168.02,0.466395599
05.08.2024 14:00:00.000,160.51,163.86,160.01,162.26,1.090274749
05.08.2024 15:00:00.000,162.3,164.44,162.3,163.86,0.961182994
05.08.2024 16:00:00.000,163.9,165.91,163.14,164.28,0.231848688
05.08.2024 17:00:00.000,164.24,165.15,163.77,163.88,-0.219191427
05.08.2024 18:00:00.000,163.9,165.09,163.86,164.41,0.311165345
05.08.2024 19:00:00.000,164.41,164.48,159.25,160.5,-2.378200839
05.08.2024 20:00:00.000,160.54,161.82,160.1,160.2,-0.211785225
06.08.2024 14:00:00.000,160.08,160.24,158.09,158.62,-0.912043978
06.08.2024 15:00:00.000,158.64,161.28,158.2,161.05,1.519162885
06.08.2024 16:00:00.000,161.05,161.23,160.2,161.13,0.049674014
06.08.2024 17:00:00.000,161.14,161.71,160.7,161.53,0.242025568
06.08.2024 18:00:00.000,161.55,161.77,160.74,161.12,-0.266171464
06.08.2024 19:00:00.000,161.13,162.33,160.59,161.47,0.211009744
06.08.2024 20:00:00.000,161.49,161.49,160.14,160.31,-0.730695399
07.08.2024 14:00:00.000,162.92,163.34,162.32,163.27,0.214829364
07.08.2024 15:00:00.000,163.29,164.75,162.91,163.95,0.404188866
07.08.2024 16:00:00.000,163.95,163.97,161.83,162.77,-0.719731625
07.08.2024 17:00:00.000,162.79,162.93,161.75,161.75,-0.638859881
07.08.2024 18:00:00.000,161.75,161.92,160.47,160.67,-0.667697063
07.08.2024 19:00:00.000,160.67,161.16,160.21,161.06,0.242733553
07.08.2024 20:00:00.000,161.05,161.81,160.74,160.81,-0.149022043
08.08.2024 14:00:00.000,162.59,163.08,162.01,163.02,0.26446891
08.08.2024 15:00:00.000,162.98,164.88,162.85,164.45,0.90195116
08.08.2024 16:00:00.000,164.47,164.84,163.92,164.79,0.194564358
08.08.2024 17:00:00.000,164.77,165.48,164.57,164.91,0.084966924
08.08.2024 18:00:00.000,164.91,165.3,164.54,164.93,0.012127827
08.08.2024 19:00:00.000,164.93,165.31,164.58,164.82,-0.066694961
08.08.2024 20:00:00.000,164.8,165.31,163.82,163.94,-0.52184466
09.08.2024 14:00:00.000,162.18,162.82,161.74,161.98,-0.123319768
09.08.2024 15:00:00.000,161.99,162.39,160.9,161.96,-0.018519662
09.08.2024 16:00:00.000,161.96,162.12,161.41,161.6,-0.222277105
09.08.2024 17:00:00.000,161.6,161.77,161.16,161.73,0.080445545
09.08.2024 18:00:00.000,161.73,163.23,161.67,162.96,0.760526804
09.08.2024 19:00:00.000,162.96,163.7,162.89,163.51,0.337506136
09.08.2024 20:00:00.000,163.51,165.2,163.4,165.05,0.94183842
12.08.2024 14:00:00.000,166.04,166.66,164.91,165.17,-0.523970128
12.08.2024 15:00:00.000,165.19,165.65,164.88,165.62,0.260306314
12.08.2024 16:00:00.000,165.62,165.71,163.91,165.23,-0.235478807
12.08.2024 17:00:00.000,165.23,165.4,164.48,164.49,-0.447860558
12.08.2024 18:00:00.000,164.47,165.01,164.12,164.42,-0.030400681
12.08.2024 19:00:00.000,164.42,164.69,164.28,164.57,0.091229777
12.08.2024 20:00:00.000,164.58,164.62,163.53,163.81,-0.467857577
13.08.2024 14:00:00.000,166.08,166.21,164.75,164.8,-0.770712909
13.08.2024 15:00:00.000,164.78,165.54,164.75,165.3,0.315572278
13.08.2024 16:00:00.000,165.3,165.84,165.3,165.61,0.18753781
13.08.2024 17:00:00.000,165.61,166.1,165.26,166.08,0.283799287
13.08.2024 18:00:00.000,166.08,166.38,165.41,165.77,-0.186657033
13.08.2024 19:00:00.000,165.77,166.13,165.38,166.01,0.144778911
13.08.2024 20:00:00.000,166.01,166.11,165.54,165.98,-0.018071201
14.08.2024 14:00:00.000,163.63,163.69,161.15,161.16,-1.509503147
14.08.2024 15:00:00.000,161.15,161.15,159.51,160.21,-0.583307478
14.08.2024 16:00:00.000,160.19,161.72,159.79,161.7,0.942630626
14.08.2024 17:00:00.000,161.68,161.83,160.78,161.2,-0.296882731
14.08.2024 18:00:00.000,161.2,161.26,160.6,160.65,-0.341191067
14.08.2024 19:00:00.000,160.65,161.01,160.45,160.59,-0.037348273
14.08.2024 20:00:00.000,160.59,161.95,160.19,161.91,0.821968989
15.08.2024 14:00:00.000,162.63,162.63,161.46,162.34,-0.178318883
15.08.2024 15:00:00.000,162.34,162.75,161.58,161.73,-0.375754589
15.08.2024 16:00:00.000,161.73,162.83,161.52,162.79,0.655413343
15.08.2024 17:00:00.000,162.78,163.41,162.68,162.88,0.061432608
15.08.2024 18:00:00.000,162.89,163.4,162.74,163.4,0.313094727
15.08.2024 19:00:00.000,163.4,163.49,162.93,163.11,-0.17747858
15.08.2024 20:00:00.000,163.11,163.29,162.67,162.89,-0.134878303
16.08.2024 14:00:00.000,163.94,164.76,163.66,164.69,0.457484446
16.08.2024 15:00:00.000,164.68,166.93,164.68,165.91,0.746903085
16.08.2024 16:00:00.000,165.9,165.93,165.12,165.73,-0.102471368
16.08.2024 17:00:00.000,165.71,165.99,165.3,165.72,0.006034639
16.08.2024 18:00:00.000,165.72,165.82,165.16,165.32,-0.241370987
16.08.2024 19:00:00.000,165.31,165.52,165.07,165.47,0.096787853
16.08.2024 20:00:00.000,165.47,165.54,164.57,164.73,-0.447210975
19.08.2024 14:00:00.000,166.92,167.53,166.61,166.85,-0.041936257
19.08.2024 15:00:00.000,166.87,167.4,166.06,166.89,0.011985378
19.08.2024 16:00:00.000,166.9,167.33,166.58,166.77,-0.077890953
19.08.2024 17:00:00.000,166.8,167.55,166.69,167.51,0.425659472
19.08.2024 18:00:00.000,167.51,167.6,167.23,167.51,0
19.08.2024 19:00:00.000,167.51,167.75,167.29,167.6,0.053728136
19.08.2024 20:00:00.000,167.59,168.4,167.39,168.38,0.471388508
20.08.2024 14:00:00.000,168.9,170.37,168.78,170.27,0.811130847
20.08.2024 15:00:00.000,170.27,170.29,168.81,169.11,-0.681270923
20.08.2024 16:00:00.000,169.11,169.68,168.79,169.64,0.313405476
20.08.2024 17:00:00.000,169.66,169.76,169.34,169.35,-0.182718378
20.08.2024 18:00:00.000,169.35,169.8,169.19,169.77,0.248007086
20.08.2024 19:00:00.000,169.77,170.18,169.62,169.76,-0.005890322
20.08.2024 20:00:00.000,169.76,169.87,169.18,169.23,-0.312205467
21.08.2024 14:00:00.000,166.82,168.25,166.81,168.15,0.797266515
21.08.2024 15:00:00.000,168.15,168.62,167.14,167.61,-0.321141838
21.08.2024 16:00:00.000,167.57,167.95,167.02,167.22,-0.208867936
21.08.2024 17:00:00.000,167.22,167.59,166.85,167.38,0.095682335
21.08.2024 18:00:00.000,167.39,167.8,167.09,167.76,0.221040683
21.08.2024 19:00:00.000,167.76,168.13,167.5,167.65,-0.065569862
21.08.2024 20:00:00.000,167.65,167.67,167.13,167.33,-0.190873844
22.08.2024 14:00:00.000,168.83,168.91,168.19,168.54,-0.17177042
22.08.2024 15:00:00.000,168.56,168.69,167.34,167.6,-0.569530138
22.08.2024 16:00:00.000,167.59,167.92,166.5,166.81,-0.465421565
22.08.2024 17:00:00.000,166.81,167.78,166.74,166.9,0.0539536
22.08.2024 18:00:00.000,166.9,166.9,165.8,165.92,-0.587177951
22.08.2024 19:00:00.000,165.93,166.68,165.83,166.23,0.180799132
22.08.2024 20:00:00.000,166.24,166.52,165.65,165.73,-0.306785371
23.08.2024 14:00:00.000,166.39,166.91,166.09,166.76,0.222369133
23.08.2024 15:00:00.000,166.81,167.94,165.92,166.67,-0.083927822
23.08.2024 16:00:00.000,166.66,167.38,166.2,166.63,-0.01800072
23.08.2024 17:00:00.000,166.61,166.66,165.65,166.34,-0.162055099
23.08.2024 18:00:00.000,166.33,167.08,166.21,166.65,0.192388625
23.08.2024 19:00:00.000,166.65,166.96,166.48,166.82,0.102010201
23.08.2024 20:00:00.000,166.8,167.62,166.61,167.55,0.449640288
26.08.2024 14:00:00.000,168.94,169.03,167.43,167.95,-0.586006866
26.08.2024 15:00:00.000,167.95,168.01,166.29,167.37,-0.345340875
26.08.2024 16:00:00.000,167.39,167.79,167.14,167.37,-0.011948145
26.08.2024 17:00:00.000,167.36,167.92,167.19,167.84,0.286806883
26.08.2024 18:00:00.000,167.82,168.11,167.45,167.58,-0.143010368
26.08.2024 19:00:00.000,167.59,168.28,167.5,168.07,0.28641327
26.08.2024 20:00:00.000,168.06,168.13,167.71,167.91,-0.089253838
27.08.2024 14:00:00.000,167.25,167.54,166.62,167.44,0.113602392
27.08.2024 15:00:00.000,167.44,168.17,167.35,167.96,0.310559006
27.08.2024 16:00:00.000,167.96,168.23,167.4,167.54,-0.250059538
27.08.2024 17:00:00.000,167.52,168.14,167.45,167.69,0.10148042
27.08.2024 18:00:00.000,167.69,167.88,167.49,167.85,0.095414157
27.08.2024 19:00:00.000,167.85,167.87,167.07,167.19,-0.393208222
27.08.2024 20:00:00.000,167.19,167.22,166.19,166.22,-0.58017824
28.08.2024 14:00:00.000,166.56,166.56,164.7,165.12,-0.864553314
28.08.2024 15:00:00.000,165.13,165.13,164.05,164.25,-0.532913462
28.08.2024 16:00:00.000,164.25,164.38,163.24,164.21,-0.02435312
28.08.2024 17:00:00.000,164.21,164.62,163.95,164.53,0.194872419
28.08.2024 18:00:00.000,164.53,164.67,163.71,163.74,-0.480155595
28.08.2024 19:00:00.000,163.74,164.68,163.56,164.67,0.567973617
28.08.2024 20:00:00.000,164.66,165.1,164.37,164.82,0.097169926
29.08.2024 14:00:00.000,165.99,167.51,165.88,167.4,0.849448762
29.08.2024 15:00:00.000,167.4,167.61,166.46,166.89,-0.304659498
29.08.2024 16:00:00.000,166.89,167.23,166.4,166.7,-0.113847444
29.08.2024 17:00:00.000,166.7,167.04,166.02,166.2,-0.299940012
29.08.2024 18:00:00.000,166.18,166.32,164.09,164.93,-0.752196414
29.08.2024 19:00:00.000,164.96,164.96,162.39,162.72,-1.357904947
29.08.2024 20:00:00.000,162.72,163.61,161.97,163.1,0.23352999
30.08.2024 14:00:00.000,164.5,164.81,163.79,164.71,0.127659574
30.08.2024 15:00:00.000,164.71,164.78,163.54,163.54,-0.710339384
30.08.2024 16:00:00.000,163.52,164.13,163.38,164.06,0.330234834
30.08.2024 17:00:00.000,164.07,164.15,163.47,164.08,0.006094959
30.08.2024 18:00:00.000,164.06,164.28,163.91,163.95,-0.067048641
30.08.2024 19:00:00.000,163.95,164.3,163.86,164.14,0.115888991
30.08.2024 20:00:00.000,164.14,165.21,164.07,165.04,0.548312416
03.09.2024 14:00:00.000,162.34,162.91,161.32,162.16,-0.110878403
03.09.2024 15:00:00.000,162.11,162.25,160.33,160.56,-0.956140892
03.09.2024 16:00:00.000,160.56,160.99,160.41,160.56,0
03.09.2024 17:00:00.000,160.56,161.01,160.29,160.53,-0.018684604
03.09.2024 18:00:00.000,160.52,160.79,159.88,159.95,-0.355095938
03.09.2024 19:00:00.000,159.96,160,158.92,159.02,-0.587646912
03.09.2024 20:00:00.000,159.04,159.07,157.83,158.02,-0.641348089
04.09.2024 14:00:00.000,159.71,160.38,158.94,159.12,-0.369419573
04.09.2024 15:00:00.000,159.12,159.68,158.34,159.65,0.333081951
04.09.2024 16:00:00.000,159.65,159.88,158.24,158.53,-0.701534607
04.09.2024 17:00:00.000,158.53,159.03,158.19,158.71,0.113543178
04.09.2024 18:00:00.000,158.7,158.71,157.41,157.67,-0.649023314
04.09.2024 19:00:00.000,157.69,158.34,157.58,157.9,0.133172681
04.09.2024 20:00:00.000,157.9,158.43,157.73,157.92,0.012666244
05.09.2024 14:00:00.000,159.81,160.97,159.17,159.95,0.08760403
05.09.2024 15:00:00.000,159.9,160.69,159.29,159.4,-0.312695435
05.09.2024 16:00:00.000,159.4,159.47,158.11,158.18,-0.765370138
05.09.2024 17:00:00.000,158.18,158.58,157.91,158.05,-0.082184853
05.09.2024 18:00:00.000,158.06,158.95,157.83,158.94,0.556750601
05.09.2024 19:00:00.000,158.97,159.1,158.49,158.59,-0.239038812
05.09.2024 20:00:00.000,158.6,158.67,157.88,158.09,-0.321563682
06.09.2024 14:00:00.000,158.34,158.4,156.18,156.31,-1.282051282
06.09.2024 15:00:00.000,156.28,156.59,154.35,154.71,-1.004607115
06.09.2024 16:00:00.000,154.71,155.37,153.28,153.43,-0.827354405
06.09.2024 17:00:00.000,153.43,153.54,152.78,152.97,-0.299810989
06.09.2024 18:00:00.000,152.97,153.37,152.88,152.97,0
06.09.2024 19:00:00.000,152.97,153.28,152.6,153.07,0.065372295
06.09.2024 20:00:00.000,153.08,153.21,152.38,152.46,-0.405016985
09.09.2024 14:00:00.000,154.43,154.62,153.73,153.8,-0.407951823
09.09.2024 15:00:00.000,153.78,153.82,150.15,150.15,-2.360515021
09.09.2024 16:00:00.000,150.14,150.38,149.11,150.38,0.159850806
09.09.2024 17:00:00.000,150.38,151.02,149.68,150.66,0.186194973
09.09.2024 18:00:00.000,150.66,150.69,150.01,150.24,-0.278773397
09.09.2024 19:00:00.000,150.25,150.29,149.05,149.15,-0.732113145
09.09.2024 20:00:00.000,149.15,149.41,148.19,149.08,-0.046932618
10.09.2024 14:00:00.000,151.86,151.94,150.62,151.21,-0.428025813
10.09.2024 15:00:00.000,151.18,151.39,149.96,150.31,-0.575472946
10.09.2024 16:00:00.000,150.31,150.96,149.7,149.71,-0.399175038
10.09.2024 17:00:00.000,149.71,150.58,149.52,150.43,0.480929798
10.09.2024 18:00:00.000,150.43,150.88,150.37,150.71,0.186133085
10.09.2024 19:00:00.000,150.72,151.59,150.72,151.29,0.378184713
10.09.2024 20:00:00.000,151.31,151.43,150.2,150.22,-0.720375388
11.09.2024 14:00:00.000,150.9,151.27,150.22,150.86,-0.026507621
11.09.2024 15:00:00.000,150.85,151.09,148.68,149.13,-1.140205502
11.09.2024 16:00:00.000,149.12,150.47,148.89,149.77,0.435890558
11.09.2024 17:00:00.000,149.77,150.73,149.67,150.66,0.594244508
11.09.2024 18:00:00.000,150.66,151.83,150.54,151.31,0.431435019
11.09.2024 19:00:00.000,151.31,151.51,150.92,151.16,-0.099134228
11.09.2024 20:00:00.000,151.16,152.26,151.06,152.1,0.621857634
12.09.2024 14:00:00.000,155.14,155.21,154.17,154.37,-0.496325899
12.09.2024 15:00:00.000,154.4,154.65,153.48,154.28,-0.077720207
12.09.2024 16:00:00.000,154.27,154.95,153.98,154.03,-0.155571401
12.09.2024 17:00:00.000,154.03,155.12,153.78,155.06,0.668700902
12.09.2024 18:00:00.000,155.06,155.38,154.83,155.29,0.148329679
12.09.2024 19:00:00.000,155.31,155.44,154.38,155.11,-0.128774709
12.09.2024 20:00:00.000,155.1,155.58,154.86,155.06,-0.025789813
13.09.2024 14:00:00.000,156.31,157.61,156.08,156.86,0.351864884
13.09.2024 15:00:00.000,156.88,159.25,156.68,158.34,0.930647629
13.09.2024 16:00:00.000,158.35,158.43,157.44,157.95,-0.252604989
13.09.2024 17:00:00.000,157.97,158.17,157.57,158.16,0.120276002
13.09.2024 18:00:00.000,158.17,158.47,157.87,158.36,0.120123917
13.09.2024 19:00:00.000,158.35,158.46,157.95,158.27,-0.050520998
13.09.2024 20:00:00.000,158.25,158.84,158.16,158.17,-0.050552923
16.09.2024 14:00:00.000,157.94,159,157.59,158.83,0.563505129
16.09.2024 15:00:00.000,158.77,159.16,158.05,158.83,0.037790515
16.09.2024 16:00:00.000,158.84,159.2,158.38,158.67,-0.107025938
16.09.2024 17:00:00.000,158.72,158.9,158.38,158.76,0.025201613
16.09.2024 18:00:00.000,158.76,159.03,158.46,158.94,0.113378685
16.09.2024 19:00:00.000,158.94,159.09,158.54,158.81,-0.081791871
16.09.2024 20:00:00.000,158.81,159.02,158.64,158.91,0.062968327
17.09.2024 14:00:00.000,159.91,160.87,159.42,160.65,0.462760303
17.09.2024 15:00:00.000,160.68,161.55,160.34,160.77,0.056011949
17.09.2024 16:00:00.000,160.8,160.91,160.04,160.72,-0.049751244
17.09.2024 17:00:00.000,160.71,160.76,159.46,159.59,-0.696907473
17.09.2024 18:00:00.000,159.58,160.23,159.39,160.19,0.382253415
17.09.2024 19:00:00.000,160.19,160.38,159.46,159.68,-0.318371933
17.09.2024 20:00:00.000,159.67,160.23,159.57,159.9,0.144047097
18.09.2024 14:00:00.000,160.51,161.27,160.22,161.07,0.34888792
18.09.2024 15:00:00.000,161.1,161.18,160.31,160.6,-0.310366232
18.09.2024 16:00:00.000,160.6,160.75,159.63,159.81,-0.491905355
18.09.2024 17:00:00.000,159.81,160.56,159.75,160.24,0.26906952
18.09.2024 18:00:00.000,160.25,160.63,160.12,160.43,0.112324493
18.09.2024 19:00:00.000,160.38,161.56,159.9,160.55,0.105998254
18.09.2024 20:00:00.000,160.52,161.6,160.17,160.7,0.112135559
19.09.2024 14:00:00.000,164.21,164.21,162.51,162.61,-0.974362097
19.09.2024 15:00:00.000,162.7,164.48,162.5,163.35,0.399508297
19.09.2024 16:00:00.000,163.37,164.4,163.3,163.95,0.355022342
19.09.2024 17:00:00.000,163.93,164.18,163.76,163.87,-0.036600988
19.09.2024 18:00:00.000,163.87,164.5,163.85,164.28,0.250198328
19.09.2024 19:00:00.000,164.28,164.3,163.73,164.07,-0.127830533
19.09.2024 20:00:00.000,164.06,164.1,163.24,163.52,-0.329147873
20.09.2024 14:00:00.000,164.17,164.39,163.71,163.85,-0.1949199
20.09.2024 15:00:00.000,163.87,164.24,163.29,163.33,-0.329529505
20.09.2024 16:00:00.000,163.32,163.91,163.16,163.74,0.25716385
20.09.2024 17:00:00.000,163.74,164.27,163.59,164.2,0.280933187
20.09.2024 18:00:00.000,164.21,164.34,163.64,163.88,-0.200962183
20.09.2024 19:00:00.000,163.88,163.92,163.5,163.8,-0.048816207
20.09.2024 20:00:00.000,163.81,164.29,163.65,164.11,0.183139003
23.09.2024 14:00:00.000,165.08,165.74,164.73,165.32,0.145384056
23.09.2024 15:00:00.000,165.32,165.62,164.59,165.4,0.048390999
23.09.2024 16:00:00.000,165.4,165.51,164.91,164.93,-0.284159613
23.09.2024 17:00:00.000,164.94,164.94,163.99,163.99,-0.575967018
23.09.2024 18:00:00.000,164,164.28,163.55,164.15,0.091463415
23.09.2024 19:00:00.000,164.15,164.27,163.81,163.96,-0.115747792
23.09.2024 20:00:00.000,163.94,164.04,163.1,163.16,-0.475783823
24.09.2024 14:00:00.000,163.33,163.69,162.64,162.7,-0.385722158
24.09.2024 15:00:00.000,162.65,163.94,162.02,163.9,0.768521365
24.09.2024 16:00:00.000,163.9,164.27,163.59,164.25,0.213544844
24.09.2024 17:00:00.000,164.29,164.52,163.83,163.84,-0.273905898
24.09.2024 18:00:00.000,163.83,163.89,163.37,163.38,-0.274674968
24.09.2024 19:00:00.000,163.38,163.75,163.18,163.63,0.153017505
24.09.2024 20:00:00.000,163.62,164.07,163.5,163.51,-0.067228945
25.09.2024 14:00:00.000,163.34,163.8,163.01,163.79,0.275498959
25.09.2024 15:00:00.000,163.76,164.2,163.69,163.82,0.036638984
25.09.2024 16:00:00.000,163.82,164.04,163.16,163.33,-0.299108778
25.09.2024 17:00:00.000,163.33,163.37,162.81,163.03,-0.183677218
25.09.2024 18:00:00.000,163.04,163.69,162.8,163.64,0.368007851
25.09.2024 19:00:00.000,163.64,163.66,163,163.21,-0.262771938
25.09.2024 20:00:00.000,163.21,163.31,162.87,162.95,-0.159303964
26.09.2024 14:00:00.000,164.8,165.24,164.49,165.06,0.15776699
26.09.2024 15:00:00.000,165.07,165.07,164.03,164.08,-0.599745562
26.09.2024 16:00:00.000,164.07,164.54,163.63,164.47,0.243798379
26.09.2024 17:00:00.000,164.47,164.49,163.88,163.93,-0.328327355
26.09.2024 18:00:00.000,163.93,163.97,163.48,163.72,-0.128103459
26.09.2024 19:00:00.000,163.73,164.16,163.51,163.79,0.036645697
26.09.2024 20:00:00.000,163.79,164.18,163.56,163.82,0.018316137
27.09.2024 14:00:00.000,164.73,165.21,163.81,165.21,0.291385904
27.09.2024 15:00:00.000,165.22,166.94,165.22,166.52,0.786829682
27.09.2024 16:00:00.000,166.5,166.64,165.15,165.3,-0.720720721
27.09.2024 17:00:00.000,165.31,165.82,165.24,165.62,0.187526465
27.09.2024 18:00:00.000,165.63,165.9,165.55,165.89,0.156976393
27.09.2024 19:00:00.000,165.89,166.03,165.05,165.47,-0.253179818
27.09.2024 20:00:00.000,165.48,165.86,165.1,165.3,-0.108774474
30.09.2024 14:00:00.000,166.1,166.16,165.31,165.9,-0.120409392
30.09.2024 15:00:00.000,165.89,165.92,164.78,164.84,-0.632949545
30.09.2024 16:00:00.000,164.84,165.85,164.78,165.68,0.509585052
30.09.2024 17:00:00.000,165.68,166.18,165.63,166.02,0.205214872
30.09.2024 18:00:00.000,166.03,166.06,165.54,165.99,-0.024092032
30.09.2024 19:00:00.000,165.98,166.02,165.05,165.66,-0.192794313
30.09.2024 20:00:00.000,165.66,167.04,165.49,167.03,0.82699505
01.10.2024 14:00:00.000,169.66,170.03,167.09,167.53,-1.255452081
01.10.2024 15:00:00.000,167.53,167.75,165.89,166.78,-0.447681012
01.10.2024 16:00:00.000,166.78,167.57,165.88,167.19,0.245832834
01.10.2024 17:00:00.000,167.17,167.91,166.88,167.64,0.281150924
01.10.2024 18:00:00.000,167.64,168.66,167.12,168.6,0.572655691
01.10.2024 19:00:00.000,168.6,169.13,168.58,169.08,0.284697509
01.10.2024 20:00:00.000,169.07,169.18,168.29,168.32,-0.443603241
02.10.2024 14:00:00.000,168.08,168.14,166.37,167.01,-0.636601618
02.10.2024 15:00:00.000,166.98,167.21,166.36,166.55,-0.25751587
02.10.2024 16:00:00.000,166.56,167.33,166.21,166.57,0.006003842
02.10.2024 17:00:00.000,166.59,167.03,166.53,166.81,0.132060748
02.10.2024 18:00:00.000,166.8,167.13,166.54,167.05,0.149880096
02.10.2024 19:00:00.000,167.06,167.27,166.76,167.17,0.065844607
02.10.2024 20:00:00.000,167.17,167.98,167.11,167.46,0.173476102
03.10.2024 14:00:00.000,166.15,166.49,165.57,166.19,0.024074631
03.10.2024 15:00:00.000,166.19,167.09,165.76,166.37,0.108309766
03.10.2024 16:00:00.000,166.36,167.39,166.33,167.35,0.595094975
03.10.2024 17:00:00.000,167.35,167.81,167.1,167.19,-0.095608007
03.10.2024 18:00:00.000,167.19,167.88,167,167.37,0.107661942
03.10.2024 19:00:00.000,167.37,167.48,167.1,167.28,-0.053773078
03.10.2024 20:00:00.000,167.27,167.47,166.91,167.07,-0.119567167
04.10.2024 14:00:00.000,169.23,169.36,167.83,167.96,-0.750457957
04.10.2024 15:00:00.000,167.96,168.34,167.1,167.75,-0.125029769
04.10.2024 16:00:00.000,167.75,168.11,166.95,167.84,0.053651267
04.10.2024 17:00:00.000,167.84,167.95,167.39,167.79,-0.029790276
04.10.2024 18:00:00.000,167.79,167.87,167.25,167.36,-0.256272722
04.10.2024 19:00:00.000,167.37,167.73,167.17,167.67,0.179243592
04.10.2024 20:00:00.000,167.65,168.52,167.54,168.41,0.45332538
07.10.2024 14:00:00.000,169.08,169.08,167.35,167.49,-0.940383251
07.10.2024 15:00:00.000,167.46,168.46,167.45,167.8,0.20303356
07.10.2024 16:00:00.000,167.81,167.81,167.18,167.32,-0.291996901
07.10.2024 17:00:00.000,167.33,167.43,166.57,166.69,-0.382477739
07.10.2024 18:00:00.000,166.69,166.85,166.06,166.36,-0.197972284
07.10.2024 19:00:00.000,166.35,166.39,164.49,164.66,-1.015930268
07.10.2024 20:00:00.000,164.66,165.15,164.52,164.59,-0.042511843
08.10.2024 14:00:00.000,165.38,165.45,164.57,165.16,-0.133026968
08.10.2024 15:00:00.000,165.15,166.08,165.15,165.4,0.151377536
08.10.2024 16:00:00.000,165.42,165.64,165.12,165.45,0.018135655
08.10.2024 17:00:00.000,165.43,165.45,164.69,165.08,-0.211569848
08.10.2024 18:00:00.000,165.08,165.14,164.38,164.49,-0.357402472
08.10.2024 19:00:00.000,164.49,164.81,164.27,164.69,0.121587938
08.10.2024 20:00:00.000,164.69,165.58,164.54,165.54,0.516121197
09.10.2024 14:00:00.000,165.55,165.86,162.63,163.01,-1.534279674
09.10.2024 15:00:00.000,163.01,163.42,161.09,162.94,-0.042942151
09.10.2024 16:00:00.000,162.94,163.34,162.25,163.34,0.245489137
09.10.2024 17:00:00.000,163.34,163.34,161.87,161.92,-0.869352271
09.10.2024 18:00:00.000,161.91,162.22,161.6,161.73,-0.111172874
09.10.2024 19:00:00.000,161.73,162.31,161.49,162.09,0.222593211
09.10.2024 20:00:00.000,162.08,162.91,161.76,162.87,0.487413623
10.10.2024 14:00:00.000,162.4,163.07,162.12,162.79,0.240147783
10.10.2024 15:00:00.000,162.81,163.81,162.66,163.22,0.251827283
10.10.2024 16:00:00.000,163.23,163.98,162.99,163.95,0.441095387
10.10.2024 17:00:00.000,163.97,164.29,163.6,163.79,-0.109776179
10.10.2024 18:00:00.000,163.79,163.81,163.03,163.62,-0.10379144
10.10.2024 19:00:00.000,163.59,163.61,163.1,163.44,-0.091692646
10.10.2024 20:00:00.000,163.44,163.51,163.11,163.32,-0.073421439
11.10.2024 14:00:00.000,163.21,163.69,162.44,163.62,0.251210097
11.10.2024 15:00:00.000,163.62,165.13,163.41,164.56,0.574501895
11.10.2024 16:00:00.000,164.55,164.76,164.16,164.74,0.115466424
11.10.2024 17:00:00.000,164.74,164.94,164.27,164.45,-0.176034964
11.10.2024 18:00:00.000,164.45,164.85,164.31,164.53,0.048647005
11.10.2024 19:00:00.000,164.53,164.89,164.47,164.85,0.194493405
11.10.2024 20:00:00.000,164.84,165.25,164.52,164.58,-0.157728707
14.10.2024 14:00:00.000,165.59,167.6,165.59,167.38,1.080983151
14.10.2024 15:00:00.000,167.39,167.48,166.08,166.13,-0.752733138
14.10.2024 16:00:00.000,166.13,166.16,165.43,166.06,-0.042135677
14.10.2024 17:00:00.000,166.05,166.41,166.05,166.25,0.120445649
14.10.2024 18:00:00.000,166.25,166.51,166.12,166.28,0.018045113
14.10.2024 19:00:00.000,166.29,166.53,166.18,166.51,0.132298996
14.10.2024 20:00:00.000,166.5,167.11,166.27,166.29,-0.126126126
15.10.2024 14:00:00.000,167.75,168.31,166.95,168.13,0.226527571
15.10.2024 15:00:00.000,168.13,169.07,166.49,166.51,-0.963540118
15.10.2024 16:00:00.000,166.51,167.56,166.34,167.04,0.318299201
15.10.2024 17:00:00.000,167.06,167.63,166.91,167.6,0.32323716
15.10.2024 18:00:00.000,167.6,167.7,166.58,166.92,-0.405727924
15.10.2024 19:00:00.000,166.92,167.2,166.45,166.5,-0.251617541
15.10.2024 20:00:00.000,166.54,166.92,166.04,166.87,0.198150594
16.10.2024 14:00:00.000,165.94,166.34,165.28,165.32,-0.373629023
16.10.2024 15:00:00.000,165.32,167.26,165.18,166.65,0.804500363
16.10.2024 16:00:00.000,166.66,166.86,165.62,165.62,-0.624024961
16.10.2024 17:00:00.000,165.61,166.16,165.52,166.14,0.320028984
16.10.2024 18:00:00.000,166.16,166.32,165.87,166.19,0.018054887
16.10.2024 19:00:00.000,166.2,166.63,166.09,166.32,0.072202166
16.10.2024 20:00:00.000,166.33,166.77,166.24,166.53,0.120242891
17.10.2024 14:00:00.000,167.04,167.04,165.78,165.85,-0.712404215
17.10.2024 15:00:00.000,165.93,166.15,164.89,164.98,-0.572530585
17.10.2024 16:00:00.000,165,166.48,164.84,166.45,0.878787879
17.10.2024 17:00:00.000,166.49,166.58,165.9,166.38,-0.066070034
17.10.2024 18:00:00.000,166.38,166.64,165.16,165.19,-0.715230196
17.10.2024 19:00:00.000,165.18,165.2,164.48,165.14,-0.024216007
17.10.2024 20:00:00.000,165.14,165.18,164.51,164.61,-0.320939809
18.10.2024 14:00:00.000,165.64,166.12,165.48,165.57,-0.042260324
18.10.2024 15:00:00.000,165.55,166.32,165.03,165.08,-0.283902144
18.10.2024 16:00:00.000,165.08,165.44,164.86,164.92,-0.096922704
18.10.2024 17:00:00.000,164.92,165.76,164.86,165.54,0.37593985
18.10.2024 18:00:00.000,165.53,165.62,165.09,165.19,-0.205400834
18.10.2024 19:00:00.000,165.18,165.53,164.99,165.53,0.211890059
18.10.2024 20:00:00.000,165.53,165.55,164.87,164.95,-0.350389657
21.10.2024 14:00:00.000,165.31,165.88,165.18,165.57,0.157280261
21.10.2024 15:00:00.000,165.59,166.19,164.86,165.03,-0.338184673
21.10.2024 16:00:00.000,165.03,165.22,164.28,165.17,0.084833061
21.10.2024 17:00:00.000,165.16,165.46,165.11,165.4,0.145313635
21.10.2024 18:00:00.000,165.39,165.88,165.36,165.79,0.241852591
21.10.2024 19:00:00.000,165.79,165.83,165.43,165.5,-0.17492008
21.10.2024 20:00:00.000,165.5,165.83,165.38,165.47,-0.018126888
22.10.2024 14:00:00.000,165.68,166.91,165.58,166.91,0.742394978
22.10.2024 15:00:00.000,166.94,167.44,166.52,166.68,-0.155744579
22.10.2024 16:00:00.000,166.65,166.71,166.03,166.03,-0.372037204
22.10.2024 17:00:00.000,166.03,166.3,165.63,166.25,0.132506174
22.10.2024 18:00:00.000,166.24,166.7,165.96,166.69,0.270692974
22.10.2024 19:00:00.000,166.69,166.85,166.18,166.24,-0.269962205
22.10.2024 20:00:00.000,166.24,166.77,166.16,166.77,0.318816169
23.10.2024 14:00:00.000,166.66,167.05,165.99,166.33,-0.19800792
23.10.2024 15:00:00.000,166.36,166.42,165.44,165.5,-0.51695119
23.10.2024 16:00:00.000,165.5,165.53,163.78,164.44,-0.640483384
23.10.2024 17:00:00.000,164.43,164.68,163.94,164.53,0.060816153
23.10.2024 18:00:00.000,164.52,164.53,163.85,163.94,-0.352540725
23.10.2024 19:00:00.000,163.93,164.4,163.62,164.28,0.213505765
23.10.2024 20:00:00.000,164.28,164.66,164.17,164.21,-0.042610178
24.10.2024 14:00:00.000,163.62,164.01,162.75,163.86,0.146681335
24.10.2024 15:00:00.000,163.88,164.52,163.65,164.35,0.286795216
24.10.2024 16:00:00.000,164.35,164.62,163.79,164.61,0.158198966
24.10.2024 17:00:00.000,164.63,165.03,164.29,164.91,0.170078358
24.10.2024 18:00:00.000,164.93,165.03,164.63,164.78,-0.090947675
24.10.2024 19:00:00.000,164.79,164.88,164.42,164.5,-0.175981552
24.10.2024 20:00:00.000,164.5,164.96,164.23,164.91,0.249240122
25.10.2024 14:00:00.000,165.4,167.26,165.19,167.09,1.021765417
25.10.2024 15:00:00.000,167.11,167.37,166.48,166.73,-0.227395129
25.10.2024 16:00:00.000,166.73,167.2,166.51,166.67,-0.035986325
25.10.2024 17:00:00.000,166.66,167.27,166.55,167.1,0.26401056
25.10.2024 18:00:00.000,167.1,167.14,166.09,166.14,-0.574506284
25.10.2024 19:00:00.000,166.14,167.05,165.92,166.9,0.457445528
25.10.2024 20:00:00.000,166.9,167.13,166.6,167.03,0.077890953
28.10.2024 14:00:00.000,169.03,169.08,168.02,168.69,-0.201147725
28.10.2024 15:00:00.000,168.69,169.77,168.62,169.06,0.219337246
28.10.2024 16:00:00.000,169.05,169.12,165.79,168.52,-0.313516711
28.10.2024 17:00:00.000,168.52,168.58,167.88,168.31,-0.124614289
28.10.2024 18:00:00.000,168.31,168.65,168.06,168.51,0.118828352
28.10.2024 19:00:00.000,168.52,168.98,168.4,168.84,0.189888441
28.10.2024 20:00:00.000,168.84,168.95,168.39,168.71,-0.076995973
29.10.2024 14:00:00.000,168.86,169.9,168.73,169.57,0.420466659
29.10.2024 15:00:00.000,169.61,170.66,169.15,170.64,0.607275514
29.10.2024 16:00:00.000,170.64,170.83,169.88,170.19,-0.26371308
29.10.2024 17:00:00.000,170.19,170.8,169.91,170.76,0.334919796
29.10.2024 18:00:00.000,170.76,171.33,170.75,171.02,0.152260483
29.10.2024 19:00:00.000,171.02,171.52,170.94,171.27,0.146181733
29.10.2024 20:00:00.000,171.26,171.84,171.01,171.13,-0.075907976
30.10.2024 14:00:00.000,181.4,182.16,179.25,180.95,-0.248070562
30.10.2024 15:00:00.000,180.93,182.92,180.16,180.99,0.033161996
30.10.2024 16:00:00.000,181,181.69,180.02,180.7,-0.165745856
30.10.2024 17:00:00.000,180.72,181.17,179.51,179.55,-0.647410359
30.10.2024 18:00:00.000,179.52,179.72,177.73,177.93,-0.885695187
30.10.2024 19:00:00.000,177.93,178.69,177.91,178.4,0.264148823
30.10.2024 20:00:00.000,178.4,178.59,176.33,176.41,-1.115470852
31.10.2024 14:00:00.000,175.97,178.35,175.9,176.22,0.142069671
31.10.2024 15:00:00.000,176.22,177.82,175.04,175.63,-0.334808762
31.10.2024 16:00:00.000,175.64,176.64,175.09,175.84,0.113869278
31.10.2024 17:00:00.000,175.83,176.52,173.28,174.01,-1.035090713
31.10.2024 18:00:00.000,174.01,174.36,172.75,172.97,-0.597666801
31.10.2024 19:00:00.000,172.98,173.63,172.73,172.9,-0.046248121
31.10.2024 20:00:00.000,172.91,173.99,172.89,172.89,-0.011566711
01.11.2024 14:00:00.000,171.89,173.78,171.55,173.35,0.849380418
01.11.2024 15:00:00.000,173.36,173.38,171.93,173.03,-0.19035533
01.11.2024 16:00:00.000,173.03,173.3,172.52,172.98,-0.028896723
01.11.2024 17:00:00.000,172.97,173.8,172.92,173.66,0.398913106
01.11.2024 18:00:00.000,173.67,173.78,172.68,172.74,-0.535498359
01.11.2024 19:00:00.000,172.73,172.94,172.42,172.63,-0.057893823
01.11.2024 20:00:00.000,172.63,173.29,172.39,173.12,0.28384406
04.11.2024 14:00:00.000,170.25,171.06,169.46,170.59,0.199706314
04.11.2024 15:00:00.000,170.63,171.24,170.42,170.99,0.210982828
04.11.2024 16:00:00.000,170.99,171.23,169.48,169.79,-0.701795427
04.11.2024 17:00:00.000,169.79,170.76,169.56,170.71,0.54184581
04.11.2024 18:00:00.000,170.71,171.18,170.52,170.82,0.064436764
04.11.2024 19:00:00.000,170.82,171.22,170.82,171.06,0.140498771
04.11.2024 20:00:00.000,171.06,171.14,170.46,170.61,-0.263065591
05.11.2024 14:00:00.000,170.76,171.38,170.33,171.28,0.304520965
05.11.2024 15:00:00.000,171.26,171.6,170.68,170.9,-0.210206703
05.11.2024 16:00:00.000,170.88,171.54,170.81,171.1,0.128745318
05.11.2024 17:00:00.000,171.1,172.07,171.1,171.8,0.409117475
05.11.2024 18:00:00.000,171.82,171.98,171.25,171.34,-0.279362123
05.11.2024 19:00:00.000,171.33,171.6,171.23,171.4,0.040856826
05.11.2024 20:00:00.000,171.37,171.64,170.99,170.99,-0.221742429
06.11.2024 14:00:00.000,176.68,177.24,175.78,176.43,-0.141498755
06.11.2024 15:00:00.000,176.46,178.29,176.29,176.78,0.181344214
06.11.2024 16:00:00.000,176.79,177.55,176.35,177.24,0.254539284
06.11.2024 17:00:00.000,177.23,177.26,176.78,176.81,-0.236980195
06.11.2024 18:00:00.000,176.81,177.75,176.74,177.61,0.452463096
06.11.2024 19:00:00.000,177.61,178.22,177.55,178.16,0.309667248
06.11.2024 20:00:00.000,178.13,178.58,177.88,177.95,-0.101049795
07.11.2024 14:00:00.000,180.5,180.92,179.46,180.02,-0.265927978
07.11.2024 15:00:00.000,180,180.37,179.26,180.37,0.205555556
07.11.2024 16:00:00.000,180.37,181.55,180.26,181.52,0.637578311
07.11.2024 17:00:00.000,181.54,181.56,180.72,181.12,-0.231353972
07.11.2024 18:00:00.000,181.12,181.27,180.78,181.27,0.082818021
07.11.2024 19:00:00.000,181.21,182.34,181.14,182.33,0.618067436
07.11.2024 20:00:00.000,182.34,182.56,181.94,182.04,-0.164527805
08.11.2024 14:00:00.000,181.4,181.57,180.33,180.71,-0.380374862
08.11.2024 15:00:00.000,180.71,181.24,179.69,179.75,-0.531237895
08.11.2024 16:00:00.000,179.75,180.5,179.55,180.46,0.394993046
08.11.2024 17:00:00.000,180.47,180.51,180.09,180.3,-0.094198482
08.11.2024 18:00:00.000,180.29,180.43,179.73,180.38,0.049919574
08.11.2024 19:00:00.000,180.38,180.77,180.05,180.69,0.171859408
08.11.2024 20:00:00.000,180.7,180.7,179.7,179.7,-0.553403431
11.11.2024 14:00:00.000,180.84,181.22,180.4,181.05,0.116124751
11.11.2024 15:00:00.000,181.16,181.77,180.96,181.25,0.049679841
11.11.2024 16:00:00.000,181.28,181.68,180.88,181.48,0.110326567
11.11.2024 17:00:00.000,181.47,181.84,181.31,181.47,0
11.11.2024 18:00:00.000,181.46,181.83,180.96,181.8,0.187369117
11.11.2024 19:00:00.000,181.81,182.07,181.69,181.8,-0.005500248
11.11.2024 20:00:00.000,181.8,181.94,181.57,181.88,0.0440044
12.11.2024 14:00:00.000,181.66,183.36,181.64,183.29,0.897280634
12.11.2024 15:00:00.000,183.33,183.38,181.12,181.32,-1.096383571
12.11.2024 16:00:00.000,181.31,181.83,181.08,181.7,0.215101208
12.11.2024 17:00:00.000,181.69,182.75,181.54,182.07,0.209147449
12.11.2024 18:00:00.000,182.08,182.95,181.98,182.9,0.450351494
12.11.2024 19:00:00.000,182.88,183.71,182.88,183.55,0.366360455
12.11.2024 20:00:00.000,183.53,183.99,183.36,183.5,-0.016346101
13.11.2024 14:00:00.000,181.65,181.84,180.81,181.17,-0.264244426
13.11.2024 15:00:00.000,181.18,181.32,180.46,180.93,-0.137984325
13.11.2024 16:00:00.000,180.94,181.37,180.74,181.08,0.077373715
13.11.2024 17:00:00.000,181.05,181.77,180.78,180.95,-0.055233361
13.11.2024 18:00:00.000,180.94,181.54,180.63,181.48,0.298441472
13.11.2024 19:00:00.000,181.48,181.51,180.69,180.71,-0.424289178
13.11.2024 20:00:00.000,180.69,180.94,180.11,180.12,-0.315457413
14.11.2024 14:00:00.000,179.02,179.87,177.9,178.09,-0.519495028
14.11.2024 15:00:00.000,178.03,178.72,177.38,177.52,-0.286468573
14.11.2024 16:00:00.000,177.53,177.55,176.05,176.27,-0.709739199
14.11.2024 17:00:00.000,176.26,176.87,176.02,176.82,0.31771247
14.11.2024 18:00:00.000,176.81,177.21,176.47,176.51,-0.169673661
14.11.2024 19:00:00.000,176.51,177.36,176.5,177.15,0.362585689
14.11.2024 20:00:00.000,177.15,177.72,176.84,177.2,0.028224668
15.11.2024 14:00:00.000,175,175.55,174.83,175.13,0.074285714
15.11.2024 15:00:00.000,175.08,175.36,173.14,173.29,-1.022389765
15.11.2024 16:00:00.000,173.29,173.88,172.95,173.57,0.161578856
15.11.2024 17:00:00.000,173.59,173.75,173.02,173.44,-0.086410508
15.11.2024 18:00:00.000,173.44,173.7,172.72,173.01,-0.247924354
15.11.2024 19:00:00.000,173.02,173.76,173,173.47,0.260085539
15.11.2024 20:00:00.000,173.47,174.02,173.12,173.84,0.213293365
18.11.2024 14:00:00.000,174.94,175.36,174.58,174.74,-0.114324911
18.11.2024 15:00:00.000,174.75,175.73,174.47,175.62,0.497854077
18.11.2024 16:00:00.000,175.6,176.09,175.4,175.86,0.148063781
18.11.2024 17:00:00.000,175.86,175.87,174.88,175.42,-0.250199022
18.11.2024 18:00:00.000,175.41,176.76,175.4,176.22,0.461775269
18.11.2024 19:00:00.000,176.22,176.69,175.94,176.66,0.24968789
18.11.2024 20:00:00.000,176.67,176.84,176.42,176.54,-0.073583517
19.11.2024 14:00:00.000,176.78,178.45,176.41,177.4,0.350718407
19.11.2024 15:00:00.000,177.4,177.54,176.15,177.33,-0.03945885
19.11.2024 16:00:00.000,177.33,178.56,177.3,178.24,0.513167541
19.11.2024 17:00:00.000,178.24,178.6,177.78,178.53,0.162701975
19.11.2024 18:00:00.000,178.53,179.73,178.42,179.41,0.492914356
19.11.2024 19:00:00.000,179.41,179.77,178.82,179.2,-0.117050332
19.11.2024 20:00:00.000,179.2,180.14,178.89,179.52,0.178571429
20.11.2024 14:00:00.000,178.44,178.82,176.68,176.73,-0.958305313
20.11.2024 15:00:00.000,176.77,177.08,175.33,176.48,-0.164054987
20.11.2024 16:00:00.000,176.46,177.04,175.78,176.87,0.232347274
20.11.2024 17:00:00.000,176.87,177.04,176.03,176.22,-0.367501555
20.11.2024 18:00:00.000,176.23,176.65,175.91,176.26,0.017023208
20.11.2024 19:00:00.000,176.22,176.5,175.87,176.04,-0.102145046
20.11.2024 20:00:00.000,176.04,177.34,175.86,177.28,0.704385367
21.11.2024 14:00:00.000,171.8,172.16,168.32,168.9,-1.688009313
21.11.2024 15:00:00.000,168.91,169.01,165.3,166.87,-1.207743769
21.11.2024 16:00:00.000,166.87,167.02,165.34,166.05,-0.491400491
21.11.2024 17:00:00.000,166.06,168.31,166.04,167.93,1.126099
21.11.2024 18:00:00.000,167.97,168.59,167.14,167.52,-0.267904983
21.11.2024 19:00:00.000,167.52,168.1,166.91,167.87,0.208930277
21.11.2024 20:00:00.000,167.84,169.7,167.8,169.2,0.81029552
22.11.2024 14:00:00.000,166.99,168.21,166.92,167.61,0.371279717
22.11.2024 15:00:00.000,167.68,167.83,166.49,167.28,-0.238549618
22.11.2024 16:00:00.000,167.28,167.3,166.09,166.22,-0.633668101
22.11.2024 17:00:00.000,166.21,167.07,166.11,166.88,0.403104506
22.11.2024 18:00:00.000,166.89,167.31,166.49,166.67,-0.131823357
22.11.2024 19:00:00.000,166.68,167,166.5,166.93,0.149988001
22.11.2024 20:00:00.000,166.91,167.13,166.5,166.71,-0.119825055
25.11.2024 14:00:00.000,169.05,170.43,168.92,169.62,0.33717835
25.11.2024 15:00:00.000,169.67,170.17,169,169.3,-0.218070372
25.11.2024 16:00:00.000,169.32,169.96,169.13,169.26,-0.035435861
25.11.2024 17:00:00.000,169.24,169.31,167.89,168.39,-0.502245332
25.11.2024 18:00:00.000,168.41,169.42,168.36,169.09,0.403776498
25.11.2024 19:00:00.000,169.12,169.27,168.74,169.25,0.076868496
25.11.2024 20:00:00.000,169.24,169.72,168.89,169.09,-0.088631529
26.11.2024 14:00:00.000,170.3,170.77,169.95,170.63,0.19377569
26.11.2024 15:00:00.000,170.64,170.65,169.44,170.03,-0.357477731
26.11.2024 16:00:00.000,170.03,170.83,170.01,170.77,0.435217315
26.11.2024 17:00:00.000,170.77,171.22,170.54,171.21,0.257656497
26.11.2024 18:00:00.000,171.18,171.48,170.94,171.25,0.040892628
26.11.2024 19:00:00.000,171.23,171.36,170.74,171.08,-0.087601472
26.11.2024 20:00:00.000,171.06,171.17,170.64,170.69,-0.216298375
27.11.2024 14:00:00.000,170.45,171.04,170.18,170.56,0.064535054
27.11.2024 15:00:00.000,170.56,170.83,170.11,170.55,-0.005863039
27.11.2024 16:00:00.000,170.56,170.96,170.21,170.48,-0.046904315
27.11.2024 17:00:00.000,170.5,170.74,170.08,170.56,0.035190616
27.11.2024 18:00:00.000,170.57,171.12,170.53,170.81,0.140704696
27.11.2024 19:00:00.000,170.82,171.01,170.64,170.65,-0.099519963
27.11.2024 20:00:00.000,170.66,171.03,170.65,170.75,0.052736435
29.11.2024 14:00:00.000,168.98,169.98,168.69,169.95,0.57403243
29.11.2024 15:00:00.000,169.96,170.37,169.49,169.88,-0.047069899
29.11.2024 16:00:00.000,169.87,170.72,169.87,170.57,0.412079826
29.11.2024 17:00:00.000,170.57,170.86,170.03,170.45,-0.070352348
02.12.2024 14:00:00.000,171.45,172.77,171.36,172.7,0.729075532
02.12.2024 15:00:00.000,172.78,173.53,172.39,172.57,-0.121541845
02.12.2024 16:00:00.000,172.57,173.33,172.23,173.3,0.423016747
02.12.2024 17:00:00.000,173.31,173.52,172.91,172.94,-0.213490278
02.12.2024 18:00:00.000,172.94,173.04,172.56,172.96,0.011564705
02.12.2024 19:00:00.000,172.96,173.06,172.71,172.93,-0.017345051
02.12.2024 20:00:00.000,172.93,173.58,172.55,172.9,-0.01734806
03.12.2024 14:00:00.000,173.93,174.06,172.98,173.24,-0.396711321
03.12.2024 15:00:00.000,173.24,173.79,172.49,173.23,-0.005772339
03.12.2024 16:00:00.000,173.23,173.7,173.11,173.18,-0.028863361
03.12.2024 17:00:00.000,173.17,173.24,172.68,172.93,-0.138592135
03.12.2024 18:00:00.000,172.89,173.05,172.63,172.8,-0.052056221
03.12.2024 19:00:00.000,172.8,173.01,172.7,172.93,0.075231481
03.12.2024 20:00:00.000,172.92,172.97,172.5,172.9,-0.011566042
04.12.2024 14:00:00.000,173.63,174.81,173.32,174.62,0.570177965
04.12.2024 15:00:00.000,174.6,175.65,173.78,175.48,0.504009164
04.12.2024 16:00:00.000,175.52,175.57,174.89,175.09,-0.244986326
04.12.2024 17:00:00.000,175.1,175.55,174.33,175.49,0.222729869
04.12.2024 18:00:00.000,175.49,176.09,175.46,175.87,0.216536555
04.12.2024 19:00:00.000,175.83,176.18,175.74,176.17,0.193368595
04.12.2024 20:00:00.000,176.16,176.39,175.75,175.77,-0.221389646
05.12.2024 14:00:00.000,176.51,176.76,175.56,176,-0.288935471
05.12.2024 15:00:00.000,176.02,176.54,175.1,175.35,-0.380638564
05.12.2024 16:00:00.000,175.37,175.74,175.14,175.35,-0.011404459
05.12.2024 17:00:00.000,175.34,175.77,175.05,175.1,-0.136876925
05.12.2024 18:00:00.000,175.11,175.52,174.88,175.31,0.114213923
05.12.2024 19:00:00.000,175.33,175.42,174.91,175,-0.188216506
05.12.2024 20:00:00.000,174.99,175.11,174.37,174.44,-0.314303674
06.12.2024 14:00:00.000,174.16,175.84,173.95,175.49,0.763665595
06.12.2024 15:00:00.000,175.5,176.37,175.31,175.85,0.199430199
06.12.2024 16:00:00.000,175.86,176.85,175.8,176.47,0.346866826
06.12.2024 17:00:00.000,176.46,176.56,176.02,176.28,-0.10200612
06.12.2024 18:00:00.000,176.29,176.67,176.17,176.43,0.079414601
06.12.2024 19:00:00.000,176.45,176.5,175.88,176.13,-0.181354491
06.12.2024 20:00:00.000,176.14,176.52,175.96,176.22,0.045418417
09.12.2024 14:00:00.000,175.78,176.89,175.64,176.49,0.403913983
09.12.2024 15:00:00.000,176.47,176.8,175.75,176.09,-0.215334051
09.12.2024 16:00:00.000,176.1,177.83,176.01,177.63,0.868824532
09.12.2024 17:00:00.000,177.61,178.04,177.44,177.74,0.073194077
09.12.2024 18:00:00.000,177.73,177.85,177.41,177.49,-0.135036291
09.12.2024 19:00:00.000,177.49,177.57,176.52,176.92,-0.321144853
09.12.2024 20:00:00.000,176.91,177.16,176.6,176.91,0
10.12.2024 14:00:00.000,186.21,188.01,184.9,185.76,-0.241662639
10.12.2024 15:00:00.000,185.74,187.01,183.45,183.63,-1.135996554
10.12.2024 16:00:00.000,183.65,184.76,182.67,184.67,0.555404302
10.12.2024 17:00:00.000,184.69,185.54,184.45,185.06,0.200335698
10.12.2024 18:00:00.000,185.05,186.28,185.02,185.92,0.470143205
10.12.2024 19:00:00.000,185.93,186.34,185.07,185.71,-0.1183241
10.12.2024 20:00:00.000,185.72,186.83,185.3,186.5,0.419987077
11.12.2024 14:00:00.000,189.72,194.51,189.71,194.46,2.498418722
11.12.2024 15:00:00.000,194.49,195.21,193.03,194.49,0
11.12.2024 16:00:00.000,194.47,194.47,192.55,194,-0.241682522
11.12.2024 17:00:00.000,193.99,196.74,193.9,196.34,1.21140265
11.12.2024 18:00:00.000,196.31,196.36,194.58,194.82,-0.759003617
11.12.2024 19:00:00.000,194.83,195.16,193.78,194.38,-0.23097059
11.12.2024 20:00:00.000,194.4,196.55,194.29,196.49,1.075102881
12.12.2024 14:00:00.000,195.55,196.7,195.23,195.61,0.03068269
12.12.2024 15:00:00.000,195.61,196.41,194.01,195.26,-0.178927458
12.12.2024 16:00:00.000,195.27,196.53,195.1,195.82,0.281661289
12.12.2024 17:00:00.000,195.81,196.66,195.74,196.35,0.275777539
12.12.2024 18:00:00.000,196.37,196.39,195.4,195.92,-0.22915924
12.12.2024 19:00:00.000,195.93,196.09,194.64,194.97,-0.489970908
12.12.2024 20:00:00.000,194.97,195.36,193.62,193.7,-0.651382264
13.12.2024 14:00:00.000,192.82,194.34,192.79,193.58,0.394149984
13.12.2024 15:00:00.000,193.59,193.64,192.18,192.3,-0.666356733
13.12.2024 16:00:00.000,192.28,193.04,191.67,192.71,0.223632203
13.12.2024 17:00:00.000,192.69,193.34,192.53,192.6,-0.046707146
13.12.2024 18:00:00.000,192.61,193.14,192.42,193.12,0.26478376
13.12.2024 19:00:00.000,193.13,193.27,192.56,192.67,-0.238181536
13.12.2024 20:00:00.000,192.67,192.77,191.48,191.52,-0.596875487
16.12.2024 14:00:00.000,196.62,196.63,194.67,195.94,-0.345844777
16.12.2024 15:00:00.000,195.97,199.17,194.36,198.26,1.168546206
16.12.2024 16:00:00.000,198.22,199.48,198.06,198.75,0.267379679
16.12.2024 17:00:00.000,198.76,199.81,198.71,199.63,0.437713826
16.12.2024 18:00:00.000,199.64,200.64,199.32,200.49,0.425766379
16.12.2024 19:00:00.000,200.48,200.49,198.88,199.02,-0.728252195
16.12.2024 20:00:00.000,199.01,199.94,198.04,198.05,-0.48238782
17.12.2024 14:00:00.000,199.42,202.85,198.9,201.42,1.002908434
17.12.2024 15:00:00.000,201.38,201.77,197.4,198.64,-1.360611779
17.12.2024 16:00:00.000,198.65,199.78,198.16,198.53,-0.060407752
17.12.2024 17:00:00.000,198.54,198.74,197.55,198.68,0.070514758
17.12.2024 18:00:00.000,198.67,199.54,198.28,198.92,0.125836815
17.12.2024 19:00:00.000,198.9,198.91,197.48,197.5,-0.703871292
17.12.2024 20:00:00.000,197.48,197.73,196.67,196.87,-0.30889204
18.12.2024 14:00:00.000,196,196.86,194.87,196.64,0.326530612
18.12.2024 15:00:00.000,196.64,197.77,195.73,197.05,0.208502848
18.12.2024 16:00:00.000,197.08,197.58,196.56,197.19,0.055814898
18.12.2024 17:00:00.000,197.18,197.59,196.93,197.2,0.010143017
18.12.2024 18:00:00.000,197.17,197.32,196.77,196.81,-0.182583557
18.12.2024 19:00:00.000,196.74,196.74,193.66,193.78,-1.504523737
18.12.2024 20:00:00.000,193.81,194.08,189.27,191.2,-1.346679738
19.12.2024 14:00:00.000,194.01,194.54,191.79,192.84,-0.603061698
19.12.2024 15:00:00.000,192.88,193.62,190.82,192.35,-0.274782248
19.12.2024 16:00:00.000,192.31,192.91,191.24,192.49,0.093598877
19.12.2024 17:00:00.000,192.51,192.61,191.12,192.19,-0.166225131
19.12.2024 18:00:00.000,192.17,192.23,191.38,192.22,0.026018629
19.12.2024 19:00:00.000,192.22,192.25,190.94,191.02,-0.624284674
19.12.2024 20:00:00.000,191.04,191.28,189.67,189.87,-0.612437186
20.12.2024 14:00:00.000,186.82,188.18,186.42,187.12,0.160582379
20.12.2024 15:00:00.000,187.18,190.8,187.05,190.18,1.602735335
20.12.2024 16:00:00.000,190.19,193.51,190.11,193.33,1.650980598
20.12.2024 17:00:00.000,193.35,193.67,192.92,193.38,0.015515904
20.12.2024 18:00:00.000,193.37,193.47,191.93,192.9,-0.243057351
20.12.2024 19:00:00.000,192.91,194.13,192.51,193.62,0.368047276
20.12.2024 20:00:00.000,193.63,193.85,191.97,192.44,-0.614574188
23.12.2024 14:00:00.000,194.32,194.87,192.68,193.56,-0.391107452
23.12.2024 15:00:00.000,193.54,193.62,191.62,192.88,-0.341014777
23.12.2024 16:00:00.000,192.83,195.51,192.83,195.33,1.296478764
23.12.2024 17:00:00.000,195.33,195.68,194.71,195.04,-0.148466697
23.12.2024 18:00:00.000,195.05,195.95,194.93,195.58,0.271725199
23.12.2024 19:00:00.000,195.56,196.26,195.53,195.64,0.040908161
23.12.2024 20:00:00.000,195.64,196.44,195.24,196.07,0.219791454
24.12.2024 14:00:00.000,195.28,196.88,195.14,196.74,0.747644408
24.12.2024 15:00:00.000,196.75,197.24,196.12,197.04,0.147395172
24.12.2024 16:00:00.000,197.03,197.22,196.64,196.79,-0.121808862
24.12.2024 17:00:00.000,196.81,197.68,196.46,197.58,0.391240283
26.12.2024 14:00:00.000,196.36,197.3,195.87,196.67,0.157873294
26.12.2024 15:00:00.000,196.67,198.08,196.51,197.98,0.666090405
26.12.2024 16:00:00.000,198.01,198.15,197.15,197.5,-0.257562749
26.12.2024 17:00:00.000,197.48,197.67,196.85,197.21,-0.136722706
26.12.2024 18:00:00.000,197.23,197.74,197.21,197.48,0.126755565
26.12.2024 19:00:00.000,197.47,197.85,197.26,197.8,0.167113992
26.12.2024 20:00:00.000,197.78,198,197.4,197.46,-0.161795935
27.12.2024 14:00:00.000,195.25,195.58,193.82,194.42,-0.425096031
27.12.2024 15:00:00.000,194.43,194.52,192.06,193.04,-0.71491025
27.12.2024 16:00:00.000,193.03,193.51,192.19,192.37,-0.341915764
27.12.2024 17:00:00.000,192.36,192.62,191.97,192.47,0.057184446
27.12.2024 18:00:00.000,192.47,194.26,192.44,194.14,0.867667688
27.12.2024 19:00:00.000,194.12,194.7,193.83,194.48,0.185452298
27.12.2024 20:00:00.000,194.5,194.71,193.51,193.98,-0.267352185
30.12.2024 14:00:00.000,190.98,192.07,190.91,191.3,0.167556812
30.12.2024 15:00:00.000,191.3,192.9,191.03,192.31,0.527966545
30.12.2024 16:00:00.000,192.29,193.03,191.94,192.76,0.244422487
30.12.2024 17:00:00.000,192.76,193.78,192.61,193.67,0.472089645
30.12.2024 18:00:00.000,193.64,193.76,192.96,193.54,-0.051642223
30.12.2024 19:00:00.000,193.52,193.67,192.91,193.57,0.025837123
30.12.2024 20:00:00.000,193.55,193.66,193.07,193.18,-0.191165074
31.12.2024 14:00:00.000,192.98,193.19,191.92,192.95,-0.015545652
31.12.2024 15:00:00.000,192.95,193.2,192.08,192.63,-0.165846074
31.12.2024 16:00:00.000,192.62,192.66,191.73,191.99,-0.32706884
31.12.2024 17:00:00.000,192,192.13,190.93,191.69,-0.161458333
31.12.2024 18:00:00.000,191.7,191.77,190.65,190.74,-0.500782473
31.12.2024 19:00:00.000,190.73,191.5,190.64,191.14,0.214963561
31.12.2024 20:00:00.000,191.13,191.62,190.1,190.1,-0.538900225
02.01.2025 14:00:00.000,190.15,192.43,189.61,192.25,1.10439127
02.01.2025 15:00:00.000,192.24,193.17,190.61,191.32,-0.478568456
02.01.2025 16:00:00.000,191.33,192.01,190.59,191.41,0.041812575
02.01.2025 17:00:00.000,191.41,191.83,188.71,189.79,-0.846350765
02.01.2025 18:00:00.000,189.81,190.22,189.34,190.04,0.121173805
02.01.2025 19:00:00.000,190.02,190.62,189.82,189.89,-0.068413851
02.01.2025 20:00:00.000,189.87,190.93,189.87,190.54,0.352873018
03.01.2025 14:00:00.000,193.42,194.48,192.46,192.84,-0.299865577
03.01.2025 15:00:00.000,192.84,193.31,191.35,192.08,-0.394109106
03.01.2025 16:00:00.000,192.08,193.78,191.63,193.36,0.666389005
03.01.2025 17:00:00.000,193.41,193.77,192.98,193.29,-0.062044362
03.01.2025 18:00:00.000,193.27,193.75,193.09,193.29,0.010348218
03.01.2025 19:00:00.000,193.25,193.97,193.21,193.6,0.181112549
03.01.2025 20:00:00.000,193.57,193.57,192.72,193.08,-0.2531384
06.01.2025 14:00:00.000,197.47,199.53,196.73,197.01,-0.232946777
06.01.2025 15:00:00.000,196.98,198.75,196.52,198.59,0.817341862
06.01.2025 16:00:00.000,198.6,199.31,198.52,198.95,0.176233635
06.01.2025 17:00:00.000,198.94,199.07,198.35,198.61,-0.16587916
06.01.2025 18:00:00.000,198.61,198.9,197.75,197.76,-0.427974422
06.01.2025 19:00:00.000,197.78,197.81,196.57,196.63,-0.581454141
06.01.2025 20:00:00.000,196.61,197.93,196.52,197.87,0.640862621
07.01.2025 14:00:00.000,199.43,202.12,198.41,201.66,1.118186832
07.01.2025 15:00:00.000,201.65,201.65,197.55,199.54,-1.046367468
07.01.2025 16:00:00.000,199.55,199.68,197.17,197.31,-1.122525683
07.01.2025 17:00:00.000,197.33,198.09,196.6,197.12,-0.106420717
07.01.2025 18:00:00.000,197.09,197.7,196.9,197.41,0.162362373
07.01.2025 19:00:00.000,197.39,197.86,197.07,197.22,-0.086123917
07.01.2025 20:00:00.000,197.22,197.53,195.93,196.71,-0.258594463
08.01.2025 14:00:00.000,195.14,196.7,194.6,196.58,0.737931741
08.01.2025 15:00:00.000,196.61,197.62,195.35,195.83,-0.39672448
08.01.2025 16:00:00.000,195.82,196.89,195.02,196.74,0.469819222
08.01.2025 17:00:00.000,196.76,196.88,195.33,196.1,-0.335434031
08.01.2025 18:00:00.000,196.08,197.18,195.96,196.16,0.040799674
08.01.2025 19:00:00.000,196.16,197,195.63,195.78,-0.193719413
08.01.2025 20:00:00.000,195.82,195.85,194.81,195.19,-0.321724032
10.01.2025 14:00:00.000,196.16,196.16,192.93,193.25,-1.483482871
10.01.2025 15:00:00.000,193.12,195.63,191.6,194.71,0.823322287
10.01.2025 16:00:00.000,194.71,194.89,193.26,193.47,-0.636844538
10.01.2025 17:00:00.000,193.47,194.8,192.73,194.76,0.666770042
10.01.2025 18:00:00.000,194.74,196.13,194.27,196.1,0.698367054
10.01.2025 19:00:00.000,196.1,196.1,194.25,194.46,-0.836308006
10.01.2025 20:00:00.000,194.46,194.56,192.89,193.46,-0.514244575
13.01.2025 14:00:00.000,190.01,190.81,188.66,190.72,0.373664544
13.01.2025 15:00:00.000,190.7,191.57,190.3,190.92,0.115364447
13.01.2025 16:00:00.000,190.94,191.48,190.03,190.13,-0.424217032
13.01.2025 17:00:00.000,190.14,191.36,190.04,191.28,0.59955822
13.01.2025 18:00:00.000,191.26,191.83,191.01,191.82,0.292795148
13.01.2025 19:00:00.000,191.81,192.24,191.53,192.01,0.10426985
13.01.2025 20:00:00.000,191.99,192.23,191.7,192.11,0.062503255
14.01.2025 14:00:00.000,192.86,193.23,191.91,192.07,-0.409623561
14.01.2025 15:00:00.000,192.09,193.25,191.77,192.18,0.046853038
14.01.2025 16:00:00.000,192.2,192.43,190.59,190.6,-0.832466181
14.01.2025 17:00:00.000,190.59,191.18,190.3,190.58,-0.005246865
14.01.2025 18:00:00.000,190.58,191.92,190.49,191.78,0.629656837
14.01.2025 19:00:00.000,191.74,191.92,190.38,190.44,-0.67800146
14.01.2025 20:00:00.000,190.46,190.85,189.61,190.85,0.204767405
15.01.2025 14:00:00.000,194.29,194.93,193.33,194.67,0.195583921
15.01.2025 15:00:00.000,194.65,196.34,194.62,195.29,0.328795274
15.01.2025 16:00:00.000,195.29,196.22,194.9,194.98,-0.158738287
15.01.2025 17:00:00.000,194.98,195.85,194.82,195.57,0.302595138
15.01.2025 18:00:00.000,195.58,196.94,195.58,196.85,0.649350649
15.01.2025 19:00:00.000,196.86,197.81,196.8,197.39,0.269226862
15.01.2025 20:00:00.000,197.41,197.49,196.82,196.9,-0.258345575
16.01.2025 14:00:00.000,195.35,196.12,195.07,195.65,0.153570514
16.01.2025 15:00:00.000,195.62,196.71,195.1,196.71,0.55720274
16.01.2025 16:00:00.000,196.73,196.97,195.96,196.2,-0.269404768
16.01.2025 17:00:00.000,196.19,196.19,195.46,195.67,-0.265049187
16.01.2025 18:00:00.000,195.66,195.87,194.74,195.09,-0.29132168
16.01.2025 19:00:00.000,195.09,195.62,194.94,195.55,0.23578861
16.01.2025 20:00:00.000,195.54,195.7,194.55,194.7,-0.429579626
17.01.2025 14:00:00.000,197.12,197.31,195.39,195.61,-0.766030844
17.01.2025 15:00:00.000,195.62,197.11,195.32,197.09,0.751456906
17.01.2025 16:00:00.000,197.06,197.75,196.9,197.19,0.065969755
17.01.2025 17:00:00.000,197.18,198.08,197.1,198.04,0.436149711
17.01.2025 18:00:00.000,198.03,198.82,197.57,197.72,-0.156541938
17.01.2025 19:00:00.000,197.73,197.83,197.29,197.42,-0.156779447
17.01.2025 20:00:00.000,197.41,198.1,197.18,197.88,0.238083177
21.01.2025 14:00:00.000,203.48,203.52,199.7,200.97,-1.233536466
21.01.2025 15:00:00.000,200.96,201.84,199.76,200.66,-0.149283439
21.01.2025 16:00:00.000,200.65,200.97,199.45,200.72,0.034886618
21.01.2025 17:00:00.000,200.72,201.48,200.36,201.24,0.259067358
21.01.2025 18:00:00.000,201.23,201.43,200.86,201.14,-0.044724942
21.01.2025 19:00:00.000,201.15,201.29,200.36,200.7,-0.223713647
21.01.2025 20:00:00.000,200.69,200.78,199.61,199.94,-0.373710698
22.01.2025 14:00:00.000,201.01,202.09,200.6,201.63,0.308442366
22.01.2025 15:00:00.000,201.61,201.75,200.62,200.74,-0.431526214
22.01.2025 16:00:00.000,200.74,201.99,200.69,201.49,0.373617615
22.01.2025 17:00:00.000,201.48,201.94,201.14,201.24,-0.119118523
22.01.2025 18:00:00.000,201.22,201.38,200.07,200.12,-0.546665341
22.01.2025 19:00:00.000,200.11,200.14,199.29,199.32,-0.394782869
22.01.2025 20:00:00.000,199.33,200.28,199.22,199.99,0.331109216
23.01.2025 14:00:00.000,200.74,201.27,199.88,200.27,-0.234133705
23.01.2025 15:00:00.000,200.24,201.45,199.54,201.38,0.56931682
23.01.2025 16:00:00.000,201.4,201.94,200.96,201.45,0.024826216
23.01.2025 17:00:00.000,201.45,201.45,200.67,201,-0.223380491
23.01.2025 18:00:00.000,200.99,201.21,197.47,198.32,-1.3284243
23.01.2025 19:00:00.000,198.33,198.89,196.82,198.55,0.110926234
23.01.2025 20:00:00.000,198.53,199.27,198.4,199.07,0.271999194
24.01.2025 14:00:00.000,201.43,201.94,200.65,201.33,-0.049645038
24.01.2025 15:00:00.000,201.35,201.43,200.13,200.33,-0.506580581
24.01.2025 16:00:00.000,200.3,201.36,200.05,200.95,0.32451323
24.01.2025 17:00:00.000,200.97,201.67,200.46,201.56,0.293576156
24.01.2025 18:00:00.000,201.54,201.83,201.39,201.65,0.054579736
24.01.2025 19:00:00.000,201.64,202.58,201.45,201.77,0.064471335
24.01.2025 20:00:00.000,201.76,201.98,201.42,201.85,0.044607454
27.01.2025 14:00:00.000,195.47,196.59,194.64,196.1,0.322300097
27.01.2025 15:00:00.000,196.12,198.63,195.24,197.58,0.744442178
27.01.2025 16:00:00.000,197.59,197.72,195.26,195.45,-1.083050762
27.01.2025 17:00:00.000,195.47,196.18,195.15,195.34,-0.066506369
27.01.2025 18:00:00.000,195.38,195.65,194.93,194.99,-0.199611014
27.01.2025 19:00:00.000,194.97,195.87,193.23,193.48,-0.764220136
27.01.2025 20:00:00.000,193.47,193.92,192.7,193.59,0.06202512
28.01.2025 14:00:00.000,194.46,194.93,192.58,194.08,-0.195412938
28.01.2025 15:00:00.000,194.06,197.03,193.98,196.94,1.48407709
28.01.2025 16:00:00.000,196.93,197.08,195.68,196.51,-0.213273752
28.01.2025 17:00:00.000,196.52,197.1,196.38,196.58,0.030531244
28.01.2025 18:00:00.000,196.59,196.99,196.47,196.73,0.071214202
28.01.2025 19:00:00.000,196.72,196.77,196.39,196.47,-0.127084181
28.01.2025 20:00:00.000,196.48,197.22,196.22,197.01,0.269747557
29.01.2025 14:00:00.000,197.02,197.14,195.32,195.57,-0.735965892
29.01.2025 15:00:00.000,195.57,196.6,195.19,196.45,0.449966764
29.01.2025 16:00:00.000,196.46,197.05,196.16,196.7,0.122162272
29.01.2025 17:00:00.000,196.7,197.09,196.48,196.55,-0.076258261
29.01.2025 18:00:00.000,196.56,196.9,195.97,196.74,0.091575092
29.01.2025 19:00:00.000,196.73,198.18,196.12,197.93,0.60997306
29.01.2025 20:00:00.000,197.9,198.46,196.65,197.58,-0.161697827
30.01.2025 14:00:00.000,200.24,203.22,199.85,202.4,1.078705553
30.01.2025 15:00:00.000,202.41,202.44,199.68,199.68,-1.348747592
30.01.2025 16:00:00.000,199.67,202.03,199.47,201.77,1.051735363
30.01.2025 17:00:00.000,201.82,201.84,200.87,201.19,-0.31215935
30.01.2025 18:00:00.000,201.2,202.35,201.06,202.21,0.501988072
30.01.2025 19:00:00.000,202.22,202.35,201.76,202.32,0.049451093
30.01.2025 20:00:00.000,202.31,203.05,201.92,202.62,0.153230191
31.01.2025 14:00:00.000,204.96,206.47,204.59,206.33,0.668423107
31.01.2025 15:00:00.000,206.3,206.61,205.38,206.46,0.077556956
31.01.2025 16:00:00.000,206.46,206.81,206.07,206.32,-0.067809745
31.01.2025 17:00:00.000,206.34,206.53,205.88,206.35,0.00484637
31.01.2025 18:00:00.000,206.35,207.07,205.96,206.67,0.155076327
31.01.2025 19:00:00.000,206.67,207.03,205.49,205.83,-0.406445057
31.01.2025 20:00:00.000,205.81,206.09,204.87,205.6,-0.102035858
03.02.2025 14:00:00.000,202.75,204.46,201.94,203.34,0.290998767
03.02.2025 15:00:00.000,203.29,204.68,201.79,203.81,0.255792218
03.02.2025 16:00:00.000,203.8,205.22,203.21,204.15,0.171736997
03.02.2025 17:00:00.000,204.16,204.83,203.69,204.29,0.063675549
03.02.2025 18:00:00.000,204.26,204.68,203.66,204.45,0.093018702
03.02.2025 19:00:00.000,204.44,204.53,203.67,203.76,-0.332615926
03.02.2025 20:00:00.000,203.77,204.01,202.82,202.87,-0.441674437
04.02.2025 14:00:00.000,204.98,206.01,204.33,206.01,0.502488048
04.02.2025 15:00:00.000,205.98,207.76,205.41,207.59,0.781629284
04.02.2025 16:00:00.000,207.6,208.23,205.99,206.61,-0.476878613
04.02.2025 17:00:00.000,206.62,206.8,205.52,206.75,0.062917433
04.02.2025 18:00:00.000,206.74,207.47,206.13,206.4,-0.164457773
04.02.2025 19:00:00.000,206.39,207.11,206.34,206.83,0.213188623
04.02.2025 20:00:00.000,206.82,208.66,206.74,208.53,0.826805918
05.02.2025 14:00:00.000,191.46,194.49,191.02,191.09,-0.193251854
05.02.2025 15:00:00.000,191.28,191.66,189.94,190.85,-0.224801338
05.02.2025 16:00:00.000,190.84,193.23,190.65,192.93,1.095158248
05.02.2025 17:00:00.000,192.93,193.32,192.06,192.24,-0.357642668
05.02.2025 18:00:00.000,192.26,193.16,192.07,192.96,0.364090294
05.02.2025 19:00:00.000,192.94,192.99,191.35,191.54,-0.725614181
05.02.2025 20:00:00.000,191.56,192.48,191.36,192.38,0.428064314
06.02.2025 14:00:00.000,191.83,192.47,191.11,192.04,0.109471928
06.02.2025 15:00:00.000,191.97,193.17,191.27,192.56,0.307339688
06.02.2025 16:00:00.000,192.57,192.87,192.21,192.45,-0.062315002
06.02.2025 17:00:00.000,192.44,192.81,192.21,192.63,0.098732072
06.02.2025 18:00:00.000,192.62,193.84,192.62,193.17,0.285536289
06.02.2025 19:00:00.000,193.16,193.52,192.24,192.29,-0.45040381
06.02.2025 20:00:00.000,192.25,193.44,192.13,193.35,0.572171651
07.02.2025 14:00:00.000,192.38,192.97,190.62,190.71,-0.868073604
07.02.2025 15:00:00.000,190.56,190.56,186.89,187.86,-1.416876574
07.02.2025 16:00:00.000,187.93,188.33,186.29,186.43,-0.798169531
07.02.2025 17:00:00.000,186.4,187.18,185.1,186.46,0.032188841
07.02.2025 18:00:00.000,186.45,188.17,186.32,187.06,0.32716546
07.02.2025 19:00:00.000,187.05,187.78,186.97,187.59,0.288692863
07.02.2025 20:00:00.000,187.57,187.73,187,187.26,-0.165271632
10.02.2025 14:00:00.000,188.1,188.75,187.65,188.47,0.196703881
10.02.2025 15:00:00.000,188.49,189.96,188.39,189.1,0.323624595
10.02.2025 16:00:00.000,189.11,189.49,188.66,188.96,-0.079318915
10.02.2025 17:00:00.000,188.93,188.93,187.82,188.46,-0.248769385
10.02.2025 18:00:00.000,188.46,188.62,188.24,188.48,0.010612332
10.02.2025 19:00:00.000,188.48,188.58,188.25,188.4,-0.042444822
10.02.2025 20:00:00.000,188.39,188.55,187.93,188.22,-0.090238335
11.02.2025 14:00:00.000,188.45,188.76,187.08,187.41,-0.551870523
11.02.2025 15:00:00.000,187.35,188.37,187.15,187.19,-0.085401655
11.02.2025 16:00:00.000,187.2,187.26,186.24,186.52,-0.363247863
11.02.2025 17:00:00.000,186.53,186.75,186.08,186.46,-0.037527475
11.02.2025 18:00:00.000,186.44,186.92,186.33,186.71,0.144818708
11.02.2025 19:00:00.000,186.68,187.2,186.43,187.09,0.219627169
11.02.2025 20:00:00.000,187.09,187.55,186.85,187.04,-0.026725106
12.02.2025 14:00:00.000,184.99,186.81,184.99,186.05,0.573003946
12.02.2025 15:00:00.000,186.08,186.09,184.98,185.25,-0.446044712
12.02.2025 16:00:00.000,185.26,185.77,184.25,185.74,0.259095325
12.02.2025 17:00:00.000,185.74,186.4,185.39,186.33,0.317648326
12.02.2025 18:00:00.000,186.32,186.39,185.23,185.39,-0.499141262
12.02.2025 19:00:00.000,185.4,185.72,184.81,185.56,0.086299892
12.02.2025 20:00:00.000,185.56,185.84,184.96,185.38,-0.097003665
13.02.2025 14:00:00.000,185.9,186.16,184.86,185.59,-0.166756321
13.02.2025 15:00:00.000,185.62,186.83,185.25,186.45,0.447150092
13.02.2025 16:00:00.000,186.46,186.52,185.39,185.7,-0.407594122
13.02.2025 17:00:00.000,185.68,186.18,185.6,185.76,0.043084877
13.02.2025 18:00:00.000,185.77,185.97,185.33,185.97,0.10766001
13.02.2025 19:00:00.000,185.96,187.05,185.74,186.99,0.553882555
13.02.2025 20:00:00.000,187,187.91,186.96,187.7,0.374331551
14.02.2025 14:00:00.000,187.55,188.1,186.73,187.44,-0.058651026
14.02.2025 15:00:00.000,187.41,187.82,186.17,187.07,-0.181420415
14.02.2025 16:00:00.000,187.08,187.27,186.52,186.81,-0.144323284
14.02.2025 17:00:00.000,186.82,187.03,186.11,186.57,-0.133818649
14.02.2025 18:00:00.000,186.58,187.23,186.51,187.1,0.278700825
14.02.2025 19:00:00.000,187.09,187.25,186.76,187.02,-0.037415148
14.02.2025 20:00:00.000,187.04,187.66,186.67,187.3,0.139007699
18.02.2025 14:00:00.000,187.03,187.39,185.52,185.79,-0.662995241
18.02.2025 15:00:00.000,185.76,186.62,185.35,186.16,0.215331611
18.02.2025 16:00:00.000,186.13,186.36,185.68,185.81,-0.17192285
18.02.2025 17:00:00.000,185.8,185.94,185.19,185.59,-0.113024758
18.02.2025 18:00:00.000,185.58,185.77,184.4,184.42,-0.625067356
18.02.2025 19:00:00.000,184.43,184.5,183.61,184.39,-0.021688445
18.02.2025 20:00:00.000,184.4,185.4,184.33,185.33,0.504338395
19.02.2025 14:00:00.000,186.07,186.68,185.89,186.46,0.209598538
19.02.2025 15:00:00.000,186.44,187.09,185.66,186.4,-0.021454623
19.02.2025 16:00:00.000,186.39,186.86,186.34,186.56,0.09120661
19.02.2025 17:00:00.000,186.57,186.78,186.22,186.66,0.048239267
19.02.2025 18:00:00.000,186.68,186.86,186.36,186.39,-0.155346047
19.02.2025 19:00:00.000,186.42,186.78,186.29,186.75,0.177019633
19.02.2025 20:00:00.000,186.74,187.22,186.4,187.19,0.240976759
20.02.2025 14:00:00.000,186.19,186.76,184.92,185.05,-0.612277781
20.02.2025 15:00:00.000,185.07,185.88,184.61,185.16,0.048630248
20.02.2025 16:00:00.000,185.18,186.13,185.13,185.45,0.145804083
20.02.2025 17:00:00.000,185.46,186.02,185.33,185.76,0.161759948
20.02.2025 18:00:00.000,185.73,186.27,185.63,186.18,0.242287191
20.02.2025 19:00:00.000,186.16,186.65,186.05,186.3,0.075204125
20.02.2025 20:00:00.000,186.31,186.72,185.92,186.55,0.128817562
21.02.2025 14:00:00.000,186.76,187.02,185.88,186.31,-0.240950953
21.02.2025 15:00:00.000,186.26,186.62,184.03,184.15,-1.132825083
21.02.2025 16:00:00.000,184.14,184.37,182.7,183.23,-0.494189204
21.02.2025 17:00:00.000,183.22,183.39,181.98,182.39,-0.453007314
21.02.2025 18:00:00.000,182.37,182.84,181.82,182.3,-0.038383506
21.02.2025 19:00:00.000,182.31,182.56,181.39,181.48,-0.455268499
21.02.2025 20:00:00.000,181.48,181.94,181.14,181.56,0.044081993
24.02.2025 14:00:00.000,184.48,184.6,182.41,182.72,-0.954032958
24.02.2025 15:00:00.000,182.67,182.88,181.35,182.1,-0.312038101
24.02.2025 16:00:00.000,182.1,183.06,182.01,182.16,0.032948929
24.02.2025 17:00:00.000,182.18,183.21,182.12,182.57,0.214073993
24.02.2025 18:00:00.000,182.57,183.02,182.43,182.59,0.010954702
24.02.2025 19:00:00.000,182.55,182.77,182.11,182.29,-0.142426732
24.02.2025 20:00:00.000,182.31,182.56,181.57,181.57,-0.405902035
25.02.2025 14:00:00.000,180.13,180.76,178.59,179.19,-0.521845334
25.02.2025 15:00:00.000,179.17,179.43,177.18,177.83,-0.747893062
25.02.2025 16:00:00.000,177.81,178.92,176.76,178.77,0.539902143
25.02.2025 17:00:00.000,178.78,179.14,178.07,179.14,0.201364806
25.02.2025 18:00:00.000,179.15,179.56,178.47,179.14,-0.005581915
25.02.2025 19:00:00.000,179.12,179.22,178.3,178.65,-0.262393926
25.02.2025 20:00:00.000,178.65,178.68,177.14,177.14,-0.8452281
26.02.2025 14:00:00.000,176.19,177.03,174.92,177,0.459730972
26.02.2025 15:00:00.000,177.02,178.09,176.76,177.62,0.338944752
26.02.2025 16:00:00.000,177.63,177.74,176.6,176.61,-0.574227326
26.02.2025 17:00:00.000,176.61,176.94,174.93,175.22,-0.787044901
26.02.2025 18:00:00.000,175.18,175.44,174.3,174.53,-0.371046923
26.02.2025 19:00:00.000,174.54,174.73,173.67,173.9,-0.366678125
26.02.2025 20:00:00.000,173.9,175.02,173.58,174.77,0.500287522
27.02.2025 14:00:00.000,175.94,176.55,171.92,172.01,-2.23371604
27.02.2025 15:00:00.000,172,173.45,171.06,171.77,-0.13372093
27.02.2025 16:00:00.000,171.78,173.7,171.68,172.51,0.424962161
27.02.2025 17:00:00.000,172.52,173.44,172.11,172.63,0.063760723
27.02.2025 18:00:00.000,172.62,173.31,172.24,172.78,0.092689144
27.02.2025 19:00:00.000,172.78,172.89,171.28,171.6,-0.682949415
27.02.2025 20:00:00.000,171.58,171.59,170.25,170.42,-0.676069472
28.02.2025 14:00:00.000,168.94,171.74,168.91,170.47,0.905646975
28.02.2025 15:00:00.000,170.45,171.23,169.74,170.95,0.293341156
28.02.2025 16:00:00.000,170.95,171.1,169.66,170.4,-0.3217315
28.02.2025 17:00:00.000,170.41,171.02,169.52,169.57,-0.492928819
28.02.2025 18:00:00.000,169.56,170.29,169.03,169.05,-0.300778485
28.02.2025 19:00:00.000,169.04,170.48,168.97,170.22,0.698059631
28.02.2025 20:00:00.000,170.21,171.89,170.18,171.78,0.922389989
03.03.2025 14:00:00.000,174.67,174.67,171.34,171.48,-1.826301025
03.03.2025 15:00:00.000,171.58,172.78,170.78,171.79,0.122391887
03.03.2025 16:00:00.000,171.81,172.73,171.52,171.91,0.05820383
03.03.2025 17:00:00.000,171.78,171.97,170.77,171.11,-0.390033764
03.03.2025 18:00:00.000,171.09,171.16,169.66,170.46,-0.368227249
03.03.2025 19:00:00.000,170.43,171.03,169.49,169.51,-0.539811066
03.03.2025 20:00:00.000,169.53,169.53,167.63,168.33,-0.70783932
04.03.2025 14:00:00.000,168.84,169.89,168.2,168.51,-0.195451315
04.03.2025 15:00:00.000,168.48,169.71,167.57,169.24,0.451092118
04.03.2025 16:00:00.000,169.22,172.39,168.89,172.21,1.766930623
04.03.2025 17:00:00.000,172.23,173.08,171.82,172.39,0.09289903
04.03.2025 18:00:00.000,172.38,173.84,172.05,173.6,0.707738717
04.03.2025 19:00:00.000,173.61,174.31,173.43,174.11,0.288001843
04.03.2025 20:00:00.000,174.08,175.15,171.67,172.26,-1.045496324
05.03.2025 14:00:00.000,172.79,173.24,171.05,171.74,-0.607674055
05.03.2025 15:00:00.000,171.77,173.16,171.57,172.22,0.261978227
05.03.2025 16:00:00.000,172.21,172.27,170.94,171.73,-0.278729458
05.03.2025 17:00:00.000,171.62,174.87,171.48,174.78,1.84127724
05.03.2025 18:00:00.000,174.71,174.99,173.36,174.58,-0.074409021
05.03.2025 19:00:00.000,174.58,175.46,174.34,175.15,0.326497881
05.03.2025 20:00:00.000,175.13,175.73,174.67,175.48,0.199851539
06.03.2025 14:00:00.000,173.89,174.53,173.31,173.96,0.040255334
06.03.2025 15:00:00.000,173.97,176.69,173.6,175.96,1.143875381
06.03.2025 16:00:00.000,176,176.63,174.31,174.34,-0.943181818
06.03.2025 17:00:00.000,174.32,174.71,173.43,174.31,-0.005736576
06.03.2025 18:00:00.000,174.28,175.04,173.73,174.25,-0.017213679
06.03.2025 19:00:00.000,174.22,174.78,173.45,173.56,-0.378831363
06.03.2025 20:00:00.000,173.5,174.64,173.37,174.36,0.495677233
07.03.2025 14:00:00.000,174.19,175.49,173.53,174.59,0.229634307
07.03.2025 15:00:00.000,174.53,175.64,172.59,173.81,-0.412536527
07.03.2025 16:00:00.000,173.78,173.94,172.24,173.14,-0.368281736
07.03.2025 17:00:00.000,173.16,175.42,172.59,174.15,0.571725572
07.03.2025 18:00:00.000,174.18,176.04,174.17,176.02,1.056378459
07.03.2025 19:00:00.000,176.02,176.89,175.56,175.97,-0.028405863
07.03.2025 20:00:00.000,175.95,176.39,174.6,175.65,-0.170502984
