Gmt time,Open,High,Low,Close,Volume
01.01.2024 17:00:00.000,1.32229,1.32485,1.32229,1.32413,385
01.01.2024 18:00:00.000,1.32412,1.32478,1.32397,1.32442,1886
01.01.2024 19:00:00.000,1.32441,1.32474,1.32422,1.32446,1505
01.01.2024 20:00:00.000,1.32448,1.3245,1.3228,1.32411,5421
01.01.2024 21:00:00.000,1.32412,1.32545,1.32389,1.32536,1795
01.01.2024 22:00:00.000,1.32534,1.32562,1.32499,1.32554,1359
01.01.2024 23:00:00.000,1.32553,1.32572,1.32537,1.32545,1978
02.01.2024 00:00:00.000,1.32543,1.32562,1.32355,1.32358,3507
02.01.2024 01:00:00.000,1.32358,1.32553,1.32356,1.32538,2289
02.01.2024 02:00:00.000,1.32539,1.32543,1.32379,1.32507,6094
02.01.2024 03:00:00.000,1.32506,1.3251,1.3228,1.32413,4433
02.01.2024 04:00:00.000,1.32413,1.32534,1.32409,1.32529,3080
02.01.2024 05:00:00.000,1.32533,1.32626,1.32478,1.32494,5425
02.01.2024 06:00:00.000,1.32494,1.32708,1.32479,1.32676,6789
02.01.2024 07:00:00.000,1.32674,1.32907,1.32665,1.32905,4375
02.01.2024 08:00:00.000,1.32906,1.33085,1.3289,1.32991,11183
02.01.2024 09:00:00.000,1.32991,1.33285,1.32989,1.33157,11467
02.01.2024 10:00:00.000,1.33159,1.33271,1.331,1.3312,15291
02.01.2024 11:00:00.000,1.3312,1.33195,1.33,1.33103,11203
02.01.2024 12:00:00.000,1.33103,1.33148,1.33023,1.33045,4102
02.01.2024 13:00:00.000,1.33045,1.33271,1.33045,1.33262,3994
02.01.2024 14:00:00.000,1.33262,1.33326,1.33217,1.33265,3999
02.01.2024 15:00:00.000,1.33263,1.33336,1.3324,1.33301,3616
02.01.2024 16:00:00.000,1.333,1.33311,1.33196,1.33196,1847
02.01.2024 17:00:00.000,1.33182,1.33227,1.33145,1.3321,1414
02.01.2024 18:00:00.000,1.33203,1.33228,1.332,1.33216,1351
02.01.2024 19:00:00.000,1.33216,1.33232,1.33174,1.33219,1268
02.01.2024 20:00:00.000,1.33218,1.33292,1.33198,1.3326,3536
02.01.2024 21:00:00.000,1.33259,1.33316,1.33246,1.33272,2921
02.01.2024 22:00:00.000,1.33274,1.33299,1.33247,1.33253,2060
02.01.2024 23:00:00.000,1.33254,1.33291,1.33244,1.33268,1337
03.01.2024 00:00:00.000,1.33269,1.33293,1.33246,1.33269,2431
03.01.2024 01:00:00.000,1.33269,1.33273,1.33209,1.33245,3293
03.01.2024 02:00:00.000,1.33243,1.33337,1.33223,1.33242,3443
03.01.2024 03:00:00.000,1.33241,1.33336,1.33225,1.33248,7808
03.01.2024 04:00:00.000,1.3325,1.3333,1.33233,1.3325,5368
03.01.2024 05:00:00.000,1.33251,1.33349,1.33231,1.33342,4094
03.01.2024 06:00:00.000,1.33341,1.33459,1.33305,1.33428,4015
03.01.2024 07:00:00.000,1.33427,1.33483,1.33367,1.33449,5822
03.01.2024 08:00:00.000,1.3345,1.33638,1.33447,1.33617,8608
03.01.2024 09:00:00.000,1.33616,1.33642,1.33471,1.33505,9412
03.01.2024 10:00:00.000,1.33519,1.33673,1.33369,1.33506,13374
03.01.2024 11:00:00.000,1.33505,1.33614,1.33427,1.33578,7260
03.01.2024 12:00:00.000,1.33579,1.3363,1.3355,1.33604,3575
03.01.2024 13:00:00.000,1.33607,1.33624,1.33497,1.33596,4872
03.01.2024 14:00:00.000,1.33606,1.33715,1.33474,1.33553,11510
03.01.2024 15:00:00.000,1.33553,1.33584,1.33507,1.33575,5952
03.01.2024 16:00:00.000,1.33576,1.33586,1.33512,1.33513,2353
03.01.2024 17:00:00.000,1.33509,1.3352,1.33462,1.33506,1160
03.01.2024 18:00:00.000,1.33505,1.33521,1.3347,1.33479,1348
03.01.2024 19:00:00.000,1.33482,1.33525,1.33481,1.33499,1233
03.01.2024 20:00:00.000,1.335,1.33513,1.33438,1.33465,2817
03.01.2024 21:00:00.000,1.33466,1.33546,1.33449,1.3351,1976
03.01.2024 22:00:00.000,1.3351,1.33512,1.33365,1.33383,2229
03.01.2024 23:00:00.000,1.33384,1.33408,1.33351,1.33386,981
04.01.2024 00:00:00.000,1.33385,1.33432,1.33382,1.33397,2042
04.01.2024 01:00:00.000,1.33399,1.33404,1.33225,1.33247,4911
04.01.2024 02:00:00.000,1.33247,1.33276,1.33169,1.33193,6632
04.01.2024 03:00:00.000,1.33194,1.3326,1.3317,1.33238,5049
04.01.2024 04:00:00.000,1.33237,1.33304,1.3319,1.33235,5172
04.01.2024 05:00:00.000,1.33236,1.33295,1.33168,1.33227,4119
04.01.2024 06:00:00.000,1.33227,1.33384,1.33202,1.33371,2169
04.01.2024 07:00:00.000,1.33373,1.33415,1.33286,1.33337,4126
04.01.2024 08:00:00.000,1.33341,1.33613,1.33299,1.33565,8485
04.01.2024 09:00:00.000,1.33568,1.33659,1.33491,1.33565,10404
04.01.2024 10:00:00.000,1.33565,1.33613,1.33411,1.33534,8275
04.01.2024 11:00:00.000,1.33538,1.33626,1.33493,1.33565,7935
04.01.2024 12:00:00.000,1.33565,1.33604,1.33503,1.33545,4339
04.01.2024 13:00:00.000,1.33545,1.33589,1.33474,1.33573,2680
04.01.2024 14:00:00.000,1.33575,1.33612,1.33524,1.3356,4774
04.01.2024 15:00:00.000,1.3356,1.33565,1.33491,1.33521,4739
04.01.2024 16:00:00.000,1.33521,1.33528,1.33457,1.33491,1509
04.01.2024 17:00:00.000,1.33484,1.33553,1.3344,1.33501,1380
04.01.2024 18:00:00.000,1.33501,1.33562,1.33485,1.33558,1094
04.01.2024 19:00:00.000,1.33557,1.33588,1.33502,1.33522,2475
04.01.2024 20:00:00.000,1.33522,1.33553,1.33473,1.335,2714
04.01.2024 21:00:00.000,1.33498,1.33553,1.33457,1.33552,2570
04.01.2024 22:00:00.000,1.33549,1.33617,1.33526,1.33606,2630
04.01.2024 23:00:00.000,1.33605,1.33642,1.33568,1.33641,2192
05.01.2024 00:00:00.000,1.33641,1.33673,1.33606,1.33616,4577
05.01.2024 01:00:00.000,1.33616,1.33719,1.3359,1.33662,2514
05.01.2024 02:00:00.000,1.33665,1.3367,1.33545,1.33609,5281
05.01.2024 03:00:00.000,1.3361,1.33673,1.3355,1.33627,3779
05.01.2024 04:00:00.000,1.33625,1.33727,1.33569,1.33723,4206
05.01.2024 05:00:00.000,1.33722,1.33794,1.33705,1.33718,5019
05.01.2024 06:00:00.000,1.33718,1.33741,1.33686,1.33722,6027
05.01.2024 07:00:00.000,1.33722,1.33748,1.33674,1.33735,3128
05.01.2024 08:00:00.000,1.33731,1.33987,1.33566,1.33587,19098
05.01.2024 09:00:00.000,1.33587,1.33681,1.33246,1.33304,17021
05.01.2024 10:00:00.000,1.33285,1.33359,1.32868,1.33226,21684
05.01.2024 11:00:00.000,1.33229,1.3338,1.33148,1.33323,10139
05.01.2024 12:00:00.000,1.33324,1.33521,1.33314,1.33412,6427
05.01.2024 13:00:00.000,1.3341,1.33584,1.33377,1.33472,5022
05.01.2024 14:00:00.000,1.33469,1.33666,1.33453,1.33614,3973
05.01.2024 15:00:00.000,1.33616,1.33683,1.3359,1.33637,4125
05.01.2024 16:00:00.000,1.33642,1.33671,1.33549,1.3355,1490
08.01.2024 00:00:00.000,1.33734,1.3379,1.33716,1.33734,1309
08.01.2024 01:00:00.000,1.33733,1.33735,1.33643,1.33654,1870
08.01.2024 02:00:00.000,1.33654,1.3376,1.33586,1.33754,4316
08.01.2024 03:00:00.000,1.33756,1.33925,1.33755,1.33814,7425
08.01.2024 04:00:00.000,1.33813,1.33942,1.33776,1.33785,4278
08.01.2024 05:00:00.000,1.33784,1.33853,1.33766,1.33834,3330
08.01.2024 06:00:00.000,1.33835,1.33896,1.33792,1.33882,3237
08.01.2024 07:00:00.000,1.33881,1.33899,1.33785,1.33804,4250
08.01.2024 08:00:00.000,1.33804,1.33983,1.33759,1.33953,7679
08.01.2024 09:00:00.000,1.33953,1.34044,1.33863,1.3388,10089
08.01.2024 10:00:00.000,1.3388,1.33932,1.33714,1.33731,7967
08.01.2024 11:00:00.000,1.33729,1.33763,1.33627,1.33631,6115
08.01.2024 12:00:00.000,1.3363,1.33704,1.33586,1.33661,4109
08.01.2024 13:00:00.000,1.3366,1.33727,1.33584,1.33646,3421
08.01.2024 14:00:00.000,1.33643,1.33661,1.33487,1.33508,3446
08.01.2024 15:00:00.000,1.3351,1.33575,1.33495,1.33535,2159
08.01.2024 16:00:00.000,1.33536,1.33543,1.3346,1.3346,1240
08.01.2024 17:00:00.000,1.33442,1.33508,1.33439,1.33486,1029
08.01.2024 18:00:00.000,1.33489,1.33522,1.33474,1.33509,994
08.01.2024 19:00:00.000,1.33511,1.33519,1.33443,1.33467,2266
08.01.2024 20:00:00.000,1.33469,1.33534,1.33468,1.33483,1483
08.01.2024 21:00:00.000,1.33481,1.33481,1.334,1.33463,1913
08.01.2024 22:00:00.000,1.33463,1.335,1.33433,1.33482,831
08.01.2024 23:00:00.000,1.33483,1.33563,1.33478,1.33549,1070
09.01.2024 00:00:00.000,1.33549,1.33635,1.33535,1.33624,984
09.01.2024 01:00:00.000,1.33624,1.33642,1.3358,1.3362,1935
09.01.2024 02:00:00.000,1.33621,1.33646,1.33527,1.33544,4913
09.01.2024 03:00:00.000,1.33543,1.33686,1.33542,1.33618,3854
09.01.2024 04:00:00.000,1.33616,1.33669,1.3349,1.33531,7834
09.01.2024 05:00:00.000,1.3353,1.33689,1.3351,1.33666,3121
09.01.2024 06:00:00.000,1.33665,1.33779,1.33656,1.3374,1870
09.01.2024 07:00:00.000,1.33743,1.33772,1.336,1.3362,4697
09.01.2024 08:00:00.000,1.33619,1.33755,1.3352,1.33707,8724
09.01.2024 09:00:00.000,1.33707,1.34014,1.33669,1.33944,12657
09.01.2024 10:00:00.000,1.33942,1.34144,1.33907,1.3402,11432
09.01.2024 11:00:00.000,1.34019,1.34055,1.33855,1.33857,4213
09.01.2024 12:00:00.000,1.33856,1.34,1.33836,1.33906,3423
09.01.2024 13:00:00.000,1.33908,1.34005,1.33838,1.3393,6981
09.01.2024 14:00:00.000,1.33929,1.34032,1.33919,1.33948,6205
09.01.2024 15:00:00.000,1.33948,1.34014,1.33902,1.33983,4224
09.01.2024 16:00:00.000,1.33983,1.33985,1.33876,1.33897,1179
09.01.2024 17:00:00.000,1.3388,1.3393,1.3381,1.3389,1210
09.01.2024 18:00:00.000,1.3389,1.33934,1.33884,1.3389,928
09.01.2024 19:00:00.000,1.3389,1.33893,1.33835,1.33871,3806
09.01.2024 20:00:00.000,1.33869,1.33876,1.33806,1.33814,5562
09.01.2024 21:00:00.000,1.33819,1.33827,1.33766,1.33808,3280
09.01.2024 22:00:00.000,1.3381,1.33841,1.33771,1.33822,1250
09.01.2024 23:00:00.000,1.33825,1.33847,1.33801,1.33817,703
10.01.2024 00:00:00.000,1.33815,1.33836,1.33803,1.33812,805
10.01.2024 01:00:00.000,1.33811,1.33942,1.33811,1.33928,1708
10.01.2024 02:00:00.000,1.33929,1.33934,1.3382,1.33849,2987
10.01.2024 03:00:00.000,1.33847,1.33902,1.33746,1.33757,8818
10.01.2024 04:00:00.000,1.33755,1.33777,1.33658,1.33703,7795
10.01.2024 05:00:00.000,1.33703,1.33724,1.3365,1.33706,2645
10.01.2024 06:00:00.000,1.33706,1.33781,1.33666,1.33745,2087
10.01.2024 07:00:00.000,1.33745,1.33818,1.33664,1.33806,2774
10.01.2024 08:00:00.000,1.33807,1.33893,1.3378,1.3384,5396
10.01.2024 09:00:00.000,1.3384,1.33853,1.33727,1.3382,6762
10.01.2024 10:00:00.000,1.33821,1.33865,1.33721,1.33799,6800
10.01.2024 11:00:00.000,1.33795,1.3388,1.33786,1.33806,4353
10.01.2024 12:00:00.000,1.33804,1.33855,1.33774,1.33794,3198
10.01.2024 13:00:00.000,1.33796,1.33903,1.33781,1.33798,3065
10.01.2024 14:00:00.000,1.33797,1.33845,1.33761,1.33769,2613
10.01.2024 15:00:00.000,1.33767,1.33847,1.33756,1.33798,3974
10.01.2024 16:00:00.000,1.33804,1.33805,1.33768,1.33794,1814
10.01.2024 17:00:00.000,1.33788,1.33817,1.33652,1.338,1385
10.01.2024 18:00:00.000,1.33796,1.33802,1.33772,1.33794,746
10.01.2024 19:00:00.000,1.33794,1.33799,1.33719,1.33724,2594
10.01.2024 20:00:00.000,1.33723,1.33728,1.33638,1.33647,3703
10.01.2024 21:00:00.000,1.33647,1.33665,1.33565,1.33647,3297
10.01.2024 22:00:00.000,1.33647,1.33652,1.33593,1.33598,1276
10.01.2024 23:00:00.000,1.33601,1.33644,1.33575,1.33642,1004
11.01.2024 00:00:00.000,1.33643,1.33652,1.33566,1.33587,2442
11.01.2024 01:00:00.000,1.33586,1.3362,1.3355,1.33586,1994
11.01.2024 02:00:00.000,1.3359,1.3366,1.33565,1.33651,2240
11.01.2024 03:00:00.000,1.3365,1.33702,1.33618,1.33683,3149
11.01.2024 04:00:00.000,1.33685,1.3376,1.33677,1.33705,2416
11.01.2024 05:00:00.000,1.33704,1.33764,1.33687,1.33734,1985
11.01.2024 06:00:00.000,1.33736,1.33737,1.33639,1.3364,2247
11.01.2024 07:00:00.000,1.3364,1.33678,1.33501,1.33587,3170
11.01.2024 08:00:00.000,1.33584,1.34105,1.33532,1.34026,15829
11.01.2024 09:00:00.000,1.34023,1.34127,1.33688,1.33957,18824
11.01.2024 10:00:00.000,1.33958,1.34299,1.33958,1.3429,15560
11.01.2024 11:00:00.000,1.34289,1.34424,1.34231,1.34391,10719
11.01.2024 12:00:00.000,1.34389,1.34396,1.3423,1.34254,6053
11.01.2024 13:00:00.000,1.34254,1.34276,1.34068,1.34077,5669
11.01.2024 14:00:00.000,1.34074,1.34126,1.33934,1.33958,4904
11.01.2024 15:00:00.000,1.33957,1.34087,1.33944,1.33976,4518
11.01.2024 16:00:00.000,1.33977,1.33978,1.3391,1.33934,1835
11.01.2024 17:00:00.000,1.33925,1.33966,1.33845,1.33926,1296
11.01.2024 18:00:00.000,1.33926,1.33944,1.33777,1.33781,2307
11.01.2024 19:00:00.000,1.33779,1.33834,1.33755,1.33816,1882
11.01.2024 20:00:00.000,1.33815,1.33841,1.33703,1.33713,2692
11.01.2024 21:00:00.000,1.33713,1.33762,1.33698,1.33728,2821
11.01.2024 22:00:00.000,1.33728,1.33768,1.33712,1.33759,1859
11.01.2024 23:00:00.000,1.3376,1.33856,1.3376,1.3379,1291
12.01.2024 00:00:00.000,1.33792,1.33807,1.33763,1.33785,1408
12.01.2024 01:00:00.000,1.33784,1.33793,1.33728,1.33741,1929
12.01.2024 02:00:00.000,1.33739,1.33835,1.3373,1.33757,3308
12.01.2024 03:00:00.000,1.33757,1.33758,1.3347,1.33537,4898
12.01.2024 04:00:00.000,1.33537,1.33589,1.33491,1.33559,3781
12.01.2024 05:00:00.000,1.33561,1.33603,1.33532,1.33582,3346
12.01.2024 06:00:00.000,1.33584,1.33842,1.33566,1.33764,2927
12.01.2024 07:00:00.000,1.33765,1.33834,1.33706,1.33733,2910
12.01.2024 08:00:00.000,1.33734,1.3386,1.3353,1.33548,9901
12.01.2024 09:00:00.000,1.33548,1.33625,1.33426,1.33514,11630
12.01.2024 10:00:00.000,1.33514,1.33867,1.33467,1.33855,10282
12.01.2024 11:00:00.000,1.33856,1.3404,1.33766,1.34,8956
12.01.2024 12:00:00.000,1.34001,1.34105,1.33976,1.34021,4496
12.01.2024 13:00:00.000,1.34021,1.34044,1.33954,1.33995,3077
12.01.2024 14:00:00.000,1.33994,1.34114,1.33954,1.34043,2284
12.01.2024 15:00:00.000,1.3404,1.34088,1.34006,1.34068,2450
12.01.2024 16:00:00.000,1.34067,1.34082,1.34017,1.34054,2799
15.01.2024 00:00:00.000,1.33909,1.33997,1.33903,1.33988,1544
15.01.2024 01:00:00.000,1.33988,1.34001,1.33928,1.33941,1720
15.01.2024 02:00:00.000,1.33941,1.3412,1.33891,1.34096,2915
15.01.2024 03:00:00.000,1.34094,1.34108,1.34019,1.34072,4152
15.01.2024 04:00:00.000,1.34073,1.34152,1.34018,1.34145,3029
15.01.2024 05:00:00.000,1.34146,1.34249,1.34141,1.34174,3988
15.01.2024 06:00:00.000,1.34173,1.34189,1.34117,1.34155,2656
15.01.2024 07:00:00.000,1.34157,1.3426,1.34089,1.3424,3382
15.01.2024 08:00:00.000,1.34237,1.34304,1.34212,1.34294,4024
15.01.2024 09:00:00.000,1.34293,1.34399,1.34274,1.34341,3640
15.01.2024 10:00:00.000,1.3434,1.34427,1.34299,1.34353,3543
15.01.2024 11:00:00.000,1.34353,1.34477,1.34331,1.34354,2559
15.01.2024 12:00:00.000,1.34355,1.34408,1.34326,1.34384,1116
15.01.2024 13:00:00.000,1.34382,1.34385,1.34338,1.34343,952
15.01.2024 14:00:00.000,1.34344,1.34381,1.34323,1.34348,1401
15.01.2024 15:00:00.000,1.34349,1.34352,1.34305,1.34306,775
15.01.2024 16:00:00.000,1.34306,1.34306,1.34243,1.34252,649
15.01.2024 17:00:00.000,1.34237,1.3426,1.34183,1.34229,922
15.01.2024 18:00:00.000,1.3422,1.34358,1.3422,1.34358,1012
15.01.2024 19:00:00.000,1.34361,1.34514,1.34356,1.34511,1840
15.01.2024 20:00:00.000,1.34512,1.34568,1.34454,1.34542,3243
15.01.2024 21:00:00.000,1.3454,1.34687,1.3454,1.34679,2470
15.01.2024 22:00:00.000,1.34678,1.34741,1.34665,1.34729,1463
15.01.2024 23:00:00.000,1.34731,1.34732,1.34681,1.34687,2503
16.01.2024 00:00:00.000,1.34687,1.34773,1.34675,1.34767,1882
16.01.2024 01:00:00.000,1.34768,1.34791,1.34707,1.34723,2203
16.01.2024 02:00:00.000,1.34723,1.34841,1.34723,1.34812,4796
16.01.2024 03:00:00.000,1.34813,1.34937,1.34809,1.34859,6643
16.01.2024 04:00:00.000,1.34861,1.3499,1.34821,1.34964,4613
16.01.2024 05:00:00.000,1.34965,1.34998,1.34896,1.34957,3554
16.01.2024 06:00:00.000,1.34956,1.35,1.34846,1.34861,2763
16.01.2024 07:00:00.000,1.3486,1.34909,1.34743,1.34752,4579
16.01.2024 08:00:00.000,1.34749,1.34811,1.34445,1.34626,9321
16.01.2024 09:00:00.000,1.34626,1.34938,1.34571,1.34884,9291
16.01.2024 10:00:00.000,1.34882,1.34927,1.34686,1.3474,7794
16.01.2024 11:00:00.000,1.34738,1.34927,1.34564,1.34729,15247
16.01.2024 12:00:00.000,1.3473,1.34939,1.34714,1.34893,6030
16.01.2024 13:00:00.000,1.34894,1.34995,1.3483,1.34981,3761
16.01.2024 14:00:00.000,1.34981,1.35014,1.34923,1.34931,3233
16.01.2024 15:00:00.000,1.3493,1.35016,1.34918,1.34967,2697
16.01.2024 16:00:00.000,1.34967,1.34973,1.34916,1.34941,1938
16.01.2024 17:00:00.000,1.34918,1.34935,1.34823,1.34914,786
16.01.2024 18:00:00.000,1.34915,1.3494,1.34888,1.34889,1448
16.01.2024 19:00:00.000,1.34888,1.34951,1.34872,1.34874,2283
16.01.2024 20:00:00.000,1.34876,1.34919,1.34866,1.34881,3567
16.01.2024 21:00:00.000,1.34879,1.34891,1.34797,1.34868,3786
16.01.2024 22:00:00.000,1.3487,1.34999,1.34859,1.34993,2056
16.01.2024 23:00:00.000,1.34993,1.35,1.34939,1.34962,952
17.01.2024 00:00:00.000,1.3496,1.35103,1.34956,1.35086,3350
17.01.2024 01:00:00.000,1.35083,1.35193,1.35081,1.35123,3976
17.01.2024 02:00:00.000,1.35123,1.3522,1.35054,1.35174,6052
17.01.2024 03:00:00.000,1.35173,1.35263,1.35114,1.3526,5373
17.01.2024 04:00:00.000,1.35261,1.35302,1.3517,1.35176,4366
17.01.2024 05:00:00.000,1.35177,1.35209,1.35118,1.35177,4076
17.01.2024 06:00:00.000,1.35176,1.35264,1.35162,1.35251,3024
17.01.2024 07:00:00.000,1.35251,1.35267,1.35128,1.3516,4274
17.01.2024 08:00:00.000,1.35157,1.3527,1.35101,1.35197,11025
17.01.2024 09:00:00.000,1.35197,1.35415,1.35188,1.35319,8284
17.01.2024 10:00:00.000,1.35318,1.35336,1.35039,1.35185,9420
17.01.2024 11:00:00.000,1.35183,1.35262,1.35112,1.35241,5683
17.01.2024 12:00:00.000,1.35241,1.3533,1.35208,1.35265,4484
17.01.2024 13:00:00.000,1.35266,1.35351,1.35214,1.35244,4950
17.01.2024 14:00:00.000,1.3524,1.35241,1.3511,1.35181,3517
17.01.2024 15:00:00.000,1.35181,1.35264,1.35101,1.35116,2841
17.01.2024 16:00:00.000,1.35116,1.35127,1.35038,1.35047,1595
17.01.2024 17:00:00.000,1.35038,1.35058,1.34967,1.35037,1508
17.01.2024 18:00:00.000,1.35038,1.35084,1.35016,1.35016,749
17.01.2024 19:00:00.000,1.35014,1.35075,1.34935,1.34936,2135
17.01.2024 20:00:00.000,1.34935,1.34986,1.34886,1.349,2533
17.01.2024 21:00:00.000,1.34902,1.34985,1.34831,1.34983,3033
17.01.2024 22:00:00.000,1.34981,1.34987,1.34882,1.3493,3056
17.01.2024 23:00:00.000,1.34931,1.3496,1.34921,1.34937,1394
18.01.2024 00:00:00.000,1.34935,1.34971,1.34902,1.34923,1925
18.01.2024 01:00:00.000,1.34923,1.3493,1.34799,1.34833,2555
18.01.2024 02:00:00.000,1.34835,1.34944,1.34822,1.34917,2963
18.01.2024 03:00:00.000,1.34922,1.35013,1.34917,1.34993,3864
18.01.2024 04:00:00.000,1.34992,1.35036,1.34886,1.34929,3430
18.01.2024 05:00:00.000,1.34929,1.34961,1.34887,1.34901,2489
18.01.2024 06:00:00.000,1.349,1.34937,1.3482,1.34888,3767
18.01.2024 07:00:00.000,1.3488,1.34978,1.3482,1.34962,3686
18.01.2024 08:00:00.000,1.34961,1.3528,1.34961,1.35185,9644
18.01.2024 09:00:00.000,1.35184,1.35192,1.34964,1.34981,12321
18.01.2024 10:00:00.000,1.34982,1.35171,1.34912,1.35135,10275
18.01.2024 11:00:00.000,1.35136,1.35174,1.3489,1.35043,6904
18.01.2024 12:00:00.000,1.35042,1.3511,1.35003,1.35074,5466
18.01.2024 13:00:00.000,1.35072,1.35171,1.35008,1.35032,5413
18.01.2024 14:00:00.000,1.35029,1.35067,1.34956,1.35034,4623
18.01.2024 15:00:00.000,1.35033,1.35035,1.3492,1.3494,4954
18.01.2024 16:00:00.000,1.34946,1.34948,1.34855,1.34863,1712
18.01.2024 17:00:00.000,1.34847,1.34881,1.34808,1.3486,1024
18.01.2024 18:00:00.000,1.3486,1.34887,1.3484,1.34848,1973
18.01.2024 19:00:00.000,1.34849,1.34882,1.34832,1.34846,1834
18.01.2024 20:00:00.000,1.34847,1.34917,1.34837,1.34856,2623
18.01.2024 21:00:00.000,1.34857,1.34926,1.34815,1.34838,2511
18.01.2024 22:00:00.000,1.34838,1.34882,1.3481,1.34856,1111
18.01.2024 23:00:00.000,1.34854,1.34883,1.34847,1.34881,986
19.01.2024 00:00:00.000,1.34881,1.34974,1.34869,1.34963,1892
19.01.2024 01:00:00.000,1.34966,1.35018,1.34926,1.34948,2026
19.01.2024 02:00:00.000,1.34946,1.34964,1.34823,1.34865,4657
19.01.2024 03:00:00.000,1.34866,1.34917,1.34778,1.34783,4113
19.01.2024 04:00:00.000,1.34784,1.34794,1.34652,1.34656,6000
19.01.2024 05:00:00.000,1.34657,1.34725,1.34624,1.34725,4300
19.01.2024 06:00:00.000,1.34724,1.34741,1.34675,1.34701,3395
19.01.2024 07:00:00.000,1.34701,1.34792,1.34673,1.34741,3518
19.01.2024 08:00:00.000,1.34741,1.34787,1.3454,1.3476,7254
19.01.2024 09:00:00.000,1.3476,1.34937,1.34687,1.34687,7732
19.01.2024 10:00:00.000,1.34686,1.34863,1.34619,1.34636,12311
19.01.2024 11:00:00.000,1.34636,1.34768,1.34594,1.34688,6917
19.01.2024 12:00:00.000,1.34688,1.34783,1.34581,1.34605,5152
19.01.2024 13:00:00.000,1.34605,1.34654,1.34528,1.34533,4346
19.01.2024 14:00:00.000,1.34531,1.34531,1.34343,1.34344,4257
19.01.2024 15:00:00.000,1.34343,1.34368,1.343,1.343,3038
19.01.2024 16:00:00.000,1.34304,1.34331,1.34262,1.34265,2234
22.01.2024 00:00:00.000,1.34363,1.3441,1.3436,1.34378,1434
22.01.2024 01:00:00.000,1.34379,1.34427,1.34338,1.34376,2001
22.01.2024 02:00:00.000,1.34374,1.34443,1.34307,1.3433,2648
22.01.2024 03:00:00.000,1.34331,1.3438,1.34258,1.34305,4152
22.01.2024 04:00:00.000,1.34307,1.34363,1.34231,1.34257,3059
22.01.2024 05:00:00.000,1.34258,1.34291,1.34207,1.34227,1806
22.01.2024 06:00:00.000,1.3423,1.34257,1.34166,1.34177,2588
22.01.2024 07:00:00.000,1.34179,1.34248,1.34144,1.34231,2976
22.01.2024 08:00:00.000,1.34231,1.34427,1.3423,1.34367,4987
22.01.2024 09:00:00.000,1.34366,1.34472,1.34254,1.34301,9015
22.01.2024 10:00:00.000,1.34301,1.34482,1.34254,1.34454,8671
22.01.2024 11:00:00.000,1.34454,1.34582,1.34451,1.34551,4509
22.01.2024 12:00:00.000,1.34546,1.34611,1.34459,1.34509,3495
22.01.2024 13:00:00.000,1.34509,1.34679,1.34509,1.34649,2715
22.01.2024 14:00:00.000,1.3465,1.34748,1.34635,1.3474,2361
22.01.2024 15:00:00.000,1.3474,1.34822,1.34738,1.34805,3353
22.01.2024 16:00:00.000,1.34806,1.34816,1.34773,1.34773,2034
22.01.2024 17:00:00.000,1.34771,1.34786,1.3471,1.34748,1730
22.01.2024 18:00:00.000,1.34759,1.34826,1.34757,1.34778,1975
22.01.2024 19:00:00.000,1.34777,1.3479,1.3472,1.3475,1743
22.01.2024 20:00:00.000,1.3475,1.34859,1.3473,1.348,3399
22.01.2024 21:00:00.000,1.348,1.34853,1.34689,1.34752,6279
22.01.2024 22:00:00.000,1.3475,1.34775,1.34636,1.34665,5190
22.01.2024 23:00:00.000,1.34667,1.34689,1.34634,1.34641,2720
23.01.2024 00:00:00.000,1.3464,1.34663,1.34577,1.34595,1693
23.01.2024 01:00:00.000,1.34596,1.34638,1.34544,1.34552,2061
23.01.2024 02:00:00.000,1.34554,1.34697,1.34528,1.34676,3326
23.01.2024 03:00:00.000,1.34673,1.34766,1.34638,1.3476,3612
23.01.2024 04:00:00.000,1.34759,1.34827,1.34714,1.34758,3068
23.01.2024 05:00:00.000,1.34759,1.34787,1.34707,1.34759,2140
23.01.2024 06:00:00.000,1.34758,1.34816,1.34738,1.34774,5480
23.01.2024 07:00:00.000,1.34777,1.34806,1.34739,1.34751,3076
23.01.2024 08:00:00.000,1.3475,1.34773,1.34642,1.34758,3847
23.01.2024 09:00:00.000,1.34757,1.34878,1.34734,1.34814,6313
23.01.2024 10:00:00.000,1.34813,1.34909,1.34666,1.34811,8793
23.01.2024 11:00:00.000,1.34811,1.34915,1.34772,1.3486,4244
23.01.2024 12:00:00.000,1.34857,1.34908,1.34808,1.34824,3228
23.01.2024 13:00:00.000,1.34822,1.34863,1.34765,1.34813,2343
23.01.2024 14:00:00.000,1.34815,1.3482,1.34645,1.34677,3927
23.01.2024 15:00:00.000,1.34676,1.34694,1.34626,1.34679,1962
23.01.2024 16:00:00.000,1.34678,1.34689,1.34585,1.34604,1660
23.01.2024 17:00:00.000,1.34593,1.34628,1.3455,1.34581,819
23.01.2024 18:00:00.000,1.34599,1.34602,1.34551,1.34563,799
23.01.2024 19:00:00.000,1.34564,1.34632,1.34559,1.34608,920
23.01.2024 20:00:00.000,1.34609,1.34661,1.34587,1.34653,1925
23.01.2024 21:00:00.000,1.34653,1.34757,1.34652,1.34742,2565
23.01.2024 22:00:00.000,1.34746,1.34771,1.34693,1.34747,1403
23.01.2024 23:00:00.000,1.34747,1.34766,1.3469,1.34701,1305
24.01.2024 00:00:00.000,1.34702,1.34767,1.3467,1.34684,2776
24.01.2024 01:00:00.000,1.34685,1.34709,1.34597,1.34607,2755
24.01.2024 02:00:00.000,1.34608,1.34635,1.34502,1.34534,7064
24.01.2024 03:00:00.000,1.34534,1.34566,1.34435,1.34505,5978
24.01.2024 04:00:00.000,1.34504,1.34506,1.34375,1.3442,3210
24.01.2024 05:00:00.000,1.34422,1.34537,1.34398,1.3447,3169
24.01.2024 06:00:00.000,1.34468,1.34545,1.34458,1.34491,2885
24.01.2024 07:00:00.000,1.34494,1.34594,1.34464,1.34592,2864
24.01.2024 08:00:00.000,1.34595,1.34595,1.34304,1.34318,7848
24.01.2024 09:00:00.000,1.34317,1.34754,1.34292,1.34747,13716
24.01.2024 10:00:00.000,1.34746,1.34921,1.34708,1.3486,16338
24.01.2024 11:00:00.000,1.3486,1.34943,1.34755,1.34792,7935
24.01.2024 12:00:00.000,1.3479,1.3482,1.3473,1.34799,5167
24.01.2024 13:00:00.000,1.34798,1.3509,1.34793,1.35075,5802
24.01.2024 14:00:00.000,1.35076,1.35232,1.35075,1.35143,4954
24.01.2024 15:00:00.000,1.35144,1.35276,1.35142,1.3527,3160
24.01.2024 16:00:00.000,1.3527,1.35281,1.35224,1.35226,1431
24.01.2024 17:00:00.000,1.35219,1.35242,1.35168,1.35194,637
24.01.2024 18:00:00.000,1.35206,1.35271,1.35194,1.35254,1734
24.01.2024 19:00:00.000,1.35253,1.3533,1.35245,1.35272,1681
24.01.2024 20:00:00.000,1.35272,1.35342,1.3522,1.35239,3864
24.01.2024 21:00:00.000,1.35239,1.35253,1.35178,1.35201,2970
24.01.2024 22:00:00.000,1.35199,1.35201,1.35144,1.35183,2038
24.01.2024 23:00:00.000,1.35185,1.35188,1.35142,1.35172,984
25.01.2024 00:00:00.000,1.35173,1.35246,1.35162,1.35226,942
25.01.2024 01:00:00.000,1.35225,1.35238,1.35148,1.35152,1120
25.01.2024 02:00:00.000,1.35153,1.35229,1.35153,1.35206,2579
25.01.2024 03:00:00.000,1.35205,1.35293,1.35152,1.35192,5291
25.01.2024 04:00:00.000,1.35189,1.3521,1.35043,1.35061,4984
25.01.2024 05:00:00.000,1.35062,1.35078,1.35006,1.35043,2823
25.01.2024 06:00:00.000,1.35045,1.35092,1.35026,1.35065,1782
25.01.2024 07:00:00.000,1.35065,1.35176,1.35059,1.35166,3805
25.01.2024 08:00:00.000,1.35168,1.35182,1.34876,1.34903,12254
25.01.2024 09:00:00.000,1.34902,1.35197,1.34849,1.34953,18542
25.01.2024 10:00:00.000,1.34955,1.35084,1.34916,1.35006,12831
25.01.2024 11:00:00.000,1.35006,1.3506,1.34901,1.34911,7749
25.01.2024 12:00:00.000,1.34911,1.35061,1.34875,1.34962,6473
25.01.2024 13:00:00.000,1.34959,1.35013,1.34864,1.34987,5973
25.01.2024 14:00:00.000,1.34987,1.35042,1.34772,1.34791,4086
25.01.2024 15:00:00.000,1.34791,1.34841,1.34724,1.34724,5078
25.01.2024 16:00:00.000,1.34726,1.3476,1.34676,1.34733,1730
25.01.2024 17:00:00.000,1.34741,1.34741,1.3469,1.34736,686
25.01.2024 18:00:00.000,1.34736,1.348,1.34731,1.34797,1107
25.01.2024 19:00:00.000,1.34796,1.3482,1.34731,1.34762,1486
25.01.2024 20:00:00.000,1.34763,1.34776,1.34705,1.34715,2823
25.01.2024 21:00:00.000,1.34715,1.34724,1.34654,1.3468,3392
25.01.2024 22:00:00.000,1.3468,1.34684,1.34661,1.34669,2421
25.01.2024 23:00:00.000,1.34669,1.34722,1.34665,1.3471,1281
26.01.2024 00:00:00.000,1.34709,1.34713,1.34624,1.34642,2242
26.01.2024 01:00:00.000,1.34644,1.34743,1.34643,1.34731,2697
26.01.2024 02:00:00.000,1.3473,1.34827,1.34714,1.34732,3347
26.01.2024 03:00:00.000,1.34732,1.34765,1.34636,1.34642,7279
26.01.2024 04:00:00.000,1.34641,1.34692,1.34547,1.34558,3882
26.01.2024 05:00:00.000,1.34558,1.34563,1.34475,1.34478,2787
26.01.2024 06:00:00.000,1.34477,1.34484,1.34419,1.34444,3257
26.01.2024 07:00:00.000,1.34438,1.34439,1.34327,1.34368,4215
26.01.2024 08:00:00.000,1.34367,1.34405,1.34136,1.34273,14629
26.01.2024 09:00:00.000,1.34272,1.34491,1.34186,1.34462,11267
26.01.2024 10:00:00.000,1.34464,1.34585,1.34356,1.34459,11973
26.01.2024 11:00:00.000,1.3446,1.3459,1.34453,1.34569,5242
26.01.2024 12:00:00.000,1.34571,1.34672,1.34569,1.34627,3860
26.01.2024 13:00:00.000,1.34624,1.34649,1.34501,1.34576,6575
26.01.2024 14:00:00.000,1.34575,1.34575,1.34435,1.34472,4462
26.01.2024 15:00:00.000,1.34469,1.34506,1.34438,1.34446,2565
26.01.2024 16:00:00.000,1.34446,1.34527,1.3443,1.34485,2149
29.01.2024 00:00:00.000,1.34484,1.34518,1.34455,1.34476,2913
29.01.2024 01:00:00.000,1.34476,1.34483,1.34414,1.34459,1759
29.01.2024 02:00:00.000,1.34459,1.34466,1.34309,1.3435,2527
29.01.2024 03:00:00.000,1.34348,1.34394,1.34292,1.3438,3656
29.01.2024 04:00:00.000,1.34382,1.34397,1.34326,1.34352,3318
29.01.2024 05:00:00.000,1.34352,1.34417,1.34351,1.34371,2402
29.01.2024 06:00:00.000,1.3437,1.3437,1.34299,1.34326,1706
29.01.2024 07:00:00.000,1.34324,1.34367,1.34251,1.34359,2555
29.01.2024 08:00:00.000,1.34358,1.34458,1.34338,1.34377,9405
29.01.2024 09:00:00.000,1.34374,1.34617,1.34323,1.34476,9239
29.01.2024 10:00:00.000,1.34481,1.34647,1.34461,1.34516,7595
29.01.2024 11:00:00.000,1.34516,1.34559,1.34388,1.34392,4903
29.01.2024 12:00:00.000,1.34393,1.34469,1.34346,1.34462,3680
29.01.2024 13:00:00.000,1.34461,1.34533,1.34404,1.34409,5473
29.01.2024 14:00:00.000,1.34407,1.34426,1.34297,1.34311,3380
29.01.2024 15:00:00.000,1.3431,1.34314,1.34094,1.34096,9052
29.01.2024 16:00:00.000,1.34099,1.34155,1.34094,1.34133,1715
29.01.2024 17:00:00.000,1.34127,1.34157,1.34093,1.34108,774
29.01.2024 18:00:00.000,1.34107,1.34119,1.34081,1.34114,822
29.01.2024 19:00:00.000,1.34113,1.34113,1.34012,1.34029,2559
29.01.2024 20:00:00.000,1.34029,1.34098,1.34012,1.34071,3049
29.01.2024 21:00:00.000,1.34071,1.34099,1.34029,1.3405,1646
29.01.2024 22:00:00.000,1.34049,1.34098,1.34039,1.34095,779
29.01.2024 23:00:00.000,1.34096,1.3411,1.34052,1.34086,1745
30.01.2024 00:00:00.000,1.34083,1.34089,1.34012,1.34076,1804
30.01.2024 01:00:00.000,1.34074,1.34109,1.34028,1.34093,1824
30.01.2024 02:00:00.000,1.34091,1.3415,1.34058,1.34065,2502
30.01.2024 03:00:00.000,1.34064,1.34123,1.34012,1.34054,7026
30.01.2024 04:00:00.000,1.34053,1.34116,1.34,1.34037,3841
30.01.2024 05:00:00.000,1.34038,1.34068,1.33983,1.34029,3601
30.01.2024 06:00:00.000,1.34028,1.34114,1.34023,1.34106,2399
30.01.2024 07:00:00.000,1.34107,1.34255,1.34107,1.34232,3129
30.01.2024 08:00:00.000,1.34232,1.34383,1.3422,1.34369,8035
30.01.2024 09:00:00.000,1.34369,1.34379,1.3409,1.34132,10930
30.01.2024 10:00:00.000,1.3413,1.34458,1.34087,1.34301,17808
30.01.2024 11:00:00.000,1.34302,1.34346,1.34093,1.341,7646
30.01.2024 12:00:00.000,1.34099,1.34187,1.34054,1.34129,4609
30.01.2024 13:00:00.000,1.34131,1.3416,1.34033,1.34033,2394
30.01.2024 14:00:00.000,1.34034,1.34063,1.33983,1.33985,4053
30.01.2024 15:00:00.000,1.33986,1.34005,1.3395,1.33986,3298
30.01.2024 16:00:00.000,1.33986,1.33998,1.3396,1.33971,1610
30.01.2024 17:00:00.000,1.33971,1.34024,1.33963,1.34009,1280
30.01.2024 18:00:00.000,1.34011,1.34021,1.33972,1.34016,1036
30.01.2024 19:00:00.000,1.34014,1.34037,1.3397,1.34013,2308
30.01.2024 20:00:00.000,1.34011,1.3411,1.34002,1.3411,2613
30.01.2024 21:00:00.000,1.34111,1.34233,1.34111,1.3418,2850
30.01.2024 22:00:00.000,1.34178,1.34227,1.34161,1.34207,1336
30.01.2024 23:00:00.000,1.34207,1.34208,1.34149,1.34164,1855
31.01.2024 00:00:00.000,1.34164,1.34196,1.3415,1.34176,1316
31.01.2024 01:00:00.000,1.34176,1.34206,1.34159,1.34181,2513
31.01.2024 02:00:00.000,1.34181,1.34218,1.3413,1.34161,3447
31.01.2024 03:00:00.000,1.3416,1.34248,1.34094,1.34113,7656
31.01.2024 04:00:00.000,1.34112,1.34222,1.34112,1.34222,6277
31.01.2024 05:00:00.000,1.34223,1.34313,1.34217,1.34292,2897
31.01.2024 06:00:00.000,1.34291,1.34314,1.34218,1.34289,4474
31.01.2024 07:00:00.000,1.34289,1.34367,1.34278,1.3432,4179
31.01.2024 08:00:00.000,1.34321,1.34351,1.33916,1.33961,13424
31.01.2024 09:00:00.000,1.33963,1.33994,1.33778,1.33831,11167
31.01.2024 10:00:00.000,1.33834,1.33846,1.33584,1.33593,16951
31.01.2024 11:00:00.000,1.33592,1.33902,1.33581,1.33854,9116
31.01.2024 12:00:00.000,1.33854,1.33968,1.3384,1.33926,5336
31.01.2024 13:00:00.000,1.33925,1.33982,1.33813,1.33813,3628
31.01.2024 14:00:00.000,1.33819,1.34154,1.33695,1.34009,24848
31.01.2024 15:00:00.000,1.34012,1.34446,1.33998,1.34422,20694
31.01.2024 16:00:00.000,1.34423,1.34457,1.34317,1.34336,2922
31.01.2024 17:00:00.000,1.34337,1.34357,1.34301,1.34355,1837
31.01.2024 18:00:00.000,1.34355,1.34396,1.34313,1.34316,1630
31.01.2024 19:00:00.000,1.34317,1.34355,1.34221,1.34279,1722
31.01.2024 20:00:00.000,1.34278,1.34381,1.34265,1.34327,3583
31.01.2024 21:00:00.000,1.34328,1.34334,1.34192,1.3424,5012
31.01.2024 22:00:00.000,1.3424,1.34312,1.34217,1.34296,1429
31.01.2024 23:00:00.000,1.34294,1.34369,1.34291,1.34347,2974
01.02.2024 00:00:00.000,1.34348,1.34475,1.34348,1.34472,2149
01.02.2024 01:00:00.000,1.34473,1.34543,1.34423,1.34526,2653
01.02.2024 02:00:00.000,1.34526,1.34636,1.34497,1.34584,5295
01.02.2024 03:00:00.000,1.34584,1.34617,1.3449,1.34493,7331
01.02.2024 04:00:00.000,1.34494,1.34527,1.34442,1.34455,5236
01.02.2024 05:00:00.000,1.34454,1.34591,1.34445,1.34571,3147
01.02.2024 06:00:00.000,1.34572,1.34623,1.34435,1.34458,5454
01.02.2024 07:00:00.000,1.34461,1.34536,1.34436,1.34501,4957
01.02.2024 08:00:00.000,1.34503,1.34565,1.34356,1.34408,9316
01.02.2024 09:00:00.000,1.34407,1.34532,1.34177,1.34188,11255
01.02.2024 10:00:00.000,1.34188,1.34388,1.34117,1.3413,17651
01.02.2024 11:00:00.000,1.34132,1.34134,1.33794,1.33817,11137
01.02.2024 12:00:00.000,1.33815,1.3384,1.33673,1.33814,7108
01.02.2024 13:00:00.000,1.33815,1.33908,1.33728,1.33766,11003
01.02.2024 14:00:00.000,1.33766,1.33896,1.33698,1.33855,5876
01.02.2024 15:00:00.000,1.33856,1.33921,1.33826,1.33883,3843
01.02.2024 16:00:00.000,1.33881,1.33898,1.33812,1.33847,4175
01.02.2024 17:00:00.000,1.3383,1.33854,1.33757,1.33811,1171
01.02.2024 18:00:00.000,1.33804,1.33844,1.33799,1.3384,1919
01.02.2024 19:00:00.000,1.33841,1.33841,1.33717,1.33774,2727
01.02.2024 20:00:00.000,1.33775,1.33787,1.33735,1.3374,3837
01.02.2024 21:00:00.000,1.33739,1.33781,1.33704,1.33709,4236
01.02.2024 22:00:00.000,1.33709,1.33766,1.33688,1.33751,3737
01.02.2024 23:00:00.000,1.3375,1.33773,1.33723,1.33749,1863
02.02.2024 00:00:00.000,1.33749,1.33771,1.33735,1.33753,2539
02.02.2024 01:00:00.000,1.33754,1.33794,1.33715,1.33766,2809
02.02.2024 02:00:00.000,1.33766,1.33814,1.33722,1.33804,3812
02.02.2024 03:00:00.000,1.33807,1.33813,1.33683,1.33797,4005
02.02.2024 04:00:00.000,1.33798,1.33803,1.3367,1.33685,6383
02.02.2024 05:00:00.000,1.33686,1.33728,1.33653,1.33721,2591
02.02.2024 06:00:00.000,1.33723,1.33773,1.3372,1.33756,1706
02.02.2024 07:00:00.000,1.33752,1.33813,1.3373,1.3374,2713
02.02.2024 08:00:00.000,1.33738,1.34347,1.33681,1.34346,18046
02.02.2024 09:00:00.000,1.34346,1.3467,1.34341,1.34606,22421
02.02.2024 10:00:00.000,1.34606,1.34753,1.34495,1.34516,12697
02.02.2024 11:00:00.000,1.34515,1.3463,1.34504,1.34594,9834
02.02.2024 12:00:00.000,1.34593,1.34744,1.34555,1.34666,6156
02.02.2024 13:00:00.000,1.34665,1.34694,1.3461,1.34673,5855
02.02.2024 14:00:00.000,1.34666,1.34672,1.34565,1.3461,3604
02.02.2024 15:00:00.000,1.3461,1.34621,1.3454,1.34573,4772
02.02.2024 16:00:00.000,1.34572,1.34668,1.34569,1.34589,1812
05.02.2024 00:00:00.000,1.34743,1.34783,1.3469,1.34702,2090
05.02.2024 01:00:00.000,1.347,1.34722,1.3466,1.34716,3368
05.02.2024 02:00:00.000,1.34717,1.34786,1.34681,1.34782,2821
05.02.2024 03:00:00.000,1.3478,1.34826,1.34715,1.34781,5305
05.02.2024 04:00:00.000,1.34782,1.34889,1.34714,1.34863,3996
05.02.2024 05:00:00.000,1.34861,1.34922,1.3484,1.34881,3239
05.02.2024 06:00:00.000,1.3488,1.34894,1.34812,1.34881,3107
05.02.2024 07:00:00.000,1.34881,1.34977,1.34867,1.34974,2499
05.02.2024 08:00:00.000,1.34973,1.35146,1.34967,1.35117,6001
05.02.2024 09:00:00.000,1.35117,1.35165,1.35013,1.35112,9369
05.02.2024 10:00:00.000,1.3511,1.35435,1.3511,1.35373,12568
05.02.2024 11:00:00.000,1.35372,1.35435,1.35308,1.35347,5510
05.02.2024 12:00:00.000,1.35346,1.35366,1.35216,1.3527,6121
05.02.2024 13:00:00.000,1.35271,1.35312,1.35219,1.35291,5169
05.02.2024 14:00:00.000,1.3529,1.35351,1.35265,1.35348,3321
05.02.2024 15:00:00.000,1.35349,1.35435,1.35341,1.35397,4582
05.02.2024 16:00:00.000,1.35398,1.35428,1.35373,1.35396,1840
05.02.2024 17:00:00.000,1.35395,1.35398,1.35336,1.35362,1958
05.02.2024 18:00:00.000,1.3537,1.35433,1.35358,1.35429,1417
05.02.2024 19:00:00.000,1.35429,1.3543,1.35358,1.35364,2542
05.02.2024 20:00:00.000,1.35362,1.35367,1.352,1.3522,4525
05.02.2024 21:00:00.000,1.35219,1.35246,1.35191,1.35238,3154
05.02.2024 22:00:00.000,1.35238,1.35238,1.35168,1.3521,3448
05.02.2024 23:00:00.000,1.35211,1.35229,1.35126,1.35145,4166
06.02.2024 00:00:00.000,1.35142,1.35142,1.35084,1.35125,3275
06.02.2024 01:00:00.000,1.35126,1.35155,1.35065,1.35079,1814
06.02.2024 02:00:00.000,1.35079,1.35147,1.3505,1.35147,2807
06.02.2024 03:00:00.000,1.35148,1.35317,1.35125,1.3531,4257
06.02.2024 04:00:00.000,1.3531,1.35341,1.35219,1.35335,4786
06.02.2024 05:00:00.000,1.35336,1.35415,1.35293,1.35389,3436
06.02.2024 06:00:00.000,1.35387,1.35413,1.35242,1.35253,5697
06.02.2024 07:00:00.000,1.35255,1.35426,1.35248,1.35275,4211
06.02.2024 08:00:00.000,1.35276,1.35376,1.35207,1.3534,8950
06.02.2024 09:00:00.000,1.35341,1.35393,1.35155,1.3524,11829
06.02.2024 10:00:00.000,1.35239,1.35303,1.35138,1.35231,11154
06.02.2024 11:00:00.000,1.3523,1.35241,1.34982,1.34999,7349
06.02.2024 12:00:00.000,1.35,1.35019,1.34824,1.34869,6550
06.02.2024 13:00:00.000,1.34871,1.34946,1.34759,1.3478,5254
06.02.2024 14:00:00.000,1.34779,1.34924,1.34767,1.34833,4372
06.02.2024 15:00:00.000,1.34833,1.34892,1.34797,1.34857,3584
06.02.2024 16:00:00.000,1.34857,1.34933,1.34844,1.34913,1737
06.02.2024 17:00:00.000,1.34912,1.34913,1.34809,1.34878,978
06.02.2024 18:00:00.000,1.34886,1.34899,1.34852,1.34895,1237
06.02.2024 19:00:00.000,1.34896,1.3492,1.34864,1.34879,1394
06.02.2024 20:00:00.000,1.34878,1.34878,1.34764,1.34773,7583
06.02.2024 21:00:00.000,1.34773,1.348,1.34745,1.34781,7030
06.02.2024 22:00:00.000,1.34781,1.34833,1.34736,1.34832,3671
06.02.2024 23:00:00.000,1.34832,1.34872,1.3483,1.34854,1537
07.02.2024 00:00:00.000,1.34854,1.34881,1.3483,1.34842,1427
07.02.2024 01:00:00.000,1.34843,1.34896,1.34841,1.34863,2258
07.02.2024 02:00:00.000,1.3486,1.34868,1.34762,1.34807,3594
07.02.2024 03:00:00.000,1.34806,1.34887,1.34739,1.34753,7421
07.02.2024 04:00:00.000,1.34751,1.34839,1.34692,1.34708,7760
07.02.2024 05:00:00.000,1.34709,1.34853,1.34705,1.34831,5753
07.02.2024 06:00:00.000,1.34833,1.34844,1.34705,1.34757,6135
07.02.2024 07:00:00.000,1.34756,1.348,1.34643,1.34656,3363
07.02.2024 08:00:00.000,1.34652,1.3473,1.34546,1.34656,7863
07.02.2024 09:00:00.000,1.34656,1.34746,1.34596,1.34727,9285
07.02.2024 10:00:00.000,1.34727,1.34808,1.34629,1.34677,10553
07.02.2024 11:00:00.000,1.34675,1.34775,1.3461,1.34709,6632
07.02.2024 12:00:00.000,1.34707,1.34773,1.34701,1.34732,3984
07.02.2024 13:00:00.000,1.34729,1.34788,1.34649,1.3475,5423
07.02.2024 14:00:00.000,1.3475,1.34765,1.34592,1.34655,4637
07.02.2024 15:00:00.000,1.34655,1.34682,1.34612,1.34626,3237
07.02.2024 16:00:00.000,1.34628,1.34642,1.3461,1.34614,1454
07.02.2024 17:00:00.000,1.34608,1.34644,1.34594,1.34607,810
07.02.2024 18:00:00.000,1.34607,1.34648,1.34582,1.34622,1347
07.02.2024 19:00:00.000,1.34621,1.34627,1.34583,1.34607,1591
07.02.2024 20:00:00.000,1.34606,1.34606,1.34525,1.3454,2883
07.02.2024 21:00:00.000,1.34539,1.34541,1.34479,1.34501,4563
07.02.2024 22:00:00.000,1.34501,1.34549,1.3449,1.34526,4338
07.02.2024 23:00:00.000,1.34526,1.34552,1.34488,1.34547,2941
08.02.2024 00:00:00.000,1.34548,1.3458,1.34535,1.34541,1316
08.02.2024 01:00:00.000,1.34543,1.34592,1.34522,1.3453,1510
08.02.2024 02:00:00.000,1.34531,1.34579,1.34475,1.34559,2135
08.02.2024 03:00:00.000,1.34558,1.34695,1.34548,1.34638,4594
08.02.2024 04:00:00.000,1.34637,1.34686,1.34611,1.34627,3303
08.02.2024 05:00:00.000,1.34626,1.34717,1.34605,1.34694,3046
08.02.2024 06:00:00.000,1.34695,1.34816,1.34682,1.3476,5806
08.02.2024 07:00:00.000,1.34758,1.34868,1.34733,1.3485,6213
08.02.2024 08:00:00.000,1.34849,1.34925,1.34767,1.34863,6887
08.02.2024 09:00:00.000,1.34863,1.34871,1.34676,1.34712,9954
08.02.2024 10:00:00.000,1.34711,1.34731,1.34634,1.34636,7996
08.02.2024 11:00:00.000,1.34632,1.34742,1.34595,1.34645,5437
08.02.2024 12:00:00.000,1.34644,1.34686,1.34601,1.3465,5098
08.02.2024 13:00:00.000,1.34649,1.34662,1.34537,1.34575,3967
08.02.2024 14:00:00.000,1.34574,1.34623,1.34519,1.34563,2994
08.02.2024 15:00:00.000,1.34562,1.34588,1.34519,1.34569,2858
08.02.2024 16:00:00.000,1.3457,1.34584,1.34554,1.34564,1532
08.02.2024 17:00:00.000,1.34563,1.34622,1.34514,1.34596,1283
08.02.2024 18:00:00.000,1.346,1.34626,1.34579,1.34597,824
08.02.2024 19:00:00.000,1.34597,1.34627,1.34575,1.3462,2897
08.02.2024 20:00:00.000,1.3462,1.34628,1.34578,1.34617,2327
08.02.2024 21:00:00.000,1.34617,1.34627,1.34583,1.34599,1652
08.02.2024 22:00:00.000,1.34599,1.34638,1.34598,1.34628,3122
08.02.2024 23:00:00.000,1.34627,1.34654,1.34617,1.34643,1664
09.02.2024 00:00:00.000,1.34644,1.34654,1.34607,1.34646,1717
09.02.2024 01:00:00.000,1.34643,1.34645,1.34571,1.34599,1271
09.02.2024 02:00:00.000,1.346,1.346,1.3454,1.34591,2862
09.02.2024 03:00:00.000,1.34591,1.34641,1.34566,1.34608,5238
09.02.2024 04:00:00.000,1.34608,1.34633,1.34492,1.34571,6325
09.02.2024 05:00:00.000,1.34571,1.34602,1.34538,1.3459,2982
09.02.2024 06:00:00.000,1.34589,1.34592,1.34511,1.34522,4746
09.02.2024 07:00:00.000,1.34523,1.34545,1.34495,1.34539,4919
09.02.2024 08:00:00.000,1.3454,1.34542,1.34124,1.34374,17229
09.02.2024 09:00:00.000,1.34375,1.34498,1.34304,1.34407,14066
09.02.2024 10:00:00.000,1.34408,1.34614,1.34354,1.3461,9148
09.02.2024 11:00:00.000,1.34611,1.34812,1.34568,1.34794,5547
09.02.2024 12:00:00.000,1.34791,1.348,1.34674,1.34694,4177
09.02.2024 13:00:00.000,1.34694,1.34701,1.34589,1.34589,3301
09.02.2024 14:00:00.000,1.3459,1.34626,1.34524,1.34625,1901
09.02.2024 15:00:00.000,1.34623,1.34652,1.34575,1.34575,3436
09.02.2024 16:00:00.000,1.34576,1.34623,1.34541,1.34568,2547
12.02.2024 00:00:00.000,1.34617,1.34631,1.34583,1.34611,707
12.02.2024 01:00:00.000,1.34609,1.34616,1.34582,1.34597,890
12.02.2024 02:00:00.000,1.34598,1.34607,1.34498,1.34525,3833
12.02.2024 03:00:00.000,1.34524,1.34665,1.34524,1.34661,5219
12.02.2024 04:00:00.000,1.34661,1.34681,1.34601,1.34651,3151
12.02.2024 05:00:00.000,1.34647,1.34693,1.34621,1.34639,2773
12.02.2024 06:00:00.000,1.34638,1.34686,1.34615,1.34658,4482
12.02.2024 07:00:00.000,1.34657,1.34717,1.34628,1.34653,3515
12.02.2024 08:00:00.000,1.34652,1.34748,1.34624,1.34723,4717
12.02.2024 09:00:00.000,1.34723,1.34726,1.34476,1.34504,6353
12.02.2024 10:00:00.000,1.34507,1.34653,1.34445,1.34477,6982
12.02.2024 11:00:00.000,1.34476,1.34492,1.34359,1.34381,5648
12.02.2024 12:00:00.000,1.3438,1.34406,1.34335,1.34357,3070
12.02.2024 13:00:00.000,1.34358,1.34389,1.34297,1.34371,4225
12.02.2024 14:00:00.000,1.34372,1.34586,1.34355,1.34553,4534
12.02.2024 15:00:00.000,1.3455,1.34563,1.3449,1.34491,4163
12.02.2024 16:00:00.000,1.34491,1.34531,1.34486,1.34493,1397
12.02.2024 17:00:00.000,1.34496,1.34536,1.34474,1.34516,755
12.02.2024 18:00:00.000,1.34522,1.34555,1.34483,1.34551,839
12.02.2024 19:00:00.000,1.34551,1.34563,1.34504,1.34506,1675
12.02.2024 20:00:00.000,1.34505,1.34541,1.34504,1.34522,1382
12.02.2024 21:00:00.000,1.34523,1.3459,1.34523,1.34561,1083
12.02.2024 22:00:00.000,1.3456,1.34597,1.34552,1.34593,1599
12.02.2024 23:00:00.000,1.34593,1.34608,1.34575,1.34601,2195
13.02.2024 00:00:00.000,1.34603,1.34603,1.34557,1.34571,5075
13.02.2024 01:00:00.000,1.34573,1.34585,1.34478,1.3448,3818
13.02.2024 02:00:00.000,1.34479,1.34558,1.34467,1.34534,3081
13.02.2024 03:00:00.000,1.34533,1.34605,1.34494,1.34562,4369
13.02.2024 04:00:00.000,1.34561,1.34626,1.34491,1.34503,3194
13.02.2024 05:00:00.000,1.34504,1.34507,1.3444,1.34488,4061
13.02.2024 06:00:00.000,1.34486,1.34513,1.34414,1.34486,3192
13.02.2024 07:00:00.000,1.34484,1.34526,1.34416,1.34449,5538
13.02.2024 08:00:00.000,1.34451,1.35285,1.34333,1.35233,16334
13.02.2024 09:00:00.000,1.35235,1.35627,1.35196,1.35621,17106
13.02.2024 10:00:00.000,1.35621,1.3578,1.35463,1.35524,12576
13.02.2024 11:00:00.000,1.35524,1.35682,1.35441,1.35645,6490
13.02.2024 12:00:00.000,1.35643,1.35761,1.35606,1.35686,6123
13.02.2024 13:00:00.000,1.35685,1.35839,1.3565,1.35798,4390
13.02.2024 14:00:00.000,1.35798,1.35858,1.35768,1.35844,4655
13.02.2024 15:00:00.000,1.35845,1.35858,1.35686,1.35695,4739
13.02.2024 16:00:00.000,1.35696,1.35703,1.35622,1.35632,2312
13.02.2024 17:00:00.000,1.3563,1.35672,1.35562,1.35635,1852
13.02.2024 18:00:00.000,1.35633,1.3568,1.35625,1.35657,1368
13.02.2024 19:00:00.000,1.35659,1.35708,1.35647,1.35665,1524
13.02.2024 20:00:00.000,1.35666,1.3572,1.35628,1.35642,2398
13.02.2024 21:00:00.000,1.35642,1.35682,1.35629,1.35655,1799
13.02.2024 22:00:00.000,1.35658,1.3567,1.35583,1.35606,1270
13.02.2024 23:00:00.000,1.35608,1.3562,1.35574,1.35578,1396
14.02.2024 00:00:00.000,1.35577,1.35592,1.35556,1.35571,3281
14.02.2024 01:00:00.000,1.35571,1.35572,1.35508,1.35536,2617
14.02.2024 02:00:00.000,1.3554,1.35608,1.35464,1.35517,5565
14.02.2024 03:00:00.000,1.35518,1.35614,1.35501,1.35526,5539
14.02.2024 04:00:00.000,1.35526,1.35554,1.3541,1.35429,3925
14.02.2024 05:00:00.000,1.35428,1.35463,1.35327,1.35339,4107
14.02.2024 06:00:00.000,1.35338,1.35409,1.35306,1.35343,3302
14.02.2024 07:00:00.000,1.35343,1.3541,1.35304,1.35402,4088
14.02.2024 08:00:00.000,1.35402,1.35536,1.35388,1.35505,10190
14.02.2024 09:00:00.000,1.35506,1.35612,1.35431,1.35494,11624
14.02.2024 10:00:00.000,1.35494,1.35626,1.3549,1.3554,12005
14.02.2024 11:00:00.000,1.35541,1.35584,1.3548,1.35514,6747
14.02.2024 12:00:00.000,1.35512,1.35605,1.35461,1.35474,5526
14.02.2024 13:00:00.000,1.35471,1.35529,1.35401,1.35487,4242
14.02.2024 14:00:00.000,1.35487,1.3552,1.3543,1.3545,4560
14.02.2024 15:00:00.000,1.3545,1.35469,1.35416,1.35431,2406
14.02.2024 16:00:00.000,1.35429,1.35453,1.35404,1.35404,1538
14.02.2024 17:00:00.000,1.3539,1.35419,1.35336,1.35405,764
14.02.2024 18:00:00.000,1.35403,1.35409,1.35382,1.35382,672
14.02.2024 19:00:00.000,1.35385,1.35438,1.35369,1.35392,1496
14.02.2024 20:00:00.000,1.35393,1.35467,1.35376,1.35448,2838
14.02.2024 21:00:00.000,1.35449,1.35513,1.35402,1.35414,1780
14.02.2024 22:00:00.000,1.35411,1.35452,1.35394,1.35447,699
14.02.2024 23:00:00.000,1.35449,1.3546,1.35433,1.35441,1074
15.02.2024 00:00:00.000,1.35442,1.35453,1.35409,1.35442,1194
15.02.2024 01:00:00.000,1.35441,1.35455,1.35403,1.3542,1326
15.02.2024 02:00:00.000,1.3542,1.35453,1.35377,1.35438,2842
15.02.2024 03:00:00.000,1.35437,1.35441,1.35287,1.35326,4592
15.02.2024 04:00:00.000,1.35326,1.35424,1.35324,1.35366,3087
15.02.2024 05:00:00.000,1.35367,1.35386,1.35338,1.35375,1527
15.02.2024 06:00:00.000,1.35374,1.35422,1.35345,1.35404,1930
15.02.2024 07:00:00.000,1.35405,1.35421,1.35314,1.35391,4987
15.02.2024 08:00:00.000,1.35389,1.35398,1.35105,1.35168,15257
15.02.2024 09:00:00.000,1.35168,1.35238,1.34916,1.34935,11491
15.02.2024 10:00:00.000,1.34933,1.34999,1.3475,1.34994,10679
15.02.2024 11:00:00.000,1.34994,1.35109,1.34949,1.34951,7669
15.02.2024 12:00:00.000,1.34949,1.34956,1.3487,1.3488,5298
15.02.2024 13:00:00.000,1.34878,1.34883,1.34786,1.34799,6521
15.02.2024 14:00:00.000,1.348,1.34805,1.34685,1.347,5686
15.02.2024 15:00:00.000,1.347,1.34746,1.3467,1.34678,3280
15.02.2024 16:00:00.000,1.34679,1.34703,1.34625,1.34642,2304
15.02.2024 17:00:00.000,1.34631,1.34682,1.34619,1.34659,1421
15.02.2024 18:00:00.000,1.34661,1.34663,1.34605,1.34654,1159
15.02.2024 19:00:00.000,1.34654,1.34786,1.34651,1.34778,3085
15.02.2024 20:00:00.000,1.34778,1.34821,1.34763,1.34776,3325
15.02.2024 21:00:00.000,1.34776,1.34837,1.34776,1.34834,2065
15.02.2024 22:00:00.000,1.34834,1.34857,1.34818,1.34832,1390
15.02.2024 23:00:00.000,1.34831,1.34854,1.34811,1.34839,1051
16.02.2024 00:00:00.000,1.34839,1.34847,1.34807,1.34823,1036
16.02.2024 01:00:00.000,1.34823,1.34852,1.34796,1.3483,1230
16.02.2024 02:00:00.000,1.34829,1.34832,1.34757,1.34773,2754
16.02.2024 03:00:00.000,1.34772,1.34848,1.34754,1.34836,4164
16.02.2024 04:00:00.000,1.34835,1.34841,1.3476,1.34802,3142
16.02.2024 05:00:00.000,1.348,1.34841,1.34777,1.34811,2172
16.02.2024 06:00:00.000,1.34813,1.34821,1.34743,1.34752,2024
16.02.2024 07:00:00.000,1.34753,1.34819,1.34717,1.34804,3534
16.02.2024 08:00:00.000,1.34805,1.35072,1.3477,1.34954,11013
16.02.2024 09:00:00.000,1.34955,1.35054,1.34893,1.34994,10249
16.02.2024 10:00:00.000,1.34982,1.35002,1.3473,1.34819,11108
16.02.2024 11:00:00.000,1.34817,1.34853,1.34685,1.34846,7734
16.02.2024 12:00:00.000,1.34846,1.34876,1.34743,1.34746,5702
16.02.2024 13:00:00.000,1.34745,1.34829,1.34712,1.34766,4420
16.02.2024 14:00:00.000,1.34765,1.34919,1.34691,1.34901,4400
16.02.2024 15:00:00.000,1.34899,1.34899,1.34821,1.34866,3788
16.02.2024 16:00:00.000,1.34867,1.34882,1.34817,1.34817,1449
19.02.2024 00:00:00.000,1.34802,1.34802,1.34751,1.34771,2611
19.02.2024 01:00:00.000,1.34771,1.34787,1.34714,1.34728,2014
19.02.2024 02:00:00.000,1.34727,1.34771,1.34705,1.34759,1850
19.02.2024 03:00:00.000,1.34752,1.34782,1.34715,1.3477,3761
19.02.2024 04:00:00.000,1.34768,1.34778,1.34706,1.34736,3896
19.02.2024 05:00:00.000,1.34736,1.34797,1.3473,1.34781,1711
19.02.2024 06:00:00.000,1.34781,1.34808,1.34719,1.34736,2309
19.02.2024 07:00:00.000,1.34737,1.34777,1.34708,1.34769,1636
19.02.2024 08:00:00.000,1.3477,1.34805,1.34746,1.34796,3560
19.02.2024 09:00:00.000,1.34797,1.34866,1.34763,1.34864,3244
19.02.2024 10:00:00.000,1.34866,1.34962,1.34865,1.34924,3212
19.02.2024 11:00:00.000,1.34924,1.3495,1.34904,1.34904,1897
19.02.2024 12:00:00.000,1.34903,1.34914,1.34881,1.34902,1772
19.02.2024 13:00:00.000,1.34901,1.34905,1.3488,1.34902,276
19.02.2024 14:00:00.000,1.34902,1.34905,1.34884,1.34893,403
19.02.2024 15:00:00.000,1.34893,1.34911,1.34887,1.34905,411
19.02.2024 16:00:00.000,1.34909,1.34914,1.34879,1.34887,651
19.02.2024 17:00:00.000,1.34856,1.34903,1.34821,1.34886,506
19.02.2024 18:00:00.000,1.34887,1.35005,1.34876,1.34991,2030
19.02.2024 19:00:00.000,1.34992,1.35019,1.34958,1.34991,1823
19.02.2024 20:00:00.000,1.34991,1.3505,1.34955,1.35046,2489
19.02.2024 21:00:00.000,1.35046,1.35104,1.35045,1.35096,2350
19.02.2024 22:00:00.000,1.35095,1.35101,1.35037,1.35064,1797
19.02.2024 23:00:00.000,1.35064,1.35074,1.35034,1.35065,1450
20.02.2024 00:00:00.000,1.35064,1.35113,1.35064,1.35077,1269
20.02.2024 01:00:00.000,1.35077,1.35085,1.3502,1.35035,1357
20.02.2024 02:00:00.000,1.35034,1.35104,1.3501,1.35095,2243
20.02.2024 03:00:00.000,1.35096,1.351,1.34951,1.34965,5094
20.02.2024 04:00:00.000,1.34966,1.34975,1.34896,1.34922,4727
20.02.2024 05:00:00.000,1.34923,1.34944,1.34755,1.34789,5920
20.02.2024 06:00:00.000,1.3479,1.34887,1.34786,1.34865,4588
20.02.2024 07:00:00.000,1.34864,1.34873,1.34716,1.34839,6021
20.02.2024 08:00:00.000,1.34837,1.35249,1.34728,1.35137,10946
20.02.2024 09:00:00.000,1.35136,1.35196,1.34974,1.35122,13615
20.02.2024 10:00:00.000,1.35123,1.35294,1.35088,1.35091,10926
20.02.2024 11:00:00.000,1.35092,1.35211,1.35079,1.3518,7245
20.02.2024 12:00:00.000,1.35181,1.35293,1.35181,1.35198,4466
20.02.2024 13:00:00.000,1.35196,1.35256,1.35164,1.35166,5441
20.02.2024 14:00:00.000,1.35165,1.35277,1.35161,1.35228,4718
20.02.2024 15:00:00.000,1.35226,1.35269,1.35199,1.35218,6055
20.02.2024 16:00:00.000,1.35218,1.35266,1.35211,1.35218,1798
20.02.2024 17:00:00.000,1.35212,1.3523,1.35187,1.35215,1393
20.02.2024 18:00:00.000,1.35207,1.35244,1.35194,1.3523,1594
20.02.2024 19:00:00.000,1.35231,1.35244,1.35196,1.35223,2035
20.02.2024 20:00:00.000,1.35222,1.35284,1.3518,1.35182,2004
20.02.2024 21:00:00.000,1.35182,1.35187,1.35106,1.35131,2066
20.02.2024 22:00:00.000,1.35131,1.35131,1.35071,1.35076,2015
20.02.2024 23:00:00.000,1.35077,1.3512,1.35073,1.35102,1079
21.02.2024 00:00:00.000,1.35102,1.3513,1.35044,1.35086,1964
21.02.2024 01:00:00.000,1.35084,1.35174,1.35072,1.35115,2000
21.02.2024 02:00:00.000,1.35115,1.35177,1.35096,1.35175,4121
21.02.2024 03:00:00.000,1.35179,1.35313,1.35132,1.35308,6566
21.02.2024 04:00:00.000,1.35308,1.35358,1.35254,1.3526,7716
21.02.2024 05:00:00.000,1.35261,1.35272,1.352,1.35209,4622
21.02.2024 06:00:00.000,1.35211,1.35329,1.35195,1.35267,3899
21.02.2024 07:00:00.000,1.35268,1.35318,1.35236,1.35283,4188
21.02.2024 08:00:00.000,1.3528,1.35286,1.35189,1.3523,7096
21.02.2024 09:00:00.000,1.3523,1.35279,1.35114,1.35114,8318
21.02.2024 10:00:00.000,1.35114,1.35174,1.35045,1.35122,7969
21.02.2024 11:00:00.000,1.3512,1.35175,1.35013,1.35055,6067
21.02.2024 12:00:00.000,1.35054,1.35143,1.35051,1.35081,4977
21.02.2024 13:00:00.000,1.3508,1.35205,1.35016,1.35051,6318
21.02.2024 14:00:00.000,1.3505,1.35122,1.34936,1.35015,8375
21.02.2024 15:00:00.000,1.35017,1.35143,1.35001,1.35051,4419
21.02.2024 16:00:00.000,1.35053,1.35146,1.35036,1.35047,2861
21.02.2024 17:00:00.000,1.35017,1.35053,1.34871,1.35024,1766
21.02.2024 18:00:00.000,1.35024,1.35029,1.34942,1.34949,1412
21.02.2024 19:00:00.000,1.34946,1.34968,1.34829,1.34835,2007
21.02.2024 20:00:00.000,1.34835,1.34884,1.34829,1.34873,2035
21.02.2024 21:00:00.000,1.34872,1.34956,1.34836,1.34838,2098
21.02.2024 22:00:00.000,1.34838,1.34872,1.34836,1.34865,1196
21.02.2024 23:00:00.000,1.34866,1.34884,1.34827,1.34835,1120
22.02.2024 00:00:00.000,1.34835,1.34844,1.34751,1.34782,1731
22.02.2024 01:00:00.000,1.34785,1.34806,1.34694,1.34699,1413
22.02.2024 02:00:00.000,1.34698,1.3472,1.34523,1.34538,3721
22.02.2024 03:00:00.000,1.34539,1.34548,1.34404,1.34484,5871
22.02.2024 04:00:00.000,1.34485,1.34538,1.34459,1.34514,4980
22.02.2024 05:00:00.000,1.34513,1.34573,1.34506,1.34539,2809
22.02.2024 06:00:00.000,1.34538,1.34646,1.34522,1.34528,6326
22.02.2024 07:00:00.000,1.34527,1.34761,1.34524,1.34746,6284
22.02.2024 08:00:00.000,1.34744,1.35069,1.34744,1.35048,12276
22.02.2024 09:00:00.000,1.35048,1.35072,1.34822,1.34862,12839
22.02.2024 10:00:00.000,1.34861,1.35061,1.34855,1.34995,13754
22.02.2024 11:00:00.000,1.34993,1.35043,1.34921,1.34971,7619
22.02.2024 12:00:00.000,1.3497,1.3499,1.34875,1.34914,3414
22.02.2024 13:00:00.000,1.34915,1.34985,1.34888,1.34891,4061
22.02.2024 14:00:00.000,1.34892,1.34899,1.3481,1.34883,3761
22.02.2024 15:00:00.000,1.34883,1.3489,1.34811,1.34835,4401
22.02.2024 16:00:00.000,1.34836,1.3486,1.34793,1.34803,1152
22.02.2024 17:00:00.000,1.34794,1.3481,1.34779,1.34798,709
22.02.2024 18:00:00.000,1.34797,1.34825,1.34782,1.34825,1348
22.02.2024 19:00:00.000,1.34825,1.34947,1.34791,1.34917,2597
22.02.2024 20:00:00.000,1.34915,1.34925,1.34784,1.34817,5201
22.02.2024 21:00:00.000,1.34818,1.34836,1.3478,1.34818,4037
22.02.2024 22:00:00.000,1.34818,1.34856,1.34798,1.3482,1961
22.02.2024 23:00:00.000,1.34821,1.34823,1.34774,1.34782,1656
23.02.2024 00:00:00.000,1.34781,1.34819,1.34778,1.34801,2217
23.02.2024 01:00:00.000,1.34802,1.34824,1.34773,1.34784,1319
23.02.2024 02:00:00.000,1.34785,1.34824,1.34752,1.34765,3063
23.02.2024 03:00:00.000,1.34765,1.34935,1.34718,1.3492,5268
23.02.2024 04:00:00.000,1.34918,1.35017,1.34918,1.34966,4706
23.02.2024 05:00:00.000,1.34968,1.34985,1.3486,1.34874,4576
23.02.2024 06:00:00.000,1.34873,1.34896,1.34764,1.34791,5190
23.02.2024 07:00:00.000,1.34791,1.34813,1.3464,1.34656,4259
23.02.2024 08:00:00.000,1.34656,1.34694,1.34611,1.34632,6356
23.02.2024 09:00:00.000,1.34633,1.34806,1.34633,1.34765,8273
23.02.2024 10:00:00.000,1.34763,1.35037,1.34761,1.35013,9498
23.02.2024 11:00:00.000,1.35013,1.35171,1.35009,1.35031,9910
23.02.2024 12:00:00.000,1.35029,1.35042,1.34962,1.34963,4184
23.02.2024 13:00:00.000,1.34963,1.35012,1.34904,1.3495,3252
23.02.2024 14:00:00.000,1.34949,1.35053,1.34946,1.35002,2970
23.02.2024 15:00:00.000,1.35001,1.35071,1.34987,1.35022,3419
23.02.2024 16:00:00.000,1.35023,1.35076,1.35015,1.3502,2979
26.02.2024 00:00:00.000,1.35097,1.35103,1.35065,1.35096,1804
26.02.2024 01:00:00.000,1.35095,1.35133,1.35087,1.35115,2269
26.02.2024 02:00:00.000,1.35114,1.3518,1.3508,1.35172,2855
26.02.2024 03:00:00.000,1.35171,1.35278,1.35171,1.3526,3320
26.02.2024 04:00:00.000,1.35258,1.35282,1.35219,1.35221,3028
26.02.2024 05:00:00.000,1.35221,1.35223,1.35152,1.35182,2704
26.02.2024 06:00:00.000,1.35181,1.35203,1.35127,1.35159,2251
26.02.2024 07:00:00.000,1.35155,1.3521,1.35124,1.35206,3445
26.02.2024 08:00:00.000,1.3521,1.35249,1.35006,1.35016,9151
26.02.2024 09:00:00.000,1.35016,1.35209,1.34996,1.35111,6768
26.02.2024 10:00:00.000,1.35109,1.35253,1.35098,1.35144,9228
26.02.2024 11:00:00.000,1.35145,1.35195,1.35124,1.35143,3950
26.02.2024 12:00:00.000,1.35143,1.35205,1.35139,1.35171,3065
26.02.2024 13:00:00.000,1.35171,1.35209,1.35144,1.35159,2719
26.02.2024 14:00:00.000,1.35159,1.35159,1.35113,1.3513,2234
26.02.2024 15:00:00.000,1.35131,1.35131,1.34997,1.35061,2430
26.02.2024 16:00:00.000,1.3506,1.3507,1.35028,1.35036,1569
26.02.2024 17:00:00.000,1.35033,1.35062,1.35024,1.35058,1141
26.02.2024 18:00:00.000,1.3506,1.35086,1.3501,1.35013,912
26.02.2024 19:00:00.000,1.35014,1.35097,1.34998,1.35086,1738
26.02.2024 20:00:00.000,1.35085,1.35098,1.35055,1.35069,2866
26.02.2024 21:00:00.000,1.35069,1.35131,1.35017,1.35111,2677
26.02.2024 22:00:00.000,1.35109,1.35132,1.3504,1.35058,1605
26.02.2024 23:00:00.000,1.35058,1.3506,1.35014,1.35022,903
27.02.2024 00:00:00.000,1.35022,1.35055,1.34996,1.35016,1739
27.02.2024 01:00:00.000,1.35016,1.35027,1.34977,1.34996,1824
27.02.2024 02:00:00.000,1.34995,1.3501,1.34927,1.3499,3349
27.02.2024 03:00:00.000,1.34989,1.35011,1.34899,1.34976,4556
27.02.2024 04:00:00.000,1.34975,1.34982,1.34905,1.34922,4384
27.02.2024 05:00:00.000,1.34922,1.35003,1.34916,1.34933,4251
27.02.2024 06:00:00.000,1.34933,1.34978,1.34895,1.34929,2813
27.02.2024 07:00:00.000,1.34927,1.34929,1.34841,1.3491,4507
27.02.2024 08:00:00.000,1.34911,1.3505,1.34909,1.34984,5307
27.02.2024 09:00:00.000,1.34984,1.35205,1.34941,1.3515,6366
27.02.2024 10:00:00.000,1.35152,1.35368,1.35104,1.35192,9332
27.02.2024 11:00:00.000,1.35191,1.3528,1.35155,1.3524,4208
27.02.2024 12:00:00.000,1.3524,1.35389,1.35224,1.35224,6317
27.02.2024 13:00:00.000,1.35226,1.35258,1.3516,1.35228,4853
27.02.2024 14:00:00.000,1.35224,1.35358,1.35223,1.35282,2658
27.02.2024 15:00:00.000,1.35283,1.35321,1.35231,1.353,2272
27.02.2024 16:00:00.000,1.35302,1.35306,1.35247,1.35271,2139
27.02.2024 17:00:00.000,1.35263,1.35286,1.35214,1.35253,1614
27.02.2024 18:00:00.000,1.35252,1.3533,1.35247,1.35311,1378
27.02.2024 19:00:00.000,1.35313,1.35342,1.35267,1.35279,2339
27.02.2024 20:00:00.000,1.35279,1.35379,1.35279,1.35334,2562
27.02.2024 21:00:00.000,1.35336,1.35391,1.35325,1.35378,2366
27.02.2024 22:00:00.000,1.35379,1.35445,1.35365,1.35402,1835
27.02.2024 23:00:00.000,1.35403,1.3546,1.35391,1.35442,1103
28.02.2024 00:00:00.000,1.35444,1.35499,1.35431,1.35476,878
28.02.2024 01:00:00.000,1.35478,1.35551,1.35447,1.35545,2256
28.02.2024 02:00:00.000,1.3555,1.35583,1.35513,1.35531,3720
28.02.2024 03:00:00.000,1.35529,1.35751,1.35525,1.35733,4982
28.02.2024 04:00:00.000,1.35734,1.35874,1.35725,1.35874,6790
28.02.2024 05:00:00.000,1.35873,1.35875,1.35739,1.35786,7827
28.02.2024 06:00:00.000,1.35788,1.3587,1.35754,1.35774,4079
28.02.2024 07:00:00.000,1.35774,1.36056,1.35734,1.36041,4526
28.02.2024 08:00:00.000,1.3604,1.3604,1.35688,1.3579,10736
28.02.2024 09:00:00.000,1.35791,1.35801,1.35628,1.35648,8248
28.02.2024 10:00:00.000,1.35645,1.35731,1.35584,1.35644,6682
28.02.2024 11:00:00.000,1.35645,1.35793,1.35624,1.35719,4875
28.02.2024 12:00:00.000,1.35718,1.35786,1.35677,1.35699,3178
28.02.2024 13:00:00.000,1.35701,1.35752,1.35661,1.35731,2792
28.02.2024 14:00:00.000,1.35729,1.35827,1.35703,1.35788,2942
28.02.2024 15:00:00.000,1.35785,1.35785,1.35708,1.35729,2871
28.02.2024 16:00:00.000,1.35727,1.35813,1.35727,1.35757,1908
28.02.2024 17:00:00.000,1.35759,1.35783,1.35745,1.35778,1116
28.02.2024 18:00:00.000,1.35782,1.35782,1.35745,1.35773,1864
28.02.2024 19:00:00.000,1.35773,1.35849,1.35765,1.35828,1744
28.02.2024 20:00:00.000,1.35828,1.35828,1.35749,1.35802,2583
28.02.2024 21:00:00.000,1.35799,1.35802,1.3571,1.35715,1781
28.02.2024 22:00:00.000,1.35714,1.35747,1.35697,1.3571,2390
28.02.2024 23:00:00.000,1.35712,1.35731,1.3569,1.35705,1982
29.02.2024 00:00:00.000,1.35706,1.35758,1.35687,1.35738,3093
29.02.2024 01:00:00.000,1.35739,1.35748,1.35708,1.35743,1909
29.02.2024 02:00:00.000,1.35742,1.358,1.35704,1.35766,6407
29.02.2024 03:00:00.000,1.35767,1.35858,1.3572,1.35799,5497
29.02.2024 04:00:00.000,1.35797,1.35856,1.35791,1.35848,4812
29.02.2024 05:00:00.000,1.3585,1.35917,1.35843,1.35911,2769
29.02.2024 06:00:00.000,1.35913,1.35914,1.35828,1.3584,3867
29.02.2024 07:00:00.000,1.35836,1.35954,1.3583,1.35924,4354
29.02.2024 08:00:00.000,1.35924,1.35971,1.35577,1.3565,13352
29.02.2024 09:00:00.000,1.3565,1.35685,1.35477,1.35477,8024
29.02.2024 10:00:00.000,1.35475,1.35636,1.35406,1.35632,10036
29.02.2024 11:00:00.000,1.35633,1.35727,1.35612,1.35677,8318
29.02.2024 12:00:00.000,1.35678,1.35845,1.35649,1.35779,5248
29.02.2024 13:00:00.000,1.35779,1.35798,1.35688,1.35706,3257
29.02.2024 14:00:00.000,1.35706,1.35805,1.35677,1.35765,3777
29.02.2024 15:00:00.000,1.35765,1.35778,1.35676,1.35715,4782
29.02.2024 16:00:00.000,1.35716,1.35808,1.35699,1.35777,2058
29.02.2024 17:00:00.000,1.3577,1.35797,1.35654,1.35776,2401
29.02.2024 18:00:00.000,1.35777,1.35815,1.35678,1.35681,2552
29.02.2024 19:00:00.000,1.35682,1.35741,1.35656,1.35733,1642
29.02.2024 20:00:00.000,1.35733,1.35754,1.35633,1.35659,2129
29.02.2024 21:00:00.000,1.35659,1.35678,1.35614,1.35632,1216
29.02.2024 22:00:00.000,1.35633,1.35643,1.3561,1.35629,932
29.02.2024 23:00:00.000,1.35629,1.35699,1.35629,1.35699,646
01.03.2024 00:00:00.000,1.35698,1.35721,1.35688,1.357,1575
01.03.2024 01:00:00.000,1.35698,1.35724,1.35668,1.35703,1113
01.03.2024 02:00:00.000,1.35705,1.35797,1.35647,1.35792,2409
01.03.2024 03:00:00.000,1.35793,1.35916,1.3579,1.35894,4769
01.03.2024 04:00:00.000,1.35894,1.35903,1.35723,1.35767,4593
01.03.2024 05:00:00.000,1.35767,1.35812,1.35707,1.35769,4215
01.03.2024 06:00:00.000,1.35769,1.35771,1.35685,1.35744,2081
01.03.2024 07:00:00.000,1.35742,1.35789,1.35709,1.35785,3520
01.03.2024 08:00:00.000,1.35785,1.35857,1.35734,1.35851,10597
01.03.2024 09:00:00.000,1.3585,1.36012,1.35845,1.35943,7374
01.03.2024 10:00:00.000,1.35944,1.35964,1.35461,1.35517,14037
01.03.2024 11:00:00.000,1.35518,1.35614,1.35446,1.35548,7294
01.03.2024 12:00:00.000,1.35548,1.35552,1.35448,1.35535,4741
01.03.2024 13:00:00.000,1.35534,1.35615,1.35533,1.35562,5222
01.03.2024 14:00:00.000,1.35559,1.356,1.35517,1.35586,4755
01.03.2024 15:00:00.000,1.35587,1.3562,1.35573,1.3558,2789
01.03.2024 16:00:00.000,1.35581,1.35612,1.35571,1.3558,2153
04.03.2024 00:00:00.000,1.35613,1.3565,1.35611,1.35638,965
04.03.2024 01:00:00.000,1.3564,1.35653,1.35617,1.35619,1452
04.03.2024 02:00:00.000,1.35618,1.35664,1.35557,1.35571,3492
04.03.2024 03:00:00.000,1.35569,1.35721,1.35566,1.35709,3435
04.03.2024 04:00:00.000,1.35709,1.35713,1.35591,1.35621,3432
04.03.2024 05:00:00.000,1.35619,1.35663,1.35577,1.35589,3698
04.03.2024 06:00:00.000,1.3559,1.35652,1.35581,1.35641,2348
04.03.2024 07:00:00.000,1.35636,1.35706,1.35627,1.35705,2659
04.03.2024 08:00:00.000,1.35705,1.35835,1.35649,1.35664,8049
04.03.2024 09:00:00.000,1.35663,1.35716,1.3559,1.35647,6029
04.03.2024 10:00:00.000,1.35648,1.35766,1.3561,1.35613,7752
04.03.2024 11:00:00.000,1.35613,1.35667,1.35561,1.35653,4929
04.03.2024 12:00:00.000,1.35655,1.3572,1.35642,1.35707,3568
04.03.2024 13:00:00.000,1.3571,1.35779,1.35678,1.35773,3271
04.03.2024 14:00:00.000,1.35773,1.35814,1.3575,1.35794,3051
04.03.2024 15:00:00.000,1.35792,1.35801,1.35746,1.35754,4757
04.03.2024 16:00:00.000,1.35754,1.35787,1.3572,1.35728,2180
04.03.2024 17:00:00.000,1.3572,1.35766,1.3567,1.3574,2118
04.03.2024 18:00:00.000,1.3574,1.3576,1.35709,1.35754,1113
04.03.2024 19:00:00.000,1.35755,1.35784,1.35728,1.35768,2086
04.03.2024 20:00:00.000,1.35768,1.35793,1.35722,1.35724,3222
04.03.2024 21:00:00.000,1.35724,1.35848,1.35708,1.35799,2549
04.03.2024 22:00:00.000,1.35799,1.35829,1.35766,1.3579,982
04.03.2024 23:00:00.000,1.3579,1.35832,1.35782,1.35826,1755
05.03.2024 00:00:00.000,1.35826,1.35857,1.35788,1.35849,1749
05.03.2024 01:00:00.000,1.35847,1.35952,1.35819,1.35931,2806
05.03.2024 02:00:00.000,1.3593,1.35989,1.3591,1.35967,3121
05.03.2024 03:00:00.000,1.35965,1.36047,1.35936,1.35998,4285
05.03.2024 04:00:00.000,1.35999,1.36026,1.35821,1.35879,4726
05.03.2024 05:00:00.000,1.3588,1.35889,1.3579,1.35814,2097
05.03.2024 06:00:00.000,1.35815,1.35868,1.35791,1.35856,2196
05.03.2024 07:00:00.000,1.35856,1.35978,1.35856,1.35957,2565
05.03.2024 08:00:00.000,1.35958,1.35974,1.35789,1.35883,7094
05.03.2024 09:00:00.000,1.35882,1.35902,1.3572,1.35801,7552
05.03.2024 10:00:00.000,1.35795,1.35795,1.35548,1.35686,9397
05.03.2024 11:00:00.000,1.35686,1.35832,1.35668,1.35788,7572
05.03.2024 12:00:00.000,1.35787,1.35809,1.35722,1.35762,5357
05.03.2024 13:00:00.000,1.35762,1.35899,1.35743,1.35882,4306
05.03.2024 14:00:00.000,1.35882,1.35937,1.35818,1.35935,5392
05.03.2024 15:00:00.000,1.35935,1.35996,1.35906,1.35942,5251
05.03.2024 16:00:00.000,1.35942,1.35943,1.35904,1.35913,1991
05.03.2024 17:00:00.000,1.35898,1.35938,1.35869,1.35901,1977
05.03.2024 18:00:00.000,1.35902,1.35949,1.35887,1.35894,1323
05.03.2024 19:00:00.000,1.35897,1.35991,1.35894,1.35982,1478
05.03.2024 20:00:00.000,1.35984,1.35996,1.35852,1.35859,2266
05.03.2024 21:00:00.000,1.3586,1.35891,1.35812,1.35825,1991
05.03.2024 22:00:00.000,1.35825,1.35885,1.35814,1.35852,2088
05.03.2024 23:00:00.000,1.35852,1.3587,1.35836,1.35849,1184
06.03.2024 00:00:00.000,1.35848,1.35854,1.35797,1.35825,547
06.03.2024 01:00:00.000,1.35824,1.35853,1.35801,1.35853,1113
06.03.2024 02:00:00.000,1.35849,1.35883,1.35794,1.35873,3106
06.03.2024 03:00:00.000,1.35874,1.35939,1.35809,1.35839,3639
06.03.2024 04:00:00.000,1.35839,1.35891,1.35805,1.35806,3726
06.03.2024 05:00:00.000,1.35806,1.35871,1.35789,1.35863,6714
06.03.2024 06:00:00.000,1.35863,1.35869,1.3575,1.35763,5499
06.03.2024 07:00:00.000,1.35761,1.35893,1.35695,1.35889,3632
06.03.2024 08:00:00.000,1.35887,1.35887,1.35646,1.35654,14138
06.03.2024 09:00:00.000,1.35655,1.35683,1.35296,1.35341,7895
06.03.2024 10:00:00.000,1.35351,1.35417,1.35092,1.35133,12690
06.03.2024 11:00:00.000,1.35132,1.35177,1.35052,1.35101,6180
06.03.2024 12:00:00.000,1.35101,1.35164,1.35033,1.35051,5678
06.03.2024 13:00:00.000,1.35052,1.35151,1.34985,1.35131,6409
06.03.2024 14:00:00.000,1.35134,1.35232,1.35099,1.35161,6596
06.03.2024 15:00:00.000,1.35161,1.35231,1.35156,1.35167,3575
06.03.2024 16:00:00.000,1.35169,1.3517,1.35119,1.35121,1500
06.03.2024 17:00:00.000,1.35115,1.35148,1.35018,1.35137,784
06.03.2024 18:00:00.000,1.35138,1.35152,1.35113,1.35119,1058
06.03.2024 19:00:00.000,1.35118,1.35185,1.35083,1.35158,2041
06.03.2024 20:00:00.000,1.35156,1.35224,1.3513,1.35154,3905
06.03.2024 21:00:00.000,1.35152,1.35251,1.35148,1.35157,3200
06.03.2024 22:00:00.000,1.35159,1.35179,1.35081,1.35096,2280
06.03.2024 23:00:00.000,1.35096,1.35111,1.3503,1.35068,2133
07.03.2024 00:00:00.000,1.35066,1.35114,1.35039,1.35107,4149
07.03.2024 01:00:00.000,1.35111,1.3514,1.35072,1.35098,3058
07.03.2024 02:00:00.000,1.35099,1.35157,1.35061,1.35078,2914
07.03.2024 03:00:00.000,1.35077,1.35144,1.35033,1.35091,3655
07.03.2024 04:00:00.000,1.35092,1.35157,1.35047,1.35064,3007
07.03.2024 05:00:00.000,1.35066,1.35086,1.34993,1.35004,3784
07.03.2024 06:00:00.000,1.35004,1.35044,1.34963,1.34992,3722
07.03.2024 07:00:00.000,1.34991,1.35012,1.34899,1.34939,4011
07.03.2024 08:00:00.000,1.34936,1.3505,1.34816,1.34856,10240
07.03.2024 09:00:00.000,1.34857,1.34962,1.34826,1.34859,9562
07.03.2024 10:00:00.000,1.34858,1.3492,1.3476,1.34784,9559
07.03.2024 11:00:00.000,1.34784,1.34792,1.34605,1.34673,5670
07.03.2024 12:00:00.000,1.34671,1.34778,1.34661,1.34699,3306
07.03.2024 13:00:00.000,1.34699,1.34701,1.34575,1.34589,3301
07.03.2024 14:00:00.000,1.34588,1.34651,1.34537,1.34561,2657
07.03.2024 15:00:00.000,1.34566,1.3464,1.34549,1.34584,3302
07.03.2024 16:00:00.000,1.34584,1.3464,1.34574,1.34579,2025
07.03.2024 17:00:00.000,1.34571,1.34608,1.34525,1.34557,1289
07.03.2024 18:00:00.000,1.34551,1.34584,1.34525,1.34529,937
07.03.2024 19:00:00.000,1.34529,1.34545,1.34463,1.34502,2030
07.03.2024 20:00:00.000,1.34499,1.34595,1.34484,1.34504,2197
07.03.2024 21:00:00.000,1.34503,1.34564,1.34482,1.34543,2273
07.03.2024 22:00:00.000,1.34543,1.3456,1.34479,1.34485,2273
07.03.2024 23:00:00.000,1.34484,1.34492,1.34446,1.34492,1917
08.03.2024 00:00:00.000,1.34493,1.34493,1.34446,1.34448,2468
08.03.2024 01:00:00.000,1.34447,1.34479,1.34437,1.34446,2022
08.03.2024 02:00:00.000,1.34445,1.34491,1.34413,1.34425,5383
08.03.2024 03:00:00.000,1.3442,1.34429,1.34332,1.34356,4343
08.03.2024 04:00:00.000,1.34355,1.34395,1.34315,1.34367,5091
08.03.2024 05:00:00.000,1.34366,1.34442,1.3432,1.3444,4610
08.03.2024 06:00:00.000,1.34439,1.34545,1.34408,1.34511,2759
08.03.2024 07:00:00.000,1.34512,1.34573,1.34496,1.34497,2982
08.03.2024 08:00:00.000,1.34498,1.34694,1.34194,1.34471,18710
08.03.2024 09:00:00.000,1.3447,1.34552,1.34353,1.34514,14916
08.03.2024 10:00:00.000,1.34514,1.34671,1.34493,1.34512,10668
08.03.2024 11:00:00.000,1.34509,1.34767,1.34506,1.34698,10756
08.03.2024 12:00:00.000,1.34695,1.34849,1.34651,1.34819,7605
08.03.2024 13:00:00.000,1.3482,1.34948,1.34815,1.34938,6067
08.03.2024 14:00:00.000,1.34936,1.34975,1.34809,1.34836,4777
08.03.2024 15:00:00.000,1.34838,1.34966,1.34823,1.34941,3049
08.03.2024 16:00:00.000,1.34943,1.34943,1.34799,1.34811,3162
11.03.2024 00:00:00.000,1.34863,1.34863,1.34784,1.34802,1655
11.03.2024 01:00:00.000,1.34803,1.3487,1.34797,1.34822,1932
11.03.2024 02:00:00.000,1.34822,1.34924,1.34794,1.34821,4872
11.03.2024 03:00:00.000,1.34823,1.34833,1.34712,1.34801,7799
11.03.2024 04:00:00.000,1.348,1.34809,1.34689,1.34715,5928
11.03.2024 05:00:00.000,1.34717,1.3479,1.34709,1.34744,3198
11.03.2024 06:00:00.000,1.34745,1.34807,1.34722,1.34762,2796
11.03.2024 07:00:00.000,1.34762,1.35083,1.34758,1.35078,5384
11.03.2024 08:00:00.000,1.3508,1.3508,1.34891,1.35048,8573
11.03.2024 09:00:00.000,1.35048,1.35095,1.34908,1.34918,6521
11.03.2024 10:00:00.000,1.34917,1.34985,1.34855,1.34866,6394
11.03.2024 11:00:00.000,1.34863,1.34906,1.34783,1.34801,5535
11.03.2024 12:00:00.000,1.348,1.34878,1.34771,1.3484,3977
11.03.2024 13:00:00.000,1.34839,1.34913,1.34832,1.34858,2281
11.03.2024 14:00:00.000,1.34859,1.34879,1.34809,1.34816,3173
11.03.2024 15:00:00.000,1.34818,1.34829,1.34788,1.34817,1656
11.03.2024 16:00:00.000,1.34836,1.3485,1.34797,1.34829,3405
11.03.2024 17:00:00.000,1.34831,1.34831,1.348,1.34815,775
11.03.2024 18:00:00.000,1.34812,1.34818,1.3477,1.34772,360
11.03.2024 19:00:00.000,1.34772,1.348,1.34757,1.348,1156
11.03.2024 20:00:00.000,1.34797,1.34818,1.34743,1.34753,1921
11.03.2024 21:00:00.000,1.34751,1.34811,1.34743,1.34755,3211
11.03.2024 22:00:00.000,1.34756,1.34761,1.34716,1.34748,1644
11.03.2024 23:00:00.000,1.34748,1.3477,1.34738,1.34745,1533
12.03.2024 00:00:00.000,1.34744,1.34756,1.34712,1.34748,2815
12.03.2024 01:00:00.000,1.34747,1.34791,1.34714,1.34715,3223
12.03.2024 02:00:00.000,1.34714,1.34755,1.34712,1.34726,2217
12.03.2024 03:00:00.000,1.34728,1.34787,1.34697,1.34733,4812
12.03.2024 04:00:00.000,1.34735,1.34765,1.34692,1.34727,3559
12.03.2024 05:00:00.000,1.34726,1.34755,1.34662,1.34697,4428
12.03.2024 06:00:00.000,1.34697,1.34841,1.34697,1.34802,3405
12.03.2024 07:00:00.000,1.34802,1.35113,1.34682,1.34935,18823
12.03.2024 08:00:00.000,1.34934,1.35251,1.3493,1.35073,19338
12.03.2024 09:00:00.000,1.35073,1.3514,1.34906,1.34961,10123
12.03.2024 10:00:00.000,1.34959,1.35062,1.3492,1.34966,7437
12.03.2024 11:00:00.000,1.34965,1.35047,1.34965,1.35009,7544
12.03.2024 12:00:00.000,1.35007,1.35097,1.34964,1.35,5308
12.03.2024 13:00:00.000,1.34999,1.3502,1.34956,1.34957,2591
12.03.2024 14:00:00.000,1.34959,1.34985,1.34907,1.34916,3721
12.03.2024 15:00:00.000,1.34916,1.3493,1.34894,1.34897,1539
12.03.2024 16:00:00.000,1.34891,1.34919,1.34891,1.34901,1246
12.03.2024 17:00:00.000,1.34902,1.3493,1.34901,1.34904,633
12.03.2024 18:00:00.000,1.34904,1.34929,1.34894,1.34928,1067
12.03.2024 19:00:00.000,1.34928,1.34939,1.34896,1.34925,1124
12.03.2024 20:00:00.000,1.34922,1.3497,1.34901,1.34955,3069
12.03.2024 21:00:00.000,1.34956,1.34967,1.34921,1.34942,3205
12.03.2024 22:00:00.000,1.34943,1.34962,1.34895,1.34932,1892
12.03.2024 23:00:00.000,1.34933,1.34956,1.34912,1.34944,1511
13.03.2024 00:00:00.000,1.34943,1.34972,1.34914,1.34916,3093
13.03.2024 01:00:00.000,1.34915,1.34961,1.34882,1.34942,2303
13.03.2024 02:00:00.000,1.3494,1.3498,1.34867,1.34872,3560
13.03.2024 03:00:00.000,1.34871,1.34901,1.34848,1.34874,4521
13.03.2024 04:00:00.000,1.34874,1.34929,1.34857,1.3491,3182
13.03.2024 05:00:00.000,1.34911,1.34965,1.34896,1.34908,2278
13.03.2024 06:00:00.000,1.34908,1.34928,1.34851,1.34862,3295
13.03.2024 07:00:00.000,1.34863,1.34939,1.34808,1.3491,5782
13.03.2024 08:00:00.000,1.34909,1.34926,1.34742,1.34749,6525
13.03.2024 09:00:00.000,1.34746,1.3477,1.34586,1.34644,6210
13.03.2024 10:00:00.000,1.34646,1.34728,1.34618,1.34711,5103
13.03.2024 11:00:00.000,1.34711,1.3473,1.34665,1.34681,4449
13.03.2024 12:00:00.000,1.34681,1.34687,1.346,1.34619,4382
13.03.2024 13:00:00.000,1.3462,1.34666,1.34606,1.34665,2282
13.03.2024 14:00:00.000,1.34665,1.34728,1.34646,1.34705,3686
13.03.2024 15:00:00.000,1.34706,1.34728,1.34683,1.34697,2333
13.03.2024 16:00:00.000,1.34689,1.34703,1.34618,1.34692,1482
13.03.2024 17:00:00.000,1.34693,1.34721,1.34675,1.34721,1282
13.03.2024 18:00:00.000,1.3472,1.3472,1.34648,1.34651,1165
13.03.2024 19:00:00.000,1.34653,1.34705,1.34621,1.34678,1501
13.03.2024 20:00:00.000,1.34675,1.3469,1.34642,1.34644,1767
13.03.2024 21:00:00.000,1.34643,1.3473,1.34636,1.34719,1485
13.03.2024 22:00:00.000,1.3472,1.34769,1.34689,1.3476,1903
13.03.2024 23:00:00.000,1.34757,1.34784,1.34738,1.34752,1408
14.03.2024 00:00:00.000,1.34752,1.34797,1.34752,1.3478,1582
14.03.2024 01:00:00.000,1.34778,1.34806,1.3472,1.34729,1861
14.03.2024 02:00:00.000,1.34728,1.3481,1.3471,1.34712,3364
14.03.2024 03:00:00.000,1.34711,1.34747,1.3467,1.34712,2947
14.03.2024 04:00:00.000,1.34711,1.34725,1.34631,1.34637,2205
14.03.2024 05:00:00.000,1.34639,1.34696,1.34611,1.34672,3728
14.03.2024 06:00:00.000,1.34673,1.34694,1.34613,1.34617,3815
14.03.2024 07:00:00.000,1.34617,1.34794,1.34589,1.34776,10437
14.03.2024 08:00:00.000,1.34777,1.34947,1.3471,1.34933,11070
14.03.2024 09:00:00.000,1.34935,1.35092,1.34926,1.3507,7785
14.03.2024 10:00:00.000,1.3507,1.3534,1.3507,1.35175,8774
14.03.2024 11:00:00.000,1.35176,1.35261,1.35124,1.35231,5667
14.03.2024 12:00:00.000,1.35231,1.35348,1.35231,1.35255,4047
14.03.2024 13:00:00.000,1.35255,1.35341,1.35243,1.35324,3787
14.03.2024 14:00:00.000,1.35326,1.35406,1.35291,1.35291,3331
14.03.2024 15:00:00.000,1.35293,1.35344,1.35289,1.35313,1304
14.03.2024 16:00:00.000,1.35303,1.35334,1.35271,1.35295,1938
14.03.2024 17:00:00.000,1.35297,1.35369,1.3529,1.35364,971
14.03.2024 18:00:00.000,1.35365,1.35409,1.35357,1.35365,1442
14.03.2024 19:00:00.000,1.35365,1.35417,1.35353,1.35403,2778
14.03.2024 20:00:00.000,1.35404,1.35418,1.35362,1.35408,4139
14.03.2024 21:00:00.000,1.35408,1.35429,1.35392,1.35407,3657
14.03.2024 22:00:00.000,1.35406,1.35426,1.35344,1.35348,2348
14.03.2024 23:00:00.000,1.35349,1.35393,1.35336,1.35373,1919
15.03.2024 00:00:00.000,1.35374,1.35406,1.35342,1.35355,2949
15.03.2024 01:00:00.000,1.35357,1.35389,1.35322,1.35373,1895
15.03.2024 02:00:00.000,1.35372,1.35452,1.35314,1.35448,3043
15.03.2024 03:00:00.000,1.35448,1.35494,1.35412,1.35478,3702
15.03.2024 04:00:00.000,1.35479,1.35482,1.35282,1.35293,4002
15.03.2024 05:00:00.000,1.35296,1.35361,1.35284,1.35316,2244
15.03.2024 06:00:00.000,1.35317,1.35351,1.35243,1.35281,2405
15.03.2024 07:00:00.000,1.35279,1.35354,1.35269,1.35293,8246
15.03.2024 08:00:00.000,1.35294,1.35318,1.35164,1.3526,7974
15.03.2024 09:00:00.000,1.35262,1.35286,1.35096,1.3516,9281
15.03.2024 10:00:00.000,1.35161,1.35316,1.35122,1.35315,6439
15.03.2024 11:00:00.000,1.35315,1.3545,1.35284,1.35444,4302
15.03.2024 12:00:00.000,1.35444,1.35514,1.35413,1.35459,4259
15.03.2024 13:00:00.000,1.35457,1.35489,1.35365,1.35396,3897
15.03.2024 14:00:00.000,1.35398,1.35464,1.3536,1.35447,3318
15.03.2024 15:00:00.000,1.35445,1.35463,1.35369,1.3537,2187
18.03.2024 00:00:00.000,1.35365,1.35401,1.35344,1.3537,1465
18.03.2024 01:00:00.000,1.3537,1.3537,1.35332,1.35347,1439
18.03.2024 02:00:00.000,1.35344,1.35378,1.35203,1.35235,2249
18.03.2024 03:00:00.000,1.35236,1.35285,1.35223,1.35278,3323
18.03.2024 04:00:00.000,1.35278,1.35361,1.35233,1.35359,2756
18.03.2024 05:00:00.000,1.35359,1.35454,1.35359,1.35433,2391
18.03.2024 06:00:00.000,1.35435,1.35447,1.35364,1.35418,2344
18.03.2024 07:00:00.000,1.35418,1.35429,1.35321,1.35329,5907
18.03.2024 08:00:00.000,1.3533,1.35486,1.35304,1.35472,6295
18.03.2024 09:00:00.000,1.35472,1.35514,1.35371,1.35444,5791
18.03.2024 10:00:00.000,1.35445,1.35481,1.35404,1.35411,4436
18.03.2024 11:00:00.000,1.35411,1.35475,1.35411,1.35449,3272
18.03.2024 12:00:00.000,1.35449,1.35456,1.35384,1.35387,3090
18.03.2024 13:00:00.000,1.35391,1.35413,1.35326,1.35329,2463
18.03.2024 14:00:00.000,1.35331,1.35385,1.35284,1.35373,2618
18.03.2024 15:00:00.000,1.35374,1.35384,1.35328,1.35335,1235
18.03.2024 16:00:00.000,1.35327,1.35347,1.35274,1.35329,1096
18.03.2024 17:00:00.000,1.35329,1.35359,1.35319,1.35351,567
18.03.2024 18:00:00.000,1.35349,1.3537,1.35345,1.35349,1433
18.03.2024 19:00:00.000,1.35349,1.35434,1.35345,1.35428,3287
18.03.2024 20:00:00.000,1.35428,1.35514,1.3541,1.35473,2849
18.03.2024 21:00:00.000,1.35472,1.35472,1.35366,1.35413,3817
18.03.2024 22:00:00.000,1.35414,1.35504,1.35342,1.35439,4698
18.03.2024 23:00:00.000,1.35439,1.35522,1.35408,1.35496,4399
19.03.2024 00:00:00.000,1.35497,1.35636,1.35486,1.35614,4613
19.03.2024 01:00:00.000,1.35615,1.35717,1.35601,1.35673,3553
19.03.2024 02:00:00.000,1.35671,1.35686,1.35588,1.35643,4779
19.03.2024 03:00:00.000,1.35641,1.3576,1.35615,1.35707,3798
19.03.2024 04:00:00.000,1.35705,1.35801,1.35698,1.35766,3272
19.03.2024 05:00:00.000,1.35766,1.35771,1.35694,1.35698,5188
19.03.2024 06:00:00.000,1.35697,1.35742,1.35649,1.35683,3857
19.03.2024 07:00:00.000,1.35682,1.36091,1.35657,1.3606,9096
19.03.2024 08:00:00.000,1.3606,1.36117,1.36004,1.36105,6340
19.03.2024 09:00:00.000,1.36105,1.36128,1.35833,1.35865,5999
19.03.2024 10:00:00.000,1.35866,1.35961,1.35777,1.3579,4007
19.03.2024 11:00:00.000,1.3579,1.35833,1.35609,1.35614,6212
19.03.2024 12:00:00.000,1.35612,1.35694,1.35521,1.35615,4073
19.03.2024 13:00:00.000,1.35614,1.35706,1.3559,1.35671,2462
19.03.2024 14:00:00.000,1.35672,1.35703,1.35628,1.35669,2753
19.03.2024 15:00:00.000,1.35668,1.35683,1.35646,1.35656,1547
19.03.2024 16:00:00.000,1.35656,1.35661,1.35589,1.35617,2080
19.03.2024 17:00:00.000,1.3562,1.35675,1.35615,1.35655,1079
19.03.2024 18:00:00.000,1.35655,1.35747,1.35652,1.35745,901
19.03.2024 19:00:00.000,1.35745,1.35817,1.3574,1.3575,2251
19.03.2024 20:00:00.000,1.35747,1.35761,1.35705,1.35727,4528
19.03.2024 21:00:00.000,1.35729,1.35748,1.3569,1.35695,2359
19.03.2024 22:00:00.000,1.35693,1.35747,1.3568,1.35693,1916
19.03.2024 23:00:00.000,1.35691,1.35788,1.35685,1.35779,2377
20.03.2024 00:00:00.000,1.35778,1.35824,1.3575,1.35819,3043
20.03.2024 01:00:00.000,1.35817,1.35842,1.35773,1.35796,1017
20.03.2024 02:00:00.000,1.35795,1.35876,1.35725,1.35867,2787
20.03.2024 03:00:00.000,1.35869,1.35982,1.35868,1.35918,4115
20.03.2024 04:00:00.000,1.35919,1.36044,1.35913,1.36033,3677
20.03.2024 05:00:00.000,1.36034,1.36042,1.35939,1.36018,2901
20.03.2024 06:00:00.000,1.36019,1.36021,1.35927,1.35938,3080
20.03.2024 07:00:00.000,1.35936,1.35961,1.3583,1.35844,5229
20.03.2024 08:00:00.000,1.35844,1.3593,1.35843,1.35873,5296
20.03.2024 09:00:00.000,1.35873,1.35885,1.35748,1.35805,5965
20.03.2024 10:00:00.000,1.35804,1.35807,1.35626,1.35634,3768
20.03.2024 11:00:00.000,1.35635,1.35653,1.35501,1.35506,3229
20.03.2024 12:00:00.000,1.35506,1.35577,1.35483,1.35489,3237
20.03.2024 13:00:00.000,1.35489,1.35489,1.349,1.34939,23511
20.03.2024 14:00:00.000,1.34935,1.35023,1.34823,1.34853,10149
20.03.2024 15:00:00.000,1.34853,1.34933,1.34813,1.34913,2163
20.03.2024 16:00:00.000,1.34908,1.34955,1.34889,1.34945,1262
20.03.2024 17:00:00.000,1.34942,1.34946,1.34792,1.34793,1692
20.03.2024 18:00:00.000,1.34792,1.34817,1.34716,1.34729,1539
20.03.2024 19:00:00.000,1.34731,1.34771,1.34702,1.34716,3607
20.03.2024 20:00:00.000,1.34718,1.34722,1.34635,1.34675,3951
20.03.2024 21:00:00.000,1.34675,1.3471,1.34652,1.34693,2066
20.03.2024 22:00:00.000,1.34694,1.34707,1.34622,1.34651,2026
20.03.2024 23:00:00.000,1.34652,1.34673,1.34642,1.34654,2083
21.03.2024 00:00:00.000,1.34655,1.34682,1.34616,1.34661,2003
21.03.2024 01:00:00.000,1.3466,1.34661,1.34608,1.3463,1708
21.03.2024 02:00:00.000,1.34631,1.34687,1.34554,1.34675,2759
21.03.2024 03:00:00.000,1.34675,1.34972,1.34675,1.34967,5871
21.03.2024 04:00:00.000,1.34967,1.35032,1.34861,1.34875,6321
21.03.2024 05:00:00.000,1.34874,1.34935,1.34816,1.34924,2417
21.03.2024 06:00:00.000,1.34924,1.35126,1.34918,1.35119,3400
21.03.2024 07:00:00.000,1.35118,1.35138,1.35046,1.35074,6574
21.03.2024 08:00:00.000,1.35074,1.35216,1.34967,1.35002,11105
21.03.2024 09:00:00.000,1.35002,1.3525,1.35002,1.35219,10327
21.03.2024 10:00:00.000,1.35219,1.35411,1.35211,1.35379,8698
21.03.2024 11:00:00.000,1.35377,1.35378,1.35281,1.35288,4749
21.03.2024 12:00:00.000,1.35287,1.3539,1.35251,1.35375,3939
21.03.2024 13:00:00.000,1.35374,1.35377,1.35294,1.35328,4045
21.03.2024 14:00:00.000,1.3533,1.35362,1.35306,1.35333,2840
21.03.2024 15:00:00.000,1.35334,1.35335,1.35252,1.35295,1540
21.03.2024 16:00:00.000,1.35277,1.35289,1.35249,1.35265,1111
21.03.2024 17:00:00.000,1.35266,1.35309,1.35266,1.3529,572
21.03.2024 18:00:00.000,1.3529,1.35299,1.35264,1.35274,816
21.03.2024 19:00:00.000,1.35273,1.35286,1.35188,1.35226,1268
21.03.2024 20:00:00.000,1.35228,1.35457,1.35212,1.35454,3095
21.03.2024 21:00:00.000,1.35456,1.35597,1.35426,1.35588,3629
21.03.2024 22:00:00.000,1.35586,1.35632,1.35559,1.35611,3565
21.03.2024 23:00:00.000,1.35613,1.35631,1.35594,1.35601,1909
22.03.2024 00:00:00.000,1.356,1.35602,1.35541,1.35566,2557
22.03.2024 01:00:00.000,1.35568,1.35674,1.35545,1.35624,3028
22.03.2024 02:00:00.000,1.35624,1.35739,1.35583,1.35653,3987
22.03.2024 03:00:00.000,1.35652,1.35722,1.35625,1.35685,3768
22.03.2024 04:00:00.000,1.35685,1.35754,1.35627,1.3574,2561
22.03.2024 05:00:00.000,1.35737,1.35807,1.35714,1.35757,2762
22.03.2024 06:00:00.000,1.35757,1.35884,1.35726,1.35794,3208
22.03.2024 07:00:00.000,1.35794,1.358,1.35629,1.35647,6553
22.03.2024 08:00:00.000,1.35649,1.35762,1.3562,1.35735,7587
22.03.2024 09:00:00.000,1.35735,1.35856,1.35693,1.35852,6282
22.03.2024 10:00:00.000,1.35852,1.3607,1.35852,1.35957,5092
22.03.2024 11:00:00.000,1.35956,1.36062,1.35941,1.36019,3732
22.03.2024 12:00:00.000,1.36019,1.36118,1.36002,1.36063,2515
22.03.2024 13:00:00.000,1.36064,1.36116,1.36054,1.36097,1475
22.03.2024 14:00:00.000,1.36097,1.36138,1.36074,1.36104,1925
22.03.2024 15:00:00.000,1.36102,1.36106,1.35991,1.35991,2534
25.03.2024 00:00:00.000,1.35993,1.36024,1.35974,1.35979,2054
25.03.2024 01:00:00.000,1.35978,1.36054,1.35978,1.36024,2163
25.03.2024 02:00:00.000,1.36023,1.36064,1.35916,1.36003,2305
25.03.2024 03:00:00.000,1.36003,1.36018,1.35873,1.35909,4282
25.03.2024 04:00:00.000,1.35912,1.35963,1.35866,1.35935,2899
25.03.2024 05:00:00.000,1.35934,1.35949,1.35877,1.35915,2509
25.03.2024 06:00:00.000,1.35917,1.35923,1.35819,1.35857,3089
25.03.2024 07:00:00.000,1.35857,1.35932,1.35829,1.35911,4306
25.03.2024 08:00:00.000,1.35913,1.35921,1.3575,1.35766,6637
25.03.2024 09:00:00.000,1.35766,1.35816,1.35698,1.35779,6917
25.03.2024 10:00:00.000,1.35779,1.35871,1.35777,1.35806,3187
25.03.2024 11:00:00.000,1.35803,1.35872,1.35785,1.35807,3310
25.03.2024 12:00:00.000,1.35808,1.35877,1.35793,1.35806,2228
25.03.2024 13:00:00.000,1.35807,1.35842,1.35787,1.35822,1499
25.03.2024 14:00:00.000,1.35823,1.35862,1.35809,1.35845,2121
25.03.2024 15:00:00.000,1.35845,1.35883,1.35836,1.35851,1344
25.03.2024 16:00:00.000,1.35847,1.35848,1.35817,1.35843,1311
25.03.2024 17:00:00.000,1.35846,1.35849,1.35818,1.35843,571
25.03.2024 18:00:00.000,1.3584,1.35856,1.35826,1.35851,1176
25.03.2024 19:00:00.000,1.35852,1.35871,1.35775,1.35786,2325
25.03.2024 20:00:00.000,1.35787,1.35805,1.35723,1.35771,2660
25.03.2024 21:00:00.000,1.35773,1.35791,1.35721,1.35775,2067
25.03.2024 22:00:00.000,1.35774,1.35865,1.3576,1.35848,1686
25.03.2024 23:00:00.000,1.35847,1.35852,1.35819,1.35827,881
26.03.2024 00:00:00.000,1.35828,1.35854,1.3579,1.35824,1670
26.03.2024 01:00:00.000,1.35825,1.35826,1.35735,1.35756,1293
26.03.2024 02:00:00.000,1.35757,1.35879,1.35739,1.35868,2622
26.03.2024 03:00:00.000,1.35867,1.35901,1.35763,1.35781,2978
26.03.2024 04:00:00.000,1.35783,1.35795,1.3565,1.35706,3742
26.03.2024 05:00:00.000,1.35705,1.35706,1.35617,1.35646,3106
26.03.2024 06:00:00.000,1.35647,1.35661,1.35588,1.35644,3226
26.03.2024 07:00:00.000,1.35642,1.35692,1.35544,1.35552,4347
26.03.2024 08:00:00.000,1.3555,1.35675,1.35522,1.35639,5480
26.03.2024 09:00:00.000,1.35646,1.35769,1.35593,1.35693,5141
26.03.2024 10:00:00.000,1.35691,1.358,1.35663,1.35697,5625
26.03.2024 11:00:00.000,1.357,1.35767,1.35686,1.35767,2906
26.03.2024 12:00:00.000,1.35767,1.35783,1.35703,1.35765,3133
26.03.2024 13:00:00.000,1.35765,1.35788,1.35716,1.35778,1662
26.03.2024 14:00:00.000,1.3578,1.35871,1.35764,1.35863,2060
26.03.2024 15:00:00.000,1.35864,1.35881,1.35828,1.35833,1238
26.03.2024 16:00:00.000,1.35828,1.35845,1.35735,1.35824,1616
26.03.2024 17:00:00.000,1.35825,1.35859,1.35822,1.35842,642
26.03.2024 18:00:00.000,1.35842,1.35854,1.35803,1.35815,812
26.03.2024 19:00:00.000,1.35816,1.35907,1.35815,1.3588,2549
26.03.2024 20:00:00.000,1.3588,1.35986,1.35862,1.35942,3243
26.03.2024 21:00:00.000,1.35943,1.35992,1.35927,1.35967,1736
26.03.2024 22:00:00.000,1.35968,1.35989,1.35938,1.35948,2443
26.03.2024 23:00:00.000,1.35951,1.35951,1.35892,1.359,1694
27.03.2024 00:00:00.000,1.35901,1.35934,1.35893,1.35916,2234
27.03.2024 01:00:00.000,1.35916,1.35958,1.35884,1.35922,2108
27.03.2024 02:00:00.000,1.35926,1.35966,1.35893,1.3595,2119
27.03.2024 03:00:00.000,1.35949,1.36078,1.35941,1.36049,2455
27.03.2024 04:00:00.000,1.36051,1.36059,1.35912,1.35943,5330
27.03.2024 05:00:00.000,1.35943,1.35978,1.35885,1.35934,6063
27.03.2024 06:00:00.000,1.35935,1.35984,1.35852,1.35965,4473
27.03.2024 07:00:00.000,1.35965,1.36053,1.35965,1.36027,4875
27.03.2024 08:00:00.000,1.36027,1.36056,1.3584,1.35844,7359
27.03.2024 09:00:00.000,1.35842,1.35889,1.35702,1.35876,5929
27.03.2024 10:00:00.000,1.35876,1.35924,1.35809,1.35875,4447
27.03.2024 11:00:00.000,1.35875,1.35934,1.35802,1.35838,5300
27.03.2024 12:00:00.000,1.35839,1.35905,1.35804,1.35854,2700
27.03.2024 13:00:00.000,1.35855,1.35876,1.35741,1.35753,1883
27.03.2024 14:00:00.000,1.35752,1.35752,1.35703,1.35705,2188
27.03.2024 15:00:00.000,1.35706,1.35714,1.35647,1.35667,1833
27.03.2024 16:00:00.000,1.3566,1.35672,1.35639,1.35665,1503
27.03.2024 17:00:00.000,1.35674,1.35891,1.35667,1.35831,1723
27.03.2024 18:00:00.000,1.3583,1.35875,1.35824,1.35853,1952
27.03.2024 19:00:00.000,1.35853,1.35908,1.35825,1.35832,2351
27.03.2024 20:00:00.000,1.35833,1.35875,1.35826,1.35847,3609
27.03.2024 21:00:00.000,1.35846,1.3585,1.35697,1.35757,3684
27.03.2024 22:00:00.000,1.35758,1.35784,1.35723,1.35777,2914
27.03.2024 23:00:00.000,1.35778,1.35793,1.35743,1.35754,2020
28.03.2024 00:00:00.000,1.35753,1.3579,1.35741,1.35785,2962
28.03.2024 01:00:00.000,1.35786,1.35855,1.35778,1.35818,2201
28.03.2024 02:00:00.000,1.35817,1.35944,1.35814,1.3593,4118
28.03.2024 03:00:00.000,1.35928,1.36046,1.3592,1.36035,2537
28.03.2024 04:00:00.000,1.36042,1.36135,1.3603,1.3612,2100
28.03.2024 05:00:00.000,1.3612,1.3613,1.35938,1.35972,2764
28.03.2024 06:00:00.000,1.3597,1.35974,1.35834,1.35967,3755
28.03.2024 07:00:00.000,1.35967,1.35991,1.35692,1.35702,5682
28.03.2024 08:00:00.000,1.35704,1.35736,1.35513,1.35525,5429
28.03.2024 09:00:00.000,1.35522,1.35601,1.35439,1.35511,5579
28.03.2024 10:00:00.000,1.35516,1.35548,1.35306,1.35311,6039
28.03.2024 11:00:00.000,1.35312,1.35413,1.35245,1.35363,5734
28.03.2024 12:00:00.000,1.35362,1.35397,1.35311,1.35365,3509
28.03.2024 13:00:00.000,1.35367,1.35427,1.35321,1.35396,2908
28.03.2024 14:00:00.000,1.35395,1.35465,1.3539,1.35438,2990
28.03.2024 15:00:00.000,1.35436,1.35499,1.35386,1.3539,1702
28.03.2024 16:00:00.000,1.35382,1.35393,1.3525,1.3538,905
28.03.2024 17:00:00.000,1.35373,1.35384,1.35291,1.35334,4831
28.03.2024 18:00:00.000,1.35334,1.35377,1.35291,1.35363,6576
28.03.2024 19:00:00.000,1.35367,1.35391,1.3535,1.35372,441
28.03.2024 20:00:00.000,1.35371,1.35396,1.35329,1.35384,2153
28.03.2024 21:00:00.000,1.35384,1.35404,1.35348,1.35366,1573
28.03.2024 22:00:00.000,1.35366,1.35399,1.35363,1.35396,1795
28.03.2024 23:00:00.000,1.35402,1.35529,1.35395,1.35515,618
29.03.2024 00:00:00.000,1.35517,1.35526,1.35506,1.35516,298
29.03.2024 01:00:00.000,1.35516,1.35608,1.35508,1.35542,1037
29.03.2024 02:00:00.000,1.35541,1.35553,1.35485,1.35552,1797
29.03.2024 03:00:00.000,1.35554,1.35556,1.35494,1.35501,913
29.03.2024 04:00:00.000,1.35499,1.35505,1.35496,1.35502,196
29.03.2024 05:00:00.000,1.35502,1.35551,1.35489,1.35513,3368
29.03.2024 06:00:00.000,1.35512,1.35515,1.35484,1.35503,943
29.03.2024 07:00:00.000,1.35503,1.35505,1.35354,1.35407,4843
29.03.2024 08:00:00.000,1.35409,1.35453,1.35359,1.35438,1860
29.03.2024 09:00:00.000,1.35439,1.35466,1.35421,1.35428,2161
29.03.2024 10:00:00.000,1.35425,1.3543,1.35331,1.35414,2561
29.03.2024 11:00:00.000,1.35413,1.35423,1.35401,1.35401,347
29.03.2024 12:00:00.000,1.35402,1.35418,1.35401,1.35412,450
29.03.2024 13:00:00.000,1.35412,1.35466,1.35402,1.35439,2600
29.03.2024 14:00:00.000,1.35438,1.35459,1.35424,1.35434,2307
29.03.2024 15:00:00.000,1.35434,1.35442,1.35298,1.35333,2343
01.04.2024 00:00:00.000,1.35289,1.35349,1.35288,1.35319,784
01.04.2024 01:00:00.000,1.35318,1.35339,1.35239,1.35261,1378
01.04.2024 02:00:00.000,1.35261,1.35302,1.35248,1.3529,1972
01.04.2024 03:00:00.000,1.3529,1.35325,1.35248,1.35286,2111
01.04.2024 04:00:00.000,1.35286,1.35297,1.35248,1.35294,2333
01.04.2024 05:00:00.000,1.35294,1.35402,1.35283,1.35392,3339
01.04.2024 06:00:00.000,1.35393,1.35511,1.35373,1.35504,1799
01.04.2024 07:00:00.000,1.35505,1.35695,1.35492,1.35587,6628
01.04.2024 08:00:00.000,1.35586,1.35648,1.35444,1.35529,6999
01.04.2024 09:00:00.000,1.35548,1.35847,1.35526,1.35714,7378
01.04.2024 10:00:00.000,1.35716,1.35845,1.35708,1.35809,3791
01.04.2024 11:00:00.000,1.35806,1.35828,1.35716,1.35763,2831
01.04.2024 12:00:00.000,1.35764,1.35839,1.35763,1.35783,1995
01.04.2024 13:00:00.000,1.35784,1.35861,1.35783,1.35824,1488
01.04.2024 14:00:00.000,1.35824,1.35835,1.35737,1.35739,1998
01.04.2024 15:00:00.000,1.35741,1.35757,1.35689,1.35693,1625
01.04.2024 16:00:00.000,1.35689,1.35726,1.35667,1.35712,751
01.04.2024 17:00:00.000,1.35713,1.35746,1.35697,1.35737,517
01.04.2024 18:00:00.000,1.35736,1.35771,1.35708,1.35737,1118
01.04.2024 19:00:00.000,1.35739,1.35773,1.35715,1.35743,1982
01.04.2024 20:00:00.000,1.35744,1.35785,1.35694,1.35708,2488
01.04.2024 21:00:00.000,1.35707,1.35784,1.35702,1.35735,2047
01.04.2024 22:00:00.000,1.35733,1.35798,1.35717,1.35796,1055
01.04.2024 23:00:00.000,1.35796,1.35824,1.35791,1.35794,681
02.04.2024 00:00:00.000,1.35795,1.3583,1.35782,1.35822,1516
02.04.2024 01:00:00.000,1.35822,1.35839,1.35732,1.35732,2817
02.04.2024 02:00:00.000,1.35736,1.35761,1.35661,1.35684,3940
02.04.2024 03:00:00.000,1.35685,1.35692,1.35581,1.35638,4481
02.04.2024 04:00:00.000,1.35643,1.35646,1.3556,1.35607,3275
02.04.2024 05:00:00.000,1.35609,1.35668,1.35602,1.35623,2601
02.04.2024 06:00:00.000,1.35623,1.35682,1.356,1.35616,2928
02.04.2024 07:00:00.000,1.35614,1.35733,1.35598,1.3571,3573
02.04.2024 08:00:00.000,1.35711,1.35832,1.35637,1.35723,6339
02.04.2024 09:00:00.000,1.35724,1.35832,1.35614,1.35766,8411
02.04.2024 10:00:00.000,1.35764,1.35827,1.35703,1.35716,3899
02.04.2024 11:00:00.000,1.35714,1.35781,1.35678,1.35709,2385
02.04.2024 12:00:00.000,1.35708,1.3577,1.35694,1.35729,1980
02.04.2024 13:00:00.000,1.3573,1.35758,1.35702,1.35736,2395
02.04.2024 14:00:00.000,1.35735,1.3574,1.35676,1.35719,2415
02.04.2024 15:00:00.000,1.35722,1.35738,1.35641,1.35657,1275
02.04.2024 16:00:00.000,1.35644,1.35662,1.35578,1.35627,1249
02.04.2024 17:00:00.000,1.35627,1.35654,1.35612,1.35627,1015
02.04.2024 18:00:00.000,1.35628,1.35664,1.35627,1.35644,1255
02.04.2024 19:00:00.000,1.35644,1.35704,1.3564,1.35703,1234
02.04.2024 20:00:00.000,1.35704,1.35742,1.35679,1.35719,2287
02.04.2024 21:00:00.000,1.3572,1.3573,1.35673,1.35705,1829
02.04.2024 22:00:00.000,1.35703,1.35704,1.35616,1.3563,2723
02.04.2024 23:00:00.000,1.3563,1.35678,1.35599,1.35677,1504
03.04.2024 00:00:00.000,1.35675,1.3571,1.35665,1.35702,1610
03.04.2024 01:00:00.000,1.35702,1.35791,1.357,1.35728,3429
03.04.2024 02:00:00.000,1.35728,1.35796,1.35708,1.35786,2746
03.04.2024 03:00:00.000,1.35785,1.35886,1.35766,1.35799,3131
03.04.2024 04:00:00.000,1.358,1.35807,1.35691,1.35744,3728
03.04.2024 05:00:00.000,1.35743,1.358,1.35728,1.35744,1552
03.04.2024 06:00:00.000,1.35744,1.35756,1.35626,1.35637,2220
03.04.2024 07:00:00.000,1.35637,1.35716,1.35622,1.35674,5177
03.04.2024 08:00:00.000,1.35674,1.35723,1.35481,1.35492,5658
03.04.2024 09:00:00.000,1.35494,1.35494,1.35134,1.35174,9393
03.04.2024 10:00:00.000,1.35173,1.35257,1.3511,1.35226,5366
03.04.2024 11:00:00.000,1.35224,1.35372,1.35209,1.35301,6975
03.04.2024 12:00:00.000,1.353,1.35341,1.35229,1.35258,3357
03.04.2024 13:00:00.000,1.35259,1.35315,1.35229,1.35297,2427
03.04.2024 14:00:00.000,1.35297,1.35377,1.35291,1.35323,3586
03.04.2024 15:00:00.000,1.35323,1.35325,1.35253,1.35255,1402
03.04.2024 16:00:00.000,1.35254,1.35282,1.35159,1.35277,1277
03.04.2024 17:00:00.000,1.35278,1.35283,1.35243,1.35261,782
03.04.2024 18:00:00.000,1.35262,1.35272,1.35204,1.35238,1840
03.04.2024 19:00:00.000,1.35237,1.35274,1.35164,1.35173,3741
03.04.2024 20:00:00.000,1.35173,1.35196,1.35146,1.35177,2974
03.04.2024 21:00:00.000,1.35176,1.35218,1.35147,1.35163,3009
03.04.2024 22:00:00.000,1.35162,1.35181,1.3513,1.35149,1770
03.04.2024 23:00:00.000,1.35149,1.35158,1.35114,1.35151,1275
04.04.2024 00:00:00.000,1.35151,1.35151,1.35102,1.35139,1370
04.04.2024 01:00:00.000,1.35137,1.35138,1.35082,1.35109,2809
04.04.2024 02:00:00.000,1.35112,1.35119,1.35031,1.35115,4118
04.04.2024 03:00:00.000,1.35116,1.35119,1.35031,1.3504,1989
04.04.2024 04:00:00.000,1.3504,1.35051,1.34992,1.35009,2596
04.04.2024 05:00:00.000,1.35009,1.3503,1.34977,1.34982,2368
04.04.2024 06:00:00.000,1.34982,1.35035,1.34979,1.3502,1785
04.04.2024 07:00:00.000,1.35018,1.35034,1.34811,1.34858,5828
04.04.2024 08:00:00.000,1.34856,1.34933,1.34778,1.34869,5127
04.04.2024 09:00:00.000,1.34866,1.34902,1.34775,1.34867,5165
04.04.2024 10:00:00.000,1.34869,1.34976,1.34866,1.3495,3033
04.04.2024 11:00:00.000,1.3495,1.35014,1.34932,1.35004,1533
04.04.2024 12:00:00.000,1.35005,1.35093,1.34996,1.35092,2063
04.04.2024 13:00:00.000,1.35092,1.35423,1.3509,1.3538,8535
04.04.2024 14:00:00.000,1.35381,1.35587,1.3538,1.35526,8850
04.04.2024 15:00:00.000,1.35524,1.35527,1.35393,1.35416,1845
04.04.2024 16:00:00.000,1.35411,1.3543,1.35344,1.35412,1507
04.04.2024 17:00:00.000,1.35414,1.35486,1.35389,1.35459,1831
04.04.2024 18:00:00.000,1.35459,1.35496,1.35427,1.35434,2583
04.04.2024 19:00:00.000,1.35433,1.35512,1.35398,1.35471,3958
04.04.2024 20:00:00.000,1.35471,1.35705,1.35461,1.35701,3678
04.04.2024 21:00:00.000,1.35702,1.35777,1.35681,1.35745,3567
04.04.2024 22:00:00.000,1.35744,1.35764,1.35697,1.35703,2323
04.04.2024 23:00:00.000,1.35702,1.35733,1.35693,1.35709,1239
05.04.2024 00:00:00.000,1.3571,1.35719,1.35637,1.35649,1519
05.04.2024 01:00:00.000,1.35649,1.35721,1.35629,1.35671,2846
05.04.2024 02:00:00.000,1.35674,1.35677,1.35577,1.35602,3357
05.04.2024 03:00:00.000,1.35604,1.35663,1.3557,1.35613,2407
05.04.2024 04:00:00.000,1.35616,1.35635,1.35497,1.35562,2800
05.04.2024 05:00:00.000,1.35561,1.35587,1.35531,1.35567,2006
05.04.2024 06:00:00.000,1.35567,1.35626,1.35567,1.35588,2320
05.04.2024 07:00:00.000,1.3559,1.36325,1.35539,1.36281,15928
05.04.2024 08:00:00.000,1.36281,1.3647,1.36209,1.36366,13906
05.04.2024 09:00:00.000,1.36366,1.36445,1.36001,1.36013,11000
05.04.2024 10:00:00.000,1.36016,1.36064,1.35807,1.35815,6825
05.04.2024 11:00:00.000,1.35812,1.35887,1.35745,1.35849,4261
05.04.2024 12:00:00.000,1.35845,1.35914,1.35804,1.35851,3623
05.04.2024 13:00:00.000,1.35851,1.35924,1.35811,1.35897,5495
05.04.2024 14:00:00.000,1.35896,1.35933,1.35871,1.35895,4381
05.04.2024 15:00:00.000,1.35899,1.35912,1.35866,1.35882,3124
08.04.2024 00:00:00.000,1.36008,1.36039,1.35952,1.36026,3515
08.04.2024 01:00:00.000,1.36025,1.36046,1.35946,1.35999,4505
08.04.2024 02:00:00.000,1.35998,1.36054,1.35907,1.35944,4613
08.04.2024 03:00:00.000,1.35944,1.3602,1.35875,1.3598,5915
08.04.2024 04:00:00.000,1.35979,1.36008,1.35924,1.35968,3339
08.04.2024 05:00:00.000,1.35968,1.36006,1.35868,1.35873,3135
08.04.2024 06:00:00.000,1.35873,1.35972,1.3586,1.3596,3690
08.04.2024 07:00:00.000,1.3596,1.3598,1.35795,1.35823,5867
08.04.2024 08:00:00.000,1.35823,1.35852,1.3569,1.35836,8838
08.04.2024 09:00:00.000,1.35837,1.35994,1.35816,1.3583,8463
08.04.2024 10:00:00.000,1.35829,1.35884,1.35744,1.35843,6115
08.04.2024 11:00:00.000,1.35846,1.35938,1.35799,1.35827,4128
08.04.2024 12:00:00.000,1.35828,1.35847,1.35726,1.35764,2816
08.04.2024 13:00:00.000,1.35764,1.35781,1.3572,1.35759,2046
08.04.2024 14:00:00.000,1.35761,1.35788,1.35723,1.3577,3662
08.04.2024 15:00:00.000,1.35768,1.35768,1.35698,1.35713,2458
08.04.2024 16:00:00.000,1.35705,1.35752,1.35697,1.35744,1621
08.04.2024 17:00:00.000,1.35746,1.35746,1.35698,1.35699,577
08.04.2024 18:00:00.000,1.35701,1.35713,1.35682,1.35705,1648
08.04.2024 19:00:00.000,1.35703,1.35731,1.35682,1.35725,2554
08.04.2024 20:00:00.000,1.35723,1.35776,1.35696,1.35775,3788
08.04.2024 21:00:00.000,1.35776,1.35819,1.35718,1.35808,1917
08.04.2024 22:00:00.000,1.35806,1.35847,1.35796,1.35826,1345
08.04.2024 23:00:00.000,1.35824,1.35824,1.35749,1.35776,2298
09.04.2024 00:00:00.000,1.35775,1.35807,1.3575,1.35764,1722
09.04.2024 01:00:00.000,1.35764,1.35807,1.35701,1.35792,3040
09.04.2024 02:00:00.000,1.3579,1.35815,1.35759,1.3579,2991
09.04.2024 03:00:00.000,1.35792,1.35828,1.3571,1.35728,2586
09.04.2024 04:00:00.000,1.35729,1.35746,1.35637,1.35669,3448
09.04.2024 05:00:00.000,1.3567,1.35695,1.35599,1.35665,3849
09.04.2024 06:00:00.000,1.35665,1.35791,1.35659,1.35758,3449
09.04.2024 07:00:00.000,1.3576,1.35789,1.35611,1.35649,5973
09.04.2024 08:00:00.000,1.35651,1.35682,1.35466,1.35648,6844
09.04.2024 09:00:00.000,1.35645,1.35982,1.3554,1.35921,10020
09.04.2024 10:00:00.000,1.3592,1.35983,1.35785,1.35831,7992
09.04.2024 11:00:00.000,1.35829,1.35854,1.35758,1.35844,3321
09.04.2024 12:00:00.000,1.35845,1.35873,1.35792,1.35873,3868
09.04.2024 13:00:00.000,1.35873,1.35901,1.35791,1.35824,2384
09.04.2024 14:00:00.000,1.35824,1.35889,1.35709,1.35717,3963
09.04.2024 15:00:00.000,1.35717,1.35726,1.35678,1.35702,1526
09.04.2024 16:00:00.000,1.35696,1.35728,1.35625,1.35714,1034
09.04.2024 17:00:00.000,1.35712,1.35724,1.35697,1.35717,704
09.04.2024 18:00:00.000,1.35713,1.35739,1.35713,1.35729,673
09.04.2024 19:00:00.000,1.35726,1.35727,1.35663,1.35664,3161
09.04.2024 20:00:00.000,1.35661,1.35723,1.3564,1.35642,2831
09.04.2024 21:00:00.000,1.35647,1.35693,1.35614,1.3566,2473
09.04.2024 22:00:00.000,1.35658,1.35698,1.35637,1.35692,2240
09.04.2024 23:00:00.000,1.35694,1.35703,1.35672,1.35694,2791
10.04.2024 00:00:00.000,1.35694,1.3571,1.3564,1.35693,2214
10.04.2024 01:00:00.000,1.35691,1.35708,1.35589,1.35602,3299
10.04.2024 02:00:00.000,1.35604,1.35663,1.35582,1.35622,3274
10.04.2024 03:00:00.000,1.35621,1.35681,1.35613,1.35632,3278
10.04.2024 04:00:00.000,1.35632,1.35701,1.35622,1.3565,3210
10.04.2024 05:00:00.000,1.35653,1.35666,1.35556,1.35558,3568
10.04.2024 06:00:00.000,1.35564,1.3565,1.35564,1.35637,2455
10.04.2024 07:00:00.000,1.35638,1.36514,1.35587,1.3648,18327
10.04.2024 08:00:00.000,1.3648,1.36777,1.36376,1.36534,21749
10.04.2024 09:00:00.000,1.36528,1.36823,1.3642,1.36728,15608
10.04.2024 10:00:00.000,1.3673,1.36958,1.36712,1.36906,11713
10.04.2024 11:00:00.000,1.36904,1.37007,1.36861,1.36888,7412
10.04.2024 12:00:00.000,1.36889,1.37022,1.36723,1.36765,12068
10.04.2024 13:00:00.000,1.36775,1.36948,1.36701,1.36921,7002
10.04.2024 14:00:00.000,1.36921,1.36928,1.36745,1.36774,5379
10.04.2024 15:00:00.000,1.36775,1.36836,1.36767,1.36803,2268
10.04.2024 16:00:00.000,1.36804,1.3682,1.36728,1.36807,1873
10.04.2024 17:00:00.000,1.36807,1.36855,1.36807,1.36843,997
10.04.2024 18:00:00.000,1.36844,1.36892,1.36842,1.36883,1818
10.04.2024 19:00:00.000,1.36883,1.36933,1.36853,1.36874,3064
10.04.2024 20:00:00.000,1.36872,1.369,1.36813,1.36836,3598
10.04.2024 21:00:00.000,1.36837,1.36866,1.36792,1.36815,3363
10.04.2024 22:00:00.000,1.36815,1.36836,1.3676,1.36794,3008
10.04.2024 23:00:00.000,1.36797,1.36811,1.36763,1.36766,2892
11.04.2024 00:00:00.000,1.36765,1.36785,1.36741,1.36782,5026
11.04.2024 01:00:00.000,1.36783,1.36951,1.36783,1.36914,3260
11.04.2024 02:00:00.000,1.36911,1.36911,1.36774,1.36802,7082
11.04.2024 03:00:00.000,1.368,1.36865,1.36728,1.36854,6021
11.04.2024 04:00:00.000,1.36854,1.36912,1.36825,1.36879,5524
11.04.2024 05:00:00.000,1.36881,1.36925,1.36856,1.36859,4783
11.04.2024 06:00:00.000,1.36861,1.36915,1.36824,1.36912,4965
11.04.2024 07:00:00.000,1.36913,1.3696,1.36604,1.36697,14641
11.04.2024 08:00:00.000,1.36697,1.36936,1.36629,1.36927,15374
11.04.2024 09:00:00.000,1.36925,1.37244,1.36923,1.37166,13774
11.04.2024 10:00:00.000,1.37166,1.37254,1.37059,1.37062,8107
11.04.2024 11:00:00.000,1.37058,1.37082,1.36984,1.37025,6267
11.04.2024 12:00:00.000,1.37027,1.37075,1.36799,1.36817,6365
11.04.2024 13:00:00.000,1.36816,1.36848,1.36737,1.36846,3036
11.04.2024 14:00:00.000,1.36844,1.36845,1.36764,1.36822,2761
11.04.2024 15:00:00.000,1.36821,1.36892,1.36804,1.36884,1277
11.04.2024 16:00:00.000,1.36874,1.36908,1.36851,1.36903,871
11.04.2024 17:00:00.000,1.36902,1.36902,1.36823,1.36861,753
11.04.2024 18:00:00.000,1.36861,1.36873,1.36832,1.36868,1338
11.04.2024 19:00:00.000,1.36868,1.36916,1.36833,1.36856,2571
11.04.2024 20:00:00.000,1.36854,1.36893,1.36816,1.36847,4056
11.04.2024 21:00:00.000,1.36847,1.36894,1.36838,1.36894,1940
11.04.2024 22:00:00.000,1.36894,1.37023,1.36891,1.37008,1529
11.04.2024 23:00:00.000,1.37008,1.37082,1.36999,1.3708,1587
12.04.2024 00:00:00.000,1.37077,1.37091,1.3704,1.37088,1884
12.04.2024 01:00:00.000,1.37089,1.37233,1.3706,1.37217,4979
12.04.2024 02:00:00.000,1.37215,1.37283,1.37204,1.3723,7237
12.04.2024 03:00:00.000,1.37229,1.37364,1.37207,1.37361,4982
12.04.2024 04:00:00.000,1.3736,1.37418,1.37318,1.37323,4611
12.04.2024 05:00:00.000,1.37323,1.37501,1.37317,1.37483,4816
12.04.2024 06:00:00.000,1.37484,1.37517,1.37376,1.37463,4648
12.04.2024 07:00:00.000,1.37463,1.37708,1.37434,1.37633,9386
12.04.2024 08:00:00.000,1.37633,1.37651,1.37408,1.37509,11722
12.04.2024 09:00:00.000,1.37509,1.37711,1.37473,1.37564,11977
12.04.2024 10:00:00.000,1.37568,1.37645,1.37469,1.37573,10111
12.04.2024 11:00:00.000,1.37571,1.37752,1.37544,1.3773,8630
12.04.2024 12:00:00.000,1.3773,1.37788,1.37644,1.37693,5930
12.04.2024 13:00:00.000,1.37696,1.37839,1.37644,1.37827,4847
12.04.2024 14:00:00.000,1.37826,1.37869,1.37731,1.37762,5666
12.04.2024 15:00:00.000,1.37761,1.37783,1.37679,1.37715,3273
15.04.2024 00:00:00.000,1.37538,1.37574,1.37446,1.37482,5813
15.04.2024 01:00:00.000,1.37484,1.37538,1.37423,1.37508,6039
15.04.2024 02:00:00.000,1.37508,1.37593,1.37456,1.37471,6311
15.04.2024 03:00:00.000,1.3747,1.37478,1.37335,1.37379,6536
15.04.2024 04:00:00.000,1.37379,1.37429,1.37353,1.37403,3952
15.04.2024 05:00:00.000,1.37403,1.3742,1.37338,1.37384,2995
15.04.2024 06:00:00.000,1.37382,1.3745,1.37371,1.37415,4225
15.04.2024 07:00:00.000,1.37418,1.376,1.37338,1.37369,11867
15.04.2024 08:00:00.000,1.37365,1.37503,1.37247,1.37393,9106
15.04.2024 09:00:00.000,1.37393,1.37719,1.37385,1.37678,11792
15.04.2024 10:00:00.000,1.37677,1.37725,1.37495,1.3752,5880
15.04.2024 11:00:00.000,1.3752,1.37677,1.37499,1.37611,5555
15.04.2024 12:00:00.000,1.37613,1.37835,1.37572,1.3773,6655
15.04.2024 13:00:00.000,1.37733,1.37916,1.37722,1.37902,5538
15.04.2024 14:00:00.000,1.37901,1.3793,1.3782,1.37842,4967
15.04.2024 15:00:00.000,1.37846,1.37932,1.37813,1.37872,1575
15.04.2024 16:00:00.000,1.37864,1.37891,1.37843,1.37882,986
15.04.2024 17:00:00.000,1.37883,1.37886,1.37832,1.37843,1744
15.04.2024 18:00:00.000,1.37841,1.37869,1.37832,1.37865,1710
15.04.2024 19:00:00.000,1.37864,1.37948,1.37844,1.37946,2644
15.04.2024 20:00:00.000,1.37946,1.38083,1.37917,1.38001,4797
15.04.2024 21:00:00.000,1.38002,1.38135,1.37979,1.38059,4758
15.04.2024 22:00:00.000,1.38057,1.38091,1.38023,1.38027,2998
15.04.2024 23:00:00.000,1.38027,1.3805,1.37968,1.37975,1666
16.04.2024 00:00:00.000,1.37976,1.37982,1.37894,1.37931,3515
16.04.2024 01:00:00.000,1.37931,1.38106,1.37911,1.38059,5611
16.04.2024 02:00:00.000,1.3806,1.38063,1.37895,1.37954,8096
16.04.2024 03:00:00.000,1.37954,1.38032,1.37933,1.37971,5859
16.04.2024 04:00:00.000,1.37972,1.37993,1.37873,1.37919,6938
16.04.2024 05:00:00.000,1.37917,1.38009,1.37915,1.37967,4904
16.04.2024 06:00:00.000,1.37965,1.37986,1.37736,1.3776,5354
16.04.2024 07:00:00.000,1.37761,1.38221,1.37761,1.38173,9879
16.04.2024 08:00:00.000,1.38173,1.38419,1.38168,1.38419,16635
16.04.2024 09:00:00.000,1.3842,1.38454,1.3825,1.38273,12364
16.04.2024 10:00:00.000,1.38274,1.38281,1.38116,1.38256,9252
16.04.2024 11:00:00.000,1.38256,1.38273,1.38163,1.38223,6149
16.04.2024 12:00:00.000,1.3822,1.38457,1.38166,1.38203,12722
16.04.2024 13:00:00.000,1.382,1.38291,1.38012,1.38091,11547
16.04.2024 14:00:00.000,1.38092,1.38266,1.38078,1.38176,6446
16.04.2024 15:00:00.000,1.38176,1.38315,1.38155,1.3828,2266
16.04.2024 16:00:00.000,1.38271,1.3828,1.38156,1.38274,1098
16.04.2024 17:00:00.000,1.38274,1.38289,1.38186,1.38218,1712
16.04.2024 18:00:00.000,1.38218,1.38229,1.3818,1.38189,1399
16.04.2024 19:00:00.000,1.38191,1.38246,1.38142,1.38219,3421
16.04.2024 20:00:00.000,1.38219,1.3825,1.38135,1.38156,4212
16.04.2024 21:00:00.000,1.38156,1.38196,1.3809,1.3813,5889
16.04.2024 22:00:00.000,1.3813,1.382,1.38107,1.38193,2907
16.04.2024 23:00:00.000,1.38193,1.38221,1.38153,1.38198,3860
17.04.2024 00:00:00.000,1.38197,1.38337,1.38197,1.3831,5380
17.04.2024 01:00:00.000,1.3831,1.38376,1.3806,1.38063,7158
17.04.2024 02:00:00.000,1.38064,1.38202,1.38061,1.38143,5817
17.04.2024 03:00:00.000,1.38144,1.38162,1.38005,1.38063,5708
17.04.2024 04:00:00.000,1.38065,1.38142,1.38016,1.38064,5074
17.04.2024 05:00:00.000,1.38062,1.38095,1.38021,1.38092,3026
17.04.2024 06:00:00.000,1.38091,1.3811,1.38003,1.38095,3568
17.04.2024 07:00:00.000,1.38096,1.38153,1.38028,1.38078,6350
17.04.2024 08:00:00.000,1.38079,1.38095,1.37824,1.37862,13896
17.04.2024 09:00:00.000,1.37861,1.38096,1.37855,1.38052,13764
17.04.2024 10:00:00.000,1.38053,1.38085,1.37913,1.38053,9342
17.04.2024 11:00:00.000,1.38052,1.38181,1.38021,1.3805,8720
17.04.2024 12:00:00.000,1.38047,1.38069,1.37763,1.37777,7994
17.04.2024 13:00:00.000,1.37776,1.37786,1.37593,1.37705,6920
17.04.2024 14:00:00.000,1.37706,1.37826,1.37692,1.37717,8211
17.04.2024 15:00:00.000,1.37716,1.37745,1.37693,1.37719,2270
17.04.2024 16:00:00.000,1.37715,1.37723,1.37627,1.37698,1814
17.04.2024 17:00:00.000,1.37699,1.37709,1.37674,1.37709,1676
17.04.2024 18:00:00.000,1.37707,1.37728,1.37685,1.37713,1426
17.04.2024 19:00:00.000,1.3771,1.37751,1.37685,1.37691,1966
17.04.2024 20:00:00.000,1.3769,1.37717,1.37604,1.37656,3819
17.04.2024 21:00:00.000,1.37654,1.37662,1.37516,1.37555,3800
17.04.2024 22:00:00.000,1.37555,1.37587,1.37495,1.37497,1895
17.04.2024 23:00:00.000,1.37497,1.37544,1.37496,1.3753,1161
18.04.2024 00:00:00.000,1.3753,1.37596,1.37492,1.37519,2736
18.04.2024 01:00:00.000,1.37519,1.37536,1.37413,1.37463,5321
18.04.2024 02:00:00.000,1.37466,1.37584,1.37466,1.37574,5395
18.04.2024 03:00:00.000,1.37575,1.37593,1.37478,1.37537,4068
18.04.2024 04:00:00.000,1.37536,1.37604,1.37523,1.37576,3901
18.04.2024 05:00:00.000,1.37576,1.37606,1.37544,1.37577,3181
18.04.2024 06:00:00.000,1.37576,1.37607,1.37495,1.37514,3827
18.04.2024 07:00:00.000,1.37513,1.37669,1.37492,1.37548,8961
18.04.2024 08:00:00.000,1.37545,1.37714,1.3748,1.37629,14949
18.04.2024 09:00:00.000,1.37629,1.377,1.37499,1.37556,12605
18.04.2024 10:00:00.000,1.37556,1.37667,1.37454,1.37567,7521
18.04.2024 11:00:00.000,1.37565,1.37664,1.3752,1.37642,7581
18.04.2024 12:00:00.000,1.37642,1.37812,1.3764,1.37755,7153
18.04.2024 13:00:00.000,1.37759,1.37809,1.3768,1.3774,7115
18.04.2024 14:00:00.000,1.3774,1.37741,1.37641,1.37675,4298
18.04.2024 15:00:00.000,1.37675,1.37704,1.37651,1.3766,2127
18.04.2024 16:00:00.000,1.37656,1.37689,1.37616,1.37681,1074
18.04.2024 17:00:00.000,1.37681,1.37712,1.37652,1.37712,895
18.04.2024 18:00:00.000,1.37711,1.37732,1.37678,1.37704,1429
18.04.2024 19:00:00.000,1.37706,1.37813,1.37691,1.37789,3660
18.04.2024 20:00:00.000,1.3779,1.37968,1.37667,1.37907,14704
18.04.2024 21:00:00.000,1.37908,1.38042,1.37897,1.37948,12974
18.04.2024 22:00:00.000,1.37946,1.37964,1.37747,1.3778,8055
18.04.2024 23:00:00.000,1.3778,1.37799,1.37721,1.37779,3424
19.04.2024 00:00:00.000,1.37781,1.37816,1.37724,1.37796,3818
19.04.2024 01:00:00.000,1.37796,1.37895,1.37616,1.3763,9741
19.04.2024 02:00:00.000,1.37631,1.37631,1.37459,1.37472,10903
19.04.2024 03:00:00.000,1.37478,1.37646,1.37478,1.37613,9147
19.04.2024 04:00:00.000,1.37613,1.3762,1.37522,1.3757,11679
19.04.2024 05:00:00.000,1.3757,1.37751,1.3757,1.37694,11119
19.04.2024 06:00:00.000,1.37694,1.37737,1.37624,1.37635,7365
19.04.2024 07:00:00.000,1.37635,1.37675,1.37437,1.37567,7727
19.04.2024 08:00:00.000,1.37566,1.37676,1.37423,1.37497,11738
19.04.2024 09:00:00.000,1.37498,1.37506,1.37231,1.37296,11942
19.04.2024 10:00:00.000,1.37298,1.37463,1.3725,1.37437,7860
19.04.2024 11:00:00.000,1.37437,1.37632,1.37397,1.37412,7198
19.04.2024 12:00:00.000,1.37413,1.37468,1.37371,1.37409,6719
19.04.2024 13:00:00.000,1.3741,1.37572,1.3741,1.3752,5870
19.04.2024 14:00:00.000,1.37521,1.37549,1.3746,1.37495,4537
19.04.2024 15:00:00.000,1.37495,1.37512,1.37464,1.37478,2008
22.04.2024 00:00:00.000,1.37275,1.37345,1.37259,1.37273,2548
22.04.2024 01:00:00.000,1.37275,1.3728,1.37184,1.37239,5036
22.04.2024 02:00:00.000,1.3724,1.37387,1.37213,1.37352,5002
22.04.2024 03:00:00.000,1.37352,1.37369,1.37247,1.37288,4839
22.04.2024 04:00:00.000,1.37291,1.37292,1.37166,1.37227,5097
22.04.2024 05:00:00.000,1.37226,1.37234,1.37159,1.37193,3426
22.04.2024 06:00:00.000,1.37193,1.37237,1.37149,1.37166,3237
22.04.2024 07:00:00.000,1.37167,1.37302,1.3716,1.3727,4877
22.04.2024 08:00:00.000,1.37269,1.37493,1.37251,1.37317,8143
22.04.2024 09:00:00.000,1.37316,1.37324,1.37096,1.37241,8152
22.04.2024 10:00:00.000,1.37241,1.37345,1.372,1.3722,8537
22.04.2024 11:00:00.000,1.3722,1.3722,1.37099,1.37101,4212
22.04.2024 12:00:00.000,1.37098,1.37098,1.36955,1.36982,4134
22.04.2024 13:00:00.000,1.36981,1.36998,1.36864,1.36935,3388
22.04.2024 14:00:00.000,1.36936,1.37046,1.36935,1.37018,3639
22.04.2024 15:00:00.000,1.37016,1.37044,1.36971,1.36998,2322
22.04.2024 16:00:00.000,1.36993,1.36996,1.36875,1.36971,1274
22.04.2024 17:00:00.000,1.36977,1.37,1.36958,1.36983,632
22.04.2024 18:00:00.000,1.36981,1.37023,1.3698,1.36996,1022
22.04.2024 19:00:00.000,1.36996,1.36996,1.36923,1.36927,2830
22.04.2024 20:00:00.000,1.36928,1.37047,1.36897,1.37035,5333
22.04.2024 21:00:00.000,1.37034,1.37037,1.36912,1.36942,3970
22.04.2024 22:00:00.000,1.36945,1.37015,1.36924,1.36998,3115
22.04.2024 23:00:00.000,1.37,1.37,1.36949,1.36981,1450
23.04.2024 00:00:00.000,1.3698,1.37039,1.3698,1.36994,3385
23.04.2024 01:00:00.000,1.36995,1.37066,1.36994,1.37041,4477
23.04.2024 02:00:00.000,1.37042,1.3707,1.36882,1.36987,6932
23.04.2024 03:00:00.000,1.36991,1.37081,1.36939,1.3708,5064
23.04.2024 04:00:00.000,1.3708,1.3714,1.37071,1.37097,3419
23.04.2024 05:00:00.000,1.37098,1.37099,1.37033,1.3705,4044
23.04.2024 06:00:00.000,1.3705,1.37115,1.37026,1.37039,3789
23.04.2024 07:00:00.000,1.37039,1.37066,1.36926,1.36933,5851
23.04.2024 08:00:00.000,1.36935,1.37043,1.36579,1.36646,12053
23.04.2024 09:00:00.000,1.3665,1.3672,1.36555,1.36667,13573
23.04.2024 10:00:00.000,1.36666,1.36785,1.36666,1.36761,7173
23.04.2024 11:00:00.000,1.36761,1.3677,1.36653,1.36677,4525
23.04.2024 12:00:00.000,1.3668,1.36683,1.36579,1.36599,4000
23.04.2024 13:00:00.000,1.36599,1.3663,1.36578,1.36607,2965
23.04.2024 14:00:00.000,1.36607,1.36636,1.36586,1.36603,3390
23.04.2024 15:00:00.000,1.36608,1.36632,1.36598,1.3662,1514
23.04.2024 16:00:00.000,1.36616,1.36643,1.36533,1.3662,1199
23.04.2024 17:00:00.000,1.3662,1.36643,1.36592,1.36627,681
23.04.2024 18:00:00.000,1.36623,1.36626,1.36583,1.36614,704
23.04.2024 19:00:00.000,1.36614,1.36636,1.3657,1.36581,1936
23.04.2024 20:00:00.000,1.36582,1.36618,1.36548,1.3658,3495
23.04.2024 21:00:00.000,1.36581,1.36603,1.36544,1.36581,3002
23.04.2024 22:00:00.000,1.36582,1.3665,1.36581,1.36625,2779
23.04.2024 23:00:00.000,1.36626,1.36655,1.36612,1.36645,2367
24.04.2024 00:00:00.000,1.36646,1.36666,1.36598,1.36629,2536
24.04.2024 01:00:00.000,1.36628,1.36746,1.366,1.36731,4470
24.04.2024 02:00:00.000,1.3673,1.36817,1.36703,1.3678,4726
24.04.2024 03:00:00.000,1.36778,1.36825,1.36751,1.36799,3165
24.04.2024 04:00:00.000,1.36798,1.36828,1.36759,1.36823,2781
24.04.2024 05:00:00.000,1.36823,1.36876,1.36752,1.36861,2674
24.04.2024 06:00:00.000,1.36862,1.36898,1.36826,1.36871,3683
24.04.2024 07:00:00.000,1.3687,1.3715,1.36807,1.37113,9142
24.04.2024 08:00:00.000,1.37113,1.3722,1.36966,1.37049,8795
24.04.2024 09:00:00.000,1.37048,1.37197,1.37013,1.37136,6846
24.04.2024 10:00:00.000,1.37134,1.37284,1.37096,1.37217,6333
24.04.2024 11:00:00.000,1.37218,1.37234,1.37159,1.37166,4636
24.04.2024 12:00:00.000,1.37166,1.37182,1.3699,1.37004,4041
24.04.2024 13:00:00.000,1.37004,1.37106,1.37004,1.37051,3572
24.04.2024 14:00:00.000,1.37053,1.37072,1.36943,1.37004,2905
24.04.2024 15:00:00.000,1.37005,1.3706,1.36999,1.37024,1458
24.04.2024 16:00:00.000,1.37018,1.37044,1.36905,1.37032,893
24.04.2024 17:00:00.000,1.37032,1.37067,1.37017,1.37053,935
24.04.2024 18:00:00.000,1.37052,1.37065,1.37033,1.37039,1176
24.04.2024 19:00:00.000,1.37036,1.37041,1.36953,1.36972,3132
24.04.2024 20:00:00.000,1.36973,1.37041,1.36953,1.36991,2953
24.04.2024 21:00:00.000,1.36992,1.37001,1.36917,1.36932,3420
24.04.2024 22:00:00.000,1.36931,1.3698,1.36917,1.36936,2248
24.04.2024 23:00:00.000,1.36937,1.36946,1.36889,1.36908,1357
25.04.2024 00:00:00.000,1.36907,1.36929,1.36883,1.36894,2755
25.04.2024 01:00:00.000,1.36893,1.36925,1.36791,1.36801,4062
25.04.2024 02:00:00.000,1.36801,1.36895,1.36764,1.36798,5030
25.04.2024 03:00:00.000,1.36797,1.36813,1.36705,1.36719,4804
25.04.2024 04:00:00.000,1.3672,1.36777,1.36712,1.3676,3090
25.04.2024 05:00:00.000,1.36761,1.36813,1.36748,1.36805,3041
25.04.2024 06:00:00.000,1.36806,1.36833,1.36649,1.36734,3783
25.04.2024 07:00:00.000,1.36735,1.37126,1.36648,1.37075,13526
25.04.2024 08:00:00.000,1.37075,1.37295,1.37029,1.37232,14835
25.04.2024 09:00:00.000,1.37232,1.37307,1.36972,1.37059,12755
25.04.2024 10:00:00.000,1.3706,1.37104,1.36915,1.3692,6145
25.04.2024 11:00:00.000,1.36921,1.36958,1.36762,1.36794,4342
25.04.2024 12:00:00.000,1.36792,1.36817,1.36624,1.3664,5389
25.04.2024 13:00:00.000,1.3664,1.36725,1.36603,1.36621,5446
25.04.2024 14:00:00.000,1.36623,1.36645,1.36495,1.36623,3914
25.04.2024 15:00:00.000,1.36625,1.36636,1.36525,1.36561,3422
25.04.2024 16:00:00.000,1.36556,1.36595,1.36472,1.36564,831
25.04.2024 17:00:00.000,1.36565,1.36577,1.36534,1.36557,1005
25.04.2024 18:00:00.000,1.36556,1.36591,1.36539,1.36589,852
25.04.2024 19:00:00.000,1.36587,1.36612,1.36563,1.36581,2438
25.04.2024 20:00:00.000,1.36581,1.36598,1.36505,1.36526,4055
25.04.2024 21:00:00.000,1.36527,1.36625,1.36522,1.36592,2605
25.04.2024 22:00:00.000,1.3659,1.366,1.36529,1.36561,5113
25.04.2024 23:00:00.000,1.3656,1.36569,1.3652,1.36524,5361
26.04.2024 00:00:00.000,1.36525,1.36534,1.36446,1.36456,4025
26.04.2024 01:00:00.000,1.36457,1.3646,1.36364,1.36431,4493
26.04.2024 02:00:00.000,1.36431,1.36519,1.36411,1.36479,4341
26.04.2024 03:00:00.000,1.36479,1.36486,1.36373,1.36449,6334
26.04.2024 04:00:00.000,1.36449,1.36535,1.36447,1.36504,3780
26.04.2024 05:00:00.000,1.36505,1.36602,1.36495,1.3657,3099
26.04.2024 06:00:00.000,1.36571,1.3658,1.36516,1.3656,2530
26.04.2024 07:00:00.000,1.36559,1.36646,1.36316,1.36512,12822
26.04.2024 08:00:00.000,1.36511,1.36738,1.36484,1.36612,11054
26.04.2024 09:00:00.000,1.3661,1.36851,1.36558,1.36827,8808
26.04.2024 10:00:00.000,1.36826,1.36953,1.36778,1.36793,5980
26.04.2024 11:00:00.000,1.36793,1.3682,1.36717,1.36724,3360
26.04.2024 12:00:00.000,1.36723,1.36737,1.36678,1.36684,2002
26.04.2024 13:00:00.000,1.36684,1.36684,1.3655,1.3655,4271
26.04.2024 14:00:00.000,1.36551,1.36684,1.36531,1.36664,2270
26.04.2024 15:00:00.000,1.36665,1.367,1.36614,1.36698,3141
29.04.2024 00:00:00.000,1.36383,1.36479,1.36366,1.36433,5330
29.04.2024 01:00:00.000,1.36435,1.36576,1.36415,1.36575,3820
29.04.2024 02:00:00.000,1.36574,1.366,1.36513,1.36563,5152
29.04.2024 03:00:00.000,1.36565,1.36629,1.36502,1.36574,3957
29.04.2024 04:00:00.000,1.36575,1.36616,1.36509,1.3654,4362
29.04.2024 05:00:00.000,1.36542,1.36552,1.36506,1.36527,2687
29.04.2024 06:00:00.000,1.36528,1.36534,1.36459,1.36519,2766
29.04.2024 07:00:00.000,1.3652,1.36677,1.36491,1.36597,3685
29.04.2024 08:00:00.000,1.36595,1.36746,1.36556,1.36703,7343
29.04.2024 09:00:00.000,1.36701,1.36764,1.36485,1.36497,6705
29.04.2024 10:00:00.000,1.36497,1.36565,1.36462,1.36511,5481
29.04.2024 11:00:00.000,1.36511,1.36518,1.36431,1.36504,3936
29.04.2024 12:00:00.000,1.36503,1.36564,1.3647,1.36561,4376
29.04.2024 13:00:00.000,1.3656,1.36628,1.3654,1.36598,4336
29.04.2024 14:00:00.000,1.36598,1.36722,1.36597,1.36619,8638
29.04.2024 15:00:00.000,1.36618,1.3662,1.36577,1.36601,2046
29.04.2024 16:00:00.000,1.36593,1.36632,1.3656,1.36616,1712
29.04.2024 17:00:00.000,1.36618,1.36653,1.36585,1.36631,767
29.04.2024 18:00:00.000,1.3663,1.36676,1.36621,1.36673,1349
29.04.2024 19:00:00.000,1.36673,1.36716,1.36622,1.36676,2904
29.04.2024 20:00:00.000,1.36675,1.36738,1.36623,1.36732,2639
29.04.2024 21:00:00.000,1.3673,1.36787,1.3672,1.36748,3269
29.04.2024 22:00:00.000,1.36748,1.36819,1.36741,1.36798,3407
29.04.2024 23:00:00.000,1.36797,1.36833,1.36787,1.36808,2069
30.04.2024 00:00:00.000,1.36808,1.36951,1.36807,1.36939,3388
30.04.2024 01:00:00.000,1.36939,1.37005,1.36897,1.36934,4420
30.04.2024 02:00:00.000,1.36932,1.36951,1.36872,1.36919,4850
30.04.2024 03:00:00.000,1.36919,1.36992,1.36916,1.36962,3481
30.04.2024 04:00:00.000,1.36963,1.36963,1.3681,1.36854,4490
30.04.2024 05:00:00.000,1.36856,1.36885,1.36819,1.36847,3812
30.04.2024 06:00:00.000,1.36848,1.36933,1.36848,1.36907,3764
30.04.2024 07:00:00.000,1.36907,1.37358,1.36734,1.37321,13292
30.04.2024 08:00:00.000,1.37321,1.37543,1.37189,1.37508,15581
30.04.2024 09:00:00.000,1.37499,1.37539,1.37249,1.37384,14579
30.04.2024 10:00:00.000,1.37385,1.37529,1.37333,1.37477,7690
30.04.2024 11:00:00.000,1.37477,1.37606,1.37445,1.37547,6165
30.04.2024 12:00:00.000,1.37546,1.37595,1.37509,1.3753,5295
30.04.2024 13:00:00.000,1.3753,1.37654,1.37502,1.37609,3633
30.04.2024 14:00:00.000,1.3761,1.37674,1.37559,1.37673,4067
30.04.2024 15:00:00.000,1.37673,1.37842,1.37648,1.37772,3734
30.04.2024 16:00:00.000,1.3776,1.3776,1.37673,1.37723,1052
30.04.2024 17:00:00.000,1.37727,1.37798,1.37727,1.37773,1538
30.04.2024 18:00:00.000,1.37776,1.37813,1.37746,1.37771,2468
30.04.2024 19:00:00.000,1.37772,1.37826,1.37734,1.37789,5720
30.04.2024 20:00:00.000,1.37788,1.378,1.37728,1.37759,3289
30.04.2024 21:00:00.000,1.37761,1.37799,1.37752,1.37754,3538
30.04.2024 22:00:00.000,1.37754,1.37822,1.3775,1.37795,1159
30.04.2024 23:00:00.000,1.37796,1.37814,1.37773,1.37786,846
01.05.2024 00:00:00.000,1.37787,1.37811,1.37749,1.37794,2668
01.05.2024 01:00:00.000,1.37796,1.37821,1.37745,1.37802,2505
01.05.2024 02:00:00.000,1.378,1.3781,1.37709,1.37719,2131
01.05.2024 03:00:00.000,1.37721,1.37752,1.37684,1.37717,2639
01.05.2024 04:00:00.000,1.37717,1.37754,1.37687,1.37724,2852
01.05.2024 05:00:00.000,1.37725,1.37758,1.377,1.37712,2442
01.05.2024 06:00:00.000,1.37711,1.3773,1.37657,1.37709,1727
01.05.2024 07:00:00.000,1.37708,1.37709,1.37578,1.37615,9077
01.05.2024 08:00:00.000,1.37616,1.37666,1.37544,1.37578,8620
01.05.2024 09:00:00.000,1.37571,1.37735,1.37449,1.37664,13115
01.05.2024 10:00:00.000,1.37663,1.37702,1.3754,1.37598,5389
01.05.2024 11:00:00.000,1.37599,1.37677,1.37598,1.3767,4448
01.05.2024 12:00:00.000,1.37667,1.37737,1.37621,1.37662,4606
01.05.2024 13:00:00.000,1.3766,1.37747,1.3703,1.37095,26916
01.05.2024 14:00:00.000,1.37094,1.37588,1.37038,1.37586,17258
01.05.2024 15:00:00.000,1.37585,1.37606,1.37318,1.37381,5483
01.05.2024 16:00:00.000,1.37377,1.37401,1.37222,1.37361,993
01.05.2024 17:00:00.000,1.37353,1.37353,1.37279,1.37279,1407
01.05.2024 18:00:00.000,1.37279,1.37312,1.37221,1.37247,1788
01.05.2024 19:00:00.000,1.37246,1.37324,1.37208,1.37321,2982
01.05.2024 20:00:00.000,1.37322,1.37365,1.3725,1.37274,2515
01.05.2024 21:00:00.000,1.37273,1.37273,1.3716,1.37178,4448
01.05.2024 22:00:00.000,1.37178,1.37283,1.37178,1.37256,2414
01.05.2024 23:00:00.000,1.37255,1.37257,1.37197,1.37223,2745
02.05.2024 00:00:00.000,1.37226,1.37245,1.37175,1.37205,2451
02.05.2024 01:00:00.000,1.37206,1.37237,1.37094,1.372,5028
02.05.2024 02:00:00.000,1.37205,1.37247,1.37048,1.37118,6107
02.05.2024 03:00:00.000,1.37117,1.37206,1.37046,1.37168,4859
02.05.2024 04:00:00.000,1.37168,1.37212,1.37094,1.3717,4143
02.05.2024 05:00:00.000,1.37169,1.37262,1.37168,1.37237,3679
02.05.2024 06:00:00.000,1.37235,1.37284,1.37196,1.37208,3486
02.05.2024 07:00:00.000,1.37206,1.37221,1.3704,1.37192,8269
02.05.2024 08:00:00.000,1.37191,1.37256,1.37071,1.37171,12660
02.05.2024 09:00:00.000,1.37171,1.37291,1.37027,1.37083,11682
02.05.2024 10:00:00.000,1.37084,1.37115,1.36946,1.36972,9576
02.05.2024 11:00:00.000,1.36972,1.37027,1.36854,1.36898,5743
02.05.2024 12:00:00.000,1.36896,1.36915,1.368,1.36849,4547
02.05.2024 13:00:00.000,1.36851,1.36861,1.3669,1.36697,3959
02.05.2024 14:00:00.000,1.36699,1.36832,1.36699,1.36759,3778
02.05.2024 15:00:00.000,1.3676,1.36785,1.36716,1.36726,2484
02.05.2024 16:00:00.000,1.36722,1.36765,1.36696,1.3671,2109
02.05.2024 17:00:00.000,1.36711,1.3672,1.36674,1.36679,949
02.05.2024 18:00:00.000,1.36676,1.36702,1.36653,1.36658,1352
02.05.2024 19:00:00.000,1.36659,1.36732,1.36617,1.36629,2025
02.05.2024 20:00:00.000,1.36628,1.3665,1.3655,1.36608,5494
02.05.2024 21:00:00.000,1.36607,1.36653,1.36586,1.36629,4159
02.05.2024 22:00:00.000,1.36628,1.36649,1.36601,1.36631,2820
02.05.2024 23:00:00.000,1.36629,1.36667,1.36621,1.36655,3172
03.05.2024 00:00:00.000,1.36656,1.36666,1.36574,1.36618,4186
03.05.2024 01:00:00.000,1.36616,1.36709,1.36616,1.36696,3743
03.05.2024 02:00:00.000,1.36696,1.36751,1.36661,1.36692,4125
03.05.2024 03:00:00.000,1.36694,1.36716,1.36612,1.36626,4349
03.05.2024 04:00:00.000,1.36626,1.36671,1.36606,1.36638,4294
03.05.2024 05:00:00.000,1.36638,1.36679,1.36606,1.36609,5647
03.05.2024 06:00:00.000,1.36609,1.36682,1.36604,1.36646,3429
03.05.2024 07:00:00.000,1.36643,1.36678,1.36092,1.36272,17568
03.05.2024 08:00:00.000,1.36272,1.36483,1.36258,1.36452,21235
03.05.2024 09:00:00.000,1.36454,1.36913,1.36215,1.36785,30144
03.05.2024 10:00:00.000,1.36786,1.36904,1.3674,1.36833,11212
03.05.2024 11:00:00.000,1.3683,1.36875,1.36755,1.3685,5746
03.05.2024 12:00:00.000,1.3685,1.36889,1.36792,1.36823,3724
03.05.2024 13:00:00.000,1.36822,1.3684,1.36795,1.36811,3418
03.05.2024 14:00:00.000,1.36812,1.36835,1.36787,1.36794,3356
03.05.2024 15:00:00.000,1.36794,1.36861,1.3679,1.36839,2312
06.05.2024 00:00:00.000,1.3686,1.36885,1.36813,1.36831,3057
06.05.2024 01:00:00.000,1.3683,1.36838,1.36734,1.36761,2690
06.05.2024 02:00:00.000,1.36763,1.36822,1.3672,1.36804,2920
06.05.2024 03:00:00.000,1.36805,1.36846,1.36754,1.36783,3729
06.05.2024 04:00:00.000,1.36782,1.36801,1.36751,1.36755,2807
06.05.2024 05:00:00.000,1.36753,1.36762,1.36711,1.36743,3902
06.05.2024 06:00:00.000,1.36742,1.36758,1.36682,1.36706,3295
06.05.2024 07:00:00.000,1.36705,1.36731,1.36591,1.36604,4990
06.05.2024 08:00:00.000,1.36605,1.36623,1.36511,1.36527,5189
06.05.2024 09:00:00.000,1.36528,1.36548,1.36474,1.36521,4548
06.05.2024 10:00:00.000,1.36521,1.36607,1.36521,1.36565,3010
06.05.2024 11:00:00.000,1.36566,1.3669,1.36559,1.36629,3957
06.05.2024 12:00:00.000,1.36629,1.3665,1.36591,1.36618,2795
06.05.2024 13:00:00.000,1.36619,1.36619,1.36568,1.36596,1572
06.05.2024 14:00:00.000,1.36596,1.36716,1.36585,1.36654,2147
06.05.2024 15:00:00.000,1.36653,1.3669,1.36631,1.36644,1269
06.05.2024 16:00:00.000,1.36637,1.36665,1.36564,1.36639,1156
06.05.2024 17:00:00.000,1.36638,1.36686,1.36633,1.36685,665
06.05.2024 18:00:00.000,1.36686,1.36725,1.36674,1.36704,1602
06.05.2024 19:00:00.000,1.36701,1.36702,1.36614,1.36631,2556
06.05.2024 20:00:00.000,1.3663,1.36781,1.36604,1.36737,4345
06.05.2024 21:00:00.000,1.36737,1.36803,1.3673,1.36772,3495
06.05.2024 22:00:00.000,1.36772,1.36774,1.36694,1.36707,1674
06.05.2024 23:00:00.000,1.36708,1.36826,1.36703,1.3678,3274
07.05.2024 00:00:00.000,1.3678,1.36824,1.3674,1.36808,3653
07.05.2024 01:00:00.000,1.36808,1.36905,1.36803,1.36837,5454
07.05.2024 02:00:00.000,1.36837,1.3686,1.36795,1.36829,3809
07.05.2024 03:00:00.000,1.3683,1.3687,1.36766,1.36781,2615
07.05.2024 04:00:00.000,1.36782,1.36887,1.36779,1.36839,3465
07.05.2024 05:00:00.000,1.36838,1.36849,1.36787,1.368,2496
07.05.2024 06:00:00.000,1.36799,1.36826,1.36768,1.36799,3329
07.05.2024 07:00:00.000,1.36799,1.36832,1.36714,1.36733,4347
07.05.2024 08:00:00.000,1.36731,1.36871,1.3669,1.3687,4992
07.05.2024 09:00:00.000,1.36871,1.36927,1.36794,1.36799,5549
07.05.2024 10:00:00.000,1.36799,1.37169,1.36776,1.37128,5292
07.05.2024 11:00:00.000,1.37126,1.37163,1.37047,1.37122,4609
07.05.2024 12:00:00.000,1.37123,1.37294,1.37116,1.37291,3946
07.05.2024 13:00:00.000,1.3729,1.37407,1.37276,1.37327,2798
07.05.2024 14:00:00.000,1.37329,1.37341,1.37233,1.37249,4086
07.05.2024 15:00:00.000,1.37249,1.37273,1.3723,1.37253,1652
07.05.2024 16:00:00.000,1.3724,1.37274,1.37127,1.37237,2288
07.05.2024 17:00:00.000,1.37238,1.37325,1.37238,1.37311,761
07.05.2024 18:00:00.000,1.37308,1.3735,1.37307,1.37329,2063
07.05.2024 19:00:00.000,1.37336,1.37385,1.37302,1.37375,2279
07.05.2024 20:00:00.000,1.37375,1.37482,1.37369,1.37481,5215
07.05.2024 21:00:00.000,1.3748,1.37522,1.3746,1.37511,4816
07.05.2024 22:00:00.000,1.37511,1.37533,1.37467,1.37527,4434
07.05.2024 23:00:00.000,1.37527,1.37543,1.37511,1.37529,4103
08.05.2024 00:00:00.000,1.37529,1.37552,1.37503,1.37535,3162
08.05.2024 01:00:00.000,1.37536,1.37575,1.37494,1.37564,4392
08.05.2024 02:00:00.000,1.37562,1.37593,1.37501,1.37555,4513
08.05.2024 03:00:00.000,1.37557,1.37604,1.37538,1.37555,3697
08.05.2024 04:00:00.000,1.37554,1.37576,1.37458,1.37472,3855
08.05.2024 05:00:00.000,1.3747,1.37502,1.37447,1.37463,2914
08.05.2024 06:00:00.000,1.37462,1.37598,1.37455,1.37574,3532
08.05.2024 07:00:00.000,1.37573,1.37622,1.37505,1.37507,5921
08.05.2024 08:00:00.000,1.37506,1.37511,1.37336,1.37397,7259
08.05.2024 09:00:00.000,1.37395,1.37411,1.37188,1.37205,5917
08.05.2024 10:00:00.000,1.37204,1.37297,1.3717,1.37185,4943
08.05.2024 11:00:00.000,1.37185,1.37345,1.37177,1.37266,4191
08.05.2024 12:00:00.000,1.37265,1.3731,1.37254,1.37289,3371
08.05.2024 13:00:00.000,1.37288,1.37321,1.37251,1.37309,2466
08.05.2024 14:00:00.000,1.37308,1.37348,1.37297,1.3732,2210
08.05.2024 15:00:00.000,1.37318,1.37338,1.37193,1.37202,1576
08.05.2024 16:00:00.000,1.37191,1.3725,1.37137,1.37231,812
08.05.2024 17:00:00.000,1.37232,1.37251,1.3721,1.37211,881
08.05.2024 18:00:00.000,1.37215,1.37279,1.37205,1.37278,1422
08.05.2024 19:00:00.000,1.3728,1.37338,1.37268,1.37314,2494
08.05.2024 20:00:00.000,1.37314,1.37343,1.37211,1.37239,3540
08.05.2024 21:00:00.000,1.3724,1.37293,1.37236,1.37281,1935
08.05.2024 22:00:00.000,1.3728,1.37284,1.372,1.37231,3573
08.05.2024 23:00:00.000,1.37231,1.37268,1.37211,1.37261,1974
09.05.2024 00:00:00.000,1.3726,1.37283,1.37238,1.37268,2665
09.05.2024 01:00:00.000,1.37269,1.37376,1.37265,1.37363,3254
09.05.2024 02:00:00.000,1.37361,1.37367,1.37307,1.37325,3470
09.05.2024 03:00:00.000,1.37326,1.37351,1.3729,1.37313,3989
09.05.2024 04:00:00.000,1.37313,1.37351,1.3728,1.37292,2727
09.05.2024 05:00:00.000,1.37292,1.37293,1.37212,1.37255,3430
09.05.2024 06:00:00.000,1.37255,1.37289,1.37216,1.3725,5334
09.05.2024 07:00:00.000,1.37251,1.37254,1.37049,1.37067,7518
09.05.2024 08:00:00.000,1.37067,1.37213,1.3696,1.36971,8783
09.05.2024 09:00:00.000,1.3697,1.36972,1.36847,1.36917,5649
09.05.2024 10:00:00.000,1.36917,1.36937,1.36799,1.36913,4413
09.05.2024 11:00:00.000,1.36916,1.36919,1.36838,1.36857,5239
09.05.2024 12:00:00.000,1.36857,1.36891,1.36806,1.36849,5140
09.05.2024 13:00:00.000,1.3685,1.36881,1.36763,1.36764,4078
09.05.2024 14:00:00.000,1.36765,1.36793,1.36743,1.36756,3810
09.05.2024 15:00:00.000,1.36753,1.36779,1.3674,1.36759,2124
09.05.2024 16:00:00.000,1.36748,1.36793,1.36713,1.36773,993
09.05.2024 17:00:00.000,1.36774,1.36774,1.36716,1.36737,786
09.05.2024 18:00:00.000,1.36736,1.36778,1.36724,1.36775,1212
09.05.2024 19:00:00.000,1.36775,1.3682,1.36761,1.36803,2205
09.05.2024 20:00:00.000,1.36804,1.36819,1.36737,1.36814,5366
09.05.2024 21:00:00.000,1.36816,1.369,1.36816,1.36867,2384
09.05.2024 22:00:00.000,1.36865,1.3689,1.36856,1.36874,2079
09.05.2024 23:00:00.000,1.36874,1.36878,1.36849,1.36866,1042
10.05.2024 00:00:00.000,1.36866,1.36866,1.36818,1.36854,2583
10.05.2024 01:00:00.000,1.36854,1.36856,1.36792,1.36796,5019
10.05.2024 02:00:00.000,1.36797,1.36844,1.36767,1.36811,3243
10.05.2024 03:00:00.000,1.3681,1.36845,1.36775,1.36824,2983
10.05.2024 04:00:00.000,1.36823,1.36857,1.368,1.36828,2965
10.05.2024 05:00:00.000,1.36828,1.36886,1.36805,1.36816,3513
10.05.2024 06:00:00.000,1.36815,1.36837,1.36787,1.36814,2393
10.05.2024 07:00:00.000,1.36816,1.36823,1.3632,1.36485,8862
10.05.2024 08:00:00.000,1.36484,1.36519,1.3635,1.36376,7880
10.05.2024 09:00:00.000,1.36383,1.36732,1.36369,1.36656,9689
10.05.2024 10:00:00.000,1.36656,1.36727,1.36607,1.3664,4866
10.05.2024 11:00:00.000,1.36641,1.36697,1.36606,1.36692,4509
10.05.2024 12:00:00.000,1.3669,1.3673,1.36678,1.36697,2532
10.05.2024 13:00:00.000,1.36696,1.36764,1.36693,1.36721,1644
10.05.2024 14:00:00.000,1.36722,1.36744,1.36663,1.36709,2320
10.05.2024 15:00:00.000,1.36707,1.36737,1.36696,1.36704,2002
13.05.2024 00:00:00.000,1.36828,1.36842,1.36787,1.36841,1683
13.05.2024 01:00:00.000,1.3684,1.36847,1.36789,1.36816,4360
13.05.2024 02:00:00.000,1.36816,1.36837,1.36746,1.36754,3443
13.05.2024 03:00:00.000,1.36753,1.36771,1.36711,1.36717,4560
13.05.2024 04:00:00.000,1.36715,1.36799,1.36688,1.36795,3030
13.05.2024 05:00:00.000,1.36796,1.3681,1.36763,1.36773,2251
13.05.2024 06:00:00.000,1.36773,1.36784,1.36708,1.36726,2293
13.05.2024 07:00:00.000,1.36727,1.36733,1.3664,1.36725,4700
13.05.2024 08:00:00.000,1.36726,1.36733,1.36602,1.36632,6960
13.05.2024 09:00:00.000,1.36633,1.3677,1.36632,1.36689,6784
13.05.2024 10:00:00.000,1.36688,1.36844,1.36686,1.36759,6064
13.05.2024 11:00:00.000,1.36759,1.36766,1.36707,1.36731,3004
13.05.2024 12:00:00.000,1.36731,1.3679,1.36719,1.36746,1953
13.05.2024 13:00:00.000,1.36746,1.36758,1.36692,1.36697,1407
13.05.2024 14:00:00.000,1.36698,1.36716,1.36674,1.36685,2522
13.05.2024 15:00:00.000,1.36689,1.36714,1.36646,1.36652,1818
13.05.2024 16:00:00.000,1.36652,1.36681,1.36638,1.36675,553
13.05.2024 17:00:00.000,1.36673,1.36691,1.36659,1.36689,551
13.05.2024 18:00:00.000,1.36689,1.36691,1.3665,1.3666,1075
13.05.2024 19:00:00.000,1.3666,1.36737,1.36657,1.36712,1761
13.05.2024 20:00:00.000,1.3671,1.36789,1.36684,1.36766,1898
13.05.2024 21:00:00.000,1.36766,1.36847,1.36765,1.3683,1804
13.05.2024 22:00:00.000,1.36831,1.36845,1.36766,1.36791,2976
13.05.2024 23:00:00.000,1.36792,1.36802,1.36777,1.36785,3616
14.05.2024 00:00:00.000,1.36785,1.36794,1.36758,1.36779,2981
14.05.2024 01:00:00.000,1.36778,1.36789,1.36739,1.36763,3821
14.05.2024 02:00:00.000,1.36765,1.36792,1.36749,1.36754,2398
14.05.2024 03:00:00.000,1.36753,1.36819,1.36751,1.36769,3363
14.05.2024 04:00:00.000,1.36772,1.36772,1.36686,1.36704,2623
14.05.2024 05:00:00.000,1.36705,1.36714,1.36673,1.36684,4509
14.05.2024 06:00:00.000,1.36684,1.36685,1.36633,1.36663,3563
14.05.2024 07:00:00.000,1.36663,1.36899,1.36421,1.36468,11795
14.05.2024 08:00:00.000,1.3647,1.3651,1.36321,1.36339,9588
14.05.2024 09:00:00.000,1.36337,1.3655,1.3633,1.36442,7903
14.05.2024 10:00:00.000,1.36444,1.36547,1.36438,1.36512,5416
14.05.2024 11:00:00.000,1.36515,1.36618,1.36509,1.36601,3816
14.05.2024 12:00:00.000,1.36601,1.36645,1.36595,1.36613,1821
14.05.2024 13:00:00.000,1.36613,1.36617,1.36496,1.36518,2473
14.05.2024 14:00:00.000,1.36518,1.36528,1.36462,1.3649,2052
14.05.2024 15:00:00.000,1.3649,1.36522,1.36483,1.36497,1454
14.05.2024 16:00:00.000,1.36492,1.36525,1.36368,1.36503,1323
14.05.2024 17:00:00.000,1.36502,1.36532,1.36497,1.36514,758
14.05.2024 18:00:00.000,1.36514,1.36544,1.36514,1.36534,504
14.05.2024 19:00:00.000,1.36536,1.36538,1.36468,1.365,2198
14.05.2024 20:00:00.000,1.36499,1.3652,1.36453,1.36457,2834
14.05.2024 21:00:00.000,1.36456,1.36478,1.36411,1.3643,1904
14.05.2024 22:00:00.000,1.36429,1.36435,1.3637,1.36381,3596
14.05.2024 23:00:00.000,1.36381,1.36447,1.36379,1.36439,2242
15.05.2024 00:00:00.000,1.3644,1.36447,1.36376,1.36385,2171
15.05.2024 01:00:00.000,1.36384,1.36422,1.36373,1.36375,2364
15.05.2024 02:00:00.000,1.36374,1.36386,1.36327,1.3634,4541
15.05.2024 03:00:00.000,1.36341,1.36347,1.36243,1.36253,3161
15.05.2024 04:00:00.000,1.36254,1.36311,1.3625,1.36296,2652
15.05.2024 05:00:00.000,1.36295,1.36347,1.3628,1.3633,3649
15.05.2024 06:00:00.000,1.36331,1.3636,1.36308,1.36326,2326
15.05.2024 07:00:00.000,1.36329,1.3636,1.35895,1.36209,13774
15.05.2024 08:00:00.000,1.3621,1.36547,1.36135,1.36515,12544
15.05.2024 09:00:00.000,1.36515,1.36603,1.36293,1.36305,8741
15.05.2024 10:00:00.000,1.36305,1.36316,1.35941,1.36136,7194
15.05.2024 11:00:00.000,1.36135,1.3618,1.35992,1.36,4911
15.05.2024 12:00:00.000,1.36001,1.36028,1.35949,1.35984,3615
15.05.2024 13:00:00.000,1.35983,1.3606,1.35977,1.36021,2592
15.05.2024 14:00:00.000,1.36022,1.36069,1.36008,1.36058,2937
15.05.2024 15:00:00.000,1.36058,1.36073,1.36011,1.36018,2571
15.05.2024 16:00:00.000,1.36008,1.36055,1.35936,1.36012,1576
15.05.2024 17:00:00.000,1.36011,1.36048,1.35976,1.36001,900
15.05.2024 18:00:00.000,1.36,1.36012,1.35941,1.35976,1321
15.05.2024 19:00:00.000,1.35974,1.36004,1.35893,1.35901,4267
15.05.2024 20:00:00.000,1.35901,1.36108,1.359,1.3607,5861
15.05.2024 21:00:00.000,1.36069,1.36116,1.36002,1.36011,3920
15.05.2024 22:00:00.000,1.36011,1.36044,1.35959,1.36019,1873
15.05.2024 23:00:00.000,1.3602,1.36078,1.36019,1.36077,2169
16.05.2024 00:00:00.000,1.36077,1.36125,1.36058,1.36125,2289
16.05.2024 01:00:00.000,1.36126,1.36232,1.36124,1.36229,3339
16.05.2024 02:00:00.000,1.36228,1.36237,1.36159,1.36179,4130
16.05.2024 03:00:00.000,1.3618,1.36253,1.36154,1.36226,4469
16.05.2024 04:00:00.000,1.36225,1.36282,1.36212,1.36242,2153
16.05.2024 05:00:00.000,1.36243,1.36307,1.36227,1.36302,1934
16.05.2024 06:00:00.000,1.36301,1.36342,1.36278,1.36318,3980
16.05.2024 07:00:00.000,1.36318,1.36334,1.3617,1.36303,9289
16.05.2024 08:00:00.000,1.36302,1.36402,1.36234,1.3639,6902
16.05.2024 09:00:00.000,1.36387,1.36407,1.36149,1.36149,5767
16.05.2024 10:00:00.000,1.36148,1.36223,1.36067,1.36071,4526
16.05.2024 11:00:00.000,1.36072,1.36192,1.36071,1.36158,2554
16.05.2024 12:00:00.000,1.36158,1.36205,1.36138,1.36147,2259
16.05.2024 13:00:00.000,1.36147,1.3621,1.36121,1.36124,1803
16.05.2024 14:00:00.000,1.36124,1.36178,1.36109,1.36166,2015
16.05.2024 15:00:00.000,1.36165,1.3619,1.36158,1.3617,1168
16.05.2024 16:00:00.000,1.36158,1.36158,1.36025,1.36133,2435
16.05.2024 17:00:00.000,1.36129,1.36174,1.36107,1.3617,799
16.05.2024 18:00:00.000,1.36171,1.36189,1.36131,1.36147,892
16.05.2024 19:00:00.000,1.36146,1.36227,1.36127,1.36212,1852
16.05.2024 20:00:00.000,1.36212,1.36288,1.36187,1.36229,4052
16.05.2024 21:00:00.000,1.36229,1.36311,1.36215,1.36277,2820
16.05.2024 22:00:00.000,1.36278,1.36278,1.36241,1.36256,1568
16.05.2024 23:00:00.000,1.36256,1.36269,1.36246,1.36247,1186
17.05.2024 00:00:00.000,1.36248,1.36255,1.36189,1.36202,2153
17.05.2024 01:00:00.000,1.36205,1.36255,1.36159,1.36239,3719
17.05.2024 02:00:00.000,1.36235,1.36318,1.3618,1.36305,2243
17.05.2024 03:00:00.000,1.36304,1.36412,1.36296,1.36362,5061
17.05.2024 04:00:00.000,1.36362,1.36415,1.36353,1.36385,3354
17.05.2024 05:00:00.000,1.36385,1.36422,1.3636,1.36421,2624
17.05.2024 06:00:00.000,1.3642,1.36433,1.3634,1.3635,3650
17.05.2024 07:00:00.000,1.36352,1.36377,1.36263,1.36263,4138
17.05.2024 08:00:00.000,1.36263,1.3629,1.36138,1.36229,5398
17.05.2024 09:00:00.000,1.36227,1.36229,1.36015,1.36041,5597
17.05.2024 10:00:00.000,1.36041,1.36174,1.36006,1.36163,5764
17.05.2024 11:00:00.000,1.36163,1.36203,1.36071,1.36138,4573
17.05.2024 12:00:00.000,1.36138,1.36142,1.36062,1.3611,3013
17.05.2024 13:00:00.000,1.36109,1.36207,1.36059,1.36078,4598
17.05.2024 14:00:00.000,1.3608,1.36118,1.36078,1.36079,3153
17.05.2024 15:00:00.000,1.3608,1.36118,1.36079,1.36109,2010
20.05.2024 00:00:00.000,1.3602,1.36055,1.3601,1.36051,4026
20.05.2024 01:00:00.000,1.36051,1.36144,1.36025,1.36137,4516
20.05.2024 02:00:00.000,1.36138,1.36184,1.36089,1.36128,4337
20.05.2024 03:00:00.000,1.3613,1.36162,1.36095,1.36108,4305
20.05.2024 04:00:00.000,1.36111,1.36151,1.36101,1.36126,1706
20.05.2024 05:00:00.000,1.36126,1.36175,1.36095,1.36174,2130
20.05.2024 06:00:00.000,1.36175,1.36213,1.36161,1.36212,1630
20.05.2024 07:00:00.000,1.36211,1.36349,1.36203,1.36318,4429
20.05.2024 08:00:00.000,1.36321,1.36322,1.36083,1.36096,6197
20.05.2024 09:00:00.000,1.36096,1.36106,1.35958,1.36035,5695
20.05.2024 10:00:00.000,1.36036,1.36171,1.36035,1.36129,4780
20.05.2024 11:00:00.000,1.36128,1.36197,1.3611,1.36163,4276
20.05.2024 12:00:00.000,1.36163,1.36216,1.36115,1.36198,5229
20.05.2024 13:00:00.000,1.36197,1.36261,1.36174,1.36205,4645
20.05.2024 14:00:00.000,1.36209,1.36241,1.36203,1.36225,3022
20.05.2024 15:00:00.000,1.36225,1.36253,1.36224,1.36243,1006
20.05.2024 16:00:00.000,1.36233,1.36233,1.36218,1.36225,572
20.05.2024 17:00:00.000,1.36223,1.36253,1.36221,1.36227,332
20.05.2024 18:00:00.000,1.36229,1.36255,1.36219,1.3623,866
20.05.2024 19:00:00.000,1.36231,1.36292,1.36223,1.36274,2145
20.05.2024 20:00:00.000,1.36273,1.3638,1.3626,1.36373,4097
20.05.2024 21:00:00.000,1.36373,1.36436,1.36361,1.36374,3229
20.05.2024 22:00:00.000,1.36376,1.36413,1.36347,1.36385,2695
20.05.2024 23:00:00.000,1.36384,1.36387,1.36339,1.36352,2303
21.05.2024 00:00:00.000,1.36352,1.36372,1.36331,1.36343,1572
21.05.2024 01:00:00.000,1.36344,1.36367,1.3628,1.36335,5508
21.05.2024 02:00:00.000,1.36335,1.3636,1.36242,1.36353,3635
21.05.2024 03:00:00.000,1.36352,1.36382,1.36288,1.363,3222
21.05.2024 04:00:00.000,1.363,1.36315,1.36256,1.36295,3147
21.05.2024 05:00:00.000,1.36293,1.36314,1.36267,1.36293,2449
21.05.2024 06:00:00.000,1.36293,1.36306,1.36151,1.36155,4344
21.05.2024 07:00:00.000,1.36154,1.36641,1.36145,1.3658,8723
21.05.2024 08:00:00.000,1.36581,1.3675,1.36466,1.36626,13242
21.05.2024 09:00:00.000,1.36625,1.3663,1.36378,1.36392,6540
21.05.2024 10:00:00.000,1.36395,1.36479,1.3637,1.36455,4718
21.05.2024 11:00:00.000,1.36452,1.3652,1.36448,1.3648,3519
21.05.2024 12:00:00.000,1.36482,1.36559,1.3647,1.36475,2671
21.05.2024 13:00:00.000,1.36475,1.36549,1.36474,1.3653,2459
21.05.2024 14:00:00.000,1.36529,1.36551,1.36471,1.36487,3285
21.05.2024 15:00:00.000,1.36486,1.36547,1.36485,1.36537,1188
21.05.2024 16:00:00.000,1.36533,1.36534,1.36227,1.36362,2495
21.05.2024 17:00:00.000,1.3636,1.36434,1.3636,1.36389,617
21.05.2024 18:00:00.000,1.3639,1.36405,1.36356,1.36404,937
21.05.2024 19:00:00.000,1.36404,1.36404,1.36344,1.36371,2363
21.05.2024 20:00:00.000,1.36372,1.36392,1.36298,1.36313,3799
21.05.2024 21:00:00.000,1.36314,1.36356,1.36231,1.36328,3718
21.05.2024 22:00:00.000,1.36328,1.36411,1.36322,1.36404,2084
21.05.2024 23:00:00.000,1.36404,1.3644,1.36388,1.3643,1151
22.05.2024 00:00:00.000,1.36429,1.3644,1.36373,1.36387,1583
22.05.2024 01:00:00.000,1.36382,1.3652,1.36362,1.3649,4013
22.05.2024 02:00:00.000,1.36489,1.36612,1.36487,1.36558,3893
22.05.2024 03:00:00.000,1.3656,1.36627,1.36543,1.366,3998
22.05.2024 04:00:00.000,1.366,1.36679,1.36558,1.36563,4741
22.05.2024 05:00:00.000,1.36561,1.36561,1.36484,1.36544,4387
22.05.2024 06:00:00.000,1.36545,1.36772,1.36521,1.36746,4180
22.05.2024 07:00:00.000,1.36744,1.36781,1.367,1.36748,6404
22.05.2024 08:00:00.000,1.36748,1.36749,1.366,1.3667,7314
22.05.2024 09:00:00.000,1.36669,1.36768,1.36666,1.36714,8305
22.05.2024 10:00:00.000,1.36713,1.36732,1.36642,1.36687,4825
22.05.2024 11:00:00.000,1.36688,1.36713,1.36573,1.36618,4660
22.05.2024 12:00:00.000,1.36617,1.36726,1.36563,1.36687,4627
22.05.2024 13:00:00.000,1.36688,1.36953,1.36686,1.36943,7200
22.05.2024 14:00:00.000,1.36943,1.36978,1.36886,1.36895,4138
22.05.2024 15:00:00.000,1.36895,1.36956,1.36881,1.36935,2357
22.05.2024 16:00:00.000,1.3693,1.3693,1.36751,1.36901,789
22.05.2024 17:00:00.000,1.36902,1.36936,1.36881,1.36889,980
22.05.2024 18:00:00.000,1.36888,1.36901,1.36869,1.369,1154
22.05.2024 19:00:00.000,1.36898,1.36907,1.36841,1.36889,3235
22.05.2024 20:00:00.000,1.36888,1.36944,1.36873,1.36895,7255
22.05.2024 21:00:00.000,1.36895,1.36959,1.36862,1.36867,2542
22.05.2024 22:00:00.000,1.36865,1.36885,1.36791,1.36793,1984
22.05.2024 23:00:00.000,1.36793,1.36821,1.36779,1.36817,2214
23.05.2024 00:00:00.000,1.36818,1.36859,1.36792,1.36846,2257
23.05.2024 01:00:00.000,1.36844,1.36862,1.36771,1.36803,3381
23.05.2024 02:00:00.000,1.36803,1.3686,1.36761,1.36844,4453
23.05.2024 03:00:00.000,1.36841,1.36842,1.3675,1.36768,3844
23.05.2024 04:00:00.000,1.36768,1.36789,1.36669,1.36683,2853
23.05.2024 05:00:00.000,1.36685,1.36714,1.36652,1.36703,3465
23.05.2024 06:00:00.000,1.36703,1.3674,1.36643,1.3667,2615
23.05.2024 07:00:00.000,1.36669,1.3673,1.36641,1.36665,8219
23.05.2024 08:00:00.000,1.36664,1.36921,1.36562,1.36834,14098
23.05.2024 09:00:00.000,1.36834,1.36984,1.36752,1.36963,14657
23.05.2024 10:00:00.000,1.36961,1.37043,1.36888,1.36971,8159
23.05.2024 11:00:00.000,1.36974,1.37092,1.36929,1.37088,4947
23.05.2024 12:00:00.000,1.3709,1.37301,1.37083,1.37292,6073
23.05.2024 13:00:00.000,1.37291,1.37429,1.37277,1.37422,7061
23.05.2024 14:00:00.000,1.37425,1.37431,1.37342,1.37352,5317
23.05.2024 15:00:00.000,1.37353,1.37367,1.37282,1.37283,2203
23.05.2024 16:00:00.000,1.37279,1.37294,1.37242,1.37291,1086
23.05.2024 17:00:00.000,1.37283,1.37321,1.37274,1.37275,834
23.05.2024 18:00:00.000,1.37275,1.37325,1.37265,1.37324,1500
23.05.2024 19:00:00.000,1.37324,1.37369,1.37306,1.37328,3011
23.05.2024 20:00:00.000,1.37329,1.37381,1.37255,1.37295,3696
23.05.2024 21:00:00.000,1.37295,1.37362,1.37294,1.37343,3947
23.05.2024 22:00:00.000,1.37345,1.37382,1.37325,1.37375,3288
23.05.2024 23:00:00.000,1.37373,1.37383,1.3733,1.37339,1927
24.05.2024 00:00:00.000,1.37339,1.3738,1.37334,1.37341,2470
24.05.2024 01:00:00.000,1.37342,1.37368,1.37279,1.37351,4128
24.05.2024 02:00:00.000,1.37349,1.37349,1.37219,1.3722,4559
24.05.2024 03:00:00.000,1.3722,1.37286,1.37189,1.37217,3529
24.05.2024 04:00:00.000,1.37217,1.3727,1.37187,1.3724,3061
24.05.2024 05:00:00.000,1.37242,1.37246,1.37114,1.3716,4274
24.05.2024 06:00:00.000,1.3716,1.37183,1.37111,1.3712,3257
24.05.2024 07:00:00.000,1.3712,1.37242,1.37075,1.37126,8601
24.05.2024 08:00:00.000,1.37124,1.37139,1.36902,1.36938,8442
24.05.2024 09:00:00.000,1.36934,1.36939,1.36674,1.36694,8381
24.05.2024 10:00:00.000,1.36693,1.36711,1.36577,1.36664,5919
24.05.2024 11:00:00.000,1.36664,1.36681,1.36524,1.36561,5082
24.05.2024 12:00:00.000,1.36559,1.36585,1.36483,1.3649,3401
24.05.2024 13:00:00.000,1.36493,1.36625,1.36476,1.36624,3550
24.05.2024 14:00:00.000,1.36624,1.36678,1.36622,1.3665,3160
24.05.2024 15:00:00.000,1.3665,1.36657,1.36612,1.36635,1731
27.05.2024 00:00:00.000,1.36651,1.36666,1.36614,1.36622,2394
27.05.2024 01:00:00.000,1.36621,1.36656,1.36591,1.3661,2347
27.05.2024 02:00:00.000,1.36609,1.36647,1.36589,1.36606,1901
27.05.2024 03:00:00.000,1.36604,1.36645,1.36576,1.36599,2253
27.05.2024 04:00:00.000,1.366,1.36602,1.3653,1.3653,1611
27.05.2024 05:00:00.000,1.36531,1.36581,1.36526,1.36528,903
27.05.2024 06:00:00.000,1.36529,1.36578,1.36524,1.36558,2166
27.05.2024 07:00:00.000,1.36558,1.36634,1.36505,1.36515,7863
27.05.2024 08:00:00.000,1.36513,1.36513,1.36317,1.36351,5920
27.05.2024 09:00:00.000,1.3635,1.3642,1.36322,1.3635,6280
27.05.2024 10:00:00.000,1.36351,1.36379,1.36324,1.36329,2894
27.05.2024 11:00:00.000,1.3633,1.36334,1.36292,1.36325,1888
27.05.2024 12:00:00.000,1.36325,1.36342,1.36297,1.363,1612
27.05.2024 13:00:00.000,1.36299,1.36336,1.36297,1.36316,979
27.05.2024 14:00:00.000,1.36315,1.36327,1.36298,1.36314,1332
27.05.2024 15:00:00.000,1.36316,1.36335,1.36308,1.36308,772
27.05.2024 16:00:00.000,1.363,1.36353,1.36287,1.36327,1229
27.05.2024 17:00:00.000,1.36335,1.36335,1.36286,1.36298,650
27.05.2024 18:00:00.000,1.36298,1.36303,1.36276,1.36282,551
27.05.2024 19:00:00.000,1.36283,1.36289,1.36229,1.36271,2243
27.05.2024 20:00:00.000,1.36273,1.36277,1.362,1.36218,3785
27.05.2024 21:00:00.000,1.36216,1.36216,1.3616,1.36176,2221
27.05.2024 22:00:00.000,1.36176,1.36195,1.36142,1.36157,2136
27.05.2024 23:00:00.000,1.36158,1.36208,1.36148,1.36207,1428
28.05.2024 00:00:00.000,1.36205,1.36272,1.36187,1.3626,2132
28.05.2024 01:00:00.000,1.36259,1.36286,1.36228,1.36275,2798
28.05.2024 02:00:00.000,1.36275,1.36304,1.36207,1.36225,4045
28.05.2024 03:00:00.000,1.36225,1.36305,1.36217,1.36271,3489
28.05.2024 04:00:00.000,1.3627,1.36285,1.36229,1.36252,2981
28.05.2024 05:00:00.000,1.36253,1.36315,1.3623,1.36275,3371
28.05.2024 06:00:00.000,1.36274,1.36278,1.3617,1.36211,2846
28.05.2024 07:00:00.000,1.3621,1.36307,1.36145,1.36193,8838
28.05.2024 08:00:00.000,1.36192,1.3643,1.36178,1.36405,8621
28.05.2024 09:00:00.000,1.36402,1.365,1.36326,1.36351,8766
28.05.2024 10:00:00.000,1.36349,1.36446,1.36307,1.36312,5354
28.05.2024 11:00:00.000,1.36312,1.36401,1.36308,1.3634,4018
28.05.2024 12:00:00.000,1.36341,1.36516,1.36328,1.36485,4816
28.05.2024 13:00:00.000,1.36484,1.36533,1.36445,1.36478,5389
28.05.2024 14:00:00.000,1.3648,1.36511,1.36427,1.36431,4567
28.05.2024 15:00:00.000,1.36433,1.36466,1.3642,1.36449,1250
28.05.2024 16:00:00.000,1.36441,1.36455,1.36391,1.36413,2515
28.05.2024 17:00:00.000,1.36408,1.36468,1.36406,1.36454,684
28.05.2024 18:00:00.000,1.36453,1.3648,1.36446,1.36467,915
28.05.2024 19:00:00.000,1.36467,1.36585,1.3646,1.36554,2451
28.05.2024 20:00:00.000,1.36554,1.36574,1.36482,1.36512,3992
28.05.2024 21:00:00.000,1.36512,1.3662,1.36489,1.36618,2729
28.05.2024 22:00:00.000,1.36618,1.36645,1.366,1.36626,2605
28.05.2024 23:00:00.000,1.36624,1.36646,1.36615,1.36622,1869
29.05.2024 00:00:00.000,1.36623,1.36725,1.36605,1.36716,3583
29.05.2024 01:00:00.000,1.36716,1.36722,1.36529,1.3656,4832
29.05.2024 02:00:00.000,1.3656,1.3659,1.36499,1.36561,5030
29.05.2024 03:00:00.000,1.3656,1.36609,1.3655,1.36595,7266
29.05.2024 04:00:00.000,1.36594,1.36632,1.36577,1.36605,3879
29.05.2024 05:00:00.000,1.36605,1.36712,1.36605,1.36642,4752
29.05.2024 06:00:00.000,1.36641,1.36783,1.36638,1.3671,3894
29.05.2024 07:00:00.000,1.36711,1.36796,1.36652,1.36794,7660
29.05.2024 08:00:00.000,1.36792,1.3697,1.36768,1.36891,8893
29.05.2024 09:00:00.000,1.3689,1.37096,1.36859,1.37066,9170
29.05.2024 10:00:00.000,1.37068,1.37137,1.36992,1.37036,8145
29.05.2024 11:00:00.000,1.37037,1.3717,1.37036,1.37056,5358
29.05.2024 12:00:00.000,1.37056,1.3716,1.37023,1.37051,5573
29.05.2024 13:00:00.000,1.3705,1.37137,1.37025,1.37107,3471
29.05.2024 14:00:00.000,1.37108,1.3716,1.37078,1.37138,2132
29.05.2024 15:00:00.000,1.37138,1.37187,1.37132,1.37165,1381
29.05.2024 16:00:00.000,1.37166,1.37166,1.37083,1.37146,1184
29.05.2024 17:00:00.000,1.37146,1.37208,1.37145,1.37191,1213
29.05.2024 18:00:00.000,1.37193,1.37211,1.37162,1.37168,2179
29.05.2024 19:00:00.000,1.37167,1.37239,1.37163,1.37199,3316
29.05.2024 20:00:00.000,1.37197,1.37211,1.37122,1.37196,3607
29.05.2024 21:00:00.000,1.37195,1.37273,1.37167,1.37245,3795
29.05.2024 22:00:00.000,1.37244,1.37269,1.37226,1.37228,2313
29.05.2024 23:00:00.000,1.37227,1.3727,1.37212,1.37239,2328
30.05.2024 00:00:00.000,1.37241,1.37342,1.37241,1.3731,3272
30.05.2024 01:00:00.000,1.3731,1.37345,1.37247,1.37299,4506
30.05.2024 02:00:00.000,1.37302,1.37319,1.3718,1.37193,6557
30.05.2024 03:00:00.000,1.37192,1.37252,1.37117,1.37147,5955
30.05.2024 04:00:00.000,1.3715,1.37251,1.37086,1.37197,4358
30.05.2024 05:00:00.000,1.37197,1.37249,1.37133,1.37139,4532
30.05.2024 06:00:00.000,1.37136,1.37177,1.37029,1.37058,7363
30.05.2024 07:00:00.000,1.37059,1.37127,1.36919,1.36966,12682
30.05.2024 08:00:00.000,1.36964,1.3702,1.36809,1.36848,14860
30.05.2024 09:00:00.000,1.36842,1.36842,1.36631,1.36677,9873
30.05.2024 10:00:00.000,1.36679,1.36739,1.36597,1.36691,8739
30.05.2024 11:00:00.000,1.36691,1.36693,1.36615,1.36638,5689
30.05.2024 12:00:00.000,1.36638,1.36758,1.36619,1.36712,4805
30.05.2024 13:00:00.000,1.36711,1.3677,1.36694,1.36744,7596
30.05.2024 14:00:00.000,1.36745,1.36888,1.36742,1.36814,3557
30.05.2024 15:00:00.000,1.36814,1.36833,1.3678,1.36795,2202
30.05.2024 16:00:00.000,1.36793,1.36808,1.36769,1.36771,1253
30.05.2024 17:00:00.000,1.36773,1.36818,1.36769,1.36806,818
30.05.2024 18:00:00.000,1.36807,1.36843,1.36802,1.36834,718
30.05.2024 19:00:00.000,1.36834,1.36858,1.36786,1.36813,3649
30.05.2024 20:00:00.000,1.36813,1.36893,1.36781,1.36856,6376
30.05.2024 21:00:00.000,1.36857,1.36884,1.36803,1.36868,3019
30.05.2024 22:00:00.000,1.36867,1.36876,1.36741,1.36741,2483
30.05.2024 23:00:00.000,1.36741,1.36776,1.36699,1.36704,2740
31.05.2024 00:00:00.000,1.36704,1.36711,1.36641,1.36659,2865
31.05.2024 01:00:00.000,1.36656,1.36722,1.36609,1.36641,3705
31.05.2024 02:00:00.000,1.36642,1.36768,1.36637,1.36681,3807
31.05.2024 03:00:00.000,1.36681,1.36687,1.36529,1.36585,3489
31.05.2024 04:00:00.000,1.36584,1.36606,1.36464,1.36467,5075
31.05.2024 05:00:00.000,1.36465,1.36475,1.3631,1.36318,3652
31.05.2024 06:00:00.000,1.36318,1.36426,1.36278,1.36392,3482
31.05.2024 07:00:00.000,1.36395,1.36504,1.36262,1.36348,12003
31.05.2024 08:00:00.000,1.36348,1.36445,1.36298,1.36317,9482
31.05.2024 09:00:00.000,1.36314,1.36523,1.36188,1.36293,12923
31.05.2024 10:00:00.000,1.36295,1.36487,1.36291,1.36478,9323
31.05.2024 11:00:00.000,1.3648,1.36534,1.36397,1.36422,6531
31.05.2024 12:00:00.000,1.36423,1.36428,1.36295,1.36319,4639
31.05.2024 13:00:00.000,1.36318,1.3634,1.36248,1.36299,4809
31.05.2024 14:00:00.000,1.36298,1.3634,1.36219,1.36252,5352
31.05.2024 15:00:00.000,1.36251,1.36303,1.36217,1.36266,3508
03.06.2024 00:00:00.000,1.36272,1.3637,1.36254,1.36364,2411
03.06.2024 01:00:00.000,1.36363,1.36453,1.36348,1.36444,4859
03.06.2024 02:00:00.000,1.36444,1.36578,1.36429,1.3656,6006
03.06.2024 03:00:00.000,1.36559,1.36578,1.36497,1.36544,6291
03.06.2024 04:00:00.000,1.36542,1.36684,1.36541,1.36632,3884
03.06.2024 05:00:00.000,1.36632,1.36642,1.36541,1.36564,5610
03.06.2024 06:00:00.000,1.36567,1.3657,1.36355,1.36374,7616
03.06.2024 07:00:00.000,1.36373,1.3639,1.36194,1.36235,9487
03.06.2024 08:00:00.000,1.36236,1.36398,1.3618,1.363,10507
03.06.2024 09:00:00.000,1.36299,1.3635,1.36024,1.36296,16829
03.06.2024 10:00:00.000,1.36296,1.36319,1.36191,1.36271,8773
03.06.2024 11:00:00.000,1.3627,1.36458,1.36243,1.36426,7536
03.06.2024 12:00:00.000,1.36425,1.3654,1.36421,1.36505,4944
03.06.2024 13:00:00.000,1.36503,1.36525,1.36416,1.36456,4912
03.06.2024 14:00:00.000,1.36457,1.36463,1.36354,1.36367,6903
03.06.2024 15:00:00.000,1.36364,1.36365,1.3626,1.36262,2071
03.06.2024 16:00:00.000,1.36256,1.36292,1.36243,1.36272,1897
03.06.2024 17:00:00.000,1.36273,1.36279,1.36238,1.36275,857
03.06.2024 18:00:00.000,1.36278,1.36292,1.36257,1.36285,1287
03.06.2024 19:00:00.000,1.36285,1.36285,1.362,1.36257,4863
03.06.2024 20:00:00.000,1.36254,1.36402,1.36253,1.36361,3715
03.06.2024 21:00:00.000,1.36361,1.36417,1.36346,1.36351,2414
03.06.2024 22:00:00.000,1.36352,1.36389,1.36348,1.3637,2397
03.06.2024 23:00:00.000,1.36372,1.36386,1.36347,1.36385,1730
04.06.2024 00:00:00.000,1.36385,1.36505,1.36375,1.36486,4070
04.06.2024 01:00:00.000,1.36484,1.36539,1.36463,1.3649,7502
04.06.2024 02:00:00.000,1.36492,1.36706,1.36492,1.36694,6902
04.06.2024 03:00:00.000,1.36693,1.36824,1.36693,1.36791,9806
04.06.2024 04:00:00.000,1.36792,1.36925,1.36776,1.36923,5509
04.06.2024 05:00:00.000,1.36923,1.36987,1.36887,1.36921,6740
04.06.2024 06:00:00.000,1.36918,1.36951,1.36788,1.3679,5901
04.06.2024 07:00:00.000,1.36788,1.36798,1.3672,1.36776,6149
04.06.2024 08:00:00.000,1.36777,1.36872,1.36695,1.3683,9935
04.06.2024 09:00:00.000,1.3682,1.36943,1.3668,1.36805,28155
04.06.2024 10:00:00.000,1.36805,1.36883,1.36774,1.36858,8094
04.06.2024 11:00:00.000,1.36859,1.36912,1.3681,1.36835,6608
04.06.2024 12:00:00.000,1.36836,1.36889,1.36699,1.36768,6809
04.06.2024 13:00:00.000,1.36768,1.3681,1.36698,1.3679,5417
04.06.2024 14:00:00.000,1.3679,1.36875,1.36729,1.3676,6562
04.06.2024 15:00:00.000,1.3676,1.36786,1.36745,1.36748,1379
04.06.2024 16:00:00.000,1.36746,1.3679,1.36725,1.36777,804
04.06.2024 17:00:00.000,1.36781,1.36783,1.36755,1.36758,376
04.06.2024 18:00:00.000,1.36757,1.36771,1.36745,1.36765,1620
04.06.2024 19:00:00.000,1.36765,1.36786,1.36708,1.36749,4075
04.06.2024 20:00:00.000,1.3675,1.36798,1.36684,1.36684,2943
04.06.2024 21:00:00.000,1.36684,1.36713,1.36663,1.36688,2879
04.06.2024 22:00:00.000,1.36687,1.36742,1.36687,1.36727,1676
04.06.2024 23:00:00.000,1.36729,1.36753,1.36719,1.36725,832
05.06.2024 00:00:00.000,1.36726,1.3677,1.36709,1.36743,2294
05.06.2024 01:00:00.000,1.36743,1.36805,1.36719,1.36782,3837
05.06.2024 02:00:00.000,1.36782,1.36834,1.36718,1.36724,5267
05.06.2024 03:00:00.000,1.36722,1.36807,1.36687,1.36791,3958
05.06.2024 04:00:00.000,1.36791,1.36872,1.36788,1.36848,3803
05.06.2024 05:00:00.000,1.36849,1.36901,1.36784,1.36791,3872
05.06.2024 06:00:00.000,1.36793,1.36834,1.36738,1.36778,3942
05.06.2024 07:00:00.000,1.36778,1.36852,1.36666,1.36685,7240
05.06.2024 08:00:00.000,1.36686,1.37135,1.3665,1.37006,10523
05.06.2024 09:00:00.000,1.37002,1.37411,1.37002,1.37173,15467
05.06.2024 10:00:00.000,1.37174,1.37177,1.36998,1.37049,8444
05.06.2024 11:00:00.000,1.37048,1.37142,1.36969,1.36996,6071
05.06.2024 12:00:00.000,1.36995,1.37037,1.36924,1.36943,4248
05.06.2024 13:00:00.000,1.36944,1.36962,1.36847,1.36885,4805
05.06.2024 14:00:00.000,1.36885,1.36913,1.36855,1.36894,4190
05.06.2024 15:00:00.000,1.36892,1.36971,1.36882,1.36939,3204
05.06.2024 16:00:00.000,1.36931,1.36936,1.36901,1.3692,805
05.06.2024 17:00:00.000,1.3692,1.36947,1.36901,1.36939,1522
05.06.2024 18:00:00.000,1.36941,1.36945,1.36887,1.36899,1975
05.06.2024 19:00:00.000,1.36894,1.36899,1.36793,1.36798,3597
05.06.2024 20:00:00.000,1.36799,1.36801,1.36655,1.3667,8420
05.06.2024 21:00:00.000,1.36668,1.36733,1.36666,1.36732,4386
05.06.2024 22:00:00.000,1.36734,1.36789,1.36702,1.3677,1728
05.06.2024 23:00:00.000,1.3677,1.36794,1.36756,1.36781,1752
06.06.2024 00:00:00.000,1.3678,1.3681,1.36775,1.36789,2047
06.06.2024 01:00:00.000,1.36788,1.3683,1.36764,1.36772,4328
06.06.2024 02:00:00.000,1.36775,1.36896,1.36761,1.36861,3412
06.06.2024 03:00:00.000,1.36861,1.36948,1.36861,1.3693,3389
06.06.2024 04:00:00.000,1.3693,1.3696,1.36863,1.36867,3236
06.06.2024 05:00:00.000,1.36868,1.36925,1.36857,1.36872,2691
06.06.2024 06:00:00.000,1.36872,1.3697,1.36866,1.36932,2366
06.06.2024 07:00:00.000,1.36933,1.3705,1.36879,1.37006,11329
06.06.2024 08:00:00.000,1.37006,1.37098,1.36826,1.36847,10267
06.06.2024 09:00:00.000,1.36846,1.37081,1.3683,1.37072,8271
06.06.2024 10:00:00.000,1.37077,1.37078,1.3684,1.3685,5252
06.06.2024 11:00:00.000,1.3685,1.36933,1.3681,1.36834,4359
06.06.2024 12:00:00.000,1.36836,1.36859,1.36686,1.36691,5536
06.06.2024 13:00:00.000,1.36693,1.36789,1.36655,1.36666,4794
06.06.2024 14:00:00.000,1.36667,1.36722,1.36637,1.36697,4720
06.06.2024 15:00:00.000,1.36701,1.36744,1.36651,1.36695,2343
06.06.2024 16:00:00.000,1.36687,1.36697,1.36608,1.36674,1709
06.06.2024 17:00:00.000,1.36672,1.3668,1.3665,1.36675,580
06.06.2024 18:00:00.000,1.36676,1.36698,1.36658,1.36681,884
06.06.2024 19:00:00.000,1.36684,1.36703,1.36646,1.36674,2521
06.06.2024 20:00:00.000,1.36671,1.36709,1.36648,1.36677,2881
06.06.2024 21:00:00.000,1.36677,1.36715,1.36662,1.36685,2726
06.06.2024 22:00:00.000,1.36685,1.36706,1.36653,1.36675,4871
06.06.2024 23:00:00.000,1.36675,1.36685,1.36625,1.36647,3623
07.06.2024 00:00:00.000,1.36645,1.36707,1.36645,1.36688,2829
07.06.2024 01:00:00.000,1.36688,1.36724,1.36655,1.36687,6451
07.06.2024 02:00:00.000,1.36685,1.36753,1.36649,1.36731,8435
07.06.2024 03:00:00.000,1.36731,1.36876,1.36724,1.36829,5716
07.06.2024 04:00:00.000,1.3683,1.36874,1.368,1.36822,6235
07.06.2024 05:00:00.000,1.36822,1.36865,1.36802,1.36864,4501
07.06.2024 06:00:00.000,1.36864,1.36877,1.36683,1.36726,5549
07.06.2024 07:00:00.000,1.36729,1.3737,1.36662,1.37207,17695
07.06.2024 08:00:00.000,1.37207,1.37327,1.3708,1.37273,13418
07.06.2024 09:00:00.000,1.37273,1.37411,1.37206,1.37389,12086
07.06.2024 10:00:00.000,1.3739,1.37584,1.37388,1.37489,7803
07.06.2024 11:00:00.000,1.37486,1.37561,1.37444,1.37447,8304
07.06.2024 12:00:00.000,1.37447,1.37544,1.37446,1.37498,4141
07.06.2024 13:00:00.000,1.37496,1.37572,1.3743,1.37449,4936
07.06.2024 14:00:00.000,1.3745,1.37586,1.37428,1.37581,6229
07.06.2024 15:00:00.000,1.37581,1.37672,1.37568,1.37631,2428
10.06.2024 00:00:00.000,1.37658,1.37702,1.3758,1.37618,3824
10.06.2024 01:00:00.000,1.37615,1.37682,1.37572,1.3767,2887
10.06.2024 02:00:00.000,1.37668,1.37713,1.37615,1.37642,4505
10.06.2024 03:00:00.000,1.37643,1.37787,1.37637,1.37771,3827
10.06.2024 04:00:00.000,1.37772,1.37808,1.37728,1.37781,3949
10.06.2024 05:00:00.000,1.37782,1.37793,1.37735,1.37761,4202
10.06.2024 06:00:00.000,1.37761,1.37768,1.37648,1.3767,3143
10.06.2024 07:00:00.000,1.37669,1.37691,1.37589,1.37687,8751
10.06.2024 08:00:00.000,1.37689,1.37814,1.37668,1.37741,6005
10.06.2024 09:00:00.000,1.3774,1.37812,1.37658,1.37754,6663
10.06.2024 10:00:00.000,1.37753,1.37755,1.37547,1.37549,5433
10.06.2024 11:00:00.000,1.3755,1.37675,1.37534,1.37636,3233
10.06.2024 12:00:00.000,1.37639,1.3769,1.37545,1.37593,3014
10.06.2024 13:00:00.000,1.3759,1.37637,1.37552,1.37605,6357
10.06.2024 14:00:00.000,1.37604,1.37643,1.37572,1.3761,4036
10.06.2024 15:00:00.000,1.37611,1.37631,1.37558,1.37582,1750
10.06.2024 16:00:00.000,1.37574,1.37607,1.37532,1.37561,985
10.06.2024 17:00:00.000,1.37561,1.376,1.37551,1.376,1157
10.06.2024 18:00:00.000,1.376,1.37627,1.37585,1.37598,1722
10.06.2024 19:00:00.000,1.37599,1.37649,1.37596,1.37629,2483
10.06.2024 20:00:00.000,1.37631,1.37675,1.37606,1.37642,4363
10.06.2024 21:00:00.000,1.37641,1.37687,1.37641,1.37676,2821
10.06.2024 22:00:00.000,1.37675,1.37688,1.3765,1.37662,1856
10.06.2024 23:00:00.000,1.37666,1.37675,1.3763,1.37649,3805
11.06.2024 00:00:00.000,1.37651,1.37652,1.37586,1.37598,4055
11.06.2024 01:00:00.000,1.37598,1.37621,1.37547,1.37612,3414
11.06.2024 02:00:00.000,1.3761,1.37699,1.37608,1.37622,3417
11.06.2024 03:00:00.000,1.37621,1.37705,1.3761,1.37675,3032
11.06.2024 04:00:00.000,1.37678,1.37764,1.37641,1.37742,4883
11.06.2024 05:00:00.000,1.3774,1.37754,1.37693,1.37702,6617
11.06.2024 06:00:00.000,1.37703,1.37838,1.37698,1.37797,4517
11.06.2024 07:00:00.000,1.37797,1.37811,1.37693,1.37724,6634
11.06.2024 08:00:00.000,1.37725,1.37913,1.37682,1.37829,8652
11.06.2024 09:00:00.000,1.37831,1.3788,1.37668,1.37729,8480
11.06.2024 10:00:00.000,1.3773,1.37769,1.3765,1.37662,5139
11.06.2024 11:00:00.000,1.37661,1.37742,1.37594,1.37606,5033
11.06.2024 12:00:00.000,1.37606,1.37654,1.37569,1.37588,3706
11.06.2024 13:00:00.000,1.37587,1.37595,1.37499,1.37523,4756
11.06.2024 14:00:00.000,1.37525,1.3756,1.37476,1.37539,3156
11.06.2024 15:00:00.000,1.37537,1.3758,1.37529,1.37577,1304
11.06.2024 16:00:00.000,1.37566,1.37572,1.3753,1.37553,889
11.06.2024 17:00:00.000,1.37551,1.37565,1.37533,1.3755,368
11.06.2024 18:00:00.000,1.37549,1.37562,1.37533,1.37547,346
11.06.2024 19:00:00.000,1.37547,1.37598,1.37521,1.37592,2825
11.06.2024 20:00:00.000,1.37593,1.37602,1.37478,1.375,3608
11.06.2024 21:00:00.000,1.37498,1.37524,1.37478,1.37482,2464
11.06.2024 22:00:00.000,1.3748,1.375,1.37467,1.37495,1086
11.06.2024 23:00:00.000,1.37495,1.37524,1.37492,1.37524,906
12.06.2024 00:00:00.000,1.37524,1.3753,1.37452,1.37458,2380
12.06.2024 01:00:00.000,1.37457,1.37529,1.37418,1.37521,2608
12.06.2024 02:00:00.000,1.37519,1.37543,1.3744,1.37448,3365
12.06.2024 03:00:00.000,1.37449,1.37498,1.37404,1.37498,3060
12.06.2024 04:00:00.000,1.37499,1.37507,1.37453,1.37465,3265
12.06.2024 05:00:00.000,1.37465,1.37509,1.3744,1.37467,2649
12.06.2024 06:00:00.000,1.37466,1.37479,1.37421,1.37424,3143
12.06.2024 07:00:00.000,1.37423,1.37448,1.36835,1.36904,16066
12.06.2024 08:00:00.000,1.36906,1.36992,1.36801,1.36857,13810
12.06.2024 09:00:00.000,1.36858,1.36982,1.36796,1.36896,10398
12.06.2024 10:00:00.000,1.36896,1.36971,1.36848,1.36919,7771
12.06.2024 11:00:00.000,1.36917,1.3693,1.36828,1.36841,4365
12.06.2024 12:00:00.000,1.36841,1.37013,1.36831,1.3701,4615
12.06.2024 13:00:00.000,1.3701,1.37309,1.36951,1.3716,27144
12.06.2024 14:00:00.000,1.37163,1.37339,1.37109,1.37259,16749
12.06.2024 15:00:00.000,1.37258,1.3728,1.3718,1.37222,2187
12.06.2024 16:00:00.000,1.3721,1.37224,1.37055,1.37163,1435
12.06.2024 17:00:00.000,1.37164,1.37239,1.37148,1.37208,1313
12.06.2024 18:00:00.000,1.37205,1.37229,1.37194,1.37213,2064
12.06.2024 19:00:00.000,1.37213,1.37306,1.37207,1.37282,3253
12.06.2024 20:00:00.000,1.37281,1.37413,1.37261,1.37399,4844
12.06.2024 21:00:00.000,1.374,1.37419,1.3737,1.37385,2758
12.06.2024 22:00:00.000,1.37384,1.37416,1.37372,1.37396,2147
12.06.2024 23:00:00.000,1.37394,1.37423,1.37384,1.37422,792
13.06.2024 00:00:00.000,1.37421,1.37457,1.37414,1.37449,1602
13.06.2024 01:00:00.000,1.37453,1.37486,1.37417,1.3746,2875
13.06.2024 02:00:00.000,1.37462,1.37485,1.37358,1.37409,7220
13.06.2024 03:00:00.000,1.37409,1.37429,1.37348,1.37349,6310
13.06.2024 04:00:00.000,1.37348,1.37435,1.37313,1.37417,3397
13.06.2024 05:00:00.000,1.37416,1.37488,1.37388,1.37473,3643
13.06.2024 06:00:00.000,1.37471,1.37518,1.37428,1.37511,3394
13.06.2024 07:00:00.000,1.37512,1.37516,1.37142,1.37331,11669
13.06.2024 08:00:00.000,1.3733,1.37442,1.37218,1.37432,12854
13.06.2024 09:00:00.000,1.37434,1.3763,1.374,1.37544,10307
13.06.2024 10:00:00.000,1.37545,1.37627,1.37405,1.3748,8156
13.06.2024 11:00:00.000,1.37481,1.37602,1.37476,1.3751,7164
13.06.2024 12:00:00.000,1.37509,1.37525,1.37421,1.37477,5122
13.06.2024 13:00:00.000,1.37477,1.37505,1.37396,1.37419,4404
13.06.2024 14:00:00.000,1.3742,1.37436,1.37356,1.37383,3760
13.06.2024 15:00:00.000,1.37385,1.37423,1.37341,1.37422,1713
13.06.2024 16:00:00.000,1.37421,1.37438,1.37288,1.37374,1672
13.06.2024 17:00:00.000,1.37377,1.37442,1.37372,1.37432,1318
13.06.2024 18:00:00.000,1.37432,1.37443,1.37406,1.37439,2315
13.06.2024 19:00:00.000,1.37439,1.37492,1.37428,1.37487,1626
13.06.2024 20:00:00.000,1.37485,1.3749,1.37367,1.37369,4433
13.06.2024 21:00:00.000,1.37366,1.37406,1.37351,1.37359,3221
13.06.2024 22:00:00.000,1.37361,1.37434,1.3734,1.37413,5258
13.06.2024 23:00:00.000,1.37414,1.37432,1.37395,1.37424,5594
14.06.2024 00:00:00.000,1.37426,1.37452,1.37366,1.37452,4901
14.06.2024 01:00:00.000,1.37452,1.37496,1.37418,1.37451,6311
14.06.2024 02:00:00.000,1.3745,1.37578,1.37434,1.37503,9222
14.06.2024 03:00:00.000,1.37505,1.37575,1.37471,1.37575,6093
14.06.2024 04:00:00.000,1.37571,1.37669,1.37558,1.37592,7340
14.06.2024 05:00:00.000,1.37592,1.37668,1.37536,1.37589,7341
14.06.2024 06:00:00.000,1.37589,1.37621,1.37486,1.37555,5659
14.06.2024 07:00:00.000,1.37556,1.37712,1.37538,1.37646,14521
14.06.2024 08:00:00.000,1.37647,1.3779,1.37629,1.37713,14577
14.06.2024 09:00:00.000,1.37729,1.37768,1.37552,1.37558,13821
14.06.2024 10:00:00.000,1.37559,1.37575,1.37378,1.37378,7914
14.06.2024 11:00:00.000,1.37377,1.37444,1.37274,1.37304,5851
14.06.2024 12:00:00.000,1.37305,1.37423,1.37272,1.37404,3939
14.06.2024 13:00:00.000,1.37403,1.37456,1.37376,1.37397,3992
14.06.2024 14:00:00.000,1.37397,1.37413,1.37321,1.37323,3962
14.06.2024 15:00:00.000,1.37323,1.3736,1.37296,1.37301,2959
17.06.2024 00:00:00.000,1.37415,1.37447,1.37408,1.37441,1347
17.06.2024 01:00:00.000,1.37441,1.37519,1.37389,1.37418,5341
17.06.2024 02:00:00.000,1.37418,1.37455,1.37349,1.37435,5753
17.06.2024 03:00:00.000,1.37438,1.37454,1.3735,1.37414,5312
17.06.2024 04:00:00.000,1.37415,1.37436,1.37375,1.37405,4142
17.06.2024 05:00:00.000,1.37406,1.37478,1.37392,1.37405,2959
17.06.2024 06:00:00.000,1.37404,1.37486,1.37375,1.37469,3857
17.06.2024 07:00:00.000,1.37468,1.37544,1.37449,1.37482,4972
17.06.2024 08:00:00.000,1.37481,1.37512,1.374,1.37439,9127
17.06.2024 09:00:00.000,1.37436,1.37639,1.37414,1.37618,7646
17.06.2024 10:00:00.000,1.37618,1.37638,1.37492,1.37519,5207
17.06.2024 11:00:00.000,1.3752,1.3752,1.37397,1.37401,4491
17.06.2024 12:00:00.000,1.37401,1.37401,1.37295,1.37304,3915
17.06.2024 13:00:00.000,1.37304,1.37309,1.37208,1.37218,3861
17.06.2024 14:00:00.000,1.37218,1.37306,1.37218,1.37225,3919
17.06.2024 15:00:00.000,1.37225,1.37247,1.37204,1.37223,1214
17.06.2024 16:00:00.000,1.37223,1.37224,1.37209,1.37212,354
17.06.2024 17:00:00.000,1.37207,1.37212,1.37191,1.37196,428
17.06.2024 18:00:00.000,1.37195,1.37214,1.37126,1.37136,1653
17.06.2024 19:00:00.000,1.37134,1.3719,1.37092,1.37187,3450
17.06.2024 20:00:00.000,1.37187,1.3731,1.37179,1.37299,3740
17.06.2024 21:00:00.000,1.37301,1.37365,1.37289,1.37362,4100
17.06.2024 22:00:00.000,1.37362,1.37404,1.37356,1.37372,1977
17.06.2024 23:00:00.000,1.37371,1.3741,1.37362,1.37399,2265
18.06.2024 00:00:00.000,1.374,1.37407,1.37328,1.37337,2118
18.06.2024 01:00:00.000,1.37336,1.37347,1.37282,1.3734,3712
18.06.2024 02:00:00.000,1.37341,1.37461,1.37338,1.3745,4058
18.06.2024 03:00:00.000,1.37451,1.37562,1.3745,1.37514,3023
18.06.2024 04:00:00.000,1.37515,1.37533,1.37438,1.37466,4684
18.06.2024 05:00:00.000,1.37467,1.37485,1.37445,1.37471,2819
18.06.2024 06:00:00.000,1.3747,1.37555,1.3746,1.37536,3050
18.06.2024 07:00:00.000,1.37535,1.37549,1.37274,1.37333,8989
18.06.2024 08:00:00.000,1.37333,1.37366,1.37146,1.37175,8989
18.06.2024 09:00:00.000,1.37174,1.37301,1.37085,1.37262,8684
18.06.2024 10:00:00.000,1.37261,1.37271,1.37133,1.37228,6272
18.06.2024 11:00:00.000,1.37228,1.37228,1.3714,1.37192,4881
18.06.2024 12:00:00.000,1.37191,1.37233,1.37155,1.37205,4938
18.06.2024 13:00:00.000,1.37206,1.37259,1.37134,1.37155,4072
18.06.2024 14:00:00.000,1.37155,1.37212,1.37152,1.37174,2871
18.06.2024 15:00:00.000,1.37173,1.37186,1.37145,1.37165,1264
18.06.2024 16:00:00.000,1.37171,1.37175,1.37127,1.37156,1049
18.06.2024 17:00:00.000,1.37156,1.3716,1.37143,1.37155,633
18.06.2024 18:00:00.000,1.37155,1.37168,1.37146,1.37166,653
18.06.2024 19:00:00.000,1.37167,1.37207,1.3715,1.37196,2066
18.06.2024 20:00:00.000,1.37197,1.37208,1.37145,1.37155,1950
18.06.2024 21:00:00.000,1.37155,1.37169,1.37115,1.37141,3200
18.06.2024 22:00:00.000,1.37141,1.37201,1.37117,1.37196,1624
18.06.2024 23:00:00.000,1.37196,1.37225,1.37194,1.37221,509
19.06.2024 00:00:00.000,1.37222,1.37224,1.37153,1.37179,1149
19.06.2024 01:00:00.000,1.37179,1.37254,1.37134,1.37252,3149
19.06.2024 02:00:00.000,1.37251,1.37252,1.37151,1.37155,4024
19.06.2024 03:00:00.000,1.37154,1.3718,1.37133,1.3716,4127
19.06.2024 04:00:00.000,1.3716,1.37182,1.37129,1.37167,5887
19.06.2024 05:00:00.000,1.37167,1.3717,1.37085,1.37097,2789
19.06.2024 06:00:00.000,1.37095,1.37123,1.37068,1.37074,1671
19.06.2024 07:00:00.000,1.37073,1.37129,1.3705,1.37053,3087
19.06.2024 08:00:00.000,1.3705,1.37111,1.3703,1.37033,4232
19.06.2024 09:00:00.000,1.37034,1.37046,1.36976,1.37017,2950
19.06.2024 10:00:00.000,1.37018,1.37087,1.36987,1.37076,1684
19.06.2024 11:00:00.000,1.37076,1.37141,1.37075,1.37128,760
19.06.2024 12:00:00.000,1.37128,1.37138,1.37109,1.37131,391
19.06.2024 13:00:00.000,1.37131,1.37145,1.37119,1.37119,513
19.06.2024 14:00:00.000,1.37122,1.37129,1.37081,1.37085,467
19.06.2024 15:00:00.000,1.37084,1.37085,1.37037,1.37049,409
19.06.2024 16:00:00.000,1.3698,1.37088,1.3698,1.37054,480
19.06.2024 17:00:00.000,1.37054,1.37084,1.37036,1.37058,867
19.06.2024 18:00:00.000,1.37057,1.37064,1.37044,1.37064,841
19.06.2024 19:00:00.000,1.37062,1.37136,1.37062,1.3713,2622
19.06.2024 20:00:00.000,1.37131,1.3717,1.37088,1.37128,3196
19.06.2024 21:00:00.000,1.37128,1.37158,1.37113,1.37151,1613
19.06.2024 22:00:00.000,1.37151,1.37158,1.3711,1.3711,1500
19.06.2024 23:00:00.000,1.3711,1.37138,1.37094,1.37126,2214
20.06.2024 00:00:00.000,1.37128,1.37154,1.37107,1.37137,2300
20.06.2024 01:00:00.000,1.37138,1.37164,1.37095,1.37142,2917
20.06.2024 02:00:00.000,1.37142,1.37144,1.37049,1.37119,3714
20.06.2024 03:00:00.000,1.3712,1.37204,1.37105,1.37192,3668
20.06.2024 04:00:00.000,1.37192,1.37199,1.37131,1.37147,3292
20.06.2024 05:00:00.000,1.37151,1.37183,1.37103,1.37114,3894
20.06.2024 06:00:00.000,1.37115,1.37161,1.37062,1.3714,3592
20.06.2024 07:00:00.000,1.37141,1.37142,1.3699,1.37001,7877
20.06.2024 08:00:00.000,1.37001,1.37075,1.36895,1.36957,7004
20.06.2024 09:00:00.000,1.36956,1.36994,1.36889,1.36922,6799
20.06.2024 10:00:00.000,1.36921,1.37075,1.36867,1.37046,5663
20.06.2024 11:00:00.000,1.37048,1.37086,1.36954,1.36995,6126
20.06.2024 12:00:00.000,1.36994,1.37087,1.36987,1.36994,4583
20.06.2024 13:00:00.000,1.36994,1.36994,1.36835,1.36886,3939
20.06.2024 14:00:00.000,1.36886,1.36926,1.36817,1.36822,4013
20.06.2024 15:00:00.000,1.36822,1.36913,1.36818,1.36886,2445
20.06.2024 16:00:00.000,1.36858,1.36908,1.36798,1.36889,1113
20.06.2024 17:00:00.000,1.36891,1.36902,1.36871,1.36887,954
20.06.2024 18:00:00.000,1.36888,1.36888,1.36833,1.36841,824
20.06.2024 19:00:00.000,1.36843,1.36907,1.36836,1.36884,1766
20.06.2024 20:00:00.000,1.36886,1.36903,1.36834,1.36839,2900
20.06.2024 21:00:00.000,1.36838,1.36847,1.36796,1.36817,2480
20.06.2024 22:00:00.000,1.36821,1.3683,1.36784,1.36809,2019
20.06.2024 23:00:00.000,1.36811,1.36822,1.36772,1.36775,1980
21.06.2024 00:00:00.000,1.36776,1.36779,1.36742,1.36754,2418
21.06.2024 01:00:00.000,1.36756,1.36822,1.36741,1.36816,3048
21.06.2024 02:00:00.000,1.36817,1.36972,1.36811,1.36939,6508
21.06.2024 03:00:00.000,1.36941,1.36956,1.36859,1.36889,7508
21.06.2024 04:00:00.000,1.3689,1.36978,1.36858,1.36898,4222
21.06.2024 05:00:00.000,1.36898,1.36998,1.36896,1.36954,4229
21.06.2024 06:00:00.000,1.36954,1.36954,1.36877,1.36913,3769
21.06.2024 07:00:00.000,1.36912,1.37049,1.36875,1.36994,5633
21.06.2024 08:00:00.000,1.36992,1.37177,1.36955,1.3702,11079
21.06.2024 09:00:00.000,1.37022,1.37067,1.36917,1.37016,9153
21.06.2024 10:00:00.000,1.37016,1.37164,1.36994,1.37006,9567
21.06.2024 11:00:00.000,1.37005,1.37084,1.36987,1.37051,4531
21.06.2024 12:00:00.000,1.37052,1.37076,1.36995,1.37026,5536
21.06.2024 13:00:00.000,1.37027,1.37069,1.36978,1.3698,4019
21.06.2024 14:00:00.000,1.3698,1.37005,1.36946,1.36973,4052
21.06.2024 15:00:00.000,1.36973,1.36978,1.36889,1.36941,3047
24.06.2024 00:00:00.000,1.36939,1.36939,1.369,1.36903,2662
24.06.2024 01:00:00.000,1.36904,1.36913,1.36856,1.36866,3662
24.06.2024 02:00:00.000,1.36866,1.36876,1.3681,1.3682,3944
24.06.2024 03:00:00.000,1.36819,1.36823,1.36742,1.36767,3201
24.06.2024 04:00:00.000,1.36768,1.3677,1.36696,1.36746,3314
24.06.2024 05:00:00.000,1.36746,1.36805,1.36743,1.3675,3129
24.06.2024 06:00:00.000,1.36751,1.36808,1.36725,1.36774,3265
24.06.2024 07:00:00.000,1.36773,1.36884,1.36773,1.36837,4387
24.06.2024 08:00:00.000,1.36837,1.36839,1.36591,1.36628,7624
24.06.2024 09:00:00.000,1.36627,1.36699,1.36571,1.36616,8805
24.06.2024 10:00:00.000,1.36616,1.36632,1.36509,1.36594,6568
24.06.2024 11:00:00.000,1.36596,1.36602,1.36513,1.36547,4532
24.06.2024 12:00:00.000,1.36547,1.36661,1.36546,1.36612,5283
24.06.2024 13:00:00.000,1.36612,1.36621,1.36494,1.36515,3904
24.06.2024 14:00:00.000,1.36515,1.36554,1.36496,1.36542,2843
24.06.2024 15:00:00.000,1.36543,1.366,1.36531,1.36537,1622
24.06.2024 16:00:00.000,1.36534,1.36586,1.36534,1.36565,487
24.06.2024 17:00:00.000,1.36562,1.36572,1.36541,1.36571,714
24.06.2024 18:00:00.000,1.3657,1.36589,1.36564,1.36576,1329
24.06.2024 19:00:00.000,1.36577,1.36577,1.36535,1.36546,2115
24.06.2024 20:00:00.000,1.36546,1.36569,1.36526,1.36532,3763
24.06.2024 21:00:00.000,1.36532,1.36538,1.36476,1.36496,2179
24.06.2024 22:00:00.000,1.36496,1.36503,1.36404,1.36407,2321
24.06.2024 23:00:00.000,1.36406,1.36465,1.36402,1.36446,957
25.06.2024 00:00:00.000,1.36446,1.36468,1.36404,1.36468,2105
25.06.2024 01:00:00.000,1.36468,1.36557,1.36465,1.36517,2380
25.06.2024 02:00:00.000,1.36518,1.36525,1.36457,1.36482,4628
25.06.2024 03:00:00.000,1.36483,1.36509,1.36428,1.36491,2606
25.06.2024 04:00:00.000,1.36493,1.36601,1.36491,1.36594,2325
25.06.2024 05:00:00.000,1.36595,1.36614,1.36561,1.36602,3606
25.06.2024 06:00:00.000,1.36603,1.36802,1.36598,1.36776,3664
25.06.2024 07:00:00.000,1.36776,1.36777,1.36191,1.36539,8852
25.06.2024 08:00:00.000,1.36539,1.366,1.36391,1.36579,8644
25.06.2024 09:00:00.000,1.36579,1.3671,1.36574,1.36618,7694
25.06.2024 10:00:00.000,1.36619,1.36642,1.3649,1.36596,4939
25.06.2024 11:00:00.000,1.36595,1.36688,1.36578,1.36643,5700
25.06.2024 12:00:00.000,1.36646,1.36681,1.36515,1.36542,3718
25.06.2024 13:00:00.000,1.3654,1.36572,1.36492,1.36552,2509
25.06.2024 14:00:00.000,1.36553,1.36572,1.36517,1.36542,2811
25.06.2024 15:00:00.000,1.36546,1.36605,1.36545,1.36569,1830
25.06.2024 16:00:00.000,1.36562,1.36592,1.36471,1.36551,1550
25.06.2024 17:00:00.000,1.3655,1.36595,1.36542,1.36594,701
25.06.2024 18:00:00.000,1.36593,1.36615,1.36592,1.36615,1454
25.06.2024 19:00:00.000,1.36613,1.36666,1.3661,1.36635,2095
25.06.2024 20:00:00.000,1.36638,1.36638,1.365,1.36532,3640
25.06.2024 21:00:00.000,1.36532,1.36569,1.36499,1.36556,2490
25.06.2024 22:00:00.000,1.36556,1.36579,1.36538,1.36569,1953
25.06.2024 23:00:00.000,1.36573,1.36588,1.36544,1.36569,1119
26.06.2024 00:00:00.000,1.36569,1.36616,1.36557,1.36596,2335
26.06.2024 01:00:00.000,1.36596,1.36614,1.36547,1.36608,3619
26.06.2024 02:00:00.000,1.36604,1.36683,1.36591,1.36655,3640
26.06.2024 03:00:00.000,1.36654,1.36744,1.36654,1.36726,2490
26.06.2024 04:00:00.000,1.36724,1.36725,1.36626,1.36711,4085
26.06.2024 05:00:00.000,1.3671,1.36861,1.3671,1.36861,3945
26.06.2024 06:00:00.000,1.36862,1.36951,1.36855,1.36865,4322
26.06.2024 07:00:00.000,1.36862,1.3692,1.36812,1.36866,6404
26.06.2024 08:00:00.000,1.36867,1.37035,1.3682,1.36911,7560
26.06.2024 09:00:00.000,1.36911,1.36962,1.36792,1.3694,7808
26.06.2024 10:00:00.000,1.36938,1.37009,1.36904,1.36978,5917
26.06.2024 11:00:00.000,1.36981,1.3702,1.36939,1.36999,5139
26.06.2024 12:00:00.000,1.37002,1.37037,1.36917,1.3692,5301
26.06.2024 13:00:00.000,1.36921,1.37044,1.36918,1.37026,4432
26.06.2024 14:00:00.000,1.37028,1.37073,1.36988,1.36999,3913
26.06.2024 15:00:00.000,1.37,1.37051,1.36995,1.37007,2378
26.06.2024 16:00:00.000,1.36991,1.37015,1.36944,1.3699,1163
26.06.2024 17:00:00.000,1.36996,1.37045,1.36996,1.37044,777
26.06.2024 18:00:00.000,1.37042,1.37067,1.37031,1.37044,858
26.06.2024 19:00:00.000,1.37046,1.3712,1.37046,1.37086,2540
26.06.2024 20:00:00.000,1.37086,1.37092,1.36994,1.37003,2878
26.06.2024 21:00:00.000,1.37001,1.37015,1.36967,1.37,2433
26.06.2024 22:00:00.000,1.37,1.37004,1.36963,1.36991,1282
26.06.2024 23:00:00.000,1.3699,1.36992,1.36914,1.36921,3446
27.06.2024 00:00:00.000,1.36919,1.36962,1.36916,1.3693,2806
27.06.2024 01:00:00.000,1.36931,1.36951,1.36857,1.36912,3339
27.06.2024 02:00:00.000,1.36913,1.3692,1.36854,1.36877,4885
27.06.2024 03:00:00.000,1.36882,1.36888,1.3682,1.36839,4240
27.06.2024 04:00:00.000,1.36839,1.36844,1.36784,1.36816,2989
27.06.2024 05:00:00.000,1.36816,1.36875,1.36814,1.36838,2894
27.06.2024 06:00:00.000,1.36835,1.36949,1.36833,1.36946,2753
27.06.2024 07:00:00.000,1.36946,1.36964,1.36754,1.36841,7191
27.06.2024 08:00:00.000,1.36842,1.36934,1.36814,1.36849,7293
27.06.2024 09:00:00.000,1.3685,1.36951,1.3681,1.36876,7667
27.06.2024 10:00:00.000,1.3688,1.36975,1.36879,1.3694,5264
27.06.2024 11:00:00.000,1.36942,1.36997,1.36878,1.36892,4146
27.06.2024 12:00:00.000,1.36891,1.36892,1.36803,1.36884,2971
27.06.2024 13:00:00.000,1.36885,1.36959,1.36877,1.3692,4730
27.06.2024 14:00:00.000,1.36919,1.36948,1.36899,1.36931,4763
27.06.2024 15:00:00.000,1.36931,1.37009,1.36915,1.37,2203
27.06.2024 16:00:00.000,1.36993,1.36993,1.36927,1.36965,909
27.06.2024 17:00:00.000,1.36962,1.37041,1.3696,1.37041,1015
27.06.2024 18:00:00.000,1.3704,1.37045,1.36986,1.36992,1116
27.06.2024 19:00:00.000,1.3699,1.37193,1.3696,1.37185,2269
27.06.2024 20:00:00.000,1.37186,1.37337,1.37186,1.37266,7764
27.06.2024 21:00:00.000,1.37264,1.37289,1.37127,1.37168,3646
27.06.2024 22:00:00.000,1.37168,1.3723,1.37159,1.37228,2893
27.06.2024 23:00:00.000,1.37228,1.3733,1.37227,1.37299,2514
28.06.2024 00:00:00.000,1.37298,1.37306,1.3727,1.37278,2511
28.06.2024 01:00:00.000,1.37278,1.37281,1.37128,1.37136,4165
28.06.2024 02:00:00.000,1.37136,1.37192,1.37066,1.37094,4169
28.06.2024 03:00:00.000,1.37093,1.3712,1.3706,1.37075,3771
28.06.2024 04:00:00.000,1.37074,1.37104,1.36934,1.3695,4239
28.06.2024 05:00:00.000,1.36949,1.36978,1.36881,1.36883,3672
28.06.2024 06:00:00.000,1.36883,1.37045,1.36863,1.3704,3296
28.06.2024 07:00:00.000,1.37039,1.371,1.36863,1.37001,10903
28.06.2024 08:00:00.000,1.37001,1.37019,1.3676,1.36968,8583
28.06.2024 09:00:00.000,1.36971,1.37169,1.36811,1.36827,13128
28.06.2024 10:00:00.000,1.36828,1.36904,1.36754,1.36856,8636
28.06.2024 11:00:00.000,1.36855,1.36901,1.36728,1.36748,8201
28.06.2024 12:00:00.000,1.36749,1.36757,1.3655,1.36756,5616
28.06.2024 13:00:00.000,1.36755,1.36874,1.36715,1.36858,7568
28.06.2024 14:00:00.000,1.36859,1.3695,1.36786,1.36813,8713
28.06.2024 15:00:00.000,1.36815,1.36862,1.36765,1.36781,5144
01.07.2024 00:00:00.000,1.36724,1.36755,1.36676,1.36714,2930
01.07.2024 01:00:00.000,1.36716,1.36726,1.36628,1.36679,4383
01.07.2024 02:00:00.000,1.36679,1.36793,1.36654,1.36769,4507
01.07.2024 03:00:00.000,1.36769,1.36813,1.36693,1.36721,4498
01.07.2024 04:00:00.000,1.36722,1.36841,1.36722,1.36822,3065
01.07.2024 05:00:00.000,1.36819,1.36885,1.36818,1.3688,2452
01.07.2024 06:00:00.000,1.3688,1.36909,1.36839,1.36866,2445
01.07.2024 07:00:00.000,1.36865,1.37084,1.36865,1.37033,5808
01.07.2024 08:00:00.000,1.37032,1.3705,1.36852,1.36979,6954
01.07.2024 09:00:00.000,1.36979,1.37348,1.36838,1.37317,14531
01.07.2024 10:00:00.000,1.37315,1.37483,1.37307,1.37437,7260
01.07.2024 11:00:00.000,1.37438,1.37478,1.37326,1.37368,6183
01.07.2024 12:00:00.000,1.37368,1.3741,1.37332,1.37399,4326
01.07.2024 13:00:00.000,1.37399,1.37472,1.37399,1.37445,4420
01.07.2024 14:00:00.000,1.37445,1.37448,1.37367,1.37389,5140
01.07.2024 15:00:00.000,1.37389,1.374,1.37339,1.37348,1490
01.07.2024 16:00:00.000,1.37349,1.37377,1.3732,1.37334,570
01.07.2024 17:00:00.000,1.37334,1.37388,1.37329,1.37361,956
01.07.2024 18:00:00.000,1.37362,1.37399,1.37353,1.37379,1683
01.07.2024 19:00:00.000,1.37377,1.37413,1.37324,1.37403,3072
01.07.2024 20:00:00.000,1.37403,1.37471,1.3737,1.37403,2746
01.07.2024 21:00:00.000,1.37404,1.37509,1.37402,1.37483,1756
01.07.2024 22:00:00.000,1.37482,1.37549,1.37482,1.37524,2766
01.07.2024 23:00:00.000,1.37525,1.37545,1.37497,1.37516,1281
02.07.2024 00:00:00.000,1.37515,1.37546,1.37486,1.37499,1877
02.07.2024 01:00:00.000,1.37497,1.37499,1.37388,1.37419,4937
02.07.2024 02:00:00.000,1.37418,1.37452,1.3734,1.37357,5542
02.07.2024 03:00:00.000,1.37357,1.37396,1.3729,1.37307,5241
02.07.2024 04:00:00.000,1.37303,1.37333,1.37268,1.3732,4354
02.07.2024 05:00:00.000,1.37319,1.3734,1.37284,1.37327,2961
02.07.2024 06:00:00.000,1.37326,1.37365,1.37286,1.37323,3756
02.07.2024 07:00:00.000,1.37324,1.37324,1.37162,1.37206,6215
02.07.2024 08:00:00.000,1.37206,1.37253,1.36948,1.36961,11229
02.07.2024 09:00:00.000,1.36961,1.37078,1.36876,1.36939,20605
02.07.2024 10:00:00.000,1.36938,1.36997,1.36909,1.36924,10366
02.07.2024 11:00:00.000,1.36924,1.37011,1.36923,1.36947,5537
02.07.2024 12:00:00.000,1.36946,1.36951,1.3681,1.3683,5624
02.07.2024 13:00:00.000,1.3683,1.36863,1.36746,1.36751,4729
02.07.2024 14:00:00.000,1.36751,1.368,1.36668,1.36703,5304
02.07.2024 15:00:00.000,1.36703,1.36789,1.36701,1.36782,2543
02.07.2024 16:00:00.000,1.36767,1.36787,1.36744,1.36785,3118
02.07.2024 17:00:00.000,1.36787,1.36787,1.3671,1.36712,976
02.07.2024 18:00:00.000,1.36712,1.36772,1.36708,1.36771,1001
02.07.2024 19:00:00.000,1.36769,1.36777,1.3671,1.3676,3655
02.07.2024 20:00:00.000,1.3676,1.36836,1.36759,1.36818,3281
02.07.2024 21:00:00.000,1.36816,1.36831,1.36771,1.36816,2359
02.07.2024 22:00:00.000,1.36819,1.3682,1.3676,1.3677,1524
02.07.2024 23:00:00.000,1.3677,1.36799,1.36751,1.36798,877
03.07.2024 00:00:00.000,1.36799,1.36848,1.36792,1.36834,1955
03.07.2024 01:00:00.000,1.36833,1.36863,1.36752,1.36766,3441
03.07.2024 02:00:00.000,1.36765,1.36782,1.36675,1.36688,6145
03.07.2024 03:00:00.000,1.36686,1.36773,1.36686,1.36767,5523
03.07.2024 04:00:00.000,1.36766,1.36803,1.36763,1.36774,4692
03.07.2024 05:00:00.000,1.36775,1.36804,1.36748,1.36789,4731
03.07.2024 06:00:00.000,1.3679,1.36804,1.36702,1.36711,5216
03.07.2024 07:00:00.000,1.3671,1.36716,1.36511,1.36574,7992
03.07.2024 08:00:00.000,1.36576,1.36576,1.36432,1.36484,5462
03.07.2024 09:00:00.000,1.36477,1.36477,1.36169,1.36311,16120
03.07.2024 10:00:00.000,1.36313,1.36347,1.36225,1.3625,7183
03.07.2024 11:00:00.000,1.36251,1.36344,1.36247,1.36304,5357
03.07.2024 12:00:00.000,1.36304,1.36361,1.36296,1.36341,3694
03.07.2024 13:00:00.000,1.3634,1.36416,1.36325,1.36364,3627
03.07.2024 14:00:00.000,1.36365,1.36369,1.3631,1.36348,3362
03.07.2024 15:00:00.000,1.36348,1.36403,1.36342,1.36375,1116
03.07.2024 16:00:00.000,1.36354,1.36401,1.36172,1.3637,759
03.07.2024 17:00:00.000,1.3637,1.36388,1.36358,1.36367,557
03.07.2024 18:00:00.000,1.36365,1.36367,1.36323,1.36332,1317
03.07.2024 19:00:00.000,1.36332,1.36343,1.36286,1.36294,3347
03.07.2024 20:00:00.000,1.36293,1.36366,1.36251,1.36335,5462
03.07.2024 21:00:00.000,1.36338,1.3637,1.36324,1.36353,2549
03.07.2024 22:00:00.000,1.36354,1.36386,1.36344,1.36375,4794
03.07.2024 23:00:00.000,1.36376,1.36376,1.36339,1.36351,2308
04.07.2024 00:00:00.000,1.36352,1.36366,1.36292,1.36294,1004
04.07.2024 01:00:00.000,1.36295,1.36323,1.36253,1.36258,2071
04.07.2024 02:00:00.000,1.36259,1.36297,1.36232,1.36255,2781
04.07.2024 03:00:00.000,1.36254,1.36257,1.36192,1.36228,3381
04.07.2024 04:00:00.000,1.36225,1.36279,1.36215,1.36262,2561
04.07.2024 05:00:00.000,1.36263,1.36265,1.36212,1.36212,2628
04.07.2024 06:00:00.000,1.36212,1.36232,1.36161,1.36191,3214
04.07.2024 07:00:00.000,1.3619,1.36193,1.36117,1.36123,3338
04.07.2024 08:00:00.000,1.36125,1.36191,1.36116,1.36121,2392
04.07.2024 09:00:00.000,1.36119,1.36204,1.36097,1.36179,3689
04.07.2024 10:00:00.000,1.36176,1.36193,1.36084,1.36088,2936
04.07.2024 11:00:00.000,1.36089,1.36113,1.36081,1.36081,732
04.07.2024 12:00:00.000,1.36083,1.36121,1.36078,1.36107,324
04.07.2024 13:00:00.000,1.36107,1.36116,1.36099,1.36101,325
04.07.2024 14:00:00.000,1.36102,1.36131,1.36102,1.36121,554
04.07.2024 15:00:00.000,1.36121,1.36126,1.36076,1.36091,435
04.07.2024 16:00:00.000,1.36093,1.36118,1.36056,1.36111,287
04.07.2024 17:00:00.000,1.36112,1.36147,1.36101,1.36138,678
04.07.2024 18:00:00.000,1.36135,1.36159,1.36126,1.36148,1672
04.07.2024 19:00:00.000,1.36147,1.36147,1.36046,1.36082,3365
04.07.2024 20:00:00.000,1.36083,1.36123,1.36066,1.36072,1850
04.07.2024 21:00:00.000,1.36075,1.36109,1.36075,1.36101,1571
04.07.2024 22:00:00.000,1.36101,1.36131,1.36061,1.36068,3239
04.07.2024 23:00:00.000,1.36068,1.36085,1.36049,1.36061,2445
05.07.2024 00:00:00.000,1.36062,1.361,1.36043,1.36053,1725
05.07.2024 01:00:00.000,1.36051,1.36103,1.36018,1.36093,2729
05.07.2024 02:00:00.000,1.36093,1.36098,1.36028,1.36036,3661
05.07.2024 03:00:00.000,1.36037,1.36113,1.36029,1.36039,4251
05.07.2024 04:00:00.000,1.3604,1.36082,1.36032,1.36072,5047
05.07.2024 05:00:00.000,1.36074,1.36107,1.36037,1.36091,3744
05.07.2024 06:00:00.000,1.36091,1.36135,1.36081,1.3613,3093
05.07.2024 07:00:00.000,1.36132,1.36319,1.36067,1.36214,13809
05.07.2024 08:00:00.000,1.36215,1.36503,1.36171,1.36422,13340
05.07.2024 09:00:00.000,1.36426,1.36529,1.3631,1.36315,13660
05.07.2024 10:00:00.000,1.36316,1.36393,1.36281,1.36329,7469
05.07.2024 11:00:00.000,1.36329,1.36398,1.36297,1.36364,4104
05.07.2024 12:00:00.000,1.36366,1.36433,1.36346,1.36378,4412
05.07.2024 13:00:00.000,1.36377,1.36379,1.36269,1.36273,3078
05.07.2024 14:00:00.000,1.36274,1.3635,1.36265,1.36308,3954
05.07.2024 15:00:00.000,1.36308,1.36419,1.36306,1.36408,3158
08.07.2024 00:00:00.000,1.36371,1.36432,1.36359,1.36429,2217
08.07.2024 01:00:00.000,1.36426,1.36457,1.36385,1.36451,4241
08.07.2024 02:00:00.000,1.3645,1.36456,1.36305,1.36316,6555
08.07.2024 03:00:00.000,1.36316,1.36366,1.36284,1.36362,4688
08.07.2024 04:00:00.000,1.36362,1.36397,1.36315,1.36328,3930
08.07.2024 05:00:00.000,1.36327,1.36422,1.36296,1.36419,4957
08.07.2024 06:00:00.000,1.36419,1.36422,1.36309,1.36327,2903
08.07.2024 07:00:00.000,1.36325,1.36345,1.36245,1.36251,6128
08.07.2024 08:00:00.000,1.36251,1.36342,1.36238,1.36292,8433
08.07.2024 09:00:00.000,1.36292,1.36406,1.36277,1.36297,8376
08.07.2024 10:00:00.000,1.36296,1.36396,1.36277,1.36383,4927
08.07.2024 11:00:00.000,1.36384,1.36395,1.36268,1.36291,3462
08.07.2024 12:00:00.000,1.36291,1.36349,1.36288,1.36331,2605
08.07.2024 13:00:00.000,1.3633,1.36428,1.3633,1.36397,1865
08.07.2024 14:00:00.000,1.36393,1.36427,1.36363,1.36389,2248
08.07.2024 15:00:00.000,1.36389,1.36397,1.36325,1.36337,1577
08.07.2024 16:00:00.000,1.36326,1.36347,1.36282,1.36332,636
08.07.2024 17:00:00.000,1.36346,1.36377,1.36338,1.3634,630
08.07.2024 18:00:00.000,1.36341,1.36341,1.36292,1.363,1230
08.07.2024 19:00:00.000,1.36298,1.36394,1.36278,1.36372,2460
08.07.2024 20:00:00.000,1.36372,1.36411,1.36325,1.36401,2605
08.07.2024 21:00:00.000,1.364,1.36466,1.36371,1.36409,3102
08.07.2024 22:00:00.000,1.36408,1.36409,1.36348,1.36365,5295
08.07.2024 23:00:00.000,1.36367,1.36367,1.36302,1.3632,2553
09.07.2024 00:00:00.000,1.36318,1.36332,1.36294,1.3631,2945
09.07.2024 01:00:00.000,1.36309,1.36348,1.36278,1.36326,2718
09.07.2024 02:00:00.000,1.36325,1.36402,1.36303,1.36392,3568
09.07.2024 03:00:00.000,1.36391,1.36444,1.36374,1.36398,6289
09.07.2024 04:00:00.000,1.36397,1.36416,1.36359,1.36402,4230
09.07.2024 05:00:00.000,1.36405,1.36421,1.3635,1.36382,4581
09.07.2024 06:00:00.000,1.36381,1.36451,1.36381,1.36407,4246
09.07.2024 07:00:00.000,1.36409,1.36439,1.36383,1.36386,4883
09.07.2024 08:00:00.000,1.36385,1.36428,1.36336,1.36383,10084
09.07.2024 09:00:00.000,1.3638,1.3648,1.36334,1.3638,10272
09.07.2024 10:00:00.000,1.3638,1.36473,1.36354,1.3638,7043
09.07.2024 11:00:00.000,1.36379,1.36398,1.36344,1.36348,3755
09.07.2024 12:00:00.000,1.36349,1.36363,1.36278,1.36326,5256
09.07.2024 13:00:00.000,1.36329,1.36378,1.36296,1.363,2861
09.07.2024 14:00:00.000,1.363,1.36333,1.36284,1.36311,2647
09.07.2024 15:00:00.000,1.36315,1.36355,1.36297,1.3635,1906
09.07.2024 16:00:00.000,1.36343,1.36348,1.36266,1.36332,1356
09.07.2024 17:00:00.000,1.36331,1.36341,1.36322,1.3633,653
09.07.2024 18:00:00.000,1.36331,1.36335,1.36309,1.36316,804
09.07.2024 19:00:00.000,1.36315,1.3635,1.36273,1.36341,3362
09.07.2024 20:00:00.000,1.3634,1.36366,1.36318,1.3634,3232
09.07.2024 21:00:00.000,1.36339,1.36375,1.36292,1.36308,3177
09.07.2024 22:00:00.000,1.36306,1.36324,1.3629,1.36299,1827
09.07.2024 23:00:00.000,1.36299,1.36326,1.36296,1.36315,1247
10.07.2024 00:00:00.000,1.36315,1.36348,1.36299,1.36344,2014
10.07.2024 01:00:00.000,1.36345,1.36368,1.36315,1.36343,2239
10.07.2024 02:00:00.000,1.36343,1.36413,1.36316,1.36392,3711
10.07.2024 03:00:00.000,1.36393,1.36426,1.36366,1.36368,4624
10.07.2024 04:00:00.000,1.36366,1.36382,1.36298,1.36344,3233
10.07.2024 05:00:00.000,1.36345,1.36361,1.36307,1.3632,2398
10.07.2024 06:00:00.000,1.36319,1.36391,1.36309,1.36351,2875
10.07.2024 07:00:00.000,1.36351,1.36356,1.36201,1.36219,5641
10.07.2024 08:00:00.000,1.3622,1.36319,1.3618,1.36235,8369
10.07.2024 09:00:00.000,1.36236,1.36248,1.36128,1.3619,7476
10.07.2024 10:00:00.000,1.3619,1.36217,1.36075,1.36093,6577
10.07.2024 11:00:00.000,1.36091,1.36156,1.36083,1.36145,5297
10.07.2024 12:00:00.000,1.36144,1.36214,1.3611,1.36173,3750
10.07.2024 13:00:00.000,1.36174,1.36239,1.36174,1.36212,3084
10.07.2024 14:00:00.000,1.36212,1.36255,1.36183,1.36193,4753
10.07.2024 15:00:00.000,1.36192,1.3622,1.36179,1.36183,1522
10.07.2024 16:00:00.000,1.3618,1.36182,1.36121,1.36173,592
10.07.2024 17:00:00.000,1.3618,1.36192,1.36162,1.36179,531
10.07.2024 18:00:00.000,1.36177,1.36184,1.36155,1.36183,629
10.07.2024 19:00:00.000,1.36185,1.36213,1.36165,1.36207,1696
10.07.2024 20:00:00.000,1.36208,1.36235,1.36151,1.36155,2139
10.07.2024 21:00:00.000,1.36161,1.36185,1.36135,1.36185,1266
10.07.2024 22:00:00.000,1.36185,1.36202,1.36159,1.36163,1329
10.07.2024 23:00:00.000,1.36165,1.36213,1.36149,1.36213,1249
11.07.2024 00:00:00.000,1.36212,1.36215,1.36177,1.36215,2662
11.07.2024 01:00:00.000,1.36216,1.36272,1.36184,1.36249,3341
11.07.2024 02:00:00.000,1.36249,1.36334,1.36244,1.36317,5305
11.07.2024 03:00:00.000,1.36317,1.36348,1.36286,1.36302,4256
11.07.2024 04:00:00.000,1.36298,1.36333,1.3627,1.36306,3473
11.07.2024 05:00:00.000,1.36307,1.36387,1.36307,1.36348,3597
11.07.2024 06:00:00.000,1.36351,1.36367,1.36287,1.36301,3234
11.07.2024 07:00:00.000,1.36302,1.36309,1.35884,1.36058,15212
11.07.2024 08:00:00.000,1.36059,1.36172,1.35953,1.35963,20184
11.07.2024 09:00:00.000,1.35962,1.36301,1.35953,1.36101,14045
11.07.2024 10:00:00.000,1.36099,1.36252,1.36085,1.36187,11080
11.07.2024 11:00:00.000,1.36185,1.3635,1.36184,1.36306,7232
11.07.2024 12:00:00.000,1.36308,1.36474,1.36298,1.36428,8489
11.07.2024 13:00:00.000,1.36427,1.36445,1.36285,1.36316,5409
11.07.2024 14:00:00.000,1.36317,1.36362,1.363,1.3634,3014
11.07.2024 15:00:00.000,1.36346,1.3635,1.363,1.36306,1236
11.07.2024 16:00:00.000,1.36302,1.36337,1.36283,1.36317,826
11.07.2024 17:00:00.000,1.36316,1.36342,1.36303,1.36337,1623
11.07.2024 18:00:00.000,1.36338,1.36339,1.36221,1.36241,5967
11.07.2024 19:00:00.000,1.36239,1.36322,1.3623,1.36316,3163
11.07.2024 20:00:00.000,1.36316,1.36338,1.36286,1.36317,2076
11.07.2024 21:00:00.000,1.36316,1.36339,1.36261,1.36267,3341
11.07.2024 22:00:00.000,1.36268,1.36281,1.36196,1.36199,3449
11.07.2024 23:00:00.000,1.36199,1.36239,1.36179,1.36199,2494
12.07.2024 00:00:00.000,1.36198,1.36251,1.36184,1.36207,3427
12.07.2024 01:00:00.000,1.36208,1.3628,1.36183,1.36257,5176
12.07.2024 02:00:00.000,1.36258,1.36297,1.3623,1.36241,4102
12.07.2024 03:00:00.000,1.36241,1.36243,1.36123,1.36131,6033
12.07.2024 04:00:00.000,1.36131,1.36198,1.36109,1.36166,3959
12.07.2024 05:00:00.000,1.36167,1.36209,1.36134,1.36165,3367
12.07.2024 06:00:00.000,1.36164,1.36225,1.36157,1.36215,3790
12.07.2024 07:00:00.000,1.36214,1.36383,1.36183,1.36324,13333
12.07.2024 08:00:00.000,1.36322,1.36388,1.3625,1.36325,12958
12.07.2024 09:00:00.000,1.3632,1.36384,1.36211,1.36214,12147
12.07.2024 10:00:00.000,1.36215,1.36272,1.36118,1.36266,9339
12.07.2024 11:00:00.000,1.36267,1.36288,1.36183,1.36219,6909
12.07.2024 12:00:00.000,1.36219,1.36332,1.36211,1.36281,3856
12.07.2024 13:00:00.000,1.3628,1.36336,1.36268,1.36297,3574
12.07.2024 14:00:00.000,1.36297,1.36344,1.36268,1.36326,4628
12.07.2024 15:00:00.000,1.36326,1.36363,1.36302,1.36302,2352
15.07.2024 00:00:00.000,1.3656,1.36579,1.36539,1.36559,2533
15.07.2024 01:00:00.000,1.3656,1.36621,1.3653,1.36575,4550
15.07.2024 02:00:00.000,1.36573,1.36638,1.36517,1.36523,4572
15.07.2024 03:00:00.000,1.36522,1.36522,1.36327,1.36335,5157
15.07.2024 04:00:00.000,1.36335,1.36451,1.36308,1.36445,3588
15.07.2024 05:00:00.000,1.36445,1.36484,1.36386,1.3647,3736
15.07.2024 06:00:00.000,1.36465,1.36471,1.36307,1.36418,4959
15.07.2024 07:00:00.000,1.36417,1.3653,1.36397,1.36456,6806
15.07.2024 08:00:00.000,1.36457,1.36555,1.3643,1.36487,10703
15.07.2024 09:00:00.000,1.36485,1.36659,1.36445,1.36569,9063
15.07.2024 10:00:00.000,1.3657,1.36669,1.36527,1.36616,5384
15.07.2024 11:00:00.000,1.36616,1.36741,1.36589,1.36663,7940
15.07.2024 12:00:00.000,1.36665,1.36885,1.3666,1.36824,10817
15.07.2024 13:00:00.000,1.36824,1.36856,1.36696,1.36699,5587
15.07.2024 14:00:00.000,1.36704,1.36775,1.36693,1.36734,3736
15.07.2024 15:00:00.000,1.36736,1.36832,1.3672,1.36817,1390
15.07.2024 16:00:00.000,1.36811,1.36816,1.36737,1.36811,1369
15.07.2024 17:00:00.000,1.36813,1.36819,1.36771,1.36774,1425
15.07.2024 18:00:00.000,1.36773,1.36777,1.36747,1.36775,1395
15.07.2024 19:00:00.000,1.36773,1.36812,1.36738,1.36798,3650
15.07.2024 20:00:00.000,1.36797,1.3684,1.36768,1.36795,4637
15.07.2024 21:00:00.000,1.36792,1.36841,1.36787,1.36825,1576
15.07.2024 22:00:00.000,1.36827,1.36837,1.36796,1.36814,1943
15.07.2024 23:00:00.000,1.36816,1.36843,1.36801,1.36835,2129
16.07.2024 00:00:00.000,1.36835,1.36882,1.36835,1.36852,3035
16.07.2024 01:00:00.000,1.36854,1.36944,1.36852,1.36925,3994
16.07.2024 02:00:00.000,1.36926,1.36934,1.3685,1.36879,4001
16.07.2024 03:00:00.000,1.36879,1.36918,1.36834,1.36842,5059
16.07.2024 04:00:00.000,1.3684,1.36842,1.36752,1.3678,3677
16.07.2024 05:00:00.000,1.36781,1.36817,1.36756,1.36809,3611
16.07.2024 06:00:00.000,1.36808,1.36864,1.3676,1.36767,4660
16.07.2024 07:00:00.000,1.36771,1.37069,1.36626,1.3699,11890
16.07.2024 08:00:00.000,1.36989,1.37074,1.36827,1.36848,10715
16.07.2024 09:00:00.000,1.36848,1.36991,1.36812,1.36971,9036
16.07.2024 10:00:00.000,1.3697,1.36993,1.36842,1.36878,6932
16.07.2024 11:00:00.000,1.36879,1.36897,1.36818,1.36822,3623
16.07.2024 12:00:00.000,1.36822,1.36835,1.36756,1.36771,3442
16.07.2024 13:00:00.000,1.36772,1.36811,1.36742,1.36781,4479
16.07.2024 14:00:00.000,1.3678,1.36789,1.36687,1.367,6649
16.07.2024 15:00:00.000,1.36705,1.36748,1.36694,1.36726,1819
16.07.2024 16:00:00.000,1.36719,1.36722,1.3667,1.36705,663
16.07.2024 17:00:00.000,1.36706,1.36745,1.36694,1.36697,922
16.07.2024 18:00:00.000,1.36696,1.36724,1.36678,1.36703,1570
16.07.2024 19:00:00.000,1.36705,1.36808,1.36698,1.36782,2901
16.07.2024 20:00:00.000,1.36781,1.36819,1.36741,1.36749,2318
16.07.2024 21:00:00.000,1.36747,1.36748,1.36685,1.36705,4601
16.07.2024 22:00:00.000,1.36704,1.36752,1.36686,1.36721,2674
16.07.2024 23:00:00.000,1.36718,1.36753,1.36706,1.36742,2901
17.07.2024 00:00:00.000,1.36742,1.36773,1.3672,1.36773,2780
17.07.2024 01:00:00.000,1.36772,1.36832,1.36753,1.368,3822
17.07.2024 02:00:00.000,1.36798,1.36855,1.36705,1.36756,8226
17.07.2024 03:00:00.000,1.36755,1.36783,1.36623,1.36638,10324
17.07.2024 04:00:00.000,1.36636,1.36667,1.3659,1.36608,7022
17.07.2024 05:00:00.000,1.36607,1.36677,1.36561,1.36666,5432
17.07.2024 06:00:00.000,1.36665,1.36735,1.3666,1.36711,6923
17.07.2024 07:00:00.000,1.36708,1.36783,1.3668,1.36711,6416
17.07.2024 08:00:00.000,1.3671,1.36785,1.3661,1.36639,9110
17.07.2024 09:00:00.000,1.36639,1.36887,1.36638,1.36874,15787
17.07.2024 10:00:00.000,1.36871,1.36915,1.36839,1.36845,8795
17.07.2024 11:00:00.000,1.36845,1.37011,1.36831,1.3693,5117
17.07.2024 12:00:00.000,1.3693,1.36963,1.36894,1.36936,6249
17.07.2024 13:00:00.000,1.36938,1.36954,1.36863,1.36891,3702
17.07.2024 14:00:00.000,1.3689,1.36897,1.36833,1.36872,4385
17.07.2024 15:00:00.000,1.36871,1.36896,1.36818,1.36818,1469
17.07.2024 16:00:00.000,1.36812,1.36837,1.3678,1.36834,609
17.07.2024 17:00:00.000,1.36834,1.36847,1.36768,1.36771,1843
17.07.2024 18:00:00.000,1.3677,1.36806,1.36759,1.36787,3451
17.07.2024 19:00:00.000,1.36787,1.36822,1.36762,1.3682,5795
17.07.2024 20:00:00.000,1.36818,1.36879,1.36786,1.36828,4127
17.07.2024 21:00:00.000,1.36825,1.36868,1.36793,1.368,3696
17.07.2024 22:00:00.000,1.36799,1.36818,1.36762,1.36816,3256
17.07.2024 23:00:00.000,1.36816,1.36818,1.36782,1.36798,1463
18.07.2024 00:00:00.000,1.36797,1.36805,1.36764,1.36792,3911
18.07.2024 01:00:00.000,1.36792,1.36801,1.36709,1.36715,4018
18.07.2024 02:00:00.000,1.36717,1.3678,1.36712,1.36741,7486
18.07.2024 03:00:00.000,1.3674,1.36764,1.367,1.3674,5662
18.07.2024 04:00:00.000,1.36743,1.36766,1.36725,1.36743,3175
18.07.2024 05:00:00.000,1.36744,1.36792,1.36744,1.36768,2760
18.07.2024 06:00:00.000,1.36769,1.36819,1.36767,1.3679,2890
18.07.2024 07:00:00.000,1.36789,1.36834,1.36764,1.36807,6214
18.07.2024 08:00:00.000,1.36806,1.36907,1.36772,1.36858,8149
18.07.2024 09:00:00.000,1.36859,1.36986,1.36827,1.36885,8275
18.07.2024 10:00:00.000,1.36884,1.36978,1.36884,1.36963,8397
18.07.2024 11:00:00.000,1.36963,1.37006,1.36925,1.36929,4402
18.07.2024 12:00:00.000,1.3693,1.36992,1.3691,1.36978,4022
18.07.2024 13:00:00.000,1.36976,1.3715,1.36972,1.37102,5168
18.07.2024 14:00:00.000,1.37103,1.37181,1.37061,1.37134,8346
18.07.2024 15:00:00.000,1.37134,1.37135,1.37043,1.37043,2013
18.07.2024 16:00:00.000,1.37043,1.37043,1.3697,1.37022,2331
18.07.2024 17:00:00.000,1.37022,1.37055,1.37013,1.37054,1712
18.07.2024 18:00:00.000,1.37051,1.37067,1.37007,1.37032,2060
18.07.2024 19:00:00.000,1.37032,1.37141,1.37032,1.37069,3140
18.07.2024 20:00:00.000,1.37068,1.37096,1.37032,1.37083,4216
18.07.2024 21:00:00.000,1.37083,1.37086,1.37021,1.37031,2812
18.07.2024 22:00:00.000,1.37032,1.37066,1.37023,1.37061,2465
18.07.2024 23:00:00.000,1.3706,1.3707,1.37039,1.37064,2329
19.07.2024 00:00:00.000,1.37063,1.37072,1.37027,1.37031,3176
19.07.2024 01:00:00.000,1.3703,1.37094,1.3703,1.37076,3547
19.07.2024 02:00:00.000,1.37075,1.37171,1.37058,1.37117,4236
19.07.2024 03:00:00.000,1.37116,1.37177,1.37105,1.37164,4055
19.07.2024 04:00:00.000,1.37163,1.37198,1.37141,1.37187,3390
19.07.2024 05:00:00.000,1.37189,1.37195,1.37092,1.37164,3209
19.07.2024 06:00:00.000,1.37164,1.37171,1.37067,1.37116,4127
19.07.2024 07:00:00.000,1.37116,1.37249,1.3711,1.37233,6696
19.07.2024 08:00:00.000,1.37234,1.37472,1.37223,1.37243,12065
19.07.2024 09:00:00.000,1.37245,1.37301,1.37162,1.3724,9959
19.07.2024 10:00:00.000,1.37238,1.37348,1.37201,1.3725,5440
19.07.2024 11:00:00.000,1.37251,1.3733,1.37176,1.37313,5067
19.07.2024 12:00:00.000,1.37311,1.37341,1.37223,1.37234,4825
19.07.2024 13:00:00.000,1.37234,1.3735,1.37234,1.37303,3722
19.07.2024 14:00:00.000,1.37303,1.37347,1.37261,1.37311,5341
19.07.2024 15:00:00.000,1.37311,1.37333,1.37255,1.37255,1825
22.07.2024 00:00:00.000,1.37319,1.37358,1.37319,1.37349,4276
22.07.2024 01:00:00.000,1.37349,1.37403,1.37294,1.37394,5016
22.07.2024 02:00:00.000,1.37392,1.37456,1.37389,1.37443,5307
22.07.2024 03:00:00.000,1.37447,1.37457,1.37341,1.37412,3743
22.07.2024 04:00:00.000,1.37413,1.37451,1.37363,1.37429,4649
22.07.2024 05:00:00.000,1.37429,1.37453,1.37419,1.37452,3270
22.07.2024 06:00:00.000,1.37449,1.37505,1.37419,1.37496,4167
22.07.2024 07:00:00.000,1.37493,1.37544,1.37466,1.37502,8537
22.07.2024 08:00:00.000,1.37502,1.37676,1.37471,1.37671,10482
22.07.2024 09:00:00.000,1.37671,1.37744,1.37604,1.37605,10791
22.07.2024 10:00:00.000,1.37607,1.37631,1.37512,1.3759,6628
22.07.2024 11:00:00.000,1.37588,1.3759,1.37468,1.37482,4245
22.07.2024 12:00:00.000,1.3748,1.37539,1.37435,1.37504,2818
22.07.2024 13:00:00.000,1.37501,1.37536,1.37486,1.37518,4115
22.07.2024 14:00:00.000,1.37517,1.37544,1.37503,1.37529,3591
22.07.2024 15:00:00.000,1.37531,1.37582,1.37522,1.3756,1644
22.07.2024 16:00:00.000,1.37551,1.37561,1.37492,1.37552,1368
22.07.2024 17:00:00.000,1.37554,1.37579,1.37527,1.37578,689
22.07.2024 18:00:00.000,1.37577,1.37611,1.37567,1.3761,1446
22.07.2024 19:00:00.000,1.3761,1.37673,1.37574,1.37649,2977
22.07.2024 20:00:00.000,1.3765,1.37654,1.37562,1.37617,1928
22.07.2024 21:00:00.000,1.37617,1.37638,1.37591,1.37635,2645
22.07.2024 22:00:00.000,1.37634,1.37651,1.37601,1.37607,3810
22.07.2024 23:00:00.000,1.37605,1.37645,1.37595,1.37641,4372
23.07.2024 00:00:00.000,1.3764,1.37658,1.37627,1.37647,2177
23.07.2024 01:00:00.000,1.37648,1.37703,1.37629,1.3766,4517
23.07.2024 02:00:00.000,1.37658,1.37731,1.37645,1.37698,5026
23.07.2024 03:00:00.000,1.37697,1.37711,1.37619,1.37665,3700
23.07.2024 04:00:00.000,1.37665,1.37682,1.37625,1.37647,3307
23.07.2024 05:00:00.000,1.37646,1.37671,1.37594,1.37595,2868
23.07.2024 06:00:00.000,1.37596,1.37605,1.37521,1.37595,3896
23.07.2024 07:00:00.000,1.37594,1.37635,1.37573,1.37581,5482
23.07.2024 08:00:00.000,1.37582,1.37708,1.37572,1.37671,5869
23.07.2024 09:00:00.000,1.37672,1.37746,1.37637,1.37711,5330
23.07.2024 10:00:00.000,1.37712,1.37712,1.37631,1.37651,5004
23.07.2024 11:00:00.000,1.37651,1.37681,1.37582,1.37666,4609
23.07.2024 12:00:00.000,1.37667,1.37731,1.37641,1.37714,3758
23.07.2024 13:00:00.000,1.37714,1.37751,1.37691,1.37745,2996
23.07.2024 14:00:00.000,1.37746,1.37798,1.37708,1.37789,3077
23.07.2024 15:00:00.000,1.37791,1.37853,1.37753,1.3784,2506
23.07.2024 16:00:00.000,1.37833,1.37834,1.3778,1.37799,430
23.07.2024 17:00:00.000,1.37798,1.37859,1.37798,1.37851,1325
23.07.2024 18:00:00.000,1.37853,1.37868,1.37835,1.37856,1635
23.07.2024 19:00:00.000,1.37856,1.37874,1.37813,1.37821,1647
23.07.2024 20:00:00.000,1.3782,1.37849,1.37803,1.37819,3068
23.07.2024 21:00:00.000,1.37823,1.37908,1.37823,1.37888,2664
23.07.2024 22:00:00.000,1.37886,1.37966,1.37879,1.3796,2377
23.07.2024 23:00:00.000,1.3796,1.37996,1.3794,1.37963,2202
24.07.2024 00:00:00.000,1.37962,1.37964,1.37895,1.37912,3460
24.07.2024 01:00:00.000,1.37912,1.37967,1.37887,1.37952,2654
24.07.2024 02:00:00.000,1.37952,1.37966,1.37882,1.37947,4993
24.07.2024 03:00:00.000,1.37948,1.37956,1.37886,1.37927,4362
24.07.2024 04:00:00.000,1.37927,1.37967,1.37887,1.37902,2240
24.07.2024 05:00:00.000,1.37901,1.37915,1.37856,1.37887,2457
24.07.2024 06:00:00.000,1.37884,1.3789,1.37827,1.37834,2432
24.07.2024 07:00:00.000,1.3783,1.37885,1.37799,1.3781,8214
24.07.2024 08:00:00.000,1.37809,1.38013,1.37767,1.37961,11030
24.07.2024 09:00:00.000,1.37961,1.38073,1.37819,1.37893,10070
24.07.2024 10:00:00.000,1.37891,1.3795,1.37828,1.3785,4972
24.07.2024 11:00:00.000,1.37849,1.37923,1.37818,1.37917,3801
24.07.2024 12:00:00.000,1.37917,1.37957,1.37869,1.37955,2340
24.07.2024 13:00:00.000,1.37956,1.3814,1.37955,1.38133,3023
24.07.2024 14:00:00.000,1.38133,1.38161,1.38055,1.38112,5393
24.07.2024 15:00:00.000,1.38111,1.38112,1.38057,1.38057,2223
24.07.2024 16:00:00.000,1.38056,1.38059,1.38019,1.38033,1670
24.07.2024 17:00:00.000,1.38035,1.38098,1.38031,1.38096,1295
24.07.2024 18:00:00.000,1.38094,1.38122,1.38064,1.38115,1325
24.07.2024 19:00:00.000,1.38116,1.3818,1.38115,1.38128,6261
24.07.2024 20:00:00.000,1.3813,1.38208,1.38103,1.382,4717
24.07.2024 21:00:00.000,1.382,1.38207,1.38161,1.38197,3066
24.07.2024 22:00:00.000,1.38197,1.38214,1.38127,1.38132,4341
24.07.2024 23:00:00.000,1.38133,1.38199,1.38132,1.38191,2744
25.07.2024 00:00:00.000,1.38189,1.38206,1.38163,1.38193,4933
25.07.2024 01:00:00.000,1.38193,1.38278,1.38186,1.3827,4479
25.07.2024 02:00:00.000,1.38272,1.38375,1.38207,1.38218,6787
25.07.2024 03:00:00.000,1.3822,1.38289,1.38179,1.38267,8011
25.07.2024 04:00:00.000,1.38266,1.38377,1.38257,1.38365,9313
25.07.2024 05:00:00.000,1.38364,1.38435,1.3834,1.38357,7576
25.07.2024 06:00:00.000,1.38357,1.38409,1.38316,1.38406,7548
25.07.2024 07:00:00.000,1.38406,1.38486,1.38314,1.38354,13669
25.07.2024 08:00:00.000,1.38353,1.38398,1.3806,1.38128,12269
25.07.2024 09:00:00.000,1.38131,1.38275,1.38131,1.38171,10811
25.07.2024 10:00:00.000,1.38171,1.38243,1.38099,1.381,6838
25.07.2024 11:00:00.000,1.38102,1.38154,1.38001,1.38036,4020
25.07.2024 12:00:00.000,1.38034,1.38135,1.37963,1.38085,6539
25.07.2024 13:00:00.000,1.38086,1.38231,1.38079,1.38231,4737
25.07.2024 14:00:00.000,1.38232,1.38255,1.38066,1.38248,4995
25.07.2024 15:00:00.000,1.38248,1.38275,1.38233,1.38239,1872
25.07.2024 16:00:00.000,1.38221,1.38245,1.38196,1.3822,522
25.07.2024 17:00:00.000,1.38222,1.38255,1.38215,1.38227,1044
25.07.2024 18:00:00.000,1.38225,1.3823,1.38183,1.38186,1824
25.07.2024 19:00:00.000,1.38187,1.38205,1.38137,1.38175,5056
25.07.2024 20:00:00.000,1.38177,1.38205,1.38098,1.38105,6073
25.07.2024 21:00:00.000,1.38103,1.38186,1.38099,1.38185,2895
25.07.2024 22:00:00.000,1.38184,1.38191,1.38137,1.38169,4077
25.07.2024 23:00:00.000,1.38166,1.38168,1.38102,1.38125,3178
26.07.2024 00:00:00.000,1.38124,1.38131,1.38111,1.38126,2406
26.07.2024 01:00:00.000,1.38126,1.38161,1.38116,1.38161,3154
26.07.2024 02:00:00.000,1.38162,1.38187,1.38113,1.38116,4025
26.07.2024 03:00:00.000,1.38114,1.38162,1.38076,1.38084,3500
26.07.2024 04:00:00.000,1.38084,1.38163,1.38084,1.38148,3167
26.07.2024 05:00:00.000,1.38147,1.38184,1.38119,1.38129,1975
26.07.2024 06:00:00.000,1.3813,1.38191,1.38129,1.38145,1995
26.07.2024 07:00:00.000,1.38145,1.3831,1.38139,1.38218,8972
26.07.2024 08:00:00.000,1.38219,1.38222,1.38069,1.38128,6819
26.07.2024 09:00:00.000,1.38127,1.38443,1.38101,1.38381,11832
26.07.2024 10:00:00.000,1.3838,1.38487,1.38331,1.38334,8549
26.07.2024 11:00:00.000,1.38333,1.38367,1.38209,1.38216,4448
26.07.2024 12:00:00.000,1.38215,1.38363,1.38191,1.38328,4074
26.07.2024 13:00:00.000,1.38329,1.38393,1.3829,1.38371,4490
26.07.2024 14:00:00.000,1.38374,1.38396,1.38301,1.38304,3818
26.07.2024 15:00:00.000,1.38304,1.38378,1.38285,1.3834,1638
29.07.2024 00:00:00.000,1.38255,1.38259,1.38211,1.38254,1899
29.07.2024 01:00:00.000,1.38254,1.38263,1.38196,1.38244,2695
29.07.2024 02:00:00.000,1.38244,1.38381,1.38226,1.38373,3440
29.07.2024 03:00:00.000,1.38373,1.38447,1.38367,1.38417,4057
29.07.2024 04:00:00.000,1.38418,1.38423,1.38284,1.38301,3752
29.07.2024 05:00:00.000,1.38301,1.38366,1.38301,1.38348,2579
29.07.2024 06:00:00.000,1.38349,1.38463,1.38341,1.38449,2886
29.07.2024 07:00:00.000,1.3845,1.38481,1.38351,1.38406,3257
29.07.2024 08:00:00.000,1.38407,1.38486,1.38357,1.38444,5737
29.07.2024 09:00:00.000,1.38444,1.38646,1.38422,1.3852,7341
29.07.2024 10:00:00.000,1.38525,1.38622,1.38504,1.38542,6462
29.07.2024 11:00:00.000,1.38543,1.3863,1.38539,1.38583,5916
29.07.2024 12:00:00.000,1.38582,1.38615,1.38517,1.38529,3856
29.07.2024 13:00:00.000,1.38531,1.38566,1.38506,1.38513,2228
29.07.2024 14:00:00.000,1.38512,1.38545,1.38466,1.38526,3280
29.07.2024 15:00:00.000,1.3853,1.38537,1.38515,1.38516,848
29.07.2024 16:00:00.000,1.38496,1.38519,1.38467,1.38504,1084
29.07.2024 17:00:00.000,1.38502,1.3852,1.38477,1.38489,2298
29.07.2024 18:00:00.000,1.3849,1.38561,1.38488,1.38558,1250
29.07.2024 19:00:00.000,1.38558,1.38583,1.38514,1.38534,1493
29.07.2024 20:00:00.000,1.38534,1.38633,1.38513,1.38594,3472
29.07.2024 21:00:00.000,1.38593,1.38605,1.38531,1.38536,2622
29.07.2024 22:00:00.000,1.38536,1.38548,1.38467,1.38469,2460
29.07.2024 23:00:00.000,1.38467,1.38468,1.38414,1.38434,2294
30.07.2024 00:00:00.000,1.38436,1.38459,1.38406,1.38434,2053
30.07.2024 01:00:00.000,1.38435,1.38491,1.3843,1.38451,1813
30.07.2024 02:00:00.000,1.38448,1.38492,1.38418,1.38481,2984
30.07.2024 03:00:00.000,1.38482,1.38486,1.38374,1.38427,5654
30.07.2024 04:00:00.000,1.38427,1.38439,1.38407,1.38424,2297
30.07.2024 05:00:00.000,1.38426,1.3847,1.38417,1.38467,1829
30.07.2024 06:00:00.000,1.38466,1.38548,1.38452,1.3854,1696
30.07.2024 07:00:00.000,1.3854,1.38641,1.38533,1.38628,3634
30.07.2024 08:00:00.000,1.38628,1.38634,1.38492,1.38505,9359
30.07.2024 09:00:00.000,1.38505,1.38616,1.38426,1.38462,10103
30.07.2024 10:00:00.000,1.38464,1.38557,1.38456,1.38481,8173
30.07.2024 11:00:00.000,1.38481,1.38512,1.38388,1.38446,7259
30.07.2024 12:00:00.000,1.38447,1.38506,1.38392,1.38458,6113
30.07.2024 13:00:00.000,1.38458,1.38519,1.38441,1.38502,4333
30.07.2024 14:00:00.000,1.38502,1.38538,1.3846,1.38533,3475
30.07.2024 15:00:00.000,1.38533,1.38563,1.38477,1.38477,3701
30.07.2024 16:00:00.000,1.38462,1.3848,1.3843,1.38474,2103
30.07.2024 17:00:00.000,1.38472,1.38503,1.38451,1.38496,2358
30.07.2024 18:00:00.000,1.38489,1.38504,1.38452,1.3848,2267
30.07.2024 19:00:00.000,1.38477,1.38528,1.38446,1.38514,2684
30.07.2024 20:00:00.000,1.38513,1.38584,1.38442,1.38476,8476
30.07.2024 21:00:00.000,1.38477,1.38492,1.38415,1.38451,4324
30.07.2024 22:00:00.000,1.38451,1.38468,1.38383,1.38448,4256
30.07.2024 23:00:00.000,1.38447,1.3847,1.38419,1.38439,4891
31.07.2024 00:00:00.000,1.38434,1.38494,1.38397,1.3842,4795
31.07.2024 01:00:00.000,1.3842,1.38445,1.38335,1.38339,8289
31.07.2024 02:00:00.000,1.38339,1.3843,1.38337,1.38385,8000
31.07.2024 03:00:00.000,1.38385,1.38499,1.3837,1.38444,5362
31.07.2024 04:00:00.000,1.38443,1.38474,1.38414,1.38426,6047
31.07.2024 05:00:00.000,1.38427,1.38451,1.38371,1.38371,5544
31.07.2024 06:00:00.000,1.38371,1.3838,1.38235,1.38307,4271
31.07.2024 07:00:00.000,1.38307,1.3832,1.38066,1.38101,10147
31.07.2024 08:00:00.000,1.38102,1.38174,1.38043,1.38114,7062
31.07.2024 09:00:00.000,1.38114,1.38205,1.37867,1.38137,9224
31.07.2024 10:00:00.000,1.38137,1.38156,1.38037,1.38056,8467
31.07.2024 11:00:00.000,1.38056,1.38119,1.38038,1.38079,3719
31.07.2024 12:00:00.000,1.38078,1.38202,1.38051,1.38079,3505
31.07.2024 13:00:00.000,1.38079,1.38218,1.3791,1.37946,12572
31.07.2024 14:00:00.000,1.37949,1.38099,1.37897,1.38074,10619
31.07.2024 15:00:00.000,1.38075,1.38118,1.38022,1.3807,2446
31.07.2024 16:00:00.000,1.38068,1.38068,1.37995,1.38033,725
31.07.2024 17:00:00.000,1.38028,1.38076,1.38004,1.38033,1057
31.07.2024 18:00:00.000,1.38029,1.38089,1.38014,1.38079,1423
31.07.2024 19:00:00.000,1.38078,1.38119,1.38051,1.38095,3090
31.07.2024 20:00:00.000,1.38095,1.38163,1.38051,1.38139,3432
31.07.2024 21:00:00.000,1.3814,1.38193,1.38,1.38016,4158
31.07.2024 22:00:00.000,1.38017,1.38086,1.38016,1.3807,2141
31.07.2024 23:00:00.000,1.38069,1.38088,1.38044,1.38075,1993
01.08.2024 00:00:00.000,1.38074,1.38113,1.38025,1.38105,2880
01.08.2024 01:00:00.000,1.38107,1.38201,1.38085,1.38164,5319
01.08.2024 02:00:00.000,1.38164,1.38241,1.38148,1.38235,5552
01.08.2024 03:00:00.000,1.38229,1.38361,1.38223,1.38322,5292
01.08.2024 04:00:00.000,1.38322,1.38333,1.38269,1.38322,3791
01.08.2024 05:00:00.000,1.38322,1.38326,1.38235,1.38257,2513
01.08.2024 06:00:00.000,1.38257,1.38272,1.38159,1.38219,6123
01.08.2024 07:00:00.000,1.38218,1.38254,1.38113,1.38131,8806
01.08.2024 08:00:00.000,1.38132,1.38174,1.37969,1.3802,8404
01.08.2024 09:00:00.000,1.3802,1.38381,1.37941,1.38347,12244
01.08.2024 10:00:00.000,1.38349,1.38491,1.38342,1.38465,8290
01.08.2024 11:00:00.000,1.38465,1.38613,1.38399,1.38539,7281
01.08.2024 12:00:00.000,1.38536,1.38702,1.38532,1.38648,8993
01.08.2024 13:00:00.000,1.38649,1.38888,1.38634,1.38853,7209
01.08.2024 14:00:00.000,1.38856,1.38881,1.3866,1.38724,6507
01.08.2024 15:00:00.000,1.38724,1.38833,1.38719,1.38741,3717
01.08.2024 16:00:00.000,1.38737,1.38807,1.38564,1.38697,1642
01.08.2024 17:00:00.000,1.38699,1.38824,1.3869,1.38821,2361
01.08.2024 18:00:00.000,1.38821,1.38842,1.38745,1.38805,3647
01.08.2024 19:00:00.000,1.38805,1.38878,1.38783,1.38798,6142
01.08.2024 20:00:00.000,1.38799,1.38832,1.38618,1.38682,3668
01.08.2024 21:00:00.000,1.3868,1.38804,1.38602,1.3862,3190
01.08.2024 22:00:00.000,1.38618,1.38653,1.38583,1.38631,2156
01.08.2024 23:00:00.000,1.38631,1.38632,1.38549,1.38593,3672
02.08.2024 00:00:00.000,1.38593,1.3864,1.38552,1.38552,2715
02.08.2024 01:00:00.000,1.38552,1.38618,1.38526,1.38607,4282
02.08.2024 02:00:00.000,1.38607,1.38721,1.38607,1.3871,7718
02.08.2024 03:00:00.000,1.38712,1.38807,1.38684,1.38744,6534
02.08.2024 04:00:00.000,1.38743,1.38802,1.38737,1.38751,4880
02.08.2024 05:00:00.000,1.38752,1.38781,1.38688,1.38728,6696
02.08.2024 06:00:00.000,1.38726,1.3886,1.38707,1.38791,3700
02.08.2024 07:00:00.000,1.38791,1.38855,1.38449,1.38565,16789
02.08.2024 08:00:00.000,1.38566,1.38606,1.38366,1.385,16174
02.08.2024 09:00:00.000,1.38498,1.38561,1.38334,1.38556,17999
02.08.2024 10:00:00.000,1.38553,1.3862,1.38439,1.3846,13298
02.08.2024 11:00:00.000,1.38458,1.38619,1.38447,1.38613,11758
02.08.2024 12:00:00.000,1.38613,1.38732,1.38576,1.3872,8722
02.08.2024 13:00:00.000,1.3872,1.38743,1.38564,1.38684,5437
02.08.2024 14:00:00.000,1.38685,1.38725,1.38577,1.38625,5646
02.08.2024 15:00:00.000,1.38627,1.38738,1.38627,1.38728,4122
05.08.2024 00:00:00.000,1.3876,1.39173,1.38696,1.39172,9492
05.08.2024 01:00:00.000,1.39172,1.39464,1.3874,1.39007,20476
05.08.2024 02:00:00.000,1.39005,1.3901,1.38647,1.38772,18929
05.08.2024 03:00:00.000,1.38773,1.38844,1.38635,1.38791,15973
05.08.2024 04:00:00.000,1.38792,1.38843,1.38657,1.38706,13765
05.08.2024 05:00:00.000,1.38706,1.38783,1.38535,1.38541,8865
05.08.2024 06:00:00.000,1.38538,1.3867,1.3848,1.38484,7642
05.08.2024 07:00:00.000,1.38483,1.38517,1.3819,1.38343,18050
05.08.2024 08:00:00.000,1.38343,1.38459,1.38088,1.38228,21827
05.08.2024 09:00:00.000,1.38228,1.38486,1.38104,1.38384,27349
05.08.2024 10:00:00.000,1.38384,1.3841,1.38171,1.38193,18210
05.08.2024 11:00:00.000,1.38193,1.38452,1.38177,1.38417,12269
05.08.2024 12:00:00.000,1.38417,1.38473,1.38312,1.38318,9954
05.08.2024 13:00:00.000,1.38318,1.38361,1.38201,1.38316,7858
05.08.2024 14:00:00.000,1.38314,1.38353,1.38228,1.38228,5847
05.08.2024 15:00:00.000,1.38228,1.38324,1.38191,1.38231,2974
05.08.2024 16:00:00.000,1.38211,1.38252,1.38012,1.3821,1608
05.08.2024 17:00:00.000,1.38204,1.38255,1.3808,1.3808,2932
05.08.2024 18:00:00.000,1.38083,1.3809,1.38016,1.38049,4680
05.08.2024 19:00:00.000,1.3805,1.38139,1.37925,1.37941,8310
05.08.2024 20:00:00.000,1.37939,1.38167,1.37929,1.38072,9341
05.08.2024 21:00:00.000,1.38072,1.38159,1.38043,1.38126,10990
05.08.2024 22:00:00.000,1.38124,1.38156,1.38068,1.38135,8120
05.08.2024 23:00:00.000,1.38136,1.38213,1.38115,1.38202,6517
06.08.2024 00:00:00.000,1.38201,1.38262,1.38136,1.38222,7069
06.08.2024 01:00:00.000,1.38222,1.38287,1.38135,1.38271,6332
06.08.2024 02:00:00.000,1.38277,1.38435,1.38277,1.38337,9011
06.08.2024 03:00:00.000,1.38336,1.38398,1.38296,1.38341,7912
06.08.2024 04:00:00.000,1.38344,1.38517,1.38344,1.38451,6269
06.08.2024 05:00:00.000,1.38451,1.38554,1.38356,1.38391,7385
06.08.2024 06:00:00.000,1.3839,1.38439,1.38333,1.38435,5467
06.08.2024 07:00:00.000,1.38435,1.38446,1.38298,1.38407,10821
06.08.2024 08:00:00.000,1.38407,1.38421,1.38059,1.38108,13569
06.08.2024 09:00:00.000,1.38109,1.3815,1.37886,1.38068,16409
06.08.2024 10:00:00.000,1.38067,1.38077,1.37885,1.37909,17122
06.08.2024 11:00:00.000,1.37907,1.37953,1.37755,1.37782,7877
06.08.2024 12:00:00.000,1.37784,1.3785,1.37618,1.37641,7427
06.08.2024 13:00:00.000,1.3764,1.37708,1.37562,1.37681,6231
06.08.2024 14:00:00.000,1.37684,1.37785,1.37666,1.37755,10929
06.08.2024 15:00:00.000,1.37756,1.37864,1.37733,1.37835,3147
06.08.2024 16:00:00.000,1.37831,1.37838,1.37752,1.37818,1305
06.08.2024 17:00:00.000,1.37821,1.3784,1.3777,1.37831,3259
06.08.2024 18:00:00.000,1.3783,1.37892,1.37819,1.37873,3275
06.08.2024 19:00:00.000,1.37872,1.37903,1.37746,1.37768,6401
06.08.2024 20:00:00.000,1.37768,1.37834,1.37755,1.37797,11851
06.08.2024 21:00:00.000,1.37796,1.37831,1.37723,1.37773,11607
06.08.2024 22:00:00.000,1.37774,1.37789,1.3767,1.37681,2990
06.08.2024 23:00:00.000,1.37679,1.37757,1.37653,1.37722,3102
07.08.2024 00:00:00.000,1.37724,1.37791,1.37693,1.37767,5130
07.08.2024 01:00:00.000,1.37769,1.37798,1.37712,1.37716,3607
07.08.2024 02:00:00.000,1.37717,1.3778,1.3763,1.37643,6426
07.08.2024 03:00:00.000,1.37643,1.37682,1.37496,1.37529,6676
07.08.2024 04:00:00.000,1.37528,1.3758,1.37491,1.37493,6095
07.08.2024 05:00:00.000,1.37493,1.37515,1.37426,1.37437,4172
07.08.2024 06:00:00.000,1.37439,1.37458,1.37367,1.37409,4163
07.08.2024 07:00:00.000,1.37404,1.37478,1.37379,1.3741,5792
07.08.2024 08:00:00.000,1.3741,1.37468,1.37345,1.37401,10525
07.08.2024 09:00:00.000,1.37399,1.37467,1.37264,1.37265,8940
07.08.2024 10:00:00.000,1.37263,1.37375,1.37204,1.37292,7804
07.08.2024 11:00:00.000,1.37291,1.37381,1.37252,1.3732,6849
07.08.2024 12:00:00.000,1.37321,1.37431,1.37264,1.37384,11160
07.08.2024 13:00:00.000,1.37387,1.37535,1.37387,1.37458,8785
07.08.2024 14:00:00.000,1.37459,1.37498,1.37398,1.37473,5528
07.08.2024 15:00:00.000,1.37473,1.37588,1.37455,1.37583,1894
07.08.2024 16:00:00.000,1.37575,1.376,1.37536,1.37578,522
07.08.2024 17:00:00.000,1.3758,1.37606,1.3753,1.37534,2186
07.08.2024 18:00:00.000,1.37529,1.3758,1.37513,1.37518,2291
07.08.2024 19:00:00.000,1.37517,1.37526,1.37424,1.37441,6085
07.08.2024 20:00:00.000,1.37442,1.37466,1.37347,1.37393,3733
07.08.2024 21:00:00.000,1.37393,1.37394,1.37293,1.37316,3753
07.08.2024 22:00:00.000,1.37315,1.37335,1.37259,1.37272,2888
07.08.2024 23:00:00.000,1.3727,1.37342,1.37259,1.37327,3709
08.08.2024 00:00:00.000,1.37326,1.37397,1.37306,1.37375,4605
08.08.2024 01:00:00.000,1.37374,1.37393,1.3727,1.37298,5928
08.08.2024 02:00:00.000,1.37298,1.37442,1.3729,1.37373,12007
08.08.2024 03:00:00.000,1.37372,1.3739,1.37308,1.37319,5711
08.08.2024 04:00:00.000,1.3732,1.37495,1.37297,1.3746,4992
08.08.2024 05:00:00.000,1.3746,1.37503,1.37426,1.3749,5420
08.08.2024 06:00:00.000,1.37489,1.37505,1.37416,1.3742,6026
08.08.2024 07:00:00.000,1.37419,1.37581,1.37365,1.37543,13202
08.08.2024 08:00:00.000,1.37542,1.37652,1.37509,1.37511,18646
08.08.2024 09:00:00.000,1.37507,1.37544,1.37397,1.37484,21907
08.08.2024 10:00:00.000,1.37484,1.37507,1.37407,1.37423,14428
08.08.2024 11:00:00.000,1.37422,1.37465,1.37358,1.37404,6876
08.08.2024 12:00:00.000,1.37403,1.37494,1.37327,1.37337,7200
08.08.2024 13:00:00.000,1.37336,1.37356,1.37299,1.37316,7026
08.08.2024 14:00:00.000,1.37319,1.37352,1.37285,1.37324,7382
08.08.2024 15:00:00.000,1.37323,1.37349,1.37286,1.37321,2687
08.08.2024 16:00:00.000,1.373,1.37333,1.37264,1.3732,383
08.08.2024 17:00:00.000,1.37324,1.3738,1.37319,1.37373,1942
08.08.2024 18:00:00.000,1.37373,1.37385,1.3734,1.37355,2185
08.08.2024 19:00:00.000,1.37357,1.37435,1.37352,1.37412,4824
08.08.2024 20:00:00.000,1.37412,1.37421,1.37294,1.37316,5443
08.08.2024 21:00:00.000,1.37315,1.37343,1.37253,1.3729,5175
08.08.2024 22:00:00.000,1.37289,1.37295,1.37226,1.3723,3165
08.08.2024 23:00:00.000,1.37231,1.37388,1.37219,1.37376,1761
09.08.2024 00:00:00.000,1.37376,1.37406,1.37267,1.3732,3430
09.08.2024 01:00:00.000,1.37318,1.37367,1.37176,1.37195,4385
09.08.2024 02:00:00.000,1.37195,1.37383,1.37195,1.37335,4450
09.08.2024 03:00:00.000,1.37334,1.37385,1.37303,1.37317,6675
09.08.2024 04:00:00.000,1.37318,1.37377,1.37309,1.37348,2934
09.08.2024 05:00:00.000,1.37346,1.37405,1.37346,1.37394,2470
09.08.2024 06:00:00.000,1.37393,1.37457,1.3736,1.37445,4016
09.08.2024 07:00:00.000,1.37444,1.37533,1.37328,1.37361,7612
09.08.2024 08:00:00.000,1.37359,1.3742,1.37261,1.37377,8611
09.08.2024 09:00:00.000,1.3738,1.37391,1.37213,1.37258,9094
09.08.2024 10:00:00.000,1.3726,1.37341,1.37207,1.37272,8419
09.08.2024 11:00:00.000,1.37271,1.37335,1.37227,1.37262,5300
09.08.2024 12:00:00.000,1.37263,1.37312,1.37235,1.37306,4231
09.08.2024 13:00:00.000,1.37306,1.37358,1.37291,1.37322,4742
09.08.2024 14:00:00.000,1.37322,1.37347,1.37288,1.373,2068
09.08.2024 15:00:00.000,1.37299,1.37321,1.37272,1.37286,1974
12.08.2024 00:00:00.000,1.37315,1.37328,1.37295,1.37313,2223
12.08.2024 01:00:00.000,1.37313,1.37344,1.37259,1.37307,3341
12.08.2024 02:00:00.000,1.37306,1.37333,1.37198,1.37202,3566
12.08.2024 03:00:00.000,1.37201,1.37281,1.37181,1.3723,2762
12.08.2024 04:00:00.000,1.3723,1.37301,1.37194,1.37198,2505
12.08.2024 05:00:00.000,1.37197,1.37229,1.37179,1.37196,2816
12.08.2024 06:00:00.000,1.37197,1.37282,1.37185,1.3728,1840
12.08.2024 07:00:00.000,1.3728,1.37396,1.37262,1.3736,4596
12.08.2024 08:00:00.000,1.37363,1.37402,1.37244,1.37378,6652
12.08.2024 09:00:00.000,1.37379,1.3744,1.37313,1.37344,6527
12.08.2024 10:00:00.000,1.37344,1.37473,1.37313,1.374,6795
12.08.2024 11:00:00.000,1.37407,1.37458,1.37394,1.37437,3780
12.08.2024 12:00:00.000,1.37438,1.3746,1.37354,1.3737,3349
12.08.2024 13:00:00.000,1.3737,1.37399,1.37342,1.37346,3181
12.08.2024 14:00:00.000,1.37347,1.37443,1.37347,1.37433,4700
12.08.2024 15:00:00.000,1.37433,1.37457,1.37412,1.37422,1865
12.08.2024 16:00:00.000,1.37378,1.37415,1.37376,1.37407,299
12.08.2024 17:00:00.000,1.37407,1.37423,1.37388,1.37394,1352
12.08.2024 18:00:00.000,1.37397,1.3743,1.37383,1.37415,730
12.08.2024 19:00:00.000,1.37413,1.37471,1.37407,1.37454,1802
12.08.2024 20:00:00.000,1.37455,1.37458,1.37404,1.37418,2044
12.08.2024 21:00:00.000,1.37419,1.37436,1.37387,1.37411,1002
12.08.2024 22:00:00.000,1.37412,1.3742,1.37353,1.37392,2176
12.08.2024 23:00:00.000,1.37392,1.37392,1.37349,1.37372,1496
13.08.2024 00:00:00.000,1.37371,1.3739,1.37367,1.37373,1008
13.08.2024 01:00:00.000,1.37373,1.37453,1.37342,1.3735,3258
13.08.2024 02:00:00.000,1.37353,1.37357,1.3726,1.37274,3174
13.08.2024 03:00:00.000,1.37274,1.37342,1.37263,1.37332,2539
13.08.2024 04:00:00.000,1.37334,1.3739,1.37291,1.37309,3163
13.08.2024 05:00:00.000,1.3731,1.37396,1.37309,1.37382,2226
13.08.2024 06:00:00.000,1.37383,1.37396,1.37327,1.37368,2040
13.08.2024 07:00:00.000,1.37368,1.37412,1.3724,1.37278,8945
13.08.2024 08:00:00.000,1.37277,1.37361,1.37252,1.3729,9409
13.08.2024 09:00:00.000,1.3729,1.37399,1.37193,1.37234,9157
13.08.2024 10:00:00.000,1.37236,1.37306,1.37196,1.37231,7779
13.08.2024 11:00:00.000,1.37232,1.37252,1.37183,1.37188,4277
13.08.2024 12:00:00.000,1.3719,1.37218,1.37145,1.37193,5482
13.08.2024 13:00:00.000,1.37192,1.37192,1.37083,1.37114,9407
13.08.2024 14:00:00.000,1.37115,1.37121,1.37064,1.37079,8350
13.08.2024 15:00:00.000,1.37078,1.37095,1.37045,1.37048,3812
13.08.2024 16:00:00.000,1.37035,1.37054,1.36997,1.37044,398
13.08.2024 17:00:00.000,1.37043,1.37071,1.37041,1.37061,746
13.08.2024 18:00:00.000,1.37061,1.37105,1.37048,1.37095,847
13.08.2024 19:00:00.000,1.37096,1.37104,1.37044,1.37085,2236
13.08.2024 20:00:00.000,1.37087,1.3711,1.3704,1.37076,2842
13.08.2024 21:00:00.000,1.3708,1.37186,1.3708,1.37147,3766
13.08.2024 22:00:00.000,1.37146,1.37201,1.37146,1.3717,2205
13.08.2024 23:00:00.000,1.37171,1.37175,1.37145,1.37172,1842
14.08.2024 00:00:00.000,1.37172,1.37189,1.37147,1.37174,2282
14.08.2024 01:00:00.000,1.37171,1.37207,1.37125,1.37131,4327
14.08.2024 02:00:00.000,1.37129,1.37139,1.37058,1.3709,5427
14.08.2024 03:00:00.000,1.37093,1.37123,1.37081,1.37082,1796
14.08.2024 04:00:00.000,1.37084,1.3709,1.36993,1.37007,2222
14.08.2024 05:00:00.000,1.37008,1.37085,1.37006,1.37028,1664
14.08.2024 06:00:00.000,1.37028,1.37136,1.37028,1.37132,2007
14.08.2024 07:00:00.000,1.37131,1.37213,1.36965,1.37184,7806
14.08.2024 08:00:00.000,1.37184,1.37204,1.3704,1.37051,9873
14.08.2024 09:00:00.000,1.37052,1.37066,1.36883,1.36936,7401
14.08.2024 10:00:00.000,1.36935,1.37024,1.3693,1.3696,5535
14.08.2024 11:00:00.000,1.3696,1.37147,1.36954,1.37117,3669
14.08.2024 12:00:00.000,1.3712,1.37233,1.37119,1.37176,2676
14.08.2024 13:00:00.000,1.37177,1.37241,1.37109,1.37118,3896
14.08.2024 14:00:00.000,1.37118,1.37192,1.37118,1.37156,3915
14.08.2024 15:00:00.000,1.37156,1.372,1.37129,1.3715,3827
14.08.2024 16:00:00.000,1.37106,1.37159,1.37036,1.3713,451
14.08.2024 17:00:00.000,1.37129,1.37161,1.37119,1.3713,1016
14.08.2024 18:00:00.000,1.3713,1.37187,1.37124,1.37168,1241
14.08.2024 19:00:00.000,1.37167,1.37192,1.37135,1.37168,868
14.08.2024 20:00:00.000,1.37167,1.37259,1.37163,1.37175,5408
14.08.2024 21:00:00.000,1.37173,1.3721,1.37117,1.37147,2828
14.08.2024 22:00:00.000,1.37146,1.37154,1.37122,1.37142,1922
14.08.2024 23:00:00.000,1.3714,1.37143,1.37084,1.371,2475
15.08.2024 00:00:00.000,1.37101,1.37131,1.37086,1.37119,1487
15.08.2024 01:00:00.000,1.37118,1.37127,1.37041,1.37044,1328
15.08.2024 02:00:00.000,1.37046,1.3709,1.37021,1.37034,2145
15.08.2024 03:00:00.000,1.37033,1.37101,1.37019,1.37089,1992
15.08.2024 04:00:00.000,1.37091,1.37091,1.37035,1.37041,1973
15.08.2024 05:00:00.000,1.37042,1.37087,1.37012,1.37087,2346
15.08.2024 06:00:00.000,1.37085,1.37092,1.37012,1.37015,2488
15.08.2024 07:00:00.000,1.37014,1.37274,1.36975,1.37258,9072
15.08.2024 08:00:00.000,1.3726,1.37377,1.37087,1.3712,9396
15.08.2024 09:00:00.000,1.3712,1.37201,1.3701,1.37011,8648
15.08.2024 10:00:00.000,1.37011,1.37046,1.36949,1.37003,5380
15.08.2024 11:00:00.000,1.37003,1.37119,1.36975,1.37101,2985
15.08.2024 12:00:00.000,1.37101,1.37247,1.37084,1.37236,2624
15.08.2024 13:00:00.000,1.37237,1.37269,1.37203,1.3724,4273
15.08.2024 14:00:00.000,1.3724,1.3735,1.37239,1.37346,4086
15.08.2024 15:00:00.000,1.37345,1.37379,1.37263,1.37276,2487
15.08.2024 16:00:00.000,1.37276,1.37307,1.3725,1.37269,618
15.08.2024 17:00:00.000,1.37268,1.37341,1.37267,1.37322,788
15.08.2024 18:00:00.000,1.37322,1.37345,1.37299,1.37339,643
15.08.2024 19:00:00.000,1.3734,1.37347,1.37299,1.373,1574
15.08.2024 20:00:00.000,1.37299,1.37344,1.37214,1.37223,2626
15.08.2024 21:00:00.000,1.37223,1.37266,1.37214,1.37218,1224
15.08.2024 22:00:00.000,1.37221,1.37272,1.37211,1.3727,1294
15.08.2024 23:00:00.000,1.37269,1.37286,1.37239,1.37246,2022
16.08.2024 00:00:00.000,1.37249,1.37257,1.37202,1.37204,2649
16.08.2024 01:00:00.000,1.37204,1.37215,1.37163,1.37213,2133
16.08.2024 02:00:00.000,1.37213,1.37282,1.37193,1.37259,2464
16.08.2024 03:00:00.000,1.37259,1.3726,1.37215,1.37217,2666
16.08.2024 04:00:00.000,1.37216,1.37227,1.37157,1.37185,2092
16.08.2024 05:00:00.000,1.37186,1.37306,1.37186,1.37245,3237
16.08.2024 06:00:00.000,1.37246,1.37367,1.37241,1.373,2252
16.08.2024 07:00:00.000,1.37299,1.37363,1.37254,1.37255,4615
16.08.2024 08:00:00.000,1.37255,1.3728,1.37098,1.37118,5491
16.08.2024 09:00:00.000,1.37134,1.37247,1.37116,1.37158,6183
16.08.2024 10:00:00.000,1.37158,1.37161,1.37045,1.3705,5380
16.08.2024 11:00:00.000,1.37049,1.37053,1.36943,1.36953,3662
16.08.2024 12:00:00.000,1.36951,1.37002,1.36912,1.36915,2607
16.08.2024 13:00:00.000,1.36916,1.36955,1.36873,1.36889,2874
16.08.2024 14:00:00.000,1.36887,1.36914,1.36826,1.36829,2345
16.08.2024 15:00:00.000,1.36831,1.36862,1.36759,1.36759,3041
19.08.2024 00:00:00.000,1.36646,1.3669,1.36624,1.36665,2745
19.08.2024 01:00:00.000,1.36664,1.3672,1.36659,1.36699,2459
19.08.2024 02:00:00.000,1.36699,1.36723,1.36666,1.3671,3947
19.08.2024 03:00:00.000,1.36714,1.36756,1.36634,1.36738,2955
19.08.2024 04:00:00.000,1.36737,1.36814,1.36734,1.36812,2173
19.08.2024 05:00:00.000,1.36813,1.36847,1.36795,1.36828,1848
19.08.2024 06:00:00.000,1.3683,1.36838,1.36746,1.36746,2141
19.08.2024 07:00:00.000,1.36745,1.36776,1.36715,1.36718,3398
19.08.2024 08:00:00.000,1.36719,1.36768,1.36615,1.36615,3507
19.08.2024 09:00:00.000,1.36615,1.36617,1.36354,1.36443,7099
19.08.2024 10:00:00.000,1.36444,1.36594,1.36352,1.3659,5034
19.08.2024 11:00:00.000,1.3659,1.3659,1.36484,1.3649,3832
19.08.2024 12:00:00.000,1.36488,1.36532,1.36393,1.36409,2435
19.08.2024 13:00:00.000,1.3641,1.36456,1.36293,1.36336,2589
19.08.2024 14:00:00.000,1.36337,1.36408,1.36332,1.36358,2206
19.08.2024 15:00:00.000,1.36358,1.36375,1.36317,1.36333,1571
19.08.2024 16:00:00.000,1.36317,1.3635,1.36295,1.36344,621
19.08.2024 17:00:00.000,1.36346,1.36346,1.36289,1.36322,696
19.08.2024 18:00:00.000,1.36321,1.36339,1.36305,1.36312,1560
19.08.2024 19:00:00.000,1.36311,1.36368,1.36291,1.36359,1532
19.08.2024 20:00:00.000,1.36358,1.36359,1.36273,1.36302,2577
19.08.2024 21:00:00.000,1.36304,1.36377,1.36297,1.36373,3012
19.08.2024 22:00:00.000,1.36372,1.36399,1.36352,1.36398,1444
19.08.2024 23:00:00.000,1.36398,1.36409,1.36349,1.36361,953
20.08.2024 00:00:00.000,1.36362,1.36406,1.36322,1.36369,905
20.08.2024 01:00:00.000,1.3637,1.36371,1.36247,1.3626,1868
20.08.2024 02:00:00.000,1.36262,1.36289,1.36188,1.3619,3949
20.08.2024 03:00:00.000,1.36189,1.36213,1.36146,1.36161,3974
20.08.2024 04:00:00.000,1.3616,1.36177,1.36126,1.36144,3222
20.08.2024 05:00:00.000,1.36142,1.36165,1.36097,1.36098,2709
20.08.2024 06:00:00.000,1.36096,1.36202,1.36093,1.36141,3658
20.08.2024 07:00:00.000,1.36141,1.3633,1.36043,1.362,9017
20.08.2024 08:00:00.000,1.36199,1.36367,1.36199,1.36308,9207
20.08.2024 09:00:00.000,1.36307,1.36359,1.36215,1.36288,18854
20.08.2024 10:00:00.000,1.36289,1.36403,1.36285,1.36307,11259
20.08.2024 11:00:00.000,1.36307,1.36338,1.36267,1.36304,5452
20.08.2024 12:00:00.000,1.36305,1.36334,1.36259,1.36296,6361
20.08.2024 13:00:00.000,1.36296,1.36298,1.36206,1.3621,8529
20.08.2024 14:00:00.000,1.36209,1.3623,1.36184,1.36219,7819
20.08.2024 15:00:00.000,1.3622,1.36225,1.36158,1.36196,3952
20.08.2024 16:00:00.000,1.36169,1.36234,1.36158,1.36224,2726
20.08.2024 17:00:00.000,1.36221,1.36225,1.36165,1.36175,1257
20.08.2024 18:00:00.000,1.36175,1.36181,1.3614,1.36171,1237
20.08.2024 19:00:00.000,1.36171,1.3618,1.3613,1.36163,3955
20.08.2024 20:00:00.000,1.36163,1.36231,1.3613,1.36191,2733
20.08.2024 21:00:00.000,1.36193,1.36202,1.36144,1.3618,2523
20.08.2024 22:00:00.000,1.36179,1.36182,1.36145,1.36157,2298
20.08.2024 23:00:00.000,1.36155,1.36172,1.36139,1.36143,1611
21.08.2024 00:00:00.000,1.36144,1.36161,1.36108,1.36152,2330
21.08.2024 01:00:00.000,1.36152,1.36213,1.36141,1.36193,4537
21.08.2024 02:00:00.000,1.36192,1.36228,1.36138,1.3617,4413
21.08.2024 03:00:00.000,1.3617,1.36181,1.36053,1.36114,4845
21.08.2024 04:00:00.000,1.36113,1.36114,1.3605,1.36082,2560
21.08.2024 05:00:00.000,1.36081,1.36088,1.35993,1.35996,4491
21.08.2024 06:00:00.000,1.35994,1.36028,1.35986,1.35994,2274
21.08.2024 07:00:00.000,1.35993,1.36002,1.35903,1.35981,7003
21.08.2024 08:00:00.000,1.35982,1.36028,1.35924,1.35973,6094
21.08.2024 09:00:00.000,1.35972,1.36111,1.35906,1.35988,17809
21.08.2024 10:00:00.000,1.35987,1.36011,1.35751,1.35826,9433
21.08.2024 11:00:00.000,1.35826,1.35911,1.35814,1.35897,6154
21.08.2024 12:00:00.000,1.35896,1.35941,1.35866,1.35888,3492
21.08.2024 13:00:00.000,1.35886,1.35902,1.35761,1.35835,7046
21.08.2024 14:00:00.000,1.35834,1.36004,1.35834,1.35962,4308
21.08.2024 15:00:00.000,1.35961,1.36012,1.35926,1.35943,2381
21.08.2024 16:00:00.000,1.35932,1.35932,1.35847,1.35918,639
21.08.2024 17:00:00.000,1.35917,1.35931,1.35851,1.35852,1381
21.08.2024 18:00:00.000,1.35852,1.35852,1.35822,1.35836,1233
21.08.2024 19:00:00.000,1.35841,1.35871,1.35827,1.35865,2071
21.08.2024 20:00:00.000,1.35865,1.35909,1.35855,1.35898,2923
21.08.2024 21:00:00.000,1.35898,1.35922,1.35866,1.35871,2595
21.08.2024 22:00:00.000,1.35871,1.35886,1.3585,1.35871,3892
21.08.2024 23:00:00.000,1.35872,1.35895,1.35864,1.35872,2007
22.08.2024 00:00:00.000,1.35872,1.35892,1.3584,1.35847,1913
22.08.2024 01:00:00.000,1.35846,1.35858,1.35787,1.35818,2816
22.08.2024 02:00:00.000,1.35819,1.35826,1.35745,1.35756,6217
22.08.2024 03:00:00.000,1.35757,1.35777,1.35709,1.35773,3674
22.08.2024 04:00:00.000,1.35773,1.3582,1.35754,1.35781,3404
22.08.2024 05:00:00.000,1.3578,1.35838,1.35777,1.35823,3101
22.08.2024 06:00:00.000,1.35825,1.35944,1.35815,1.3584,4252
22.08.2024 07:00:00.000,1.3584,1.3594,1.35751,1.35774,7831
22.08.2024 08:00:00.000,1.35776,1.36067,1.35776,1.36003,8950
22.08.2024 09:00:00.000,1.36,1.36184,1.35967,1.35987,9708
22.08.2024 10:00:00.000,1.35987,1.36096,1.35987,1.36045,7499
22.08.2024 11:00:00.000,1.36046,1.3605,1.35962,1.3602,5167
22.08.2024 12:00:00.000,1.36023,1.36107,1.36018,1.36096,5207
22.08.2024 13:00:00.000,1.36096,1.36106,1.36032,1.3604,4264
22.08.2024 14:00:00.000,1.36041,1.36145,1.36014,1.36097,4870
22.08.2024 15:00:00.000,1.36098,1.36157,1.36082,1.36147,2397
22.08.2024 16:00:00.000,1.3614,1.36155,1.36056,1.36147,515
22.08.2024 17:00:00.000,1.36147,1.36153,1.36051,1.36082,1303
22.08.2024 18:00:00.000,1.36082,1.36085,1.36025,1.36037,1200
22.08.2024 19:00:00.000,1.36037,1.36049,1.35987,1.36015,2718
22.08.2024 20:00:00.000,1.36014,1.36019,1.35949,1.35961,5090
22.08.2024 21:00:00.000,1.35961,1.36013,1.35949,1.35979,2676
22.08.2024 22:00:00.000,1.35979,1.35992,1.35946,1.35951,1868
22.08.2024 23:00:00.000,1.35953,1.35953,1.35922,1.35936,2232
23.08.2024 00:00:00.000,1.35937,1.35958,1.35921,1.35946,3703
23.08.2024 01:00:00.000,1.35946,1.35957,1.35865,1.35905,3379
23.08.2024 02:00:00.000,1.35905,1.35959,1.35852,1.35897,3548
23.08.2024 03:00:00.000,1.35898,1.35918,1.35876,1.35882,2950
23.08.2024 04:00:00.000,1.35881,1.35893,1.35824,1.35871,3706
23.08.2024 05:00:00.000,1.3587,1.35904,1.35845,1.35858,3873
23.08.2024 06:00:00.000,1.35858,1.35904,1.35823,1.35833,3212
23.08.2024 07:00:00.000,1.35833,1.3592,1.35793,1.35806,6372
23.08.2024 08:00:00.000,1.35805,1.35856,1.35731,1.35734,7887
23.08.2024 09:00:00.000,1.35736,1.35738,1.35069,1.35211,22231
23.08.2024 10:00:00.000,1.3521,1.35215,1.35005,1.35132,14811
23.08.2024 11:00:00.000,1.35132,1.35225,1.35096,1.35118,10427
23.08.2024 12:00:00.000,1.35119,1.35136,1.35003,1.35018,8722
23.08.2024 13:00:00.000,1.35018,1.35139,1.34983,1.35128,9072
23.08.2024 14:00:00.000,1.35128,1.35148,1.35078,1.35107,8965
23.08.2024 15:00:00.000,1.35106,1.35122,1.35061,1.35067,4094
26.08.2024 00:00:00.000,1.35113,1.35126,1.35083,1.35103,3326
26.08.2024 01:00:00.000,1.35103,1.35103,1.35031,1.3505,5217
26.08.2024 02:00:00.000,1.35053,1.35126,1.35043,1.35109,5193
26.08.2024 03:00:00.000,1.3511,1.35124,1.35016,1.35037,3652
26.08.2024 04:00:00.000,1.3504,1.35098,1.35028,1.35091,3166
26.08.2024 05:00:00.000,1.35092,1.35099,1.34989,1.34991,3500
26.08.2024 06:00:00.000,1.34991,1.35127,1.34989,1.3506,4660
26.08.2024 07:00:00.000,1.3506,1.35066,1.34898,1.34915,8742
26.08.2024 08:00:00.000,1.34915,1.34958,1.34813,1.3484,10871
26.08.2024 09:00:00.000,1.34843,1.34884,1.34628,1.34684,11311
26.08.2024 10:00:00.000,1.34683,1.34888,1.34683,1.34846,7933
26.08.2024 11:00:00.000,1.34847,1.34859,1.34696,1.34699,4348
26.08.2024 12:00:00.000,1.34698,1.34782,1.34656,1.34733,4245
26.08.2024 13:00:00.000,1.34734,1.34801,1.34719,1.34744,3962
26.08.2024 14:00:00.000,1.34744,1.34884,1.3474,1.34867,5161
26.08.2024 15:00:00.000,1.34867,1.34897,1.34849,1.34861,2442
26.08.2024 16:00:00.000,1.34819,1.34854,1.34724,1.34839,1008
26.08.2024 17:00:00.000,1.34836,1.3485,1.34816,1.34832,1456
26.08.2024 18:00:00.000,1.34831,1.34833,1.34781,1.34813,1223
26.08.2024 19:00:00.000,1.34814,1.34878,1.348,1.34862,2159
26.08.2024 20:00:00.000,1.34862,1.34877,1.34777,1.34797,3641
26.08.2024 21:00:00.000,1.34797,1.34834,1.3479,1.34803,2088
26.08.2024 22:00:00.000,1.34805,1.34818,1.34778,1.3478,2410
26.08.2024 23:00:00.000,1.3478,1.34839,1.3478,1.34799,3076
27.08.2024 00:00:00.000,1.34797,1.34842,1.34756,1.34834,3476
27.08.2024 01:00:00.000,1.34836,1.3485,1.34763,1.34849,5158
27.08.2024 02:00:00.000,1.34849,1.3485,1.34734,1.34765,7239
27.08.2024 03:00:00.000,1.34768,1.34777,1.34687,1.34727,5473
27.08.2024 04:00:00.000,1.34727,1.34732,1.34646,1.34674,5149
27.08.2024 05:00:00.000,1.34674,1.34709,1.34634,1.34635,5541
27.08.2024 06:00:00.000,1.34636,1.34777,1.34624,1.34777,6210
27.08.2024 07:00:00.000,1.34778,1.34807,1.34711,1.34739,7646
27.08.2024 08:00:00.000,1.34738,1.34752,1.34631,1.34632,8235
27.08.2024 09:00:00.000,1.34631,1.34676,1.34532,1.34533,13045
27.08.2024 10:00:00.000,1.34535,1.34654,1.34503,1.34572,8819
27.08.2024 11:00:00.000,1.3457,1.3464,1.34543,1.3463,4963
27.08.2024 12:00:00.000,1.34631,1.34633,1.34503,1.34528,6317
27.08.2024 13:00:00.000,1.3453,1.34534,1.34441,1.34465,6194
27.08.2024 14:00:00.000,1.34468,1.34533,1.34438,1.34439,4306
27.08.2024 15:00:00.000,1.34439,1.34471,1.34424,1.3443,2592
27.08.2024 16:00:00.000,1.3442,1.34454,1.34298,1.34412,5265
27.08.2024 17:00:00.000,1.34414,1.34479,1.34403,1.3447,974
27.08.2024 18:00:00.000,1.34471,1.34488,1.34445,1.34473,2357
27.08.2024 19:00:00.000,1.34473,1.34473,1.34405,1.34452,1832
27.08.2024 20:00:00.000,1.34453,1.34503,1.34426,1.34485,4237
27.08.2024 21:00:00.000,1.34486,1.34504,1.34431,1.34502,2324
27.08.2024 22:00:00.000,1.34502,1.34528,1.34482,1.34486,2198
27.08.2024 23:00:00.000,1.34487,1.34539,1.34482,1.34535,2415
28.08.2024 00:00:00.000,1.34536,1.34646,1.34516,1.34632,3834
28.08.2024 01:00:00.000,1.34632,1.34679,1.3459,1.34601,5173
28.08.2024 02:00:00.000,1.34605,1.34611,1.34506,1.34523,7608
28.08.2024 03:00:00.000,1.34524,1.3463,1.34493,1.34593,5267
28.08.2024 04:00:00.000,1.34594,1.34632,1.34569,1.34593,5910
28.08.2024 05:00:00.000,1.34592,1.34652,1.34589,1.34619,5416
28.08.2024 06:00:00.000,1.3462,1.34735,1.34572,1.34714,5131
28.08.2024 07:00:00.000,1.34714,1.34784,1.347,1.347,8023
28.08.2024 08:00:00.000,1.34701,1.34715,1.34626,1.34712,7569
28.08.2024 09:00:00.000,1.34712,1.34714,1.34489,1.3454,10757
28.08.2024 10:00:00.000,1.34539,1.34622,1.34526,1.34611,8497
28.08.2024 11:00:00.000,1.3461,1.34771,1.3461,1.34691,6286
28.08.2024 12:00:00.000,1.34692,1.3484,1.34659,1.34822,6762
28.08.2024 13:00:00.000,1.34822,1.34877,1.34742,1.34748,5637
28.08.2024 14:00:00.000,1.34748,1.34797,1.34728,1.34794,5298
28.08.2024 15:00:00.000,1.34795,1.34806,1.34732,1.34798,6073
28.08.2024 16:00:00.000,1.34787,1.34789,1.34726,1.34772,2038
28.08.2024 17:00:00.000,1.34771,1.34791,1.34749,1.34789,1514
28.08.2024 18:00:00.000,1.34787,1.34789,1.34743,1.34767,1615
28.08.2024 19:00:00.000,1.34769,1.3477,1.34655,1.34678,3330
28.08.2024 20:00:00.000,1.34677,1.34678,1.34619,1.34678,5209
28.08.2024 21:00:00.000,1.34678,1.34733,1.34665,1.34697,2268
28.08.2024 22:00:00.000,1.34696,1.34714,1.34641,1.3465,2080
28.08.2024 23:00:00.000,1.3465,1.3465,1.34598,1.34609,3074
29.08.2024 00:00:00.000,1.34609,1.34623,1.34555,1.34566,2327
29.08.2024 01:00:00.000,1.34568,1.34606,1.3454,1.34603,3655
29.08.2024 02:00:00.000,1.34604,1.34609,1.34531,1.34543,4391
29.08.2024 03:00:00.000,1.34544,1.34745,1.34544,1.34669,8644
29.08.2024 04:00:00.000,1.34668,1.34669,1.34538,1.34554,9462
29.08.2024 05:00:00.000,1.34553,1.34561,1.34497,1.34528,4108
29.08.2024 06:00:00.000,1.34528,1.34618,1.34507,1.34594,4108
29.08.2024 07:00:00.000,1.34593,1.34774,1.34543,1.34731,10679
29.08.2024 08:00:00.000,1.34731,1.34906,1.34705,1.34809,10803
29.08.2024 09:00:00.000,1.34809,1.34853,1.34744,1.34749,9364
29.08.2024 10:00:00.000,1.3475,1.34802,1.34626,1.34629,7387
29.08.2024 11:00:00.000,1.34627,1.34701,1.34586,1.34698,5654
29.08.2024 12:00:00.000,1.34699,1.34718,1.34612,1.34668,5197
29.08.2024 13:00:00.000,1.34667,1.34835,1.34663,1.34758,9580
29.08.2024 14:00:00.000,1.34759,1.34856,1.34733,1.34845,9213
29.08.2024 15:00:00.000,1.34845,1.34861,1.34814,1.3484,2303
29.08.2024 16:00:00.000,1.34805,1.34853,1.34795,1.34846,781
29.08.2024 17:00:00.000,1.34846,1.34866,1.34821,1.34864,1154
29.08.2024 18:00:00.000,1.34865,1.34891,1.34851,1.34888,1672
29.08.2024 19:00:00.000,1.34886,1.34893,1.34825,1.34838,3554
29.08.2024 20:00:00.000,1.34839,1.34863,1.34797,1.34859,4274
29.08.2024 21:00:00.000,1.34859,1.34875,1.34823,1.34857,2578
29.08.2024 22:00:00.000,1.34857,1.34875,1.34835,1.34864,2518
29.08.2024 23:00:00.000,1.34866,1.34901,1.3485,1.34886,2819
30.08.2024 00:00:00.000,1.34887,1.34901,1.34835,1.34864,1863
30.08.2024 01:00:00.000,1.34864,1.3488,1.34829,1.34834,4161
30.08.2024 02:00:00.000,1.34834,1.34839,1.3472,1.34734,5009
30.08.2024 03:00:00.000,1.34735,1.34771,1.34686,1.34764,5545
30.08.2024 04:00:00.000,1.34763,1.34782,1.34729,1.34746,4032
30.08.2024 05:00:00.000,1.34747,1.34791,1.3473,1.34754,3946
30.08.2024 06:00:00.000,1.34753,1.34788,1.34726,1.34773,3743
30.08.2024 07:00:00.000,1.34772,1.34886,1.34645,1.34827,12531
30.08.2024 08:00:00.000,1.34826,1.35089,1.34821,1.34844,19227
30.08.2024 09:00:00.000,1.34845,1.3491,1.34664,1.34776,22408
30.08.2024 10:00:00.000,1.34775,1.35038,1.34752,1.3493,16111
30.08.2024 11:00:00.000,1.3493,1.35073,1.3493,1.3502,12927
30.08.2024 12:00:00.000,1.35017,1.35041,1.3493,1.34962,9514
30.08.2024 13:00:00.000,1.3496,1.34969,1.34855,1.34856,9194
30.08.2024 14:00:00.000,1.34858,1.34897,1.34723,1.34765,13842
30.08.2024 15:00:00.000,1.34763,1.34937,1.3475,1.34923,8076
02.09.2024 00:00:00.000,1.34977,1.34989,1.34895,1.34952,1583
02.09.2024 01:00:00.000,1.34954,1.34964,1.34897,1.34934,2542
02.09.2024 02:00:00.000,1.34935,1.34985,1.34913,1.3493,6872
02.09.2024 03:00:00.000,1.34929,1.34931,1.34847,1.34887,7654
02.09.2024 04:00:00.000,1.34886,1.3495,1.34878,1.34926,4660
02.09.2024 05:00:00.000,1.34926,1.34982,1.34924,1.34963,4707
02.09.2024 06:00:00.000,1.34963,1.35,1.34936,1.34995,3421
02.09.2024 07:00:00.000,1.34995,1.35006,1.34882,1.34902,6238
02.09.2024 08:00:00.000,1.34902,1.35007,1.34876,1.35006,5482
02.09.2024 09:00:00.000,1.35005,1.35051,1.3492,1.34942,3605
02.09.2024 10:00:00.000,1.3494,1.34981,1.34913,1.34946,2461
02.09.2024 11:00:00.000,1.34946,1.34983,1.34936,1.34938,1809
02.09.2024 12:00:00.000,1.34939,1.34939,1.34907,1.34907,843
02.09.2024 13:00:00.000,1.34907,1.34914,1.34897,1.34912,520
02.09.2024 14:00:00.000,1.34911,1.34929,1.34909,1.34924,348
02.09.2024 15:00:00.000,1.34925,1.34945,1.34904,1.34905,237
02.09.2024 16:00:00.000,1.34904,1.34933,1.34868,1.3491,438
02.09.2024 17:00:00.000,1.34911,1.3499,1.34911,1.3499,634
02.09.2024 18:00:00.000,1.3499,1.35011,1.34971,1.34978,778
02.09.2024 19:00:00.000,1.34977,1.35022,1.34916,1.34982,2445
02.09.2024 20:00:00.000,1.34981,1.35053,1.34963,1.35007,2795
02.09.2024 21:00:00.000,1.35008,1.3514,1.3499,1.35133,3092
02.09.2024 22:00:00.000,1.35134,1.35238,1.35132,1.35218,3501
02.09.2024 23:00:00.000,1.35217,1.35294,1.35215,1.35262,3248
03.09.2024 00:00:00.000,1.35264,1.35293,1.35237,1.35262,3390
03.09.2024 01:00:00.000,1.35262,1.35304,1.35141,1.35146,5414
03.09.2024 02:00:00.000,1.35145,1.35165,1.35041,1.35112,5451
03.09.2024 03:00:00.000,1.35114,1.3517,1.35087,1.35112,4847
03.09.2024 04:00:00.000,1.35115,1.35329,1.35095,1.35326,5913
03.09.2024 05:00:00.000,1.35327,1.35461,1.35327,1.35458,4568
03.09.2024 06:00:00.000,1.35458,1.35485,1.35379,1.35476,7459
03.09.2024 07:00:00.000,1.35475,1.35492,1.353,1.3544,9138
03.09.2024 08:00:00.000,1.35439,1.35522,1.35357,1.35409,11652
03.09.2024 09:00:00.000,1.3541,1.35619,1.35326,1.3551,27442
03.09.2024 10:00:00.000,1.35512,1.35531,1.3541,1.35425,11622
03.09.2024 11:00:00.000,1.35426,1.35502,1.35356,1.35495,9317
03.09.2024 12:00:00.000,1.35495,1.35541,1.3546,1.35537,6084
03.09.2024 13:00:00.000,1.35536,1.35561,1.35459,1.35472,6010
03.09.2024 14:00:00.000,1.35472,1.3554,1.35419,1.35503,8163
03.09.2024 15:00:00.000,1.35506,1.35535,1.35487,1.35498,3356
03.09.2024 16:00:00.000,1.35494,1.35518,1.35448,1.35472,966
03.09.2024 17:00:00.000,1.35472,1.35533,1.35422,1.35446,1906
03.09.2024 18:00:00.000,1.35443,1.35453,1.35404,1.35436,2357
03.09.2024 19:00:00.000,1.35436,1.35558,1.3542,1.35538,2986
03.09.2024 20:00:00.000,1.35539,1.35539,1.35417,1.35445,3765
03.09.2024 21:00:00.000,1.35447,1.35484,1.35326,1.35379,4281
03.09.2024 22:00:00.000,1.3538,1.35416,1.35349,1.35374,2011
03.09.2024 23:00:00.000,1.35373,1.35373,1.35331,1.35343,2183
04.09.2024 00:00:00.000,1.35345,1.35384,1.35327,1.3536,3144
04.09.2024 01:00:00.000,1.35361,1.35447,1.3536,1.3537,5551
04.09.2024 02:00:00.000,1.35372,1.35507,1.35363,1.35502,7169
04.09.2024 03:00:00.000,1.35504,1.35626,1.35463,1.3562,6186
04.09.2024 04:00:00.000,1.3562,1.3562,1.35509,1.35551,5263
04.09.2024 05:00:00.000,1.35551,1.35606,1.35481,1.35494,4240
04.09.2024 06:00:00.000,1.35493,1.35553,1.35488,1.35518,5077
04.09.2024 07:00:00.000,1.35518,1.35651,1.35499,1.3552,10092
04.09.2024 08:00:00.000,1.3552,1.35543,1.35196,1.35226,13858
04.09.2024 09:00:00.000,1.35228,1.35272,1.34993,1.3511,26475
04.09.2024 10:00:00.000,1.35111,1.35237,1.35089,1.35188,15332
04.09.2024 11:00:00.000,1.35189,1.35225,1.35093,1.35107,10844
04.09.2024 12:00:00.000,1.35112,1.35246,1.35101,1.35233,11302
04.09.2024 13:00:00.000,1.35233,1.35259,1.35121,1.35182,11904
04.09.2024 14:00:00.000,1.35183,1.35194,1.35114,1.35133,12902
04.09.2024 15:00:00.000,1.35133,1.35138,1.35032,1.35055,6168
04.09.2024 16:00:00.000,1.35023,1.35076,1.34998,1.35066,520
04.09.2024 17:00:00.000,1.35066,1.35071,1.35038,1.35041,1135
04.09.2024 18:00:00.000,1.3504,1.35095,1.35037,1.35081,1721
04.09.2024 19:00:00.000,1.35081,1.35128,1.35074,1.35078,6358
04.09.2024 20:00:00.000,1.35077,1.35096,1.35032,1.35083,5720
04.09.2024 21:00:00.000,1.35082,1.35098,1.35044,1.35087,1815
04.09.2024 22:00:00.000,1.35088,1.35112,1.35072,1.35098,3040
04.09.2024 23:00:00.000,1.35097,1.35113,1.35088,1.35098,1321
05.09.2024 00:00:00.000,1.35097,1.35104,1.35071,1.35092,2188
05.09.2024 01:00:00.000,1.35089,1.35121,1.35033,1.35107,5075
05.09.2024 02:00:00.000,1.35107,1.35164,1.35094,1.35098,5769
05.09.2024 03:00:00.000,1.35098,1.35126,1.35033,1.3505,5654
05.09.2024 04:00:00.000,1.35051,1.35127,1.35031,1.35119,5023
05.09.2024 05:00:00.000,1.3512,1.35172,1.35093,1.35103,4008
05.09.2024 06:00:00.000,1.35102,1.35167,1.35037,1.35122,6675
05.09.2024 07:00:00.000,1.35121,1.35232,1.35058,1.35148,14443
05.09.2024 08:00:00.000,1.35148,1.35148,1.35048,1.35048,11779
05.09.2024 09:00:00.000,1.35036,1.35184,1.35036,1.35178,13515
05.09.2024 10:00:00.000,1.35178,1.35247,1.35128,1.35149,11119
05.09.2024 11:00:00.000,1.35151,1.35211,1.35118,1.35147,8345
05.09.2024 12:00:00.000,1.35147,1.35179,1.35099,1.35103,6319
05.09.2024 13:00:00.000,1.35102,1.35128,1.35055,1.35071,6873
05.09.2024 14:00:00.000,1.35072,1.35131,1.35054,1.35093,9261
05.09.2024 15:00:00.000,1.3509,1.3509,1.35012,1.35024,7281
05.09.2024 16:00:00.000,1.35018,1.35025,1.34987,1.35023,343
05.09.2024 17:00:00.000,1.35024,1.35034,1.35005,1.35006,916
05.09.2024 18:00:00.000,1.35004,1.35015,1.3498,1.34983,838
05.09.2024 19:00:00.000,1.34982,1.35021,1.3496,1.34984,3121
05.09.2024 20:00:00.000,1.34985,1.35043,1.34985,1.35004,3922
05.09.2024 21:00:00.000,1.35003,1.3502,1.34974,1.34983,4038
05.09.2024 22:00:00.000,1.34982,1.34988,1.34959,1.34974,2411
05.09.2024 23:00:00.000,1.34973,1.34989,1.34919,1.34932,3016
06.09.2024 00:00:00.000,1.34933,1.35013,1.34904,1.3499,3840
06.09.2024 01:00:00.000,1.34991,1.35009,1.34854,1.34855,6291
06.09.2024 02:00:00.000,1.34855,1.35001,1.34852,1.34956,6321
06.09.2024 03:00:00.000,1.34955,1.3505,1.34931,1.35021,4780
06.09.2024 04:00:00.000,1.35021,1.35045,1.34919,1.34921,4376
06.09.2024 05:00:00.000,1.34921,1.34947,1.349,1.34932,3791
06.09.2024 06:00:00.000,1.34932,1.34989,1.34912,1.34929,4337
06.09.2024 07:00:00.000,1.34928,1.35012,1.34652,1.35008,18264
06.09.2024 08:00:00.000,1.35009,1.35243,1.34967,1.3514,22780
06.09.2024 09:00:00.000,1.35145,1.35453,1.35113,1.35399,20074
06.09.2024 10:00:00.000,1.354,1.35714,1.35173,1.35612,23590
06.09.2024 11:00:00.000,1.35615,1.3582,1.35597,1.35686,12279
06.09.2024 12:00:00.000,1.35685,1.35765,1.35576,1.35602,10186
06.09.2024 13:00:00.000,1.35602,1.35691,1.35576,1.35626,7889
06.09.2024 14:00:00.000,1.35628,1.3567,1.35565,1.35621,7603
06.09.2024 15:00:00.000,1.35623,1.3573,1.35615,1.35705,7339
09.09.2024 00:00:00.000,1.35613,1.35681,1.35611,1.35674,1777
09.09.2024 01:00:00.000,1.35674,1.3569,1.35616,1.35657,4532
09.09.2024 02:00:00.000,1.35654,1.35726,1.35626,1.35637,6954
09.09.2024 03:00:00.000,1.35637,1.35715,1.35619,1.35693,6197
09.09.2024 04:00:00.000,1.35693,1.357,1.35592,1.35632,4577
09.09.2024 05:00:00.000,1.35637,1.35702,1.35618,1.35657,4701
09.09.2024 06:00:00.000,1.35656,1.35658,1.35593,1.35605,5602
09.09.2024 07:00:00.000,1.35605,1.3569,1.35594,1.35681,8114
09.09.2024 08:00:00.000,1.35682,1.35766,1.35627,1.35712,8375
09.09.2024 09:00:00.000,1.35711,1.35736,1.3561,1.3563,10879
09.09.2024 10:00:00.000,1.3563,1.35717,1.35584,1.35601,10482
09.09.2024 11:00:00.000,1.35602,1.35608,1.35458,1.35488,7860
09.09.2024 12:00:00.000,1.35487,1.35584,1.35471,1.35582,7687
09.09.2024 13:00:00.000,1.35581,1.35609,1.35534,1.35593,5892
09.09.2024 14:00:00.000,1.35593,1.35642,1.35585,1.35628,5412
09.09.2024 15:00:00.000,1.35627,1.3564,1.35565,1.35576,3776
09.09.2024 16:00:00.000,1.35563,1.35568,1.35525,1.3554,294
09.09.2024 17:00:00.000,1.35543,1.35589,1.35543,1.35584,972
09.09.2024 18:00:00.000,1.35585,1.35647,1.35582,1.35637,1144
09.09.2024 19:00:00.000,1.35637,1.35725,1.35626,1.35686,3103
09.09.2024 20:00:00.000,1.35686,1.35696,1.3562,1.35664,5287
09.09.2024 21:00:00.000,1.35664,1.35722,1.35648,1.35683,4867
09.09.2024 22:00:00.000,1.35681,1.35686,1.35641,1.35645,3382
09.09.2024 23:00:00.000,1.35645,1.35678,1.35634,1.35644,1881
10.09.2024 00:00:00.000,1.35643,1.35665,1.35624,1.35653,3566
10.09.2024 01:00:00.000,1.35653,1.35668,1.35612,1.35633,3852
10.09.2024 02:00:00.000,1.35632,1.35703,1.3563,1.357,6098
10.09.2024 03:00:00.000,1.35699,1.35757,1.35685,1.35729,6232
10.09.2024 04:00:00.000,1.35728,1.35787,1.3564,1.35679,7135
10.09.2024 05:00:00.000,1.35678,1.35715,1.35648,1.35672,5607
10.09.2024 06:00:00.000,1.35672,1.35758,1.35644,1.3573,5625
10.09.2024 07:00:00.000,1.3573,1.3576,1.35693,1.3572,9069
10.09.2024 08:00:00.000,1.35719,1.35943,1.35685,1.35911,10618
10.09.2024 09:00:00.000,1.35914,1.3615,1.35914,1.36036,13849
10.09.2024 10:00:00.000,1.36036,1.36077,1.35945,1.36068,11003
10.09.2024 11:00:00.000,1.36067,1.36113,1.36022,1.36069,9161
10.09.2024 12:00:00.000,1.3607,1.36088,1.36037,1.36077,7621
10.09.2024 13:00:00.000,1.36076,1.36126,1.36035,1.36039,5685
10.09.2024 14:00:00.000,1.36038,1.36063,1.36,1.36011,6994
10.09.2024 15:00:00.000,1.36013,1.36099,1.3601,1.36097,4430
10.09.2024 16:00:00.000,1.36093,1.36095,1.36074,1.36085,632
10.09.2024 17:00:00.000,1.36087,1.36101,1.36084,1.36098,444
10.09.2024 18:00:00.000,1.36099,1.36113,1.36066,1.36098,1442
10.09.2024 19:00:00.000,1.36098,1.3616,1.36091,1.36135,6326
10.09.2024 20:00:00.000,1.36136,1.36159,1.36011,1.36038,8114
10.09.2024 21:00:00.000,1.36036,1.36071,1.35993,1.36056,5227
10.09.2024 22:00:00.000,1.36058,1.36091,1.36017,1.36053,4253
10.09.2024 23:00:00.000,1.36052,1.36082,1.35993,1.36,3227
11.09.2024 00:00:00.000,1.36,1.36006,1.35947,1.35963,3989
11.09.2024 01:00:00.000,1.35969,1.3599,1.35915,1.35926,5564
11.09.2024 02:00:00.000,1.35925,1.35949,1.35877,1.35928,6587
11.09.2024 03:00:00.000,1.35928,1.35946,1.35844,1.35851,6586
11.09.2024 04:00:00.000,1.35855,1.359,1.35848,1.35869,5446
11.09.2024 05:00:00.000,1.3587,1.35873,1.35788,1.35793,4139
11.09.2024 06:00:00.000,1.35791,1.35822,1.35729,1.35757,4995
11.09.2024 07:00:00.000,1.35758,1.36033,1.35748,1.35959,16225
11.09.2024 08:00:00.000,1.35958,1.36102,1.35841,1.36096,16361
11.09.2024 09:00:00.000,1.36098,1.36225,1.36058,1.36101,16199
11.09.2024 10:00:00.000,1.361,1.36114,1.35913,1.35948,11693
11.09.2024 11:00:00.000,1.35949,1.35974,1.3579,1.35837,9911
11.09.2024 12:00:00.000,1.35837,1.35845,1.35666,1.35756,9164
11.09.2024 13:00:00.000,1.35759,1.35785,1.35678,1.35763,7474
11.09.2024 14:00:00.000,1.35764,1.35765,1.35669,1.35684,8608
11.09.2024 15:00:00.000,1.35684,1.35751,1.35663,1.35745,3466
11.09.2024 16:00:00.000,1.35724,1.35726,1.35685,1.35722,455
11.09.2024 17:00:00.000,1.35723,1.3575,1.35699,1.35746,958
11.09.2024 18:00:00.000,1.35744,1.3578,1.3573,1.3578,1688
11.09.2024 19:00:00.000,1.3578,1.35802,1.35748,1.35792,3071
11.09.2024 20:00:00.000,1.35794,1.3585,1.3576,1.35797,4165
11.09.2024 21:00:00.000,1.35798,1.35842,1.35782,1.3582,3610
11.09.2024 22:00:00.000,1.3582,1.35823,1.35725,1.35727,2641
11.09.2024 23:00:00.000,1.35727,1.35735,1.35706,1.35706,3283
12.09.2024 00:00:00.000,1.35706,1.35722,1.35674,1.35675,3059
12.09.2024 01:00:00.000,1.35676,1.35707,1.35643,1.35706,5925
12.09.2024 02:00:00.000,1.35706,1.35748,1.35658,1.35747,5433
12.09.2024 03:00:00.000,1.35746,1.35802,1.35735,1.35771,5495
12.09.2024 04:00:00.000,1.35771,1.35773,1.35684,1.35706,5516
12.09.2024 05:00:00.000,1.35706,1.35747,1.35687,1.35727,4349
12.09.2024 06:00:00.000,1.35726,1.3584,1.35715,1.35838,6757
12.09.2024 07:00:00.000,1.35837,1.35893,1.35765,1.35856,13769
12.09.2024 08:00:00.000,1.35855,1.36,1.35789,1.35976,14151
12.09.2024 09:00:00.000,1.35976,1.36041,1.35908,1.35954,10994
12.09.2024 10:00:00.000,1.35956,1.35984,1.3588,1.35951,9465
12.09.2024 11:00:00.000,1.35951,1.35994,1.35899,1.3591,8413
12.09.2024 12:00:00.000,1.35909,1.3594,1.3584,1.35862,8163
12.09.2024 13:00:00.000,1.35863,1.35964,1.35841,1.35885,11249
12.09.2024 14:00:00.000,1.35885,1.35895,1.35768,1.35769,9345
12.09.2024 15:00:00.000,1.35769,1.35805,1.35757,1.35788,4435
12.09.2024 16:00:00.000,1.35782,1.35805,1.35758,1.35788,531
12.09.2024 17:00:00.000,1.35789,1.35816,1.35789,1.3579,771
12.09.2024 18:00:00.000,1.35789,1.35795,1.3574,1.35744,1882
12.09.2024 19:00:00.000,1.35745,1.35764,1.35658,1.35658,5868
12.09.2024 20:00:00.000,1.3566,1.3573,1.35647,1.35727,3317
12.09.2024 21:00:00.000,1.35727,1.35757,1.35672,1.35745,3234
12.09.2024 22:00:00.000,1.35745,1.35767,1.35692,1.35708,3597
12.09.2024 23:00:00.000,1.35707,1.35759,1.35698,1.35756,2715
13.09.2024 00:00:00.000,1.35756,1.35806,1.35741,1.35806,4496
13.09.2024 01:00:00.000,1.35807,1.35827,1.35763,1.35778,3256
13.09.2024 02:00:00.000,1.35777,1.35838,1.35706,1.35722,7735
13.09.2024 03:00:00.000,1.35722,1.35803,1.35716,1.35757,5232
13.09.2024 04:00:00.000,1.35757,1.35757,1.35654,1.35733,5533
13.09.2024 05:00:00.000,1.35735,1.35835,1.35729,1.35811,4202
13.09.2024 06:00:00.000,1.35809,1.35944,1.35806,1.3589,5230
13.09.2024 07:00:00.000,1.35895,1.35941,1.35753,1.35763,9665
13.09.2024 08:00:00.000,1.35762,1.35792,1.35689,1.35702,9001
13.09.2024 09:00:00.000,1.35705,1.35829,1.35694,1.35783,10996
13.09.2024 10:00:00.000,1.35784,1.35854,1.35781,1.35807,7598
13.09.2024 11:00:00.000,1.35808,1.35938,1.35806,1.35923,5305
13.09.2024 12:00:00.000,1.35923,1.35971,1.35892,1.35948,5131
13.09.2024 13:00:00.000,1.35948,1.35997,1.35909,1.35947,8518
13.09.2024 14:00:00.000,1.35947,1.35973,1.35895,1.35901,6289
13.09.2024 15:00:00.000,1.35901,1.35903,1.35831,1.35834,5369
16.09.2024 00:00:00.000,1.35708,1.35756,1.35682,1.35731,2033
16.09.2024 01:00:00.000,1.35731,1.358,1.35727,1.35749,4006
16.09.2024 02:00:00.000,1.35747,1.35805,1.35743,1.35782,5018
16.09.2024 03:00:00.000,1.35781,1.35792,1.35721,1.35748,6319
16.09.2024 04:00:00.000,1.35748,1.35804,1.35727,1.35793,4958
16.09.2024 05:00:00.000,1.35792,1.3581,1.35736,1.35758,5133
16.09.2024 06:00:00.000,1.35758,1.35819,1.35732,1.35772,5140
16.09.2024 07:00:00.000,1.35773,1.35872,1.35763,1.35869,8819
16.09.2024 08:00:00.000,1.35869,1.35947,1.35802,1.35884,10815
16.09.2024 09:00:00.000,1.35883,1.35957,1.35874,1.3593,8687
16.09.2024 10:00:00.000,1.3593,1.36072,1.3593,1.35984,7702
16.09.2024 11:00:00.000,1.35985,1.36033,1.35949,1.3596,6383
16.09.2024 12:00:00.000,1.3596,1.3598,1.35902,1.35912,5980
16.09.2024 13:00:00.000,1.35912,1.35935,1.35875,1.35921,5220
16.09.2024 14:00:00.000,1.35921,1.35941,1.35839,1.35857,6037
16.09.2024 15:00:00.000,1.35856,1.35882,1.35842,1.35862,3066
16.09.2024 16:00:00.000,1.35842,1.35854,1.35784,1.35828,334
16.09.2024 17:00:00.000,1.35832,1.35875,1.35824,1.35841,1008
16.09.2024 18:00:00.000,1.35841,1.35887,1.35826,1.35866,1932
16.09.2024 19:00:00.000,1.35867,1.35933,1.35838,1.3593,3580
16.09.2024 20:00:00.000,1.35929,1.35943,1.35884,1.35886,2033
16.09.2024 21:00:00.000,1.35885,1.35918,1.35867,1.35914,3001
16.09.2024 22:00:00.000,1.35915,1.3594,1.35911,1.35936,2724
16.09.2024 23:00:00.000,1.35935,1.35978,1.35933,1.35952,2075
17.09.2024 00:00:00.000,1.35952,1.3596,1.35906,1.3594,2774
17.09.2024 01:00:00.000,1.3594,1.3594,1.35805,1.35839,4125
17.09.2024 02:00:00.000,1.35839,1.35888,1.35818,1.35842,5194
17.09.2024 03:00:00.000,1.35843,1.35873,1.35816,1.35833,5645
17.09.2024 04:00:00.000,1.35834,1.3587,1.35796,1.35837,4767
17.09.2024 05:00:00.000,1.35835,1.35951,1.35812,1.35934,4755
17.09.2024 06:00:00.000,1.35934,1.35955,1.35799,1.35831,5925
17.09.2024 07:00:00.000,1.35831,1.36163,1.35809,1.36052,15083
17.09.2024 08:00:00.000,1.36052,1.36065,1.35929,1.36027,12154
17.09.2024 09:00:00.000,1.36025,1.3604,1.35834,1.35881,13423
17.09.2024 10:00:00.000,1.35882,1.3601,1.35863,1.35979,9531
17.09.2024 11:00:00.000,1.3598,1.3603,1.35929,1.35977,9897
17.09.2024 12:00:00.000,1.35978,1.36045,1.35925,1.35963,8906
17.09.2024 13:00:00.000,1.35964,1.35993,1.35916,1.35924,6965
17.09.2024 14:00:00.000,1.35924,1.35982,1.35902,1.35975,5917
17.09.2024 15:00:00.000,1.35974,1.35992,1.35937,1.3597,3636
17.09.2024 16:00:00.000,1.35956,1.35956,1.3588,1.35944,562
17.09.2024 17:00:00.000,1.35944,1.35962,1.35908,1.35958,1245
17.09.2024 18:00:00.000,1.35958,1.35962,1.35907,1.35934,1710
17.09.2024 19:00:00.000,1.35934,1.35942,1.35861,1.35862,2808
17.09.2024 20:00:00.000,1.3586,1.35885,1.3584,1.35873,3910
17.09.2024 21:00:00.000,1.35872,1.35912,1.3586,1.35876,2420
17.09.2024 22:00:00.000,1.35877,1.35895,1.35862,1.35888,3297
17.09.2024 23:00:00.000,1.35889,1.3594,1.35877,1.35925,5719
18.09.2024 00:00:00.000,1.35926,1.35929,1.35881,1.35886,2718
18.09.2024 01:00:00.000,1.35884,1.35917,1.35837,1.35894,4129
18.09.2024 02:00:00.000,1.35894,1.35919,1.35849,1.35881,6936
18.09.2024 03:00:00.000,1.35883,1.35917,1.35863,1.35881,9132
18.09.2024 04:00:00.000,1.35881,1.35911,1.35833,1.35851,8524
18.09.2024 05:00:00.000,1.35852,1.35876,1.35813,1.35871,9459
18.09.2024 06:00:00.000,1.3587,1.35891,1.35835,1.35866,8026
18.09.2024 07:00:00.000,1.35866,1.35928,1.35857,1.35892,7788
18.09.2024 08:00:00.000,1.35892,1.35917,1.35763,1.35889,9654
18.09.2024 09:00:00.000,1.35889,1.36008,1.35834,1.35937,11188
18.09.2024 10:00:00.000,1.35937,1.36073,1.35903,1.36067,9637
18.09.2024 11:00:00.000,1.36067,1.3607,1.35946,1.35954,10280
18.09.2024 12:00:00.000,1.35953,1.35977,1.35854,1.35859,10749
18.09.2024 13:00:00.000,1.35859,1.35876,1.35396,1.35737,37747
18.09.2024 14:00:00.000,1.35736,1.36225,1.35736,1.36181,32151
18.09.2024 15:00:00.000,1.36181,1.36189,1.36018,1.36027,13651
18.09.2024 16:00:00.000,1.36028,1.36039,1.35981,1.36027,693
18.09.2024 17:00:00.000,1.36022,1.36072,1.35978,1.36019,1394
18.09.2024 18:00:00.000,1.3602,1.36157,1.36007,1.36082,2792
18.09.2024 19:00:00.000,1.36081,1.36355,1.36014,1.3635,6217
18.09.2024 20:00:00.000,1.3635,1.36471,1.36295,1.36298,8928
18.09.2024 21:00:00.000,1.36296,1.36296,1.36072,1.3611,6570
18.09.2024 22:00:00.000,1.36111,1.36139,1.35976,1.35994,6128
18.09.2024 23:00:00.000,1.35995,1.3604,1.35961,1.3598,3515
19.09.2024 00:00:00.000,1.35981,1.35988,1.35907,1.35928,4618
19.09.2024 01:00:00.000,1.35928,1.3593,1.35717,1.35717,6773
19.09.2024 02:00:00.000,1.35716,1.35741,1.35538,1.35581,11055
19.09.2024 03:00:00.000,1.35581,1.35588,1.35432,1.35448,9962
19.09.2024 04:00:00.000,1.35449,1.3545,1.35325,1.35381,8559
19.09.2024 05:00:00.000,1.35382,1.3551,1.35369,1.354,7422
19.09.2024 06:00:00.000,1.35401,1.35602,1.35362,1.35556,11097
19.09.2024 07:00:00.000,1.35557,1.3569,1.35413,1.35687,17916
19.09.2024 08:00:00.000,1.35688,1.36001,1.35583,1.35847,16405
19.09.2024 09:00:00.000,1.35851,1.35956,1.35769,1.35782,20217
19.09.2024 10:00:00.000,1.3578,1.35816,1.35586,1.35603,15978
19.09.2024 11:00:00.000,1.35601,1.35605,1.35489,1.35518,13739
19.09.2024 12:00:00.000,1.35518,1.35567,1.35465,1.35488,8649
19.09.2024 13:00:00.000,1.35488,1.35583,1.35483,1.35552,8787
19.09.2024 14:00:00.000,1.35554,1.35649,1.35529,1.35564,9807
19.09.2024 15:00:00.000,1.35564,1.35621,1.35558,1.35574,9239
19.09.2024 16:00:00.000,1.35549,1.35592,1.35466,1.35559,604
19.09.2024 17:00:00.000,1.3557,1.35607,1.35564,1.35597,1113
19.09.2024 18:00:00.000,1.35597,1.35638,1.35595,1.35628,1740
19.09.2024 19:00:00.000,1.35627,1.35652,1.35594,1.35636,3822
19.09.2024 20:00:00.000,1.35635,1.35683,1.35625,1.35648,4072
19.09.2024 21:00:00.000,1.35647,1.35663,1.35614,1.35628,5337
19.09.2024 22:00:00.000,1.3563,1.35631,1.35538,1.35583,4387
19.09.2024 23:00:00.000,1.35581,1.35609,1.35552,1.356,4016
20.09.2024 00:00:00.000,1.35601,1.35669,1.35594,1.35613,3344
20.09.2024 01:00:00.000,1.3561,1.35611,1.35542,1.35602,4753
20.09.2024 02:00:00.000,1.356,1.35743,1.35586,1.357,9699
20.09.2024 03:00:00.000,1.35701,1.35754,1.35636,1.35682,8320
20.09.2024 04:00:00.000,1.35683,1.35731,1.35644,1.35725,4984
20.09.2024 05:00:00.000,1.35726,1.35759,1.35658,1.35687,4827
20.09.2024 06:00:00.000,1.35686,1.35761,1.35672,1.35694,4364
20.09.2024 07:00:00.000,1.35693,1.35694,1.35415,1.35452,11506
20.09.2024 08:00:00.000,1.35452,1.35771,1.3545,1.3571,12357
20.09.2024 09:00:00.000,1.3571,1.35843,1.35658,1.35748,15327
20.09.2024 10:00:00.000,1.35749,1.35892,1.35643,1.35646,15711
20.09.2024 11:00:00.000,1.35646,1.35697,1.355,1.35539,11185
20.09.2024 12:00:00.000,1.35539,1.35642,1.35527,1.35622,7721
20.09.2024 13:00:00.000,1.3562,1.35694,1.35563,1.35585,11247
20.09.2024 14:00:00.000,1.35585,1.35645,1.35557,1.35631,7645
20.09.2024 15:00:00.000,1.35631,1.35739,1.3563,1.3568,8624
23.09.2024 00:00:00.000,1.35579,1.35595,1.35543,1.35589,2845
23.09.2024 01:00:00.000,1.35587,1.35653,1.35572,1.35645,5865
23.09.2024 02:00:00.000,1.35645,1.35818,1.35638,1.35795,12861
23.09.2024 03:00:00.000,1.35797,1.35815,1.35686,1.35708,14100
23.09.2024 04:00:00.000,1.35707,1.35711,1.35597,1.35609,7601
23.09.2024 05:00:00.000,1.35606,1.35615,1.35488,1.35516,6094
23.09.2024 06:00:00.000,1.35515,1.35517,1.35448,1.35479,4885
23.09.2024 07:00:00.000,1.35481,1.35541,1.35369,1.35375,8066
23.09.2024 08:00:00.000,1.35374,1.35383,1.35174,1.35188,11585
23.09.2024 09:00:00.000,1.35187,1.3524,1.34931,1.34947,13720
23.09.2024 10:00:00.000,1.34947,1.35036,1.34893,1.35016,8726
23.09.2024 11:00:00.000,1.35016,1.35101,1.34996,1.35016,7864
23.09.2024 12:00:00.000,1.35017,1.35068,1.34865,1.3496,4671
23.09.2024 13:00:00.000,1.3496,1.35017,1.34918,1.3501,4111
23.09.2024 14:00:00.000,1.3501,1.35075,1.35007,1.35065,5226
23.09.2024 15:00:00.000,1.35065,1.35434,1.35064,1.35403,4883
23.09.2024 16:00:00.000,1.35372,1.35372,1.35286,1.35348,797
23.09.2024 17:00:00.000,1.35347,1.35369,1.35278,1.35285,1150
23.09.2024 18:00:00.000,1.3529,1.35322,1.35281,1.35293,1566
23.09.2024 19:00:00.000,1.35295,1.35311,1.3521,1.35295,6431
23.09.2024 20:00:00.000,1.35295,1.35295,1.35197,1.35234,9851
23.09.2024 21:00:00.000,1.35235,1.35285,1.35226,1.35243,4793
23.09.2024 22:00:00.000,1.35244,1.35245,1.35146,1.35179,5422
23.09.2024 23:00:00.000,1.3518,1.35227,1.3512,1.35136,4078
24.09.2024 00:00:00.000,1.35136,1.35186,1.35093,1.35184,5174
24.09.2024 01:00:00.000,1.35184,1.3529,1.35166,1.35191,7425
24.09.2024 02:00:00.000,1.35192,1.35221,1.35126,1.35191,7255
24.09.2024 03:00:00.000,1.35192,1.352,1.35069,1.35115,7915
24.09.2024 04:00:00.000,1.35115,1.35142,1.35068,1.35093,5340
24.09.2024 05:00:00.000,1.35094,1.3512,1.35076,1.35099,5045
24.09.2024 06:00:00.000,1.35097,1.35141,1.35063,1.35074,5826
24.09.2024 07:00:00.000,1.35074,1.3508,1.34972,1.34993,9552
24.09.2024 08:00:00.000,1.34991,1.35013,1.3482,1.34936,10586
24.09.2024 09:00:00.000,1.3493,1.3497,1.34746,1.34762,18474
24.09.2024 10:00:00.000,1.34762,1.34768,1.34641,1.34702,8994
24.09.2024 11:00:00.000,1.34702,1.34705,1.34523,1.34568,5940
24.09.2024 12:00:00.000,1.34568,1.34578,1.34449,1.34456,4073
24.09.2024 13:00:00.000,1.34456,1.34494,1.34418,1.34419,4767
24.09.2024 14:00:00.000,1.34421,1.34429,1.34347,1.34356,6911
24.09.2024 15:00:00.000,1.34354,1.34367,1.34297,1.34304,2744
24.09.2024 16:00:00.000,1.34294,1.34362,1.34293,1.34319,467
24.09.2024 17:00:00.000,1.3432,1.3432,1.34244,1.34247,1349
24.09.2024 18:00:00.000,1.34247,1.34293,1.342,1.34202,2259
24.09.2024 19:00:00.000,1.34203,1.34297,1.3419,1.34227,2906
24.09.2024 20:00:00.000,1.34227,1.34315,1.34203,1.34275,4937
24.09.2024 21:00:00.000,1.34276,1.34297,1.34222,1.34288,3896
24.09.2024 22:00:00.000,1.34289,1.34319,1.34227,1.34275,3549
24.09.2024 23:00:00.000,1.34276,1.3431,1.3427,1.34287,2030
25.09.2024 00:00:00.000,1.34286,1.34341,1.34266,1.34337,3714
25.09.2024 01:00:00.000,1.34338,1.34387,1.34306,1.34313,4753
25.09.2024 02:00:00.000,1.34311,1.34337,1.34277,1.34278,5961
25.09.2024 03:00:00.000,1.34277,1.34316,1.34239,1.34283,8369
25.09.2024 04:00:00.000,1.34283,1.34404,1.34283,1.34363,4157
25.09.2024 05:00:00.000,1.34364,1.34402,1.34323,1.34332,4642
25.09.2024 06:00:00.000,1.34333,1.34423,1.34306,1.34394,5100
25.09.2024 07:00:00.000,1.34392,1.34547,1.34364,1.34487,11072
25.09.2024 08:00:00.000,1.34487,1.34492,1.34319,1.34402,11856
25.09.2024 09:00:00.000,1.34402,1.3461,1.34392,1.34563,10438
25.09.2024 10:00:00.000,1.34565,1.34692,1.34515,1.34657,10265
25.09.2024 11:00:00.000,1.34656,1.3475,1.34611,1.34745,9591
25.09.2024 12:00:00.000,1.34745,1.34819,1.34712,1.34718,7921
25.09.2024 13:00:00.000,1.34718,1.34817,1.34695,1.34793,6531
25.09.2024 14:00:00.000,1.34794,1.34849,1.34755,1.34839,6043
25.09.2024 15:00:00.000,1.3484,1.34868,1.34817,1.34843,6746
25.09.2024 16:00:00.000,1.34829,1.34848,1.34753,1.3481,726
25.09.2024 17:00:00.000,1.34808,1.34849,1.34806,1.34844,1765
25.09.2024 18:00:00.000,1.34846,1.34864,1.34804,1.34835,3054
25.09.2024 19:00:00.000,1.34834,1.3484,1.34716,1.34726,6139
25.09.2024 20:00:00.000,1.34723,1.3476,1.34643,1.34681,5552
25.09.2024 21:00:00.000,1.3468,1.34731,1.34652,1.34696,2469
25.09.2024 22:00:00.000,1.34697,1.34733,1.34684,1.347,2863
25.09.2024 23:00:00.000,1.347,1.34731,1.34692,1.34711,1688
26.09.2024 00:00:00.000,1.34712,1.34732,1.34631,1.34668,4453
26.09.2024 01:00:00.000,1.34667,1.34741,1.34645,1.34672,5991
26.09.2024 02:00:00.000,1.34669,1.3477,1.34625,1.34735,10907
26.09.2024 03:00:00.000,1.34734,1.34769,1.34643,1.34663,11978
26.09.2024 04:00:00.000,1.34664,1.34715,1.34638,1.34701,7385
26.09.2024 05:00:00.000,1.34702,1.34723,1.34623,1.34652,8100
26.09.2024 06:00:00.000,1.34649,1.34731,1.34571,1.34698,9130
26.09.2024 07:00:00.000,1.34699,1.34784,1.34614,1.34628,14996
26.09.2024 08:00:00.000,1.34626,1.34839,1.34597,1.34773,15262
26.09.2024 09:00:00.000,1.34773,1.34893,1.34655,1.34682,19318
26.09.2024 10:00:00.000,1.34682,1.34798,1.34637,1.34659,12644
26.09.2024 11:00:00.000,1.34659,1.34827,1.34652,1.34808,10196
26.09.2024 12:00:00.000,1.34809,1.34819,1.34709,1.34769,9643
26.09.2024 13:00:00.000,1.34769,1.34769,1.34669,1.34689,7067
26.09.2024 14:00:00.000,1.3469,1.34761,1.34668,1.34715,6835
26.09.2024 15:00:00.000,1.34716,1.34765,1.34634,1.34637,6801
26.09.2024 16:00:00.000,1.34622,1.34718,1.34622,1.34673,1221
26.09.2024 17:00:00.000,1.34673,1.34687,1.3465,1.34667,2231
26.09.2024 18:00:00.000,1.34667,1.34787,1.34661,1.34759,1407
26.09.2024 19:00:00.000,1.34758,1.34857,1.34749,1.34842,6725
26.09.2024 20:00:00.000,1.34843,1.34923,1.34802,1.34879,6963
26.09.2024 21:00:00.000,1.34879,1.3491,1.34843,1.34863,4341
26.09.2024 22:00:00.000,1.34864,1.34877,1.34829,1.34866,2817
26.09.2024 23:00:00.000,1.34864,1.34924,1.34857,1.34895,1665
27.09.2024 00:00:00.000,1.34894,1.34947,1.34861,1.34922,4841
27.09.2024 01:00:00.000,1.34922,1.34932,1.34818,1.34848,10300
27.09.2024 02:00:00.000,1.3485,1.34922,1.34828,1.34912,9397
27.09.2024 03:00:00.000,1.34913,1.34932,1.3482,1.34821,7245
27.09.2024 04:00:00.000,1.34821,1.3486,1.34763,1.34782,9526
27.09.2024 05:00:00.000,1.34783,1.34798,1.34724,1.34777,9233
27.09.2024 06:00:00.000,1.34781,1.34782,1.34704,1.3475,6970
27.09.2024 07:00:00.000,1.34751,1.34855,1.3463,1.34724,14135
27.09.2024 08:00:00.000,1.34724,1.34862,1.34667,1.34825,13972
27.09.2024 09:00:00.000,1.34825,1.34866,1.34726,1.3483,15164
27.09.2024 10:00:00.000,1.34827,1.35056,1.34816,1.35035,12226
27.09.2024 11:00:00.000,1.35036,1.35156,1.35026,1.35107,13149
27.09.2024 12:00:00.000,1.35104,1.35263,1.35095,1.35222,9657
27.09.2024 13:00:00.000,1.35222,1.35247,1.35089,1.35104,12282
27.09.2024 14:00:00.000,1.35103,1.35191,1.35103,1.35163,11803
27.09.2024 15:00:00.000,1.35163,1.35188,1.35108,1.35142,13068
30.09.2024 00:00:00.000,1.35076,1.35077,1.35005,1.35043,7586
30.09.2024 01:00:00.000,1.35044,1.3513,1.35026,1.35128,6148
30.09.2024 02:00:00.000,1.35127,1.35152,1.35081,1.35149,6181
30.09.2024 03:00:00.000,1.35148,1.3522,1.35125,1.35158,7892
30.09.2024 04:00:00.000,1.35156,1.35225,1.35129,1.35212,7200
30.09.2024 05:00:00.000,1.35213,1.3527,1.35206,1.35251,4536
30.09.2024 06:00:00.000,1.3525,1.35263,1.35153,1.35184,6726
30.09.2024 07:00:00.000,1.35184,1.35204,1.35063,1.35068,8427
30.09.2024 08:00:00.000,1.35066,1.35088,1.34893,1.35042,11607
30.09.2024 09:00:00.000,1.35044,1.35183,1.35039,1.35096,18624
30.09.2024 10:00:00.000,1.35095,1.35193,1.35009,1.35144,10391
30.09.2024 11:00:00.000,1.3514,1.35174,1.35061,1.35066,6569
30.09.2024 12:00:00.000,1.35066,1.35101,1.35028,1.35087,5589
30.09.2024 13:00:00.000,1.35088,1.35372,1.35088,1.3523,18698
30.09.2024 14:00:00.000,1.3523,1.35326,1.35198,1.35223,9399
30.09.2024 15:00:00.000,1.35224,1.35288,1.35223,1.35245,8285
30.09.2024 16:00:00.000,1.35223,1.35255,1.35115,1.3524,813
30.09.2024 17:00:00.000,1.35235,1.35243,1.35217,1.35238,1334
30.09.2024 18:00:00.000,1.35238,1.3527,1.35223,1.35251,1557
30.09.2024 19:00:00.000,1.35255,1.35334,1.35255,1.35293,4075
30.09.2024 20:00:00.000,1.35293,1.35311,1.35193,1.352,6374
30.09.2024 21:00:00.000,1.35201,1.35274,1.35199,1.35237,7380
30.09.2024 22:00:00.000,1.35236,1.35318,1.35227,1.35284,2955
30.09.2024 23:00:00.000,1.35285,1.353,1.35223,1.35228,2647
01.10.2024 00:00:00.000,1.35225,1.35285,1.35214,1.3527,2584
01.10.2024 01:00:00.000,1.3527,1.35279,1.35155,1.35179,8191
01.10.2024 02:00:00.000,1.35178,1.35353,1.35163,1.35294,12634
01.10.2024 03:00:00.000,1.35294,1.35384,1.35272,1.35355,8404
01.10.2024 04:00:00.000,1.35355,1.35392,1.35311,1.35324,5877
01.10.2024 05:00:00.000,1.35324,1.35354,1.35258,1.35279,6675
01.10.2024 06:00:00.000,1.35279,1.35283,1.35203,1.35225,7335
01.10.2024 07:00:00.000,1.35225,1.35278,1.3516,1.35231,11261
01.10.2024 08:00:00.000,1.35232,1.35248,1.35061,1.35072,14493
01.10.2024 09:00:00.000,1.35073,1.35119,1.34876,1.35022,22751
01.10.2024 10:00:00.000,1.35021,1.35119,1.34901,1.34917,14422
01.10.2024 11:00:00.000,1.34918,1.35061,1.34907,1.35021,10541
01.10.2024 12:00:00.000,1.35024,1.35206,1.3502,1.35044,11307
01.10.2024 13:00:00.000,1.35044,1.35044,1.34825,1.34837,7535
01.10.2024 14:00:00.000,1.34837,1.34916,1.34803,1.34911,7666
01.10.2024 15:00:00.000,1.3491,1.3495,1.3488,1.34893,10039
01.10.2024 16:00:00.000,1.3489,1.34897,1.34825,1.34889,510
01.10.2024 17:00:00.000,1.34894,1.34958,1.34883,1.34952,703
01.10.2024 18:00:00.000,1.34951,1.34966,1.34917,1.34941,2800
01.10.2024 19:00:00.000,1.34939,1.34951,1.34831,1.34877,6055
01.10.2024 20:00:00.000,1.34875,1.34875,1.34769,1.34787,5074
01.10.2024 21:00:00.000,1.34787,1.34827,1.34764,1.3478,4899
01.10.2024 22:00:00.000,1.3478,1.34811,1.34756,1.34799,4303
01.10.2024 23:00:00.000,1.34796,1.34867,1.34767,1.34833,4155
02.10.2024 00:00:00.000,1.34833,1.3491,1.34802,1.34872,4419
02.10.2024 01:00:00.000,1.34874,1.34907,1.34834,1.34854,5370
02.10.2024 02:00:00.000,1.34852,1.34863,1.3477,1.34819,7407
02.10.2024 03:00:00.000,1.34816,1.3489,1.34794,1.34873,5759
02.10.2024 04:00:00.000,1.34873,1.34909,1.34828,1.34873,6591
02.10.2024 05:00:00.000,1.34872,1.34899,1.34793,1.34811,6438
02.10.2024 06:00:00.000,1.3481,1.3485,1.34752,1.34847,6303
02.10.2024 07:00:00.000,1.34848,1.34924,1.34831,1.34916,9622
02.10.2024 08:00:00.000,1.34915,1.34953,1.34752,1.34811,11778
02.10.2024 09:00:00.000,1.3481,1.34885,1.34718,1.34829,14776
02.10.2024 10:00:00.000,1.34829,1.34904,1.34795,1.34843,11708
02.10.2024 11:00:00.000,1.34843,1.34903,1.34816,1.34902,7730
02.10.2024 12:00:00.000,1.34902,1.34964,1.34888,1.34951,6625
02.10.2024 13:00:00.000,1.3495,1.35068,1.34929,1.35065,7743
02.10.2024 14:00:00.000,1.35064,1.35095,1.34938,1.34967,4689
02.10.2024 15:00:00.000,1.34968,1.35025,1.34954,1.35013,3183
02.10.2024 16:00:00.000,1.35008,1.35017,1.34922,1.35013,1583
02.10.2024 17:00:00.000,1.35012,1.35054,1.3497,1.35049,1181
02.10.2024 18:00:00.000,1.35049,1.35072,1.35032,1.35066,1708
02.10.2024 19:00:00.000,1.35065,1.35148,1.35053,1.35094,3787
02.10.2024 20:00:00.000,1.35093,1.35161,1.35075,1.35115,7621
02.10.2024 21:00:00.000,1.35115,1.3519,1.35114,1.35188,4124
02.10.2024 22:00:00.000,1.35188,1.35229,1.35169,1.35206,3197
02.10.2024 23:00:00.000,1.35206,1.35241,1.35201,1.3524,2502
03.10.2024 00:00:00.000,1.35241,1.35303,1.35214,1.35227,7089
03.10.2024 01:00:00.000,1.35229,1.35239,1.35064,1.351,7922
03.10.2024 02:00:00.000,1.35098,1.35246,1.35075,1.35231,7868
03.10.2024 03:00:00.000,1.35229,1.35291,1.352,1.3525,8900
03.10.2024 04:00:00.000,1.3525,1.353,1.35183,1.35243,7226
03.10.2024 05:00:00.000,1.35245,1.35329,1.35225,1.3532,5873
03.10.2024 06:00:00.000,1.3532,1.35398,1.35255,1.35309,7261
03.10.2024 07:00:00.000,1.35311,1.35448,1.35266,1.35338,11795
03.10.2024 08:00:00.000,1.35338,1.35455,1.35268,1.35418,11228
03.10.2024 09:00:00.000,1.35419,1.35528,1.35169,1.35395,20162
03.10.2024 10:00:00.000,1.35395,1.35428,1.35308,1.3533,10475
03.10.2024 11:00:00.000,1.35328,1.35359,1.3525,1.35314,8119
03.10.2024 12:00:00.000,1.35312,1.35468,1.35311,1.35454,7913
03.10.2024 13:00:00.000,1.35454,1.35496,1.35437,1.35474,9323
03.10.2024 14:00:00.000,1.35473,1.35574,1.35458,1.35567,8062
03.10.2024 15:00:00.000,1.35565,1.35592,1.35516,1.35539,5111
03.10.2024 16:00:00.000,1.35505,1.35532,1.35362,1.35531,962
03.10.2024 17:00:00.000,1.35532,1.35552,1.35502,1.35528,1663
03.10.2024 18:00:00.000,1.35526,1.35531,1.35476,1.35479,1695
03.10.2024 19:00:00.000,1.35478,1.35497,1.35443,1.35458,5020
03.10.2024 20:00:00.000,1.35457,1.35532,1.35445,1.3551,5552
03.10.2024 21:00:00.000,1.35511,1.35531,1.35468,1.35529,6605
03.10.2024 22:00:00.000,1.35529,1.35579,1.35514,1.35557,3470
03.10.2024 23:00:00.000,1.35558,1.35566,1.35518,1.35544,3350
04.10.2024 00:00:00.000,1.35542,1.35542,1.35499,1.35521,3984
04.10.2024 01:00:00.000,1.35521,1.35671,1.35511,1.35662,5071
04.10.2024 02:00:00.000,1.35661,1.35668,1.35551,1.35582,7259
04.10.2024 03:00:00.000,1.35582,1.3564,1.35571,1.35585,6446
04.10.2024 04:00:00.000,1.35586,1.35646,1.35566,1.3557,5957
04.10.2024 05:00:00.000,1.35568,1.3561,1.35502,1.35533,6990
04.10.2024 06:00:00.000,1.35532,1.35568,1.35502,1.35537,4532
04.10.2024 07:00:00.000,1.35537,1.35884,1.35522,1.35808,16255
04.10.2024 08:00:00.000,1.35808,1.35905,1.35718,1.35827,15094
04.10.2024 09:00:00.000,1.35827,1.35863,1.35646,1.35755,14843
04.10.2024 10:00:00.000,1.35753,1.35895,1.35726,1.35779,10124
04.10.2024 11:00:00.000,1.35778,1.35838,1.35746,1.35776,5996
04.10.2024 12:00:00.000,1.35775,1.35812,1.35723,1.3576,4137
04.10.2024 13:00:00.000,1.35759,1.35811,1.35737,1.35745,3746
04.10.2024 14:00:00.000,1.35746,1.35774,1.3571,1.35721,3464
04.10.2024 15:00:00.000,1.35721,1.35776,1.35709,1.35735,6017
07.10.2024 00:00:00.000,1.35821,1.35894,1.35817,1.35865,2443
07.10.2024 01:00:00.000,1.35865,1.35894,1.3578,1.3582,7336
07.10.2024 02:00:00.000,1.35824,1.35905,1.35787,1.35888,9483
07.10.2024 03:00:00.000,1.35889,1.35952,1.35837,1.35921,6779
07.10.2024 04:00:00.000,1.35921,1.35983,1.35873,1.35908,6446
07.10.2024 05:00:00.000,1.35907,1.35924,1.35852,1.3589,5296
07.10.2024 06:00:00.000,1.35891,1.35906,1.35782,1.35818,5821
07.10.2024 07:00:00.000,1.35818,1.35931,1.35793,1.35922,7701
07.10.2024 08:00:00.000,1.35923,1.36053,1.35896,1.36013,13369
07.10.2024 09:00:00.000,1.36015,1.3619,1.35968,1.36118,13085
07.10.2024 10:00:00.000,1.36119,1.36146,1.36022,1.36076,9111
07.10.2024 11:00:00.000,1.36076,1.36098,1.36029,1.36067,6944
07.10.2024 12:00:00.000,1.36067,1.36127,1.36023,1.36123,5055
07.10.2024 13:00:00.000,1.36123,1.36381,1.36103,1.36377,6435
07.10.2024 14:00:00.000,1.36377,1.36389,1.3623,1.36235,7507
07.10.2024 15:00:00.000,1.36234,1.36248,1.3616,1.3619,4885
07.10.2024 16:00:00.000,1.36182,1.362,1.36103,1.36176,1014
07.10.2024 17:00:00.000,1.36176,1.36248,1.36157,1.36231,1366
07.10.2024 18:00:00.000,1.3623,1.36247,1.36178,1.36203,2625
07.10.2024 19:00:00.000,1.36202,1.36226,1.36107,1.36138,4298
07.10.2024 20:00:00.000,1.36141,1.3619,1.36116,1.36152,5410
07.10.2024 21:00:00.000,1.36153,1.36337,1.36142,1.36231,9354
07.10.2024 22:00:00.000,1.36231,1.36247,1.36159,1.3623,7544
07.10.2024 23:00:00.000,1.36228,1.36244,1.36184,1.36201,2181
08.10.2024 00:00:00.000,1.36201,1.36295,1.36171,1.36282,5763
08.10.2024 01:00:00.000,1.36282,1.36387,1.36258,1.36386,5131
08.10.2024 02:00:00.000,1.36384,1.36473,1.36376,1.36381,8351
08.10.2024 03:00:00.000,1.36381,1.3647,1.36346,1.36404,7669
08.10.2024 04:00:00.000,1.36404,1.36445,1.36376,1.36436,4873
08.10.2024 05:00:00.000,1.36436,1.36464,1.36377,1.36389,5634
08.10.2024 06:00:00.000,1.36394,1.36416,1.36355,1.36379,4610
08.10.2024 07:00:00.000,1.36379,1.36481,1.36357,1.36452,7173
08.10.2024 08:00:00.000,1.36452,1.36583,1.36377,1.36528,12771
08.10.2024 09:00:00.000,1.36529,1.36746,1.3648,1.36681,12121
08.10.2024 10:00:00.000,1.3668,1.36748,1.36617,1.36622,9430
08.10.2024 11:00:00.000,1.36624,1.36646,1.36548,1.36634,5439
08.10.2024 12:00:00.000,1.36633,1.3668,1.36526,1.36529,6923
08.10.2024 13:00:00.000,1.3653,1.36578,1.36509,1.36555,5828
08.10.2024 14:00:00.000,1.36555,1.36592,1.36456,1.36474,7069
08.10.2024 15:00:00.000,1.36473,1.36522,1.36458,1.36462,3127
08.10.2024 16:00:00.000,1.36448,1.36463,1.36417,1.36456,467
08.10.2024 17:00:00.000,1.36456,1.36481,1.36423,1.36424,1302
08.10.2024 18:00:00.000,1.36426,1.36546,1.36424,1.36544,1659
08.10.2024 19:00:00.000,1.36545,1.36567,1.36506,1.3653,2032
08.10.2024 20:00:00.000,1.36532,1.36584,1.36497,1.36568,7068
08.10.2024 21:00:00.000,1.36568,1.36603,1.36528,1.36584,5225
08.10.2024 22:00:00.000,1.36583,1.36633,1.36573,1.36618,6642
08.10.2024 23:00:00.000,1.36616,1.36636,1.36592,1.36606,1616
09.10.2024 00:00:00.000,1.36606,1.36606,1.36466,1.36531,8462
09.10.2024 01:00:00.000,1.36532,1.36612,1.36517,1.36601,4632
09.10.2024 02:00:00.000,1.366,1.36695,1.366,1.36687,6918
09.10.2024 03:00:00.000,1.36688,1.36736,1.36674,1.36699,4671
09.10.2024 04:00:00.000,1.36697,1.36715,1.3664,1.36648,5847
09.10.2024 05:00:00.000,1.36648,1.36728,1.36638,1.36717,5107
09.10.2024 06:00:00.000,1.36717,1.36788,1.36714,1.36779,3720
09.10.2024 07:00:00.000,1.3678,1.36861,1.36724,1.36827,7396
09.10.2024 08:00:00.000,1.36829,1.36854,1.3675,1.36766,10282
09.10.2024 09:00:00.000,1.36767,1.36944,1.3673,1.36888,9735
09.10.2024 10:00:00.000,1.36888,1.36888,1.36779,1.36852,8033
09.10.2024 11:00:00.000,1.36853,1.3693,1.36831,1.36927,5242
09.10.2024 12:00:00.000,1.36926,1.36976,1.36913,1.36922,4086
09.10.2024 13:00:00.000,1.36922,1.37098,1.36917,1.37097,4447
09.10.2024 14:00:00.000,1.37096,1.37184,1.37006,1.37116,6012
09.10.2024 15:00:00.000,1.37116,1.37174,1.37089,1.37104,5092
09.10.2024 16:00:00.000,1.37093,1.37096,1.36909,1.37069,897
09.10.2024 17:00:00.000,1.37069,1.37129,1.37054,1.37113,1615
09.10.2024 18:00:00.000,1.37114,1.37118,1.37113,1.37114,312
09.10.2024 19:00:00.000,1.37076,1.37116,1.37076,1.3711,2588
09.10.2024 20:00:00.000,1.37111,1.37121,1.37056,1.3711,7786
09.10.2024 21:00:00.000,1.37112,1.37142,1.37045,1.37071,6432
09.10.2024 22:00:00.000,1.37071,1.37075,1.37043,1.37055,5514
09.10.2024 23:00:00.000,1.37054,1.37088,1.37043,1.37054,2360
10.10.2024 00:00:00.000,1.37054,1.37119,1.37043,1.37111,3382
10.10.2024 01:00:00.000,1.37113,1.37188,1.37078,1.37186,4239
10.10.2024 02:00:00.000,1.37187,1.37286,1.3718,1.37283,5103
10.10.2024 03:00:00.000,1.37283,1.37343,1.37283,1.37338,4171
10.10.2024 04:00:00.000,1.37339,1.37345,1.37309,1.37332,3413
10.10.2024 05:00:00.000,1.37333,1.3738,1.37321,1.37368,2564
10.10.2024 06:00:00.000,1.37367,1.37532,1.37367,1.37521,4375
10.10.2024 07:00:00.000,1.37521,1.37544,1.37293,1.37405,19320
10.10.2024 08:00:00.000,1.37403,1.37677,1.37352,1.37584,20924
10.10.2024 09:00:00.000,1.37585,1.37631,1.37475,1.37557,15547
10.10.2024 10:00:00.000,1.37557,1.37591,1.37505,1.37524,8817
10.10.2024 11:00:00.000,1.37524,1.37652,1.37482,1.37641,6965
10.10.2024 12:00:00.000,1.3764,1.37749,1.37512,1.37536,7142
10.10.2024 13:00:00.000,1.37536,1.37605,1.37499,1.37576,5704
10.10.2024 14:00:00.000,1.37575,1.37592,1.37406,1.3742,6343
10.10.2024 15:00:00.000,1.3742,1.37446,1.3737,1.37405,2924
10.10.2024 16:00:00.000,1.37382,1.37405,1.37321,1.37399,369
10.10.2024 17:00:00.000,1.37398,1.37438,1.37388,1.37427,2036
10.10.2024 18:00:00.000,1.37426,1.37462,1.37417,1.37459,1218
10.10.2024 19:00:00.000,1.37458,1.37506,1.37435,1.37475,2168
10.10.2024 20:00:00.000,1.37474,1.37545,1.37455,1.37535,2544
10.10.2024 21:00:00.000,1.37536,1.37586,1.37533,1.37537,2686
10.10.2024 22:00:00.000,1.37537,1.37565,1.37521,1.37531,2471
10.10.2024 23:00:00.000,1.37532,1.37545,1.37501,1.3753,3963
11.10.2024 00:00:00.000,1.37531,1.37549,1.37506,1.37545,3263
11.10.2024 01:00:00.000,1.37547,1.37679,1.37547,1.37637,3194
11.10.2024 02:00:00.000,1.37636,1.37661,1.37549,1.37562,4354
11.10.2024 03:00:00.000,1.37562,1.37659,1.37519,1.37636,5836
11.10.2024 04:00:00.000,1.37635,1.37672,1.37568,1.37655,4301
11.10.2024 05:00:00.000,1.37655,1.37692,1.37624,1.37663,4881
11.10.2024 06:00:00.000,1.37661,1.37788,1.37641,1.37735,5028
11.10.2024 07:00:00.000,1.37734,1.37831,1.37244,1.37488,13103
11.10.2024 08:00:00.000,1.37488,1.37619,1.37456,1.37526,10864
11.10.2024 09:00:00.000,1.37528,1.3777,1.37419,1.37727,12257
11.10.2024 10:00:00.000,1.37726,1.37732,1.37625,1.37675,8642
11.10.2024 11:00:00.000,1.37675,1.37707,1.37568,1.37583,5036
11.10.2024 12:00:00.000,1.37581,1.37605,1.37553,1.37573,3578
11.10.2024 13:00:00.000,1.3757,1.37611,1.37546,1.37599,4234
11.10.2024 14:00:00.000,1.376,1.37627,1.37581,1.37609,2758
11.10.2024 15:00:00.000,1.37609,1.37637,1.37567,1.37567,2568
14.10.2024 00:00:00.000,1.37766,1.37776,1.37734,1.37738,2716
14.10.2024 01:00:00.000,1.37736,1.37783,1.377,1.37775,2483
14.10.2024 02:00:00.000,1.37775,1.37822,1.37725,1.37807,4997
14.10.2024 03:00:00.000,1.37809,1.37881,1.37788,1.3786,5802
14.10.2024 04:00:00.000,1.37861,1.3795,1.37833,1.37941,4295
14.10.2024 05:00:00.000,1.37942,1.37977,1.37919,1.37958,3294
14.10.2024 06:00:00.000,1.37957,1.37975,1.37874,1.37883,4262
14.10.2024 07:00:00.000,1.37882,1.3797,1.37842,1.37955,6660
14.10.2024 08:00:00.000,1.37957,1.38004,1.37799,1.37847,7729
14.10.2024 09:00:00.000,1.37847,1.37999,1.37833,1.37873,7211
14.10.2024 10:00:00.000,1.37871,1.37968,1.37859,1.37953,7612
14.10.2024 11:00:00.000,1.37953,1.37995,1.37937,1.37943,6046
14.10.2024 12:00:00.000,1.37944,1.3798,1.37944,1.37958,3495
14.10.2024 13:00:00.000,1.37956,1.38022,1.37934,1.38012,4248
14.10.2024 14:00:00.000,1.3801,1.38049,1.37919,1.37954,7412
14.10.2024 15:00:00.000,1.37953,1.37966,1.37904,1.37944,3691
14.10.2024 16:00:00.000,1.37928,1.37953,1.37775,1.37864,743
14.10.2024 17:00:00.000,1.37903,1.38003,1.37902,1.37996,1005
14.10.2024 18:00:00.000,1.37994,1.38031,1.37983,1.3802,1462
14.10.2024 19:00:00.000,1.38018,1.38019,1.37953,1.37957,3321
14.10.2024 20:00:00.000,1.3796,1.37998,1.37951,1.37957,4341
14.10.2024 21:00:00.000,1.37959,1.38044,1.37952,1.38028,4357
14.10.2024 22:00:00.000,1.38027,1.38045,1.37978,1.38039,2912
14.10.2024 23:00:00.000,1.38038,1.38069,1.38033,1.38047,3601
15.10.2024 00:00:00.000,1.38047,1.38147,1.38046,1.38095,4446
15.10.2024 01:00:00.000,1.38097,1.38122,1.38037,1.38068,5663
15.10.2024 02:00:00.000,1.38068,1.38135,1.38064,1.38094,5497
15.10.2024 03:00:00.000,1.38092,1.38117,1.38028,1.38056,4774
15.10.2024 04:00:00.000,1.38054,1.38117,1.38041,1.38078,5485
15.10.2024 05:00:00.000,1.38076,1.38123,1.38045,1.38122,7262
15.10.2024 06:00:00.000,1.38122,1.38172,1.38104,1.38165,5152
15.10.2024 07:00:00.000,1.38165,1.38381,1.3814,1.38247,9671
15.10.2024 08:00:00.000,1.38245,1.3825,1.37996,1.38142,9633
15.10.2024 09:00:00.000,1.38145,1.38192,1.37963,1.37988,11696
15.10.2024 10:00:00.000,1.37989,1.3806,1.3797,1.38028,8519
15.10.2024 11:00:00.000,1.38029,1.38037,1.37902,1.37992,5282
15.10.2024 12:00:00.000,1.37994,1.38112,1.37985,1.3805,4325
15.10.2024 13:00:00.000,1.38047,1.38047,1.37908,1.3792,4819
15.10.2024 14:00:00.000,1.3792,1.37951,1.37838,1.37844,5550
15.10.2024 15:00:00.000,1.37844,1.37847,1.37694,1.3774,3863
15.10.2024 16:00:00.000,1.37735,1.37747,1.37711,1.37726,665
15.10.2024 17:00:00.000,1.37725,1.37828,1.37725,1.37741,1468
15.10.2024 18:00:00.000,1.3774,1.37823,1.37714,1.37802,3238
15.10.2024 19:00:00.000,1.378,1.37898,1.378,1.37864,3767
15.10.2024 20:00:00.000,1.37863,1.37867,1.37777,1.3779,6188
15.10.2024 21:00:00.000,1.37789,1.37832,1.37747,1.3776,4335
15.10.2024 22:00:00.000,1.37758,1.37779,1.37721,1.37753,4781
15.10.2024 23:00:00.000,1.37752,1.37782,1.37735,1.37768,2145
16.10.2024 00:00:00.000,1.37768,1.37805,1.37737,1.37753,2761
16.10.2024 01:00:00.000,1.37755,1.37842,1.3775,1.37768,9043
16.10.2024 02:00:00.000,1.37768,1.37856,1.3775,1.37812,6578
16.10.2024 03:00:00.000,1.37813,1.37926,1.3781,1.37895,5002
16.10.2024 04:00:00.000,1.37895,1.37908,1.37827,1.37856,4669
16.10.2024 05:00:00.000,1.37857,1.379,1.37837,1.3789,3569
16.10.2024 06:00:00.000,1.37889,1.37904,1.37798,1.37814,4947
16.10.2024 07:00:00.000,1.37812,1.3784,1.37733,1.37798,8722
16.10.2024 08:00:00.000,1.37797,1.37844,1.37667,1.37725,9613
16.10.2024 09:00:00.000,1.37717,1.37833,1.37705,1.37763,8481
16.10.2024 10:00:00.000,1.37763,1.37814,1.3769,1.37721,7417
16.10.2024 11:00:00.000,1.37722,1.37741,1.37651,1.37652,4424
16.10.2024 12:00:00.000,1.37651,1.37678,1.37626,1.37635,4192
16.10.2024 13:00:00.000,1.37635,1.37638,1.37556,1.37596,4628
16.10.2024 14:00:00.000,1.37596,1.37618,1.37494,1.37499,7398
16.10.2024 15:00:00.000,1.37499,1.3753,1.37494,1.37506,2456
16.10.2024 16:00:00.000,1.37509,1.37526,1.37488,1.37509,410
16.10.2024 17:00:00.000,1.37521,1.37563,1.37499,1.37558,855
16.10.2024 18:00:00.000,1.37559,1.3758,1.3755,1.37557,1201
16.10.2024 19:00:00.000,1.37558,1.37563,1.37508,1.37538,3871
16.10.2024 20:00:00.000,1.37538,1.37545,1.37496,1.37497,8258
16.10.2024 21:00:00.000,1.37497,1.37598,1.37467,1.37548,6157
16.10.2024 22:00:00.000,1.37551,1.37653,1.3754,1.37625,5070
16.10.2024 23:00:00.000,1.37623,1.37647,1.37611,1.37642,2744
17.10.2024 00:00:00.000,1.37642,1.37647,1.37598,1.37635,7510
17.10.2024 01:00:00.000,1.37636,1.37761,1.37631,1.37754,4289
17.10.2024 02:00:00.000,1.37756,1.37847,1.37754,1.37825,5840
17.10.2024 03:00:00.000,1.37827,1.37849,1.37799,1.37809,4422
17.10.2024 04:00:00.000,1.37809,1.37832,1.37775,1.37822,4214
17.10.2024 05:00:00.000,1.37823,1.37832,1.37774,1.37798,4157
17.10.2024 06:00:00.000,1.37798,1.37801,1.37738,1.37759,4155
17.10.2024 07:00:00.000,1.37759,1.37931,1.37755,1.37803,11277
17.10.2024 08:00:00.000,1.37803,1.37924,1.37708,1.37761,13152
17.10.2024 09:00:00.000,1.37761,1.37889,1.37741,1.37868,13638
17.10.2024 10:00:00.000,1.37867,1.37918,1.37787,1.37911,9160
17.10.2024 11:00:00.000,1.37913,1.37965,1.37868,1.37886,5971
17.10.2024 12:00:00.000,1.37886,1.37973,1.37876,1.37923,4220
17.10.2024 13:00:00.000,1.37922,1.37996,1.37881,1.37991,4930
17.10.2024 14:00:00.000,1.37988,1.38007,1.3796,1.37991,6095
17.10.2024 15:00:00.000,1.37989,1.37999,1.37927,1.37944,4206
17.10.2024 16:00:00.000,1.37912,1.37942,1.37777,1.37926,647
17.10.2024 17:00:00.000,1.37925,1.37974,1.3792,1.37972,1265
17.10.2024 18:00:00.000,1.3797,1.37989,1.37942,1.37959,1558
17.10.2024 19:00:00.000,1.3796,1.37997,1.37944,1.37969,4475
17.10.2024 20:00:00.000,1.3797,1.37972,1.37899,1.37919,6162
17.10.2024 21:00:00.000,1.37921,1.37984,1.37851,1.37926,7131
17.10.2024 22:00:00.000,1.37931,1.37967,1.3791,1.37932,7217
17.10.2024 23:00:00.000,1.37933,1.37957,1.37918,1.37939,5890
18.10.2024 00:00:00.000,1.37938,1.37969,1.37915,1.37931,7511
18.10.2024 01:00:00.000,1.37931,1.3798,1.37873,1.37968,7203
18.10.2024 02:00:00.000,1.37968,1.37998,1.37901,1.37912,4278
18.10.2024 03:00:00.000,1.37913,1.37943,1.37901,1.37939,5656
18.10.2024 04:00:00.000,1.37939,1.37953,1.37889,1.37923,5882
18.10.2024 05:00:00.000,1.37922,1.37966,1.37908,1.37909,4694
18.10.2024 06:00:00.000,1.3791,1.37938,1.3785,1.37882,5073
18.10.2024 07:00:00.000,1.37879,1.37962,1.37871,1.37947,7835
18.10.2024 08:00:00.000,1.37949,1.37999,1.3788,1.3798,10245
18.10.2024 09:00:00.000,1.37983,1.38071,1.37957,1.38048,11193
18.10.2024 10:00:00.000,1.38049,1.38096,1.38004,1.38042,6926
18.10.2024 11:00:00.000,1.38043,1.38065,1.37945,1.37956,5170
18.10.2024 12:00:00.000,1.37955,1.38098,1.37954,1.38035,4944
18.10.2024 13:00:00.000,1.38039,1.38145,1.38031,1.38089,7197
18.10.2024 14:00:00.000,1.38091,1.38108,1.38048,1.38071,9133
18.10.2024 15:00:00.000,1.3807,1.3809,1.37921,1.37921,6782
21.10.2024 00:00:00.000,1.38095,1.38113,1.38067,1.38102,4796
21.10.2024 01:00:00.000,1.38101,1.38209,1.38101,1.38198,5036
21.10.2024 02:00:00.000,1.38198,1.38209,1.38133,1.38163,4338
21.10.2024 03:00:00.000,1.38161,1.38195,1.38119,1.3814,4434
21.10.2024 04:00:00.000,1.38137,1.38216,1.38109,1.38207,5304
21.10.2024 05:00:00.000,1.38208,1.38259,1.38205,1.38232,4792
21.10.2024 06:00:00.000,1.38229,1.38231,1.38165,1.38174,4932
21.10.2024 07:00:00.000,1.38175,1.38222,1.38122,1.3819,5595
21.10.2024 08:00:00.000,1.38191,1.38273,1.38185,1.38239,6923
21.10.2024 09:00:00.000,1.38241,1.38363,1.38224,1.38318,7733
21.10.2024 10:00:00.000,1.38319,1.38486,1.38318,1.38465,7058
21.10.2024 11:00:00.000,1.38466,1.38492,1.38416,1.38429,5527
21.10.2024 12:00:00.000,1.38429,1.38438,1.38328,1.3834,5339
21.10.2024 13:00:00.000,1.38341,1.38414,1.38335,1.38406,4066
21.10.2024 14:00:00.000,1.38406,1.3843,1.38314,1.38354,5177
21.10.2024 15:00:00.000,1.38353,1.38366,1.38286,1.38303,3255
21.10.2024 16:00:00.000,1.38297,1.38327,1.38214,1.38319,931
21.10.2024 17:00:00.000,1.38316,1.38356,1.38308,1.38356,1692
21.10.2024 18:00:00.000,1.38355,1.38358,1.38322,1.3833,2103
21.10.2024 19:00:00.000,1.38332,1.38373,1.38316,1.38342,6877
21.10.2024 20:00:00.000,1.38344,1.38347,1.38286,1.38312,5215
21.10.2024 21:00:00.000,1.38314,1.38352,1.38285,1.38346,4391
21.10.2024 22:00:00.000,1.38346,1.38348,1.38281,1.38286,3999
21.10.2024 23:00:00.000,1.38284,1.38302,1.38267,1.38286,3200
22.10.2024 00:00:00.000,1.38286,1.38305,1.38251,1.38305,6208
22.10.2024 01:00:00.000,1.38305,1.38314,1.38209,1.38281,5424
22.10.2024 02:00:00.000,1.38282,1.38303,1.38229,1.38274,5831
22.10.2024 03:00:00.000,1.38273,1.38342,1.38249,1.38337,4693
22.10.2024 04:00:00.000,1.38337,1.38361,1.38276,1.38345,6711
22.10.2024 05:00:00.000,1.38345,1.38357,1.38276,1.38316,5726
22.10.2024 06:00:00.000,1.38316,1.3832,1.38265,1.38307,4793
22.10.2024 07:00:00.000,1.38308,1.38315,1.38258,1.38276,6220
22.10.2024 08:00:00.000,1.38278,1.38293,1.38132,1.38231,10904
22.10.2024 09:00:00.000,1.3823,1.38301,1.38177,1.38203,9409
22.10.2024 10:00:00.000,1.38203,1.38318,1.38189,1.383,7176
22.10.2024 11:00:00.000,1.38302,1.38323,1.38249,1.3829,5263
22.10.2024 12:00:00.000,1.38289,1.38311,1.38194,1.38203,6051
22.10.2024 13:00:00.000,1.38203,1.38223,1.3817,1.38212,4188
22.10.2024 14:00:00.000,1.38211,1.38229,1.38145,1.38203,4409
22.10.2024 15:00:00.000,1.38203,1.38232,1.38146,1.38174,4564
22.10.2024 16:00:00.000,1.38153,1.38263,1.38116,1.38161,713
22.10.2024 17:00:00.000,1.38162,1.38211,1.38159,1.3817,1122
22.10.2024 18:00:00.000,1.3817,1.38197,1.38163,1.38176,1388
22.10.2024 19:00:00.000,1.38176,1.38252,1.38175,1.38251,4057
22.10.2024 20:00:00.000,1.3825,1.38284,1.38232,1.38233,5280
22.10.2024 21:00:00.000,1.38234,1.38236,1.38158,1.38176,6635
22.10.2024 22:00:00.000,1.38177,1.38215,1.38156,1.38182,7080
22.10.2024 23:00:00.000,1.38182,1.38211,1.38179,1.38195,5931
23.10.2024 00:00:00.000,1.38194,1.38213,1.38182,1.38186,10154
23.10.2024 01:00:00.000,1.38185,1.38263,1.38165,1.38232,5608
23.10.2024 02:00:00.000,1.38232,1.38268,1.38184,1.38237,6951
23.10.2024 03:00:00.000,1.38238,1.38259,1.38219,1.38249,5905
23.10.2024 04:00:00.000,1.38248,1.38265,1.38238,1.38248,5412
23.10.2024 05:00:00.000,1.3825,1.38308,1.38216,1.38307,6564
23.10.2024 06:00:00.000,1.38308,1.38374,1.38271,1.38363,4446
23.10.2024 07:00:00.000,1.38363,1.38473,1.38355,1.3845,6756
23.10.2024 08:00:00.000,1.38449,1.38463,1.38306,1.38393,10513
23.10.2024 09:00:00.000,1.38394,1.38622,1.38373,1.38455,11350
23.10.2024 10:00:00.000,1.38458,1.38525,1.3838,1.38382,8668
23.10.2024 11:00:00.000,1.38384,1.38449,1.38375,1.38403,5352
23.10.2024 12:00:00.000,1.38403,1.38426,1.38358,1.38405,5656
23.10.2024 13:00:00.000,1.38404,1.38496,1.3835,1.38396,8591
23.10.2024 14:00:00.000,1.38396,1.38425,1.38344,1.38356,8653
23.10.2024 15:00:00.000,1.38355,1.38401,1.38352,1.38355,6795
23.10.2024 16:00:00.000,1.38341,1.38359,1.38337,1.38348,514
23.10.2024 17:00:00.000,1.38347,1.38407,1.38347,1.38406,1381
23.10.2024 18:00:00.000,1.38405,1.38414,1.38363,1.3837,1428
23.10.2024 19:00:00.000,1.3837,1.38384,1.38234,1.38236,6998
23.10.2024 20:00:00.000,1.38236,1.38298,1.38234,1.38278,7148
23.10.2024 21:00:00.000,1.38278,1.38297,1.38227,1.3825,5686
23.10.2024 22:00:00.000,1.38248,1.38269,1.38236,1.38256,4067
23.10.2024 23:00:00.000,1.38257,1.3827,1.38215,1.38225,6336
24.10.2024 00:00:00.000,1.38231,1.38244,1.38207,1.38225,9560
24.10.2024 01:00:00.000,1.38224,1.38285,1.38213,1.38249,5199
24.10.2024 02:00:00.000,1.38249,1.38263,1.38177,1.38179,5920
24.10.2024 03:00:00.000,1.38177,1.38221,1.38129,1.38147,6868
24.10.2024 04:00:00.000,1.38147,1.38186,1.38127,1.3818,4422
24.10.2024 05:00:00.000,1.3818,1.38186,1.3812,1.38169,5081
24.10.2024 06:00:00.000,1.38168,1.38221,1.38138,1.3817,4259
24.10.2024 07:00:00.000,1.38169,1.38261,1.38124,1.38248,8835
24.10.2024 08:00:00.000,1.38248,1.38351,1.38168,1.38297,10493
24.10.2024 09:00:00.000,1.38297,1.38532,1.38276,1.38483,10881
24.10.2024 10:00:00.000,1.38483,1.38576,1.38427,1.38572,8551
24.10.2024 11:00:00.000,1.38573,1.38682,1.38568,1.38625,8135
24.10.2024 12:00:00.000,1.38627,1.38632,1.38457,1.38549,6047
24.10.2024 13:00:00.000,1.38549,1.38568,1.385,1.38555,7320
24.10.2024 14:00:00.000,1.38554,1.38575,1.38499,1.38527,8199
24.10.2024 15:00:00.000,1.3853,1.38557,1.38478,1.38537,6432
24.10.2024 16:00:00.000,1.38528,1.38534,1.3845,1.38505,1139
24.10.2024 17:00:00.000,1.38513,1.38541,1.38492,1.38533,999
24.10.2024 18:00:00.000,1.38533,1.38548,1.38523,1.38532,898
24.10.2024 19:00:00.000,1.38532,1.38541,1.38496,1.38503,6125
24.10.2024 20:00:00.000,1.38508,1.38521,1.38474,1.38508,6286
24.10.2024 21:00:00.000,1.38508,1.38537,1.3847,1.38478,7290
24.10.2024 22:00:00.000,1.38481,1.38557,1.3848,1.38544,4370
24.10.2024 23:00:00.000,1.38545,1.38556,1.38527,1.38538,3225
25.10.2024 00:00:00.000,1.38538,1.38542,1.38487,1.385,4437
25.10.2024 01:00:00.000,1.38499,1.38559,1.38486,1.3852,4577
25.10.2024 02:00:00.000,1.3852,1.38522,1.38443,1.38451,5690
25.10.2024 03:00:00.000,1.38451,1.38501,1.38439,1.38488,7019
25.10.2024 04:00:00.000,1.38488,1.38498,1.38441,1.38466,5265
25.10.2024 05:00:00.000,1.38466,1.38484,1.38451,1.38478,6468
25.10.2024 06:00:00.000,1.38477,1.38504,1.38439,1.38478,6450
25.10.2024 07:00:00.000,1.38478,1.3853,1.3839,1.38401,8176
25.10.2024 08:00:00.000,1.38401,1.38593,1.38376,1.38587,8986
25.10.2024 09:00:00.000,1.38587,1.38728,1.38529,1.38641,9911
25.10.2024 10:00:00.000,1.38643,1.38825,1.3863,1.38822,6370
25.10.2024 11:00:00.000,1.38822,1.38873,1.38783,1.38808,6457
25.10.2024 12:00:00.000,1.38808,1.38914,1.38803,1.38905,4702
25.10.2024 13:00:00.000,1.38903,1.38932,1.38782,1.3885,7404
25.10.2024 14:00:00.000,1.3885,1.38967,1.38836,1.38965,7167
25.10.2024 15:00:00.000,1.38964,1.38971,1.38849,1.38904,5709
28.10.2024 00:00:00.000,1.3898,1.39007,1.38964,1.38979,3681
28.10.2024 01:00:00.000,1.38978,1.38981,1.38873,1.38888,3908
28.10.2024 02:00:00.000,1.38887,1.38894,1.38849,1.38893,4633
28.10.2024 03:00:00.000,1.38893,1.38935,1.38863,1.38871,3954
28.10.2024 04:00:00.000,1.3887,1.3899,1.38859,1.38958,4611
28.10.2024 05:00:00.000,1.38958,1.38961,1.38883,1.38912,4130
28.10.2024 06:00:00.000,1.38912,1.38935,1.38905,1.38925,3224
28.10.2024 07:00:00.000,1.38925,1.38982,1.38916,1.38926,5869
28.10.2024 08:00:00.000,1.38926,1.38972,1.38816,1.38869,5972
28.10.2024 09:00:00.000,1.38869,1.39003,1.38853,1.38921,6746
28.10.2024 10:00:00.000,1.38922,1.39079,1.38908,1.39032,8302
28.10.2024 11:00:00.000,1.39035,1.39038,1.38941,1.3899,7347
28.10.2024 12:00:00.000,1.38991,1.39001,1.3889,1.38916,5830
28.10.2024 13:00:00.000,1.38919,1.38964,1.38892,1.38951,4755
28.10.2024 14:00:00.000,1.38951,1.38962,1.38879,1.38893,5154
28.10.2024 15:00:00.000,1.38893,1.38901,1.38859,1.38888,3066
28.10.2024 16:00:00.000,1.38886,1.38914,1.38812,1.38898,867
28.10.2024 17:00:00.000,1.38898,1.38947,1.38896,1.38929,752
28.10.2024 18:00:00.000,1.38929,1.38936,1.38871,1.38877,1550
28.10.2024 19:00:00.000,1.38878,1.38924,1.38862,1.38898,4286
28.10.2024 20:00:00.000,1.38899,1.3893,1.38861,1.38883,6649
28.10.2024 21:00:00.000,1.38881,1.38918,1.38861,1.38902,7332
28.10.2024 22:00:00.000,1.38901,1.38979,1.38893,1.38972,6180
28.10.2024 23:00:00.000,1.38971,1.38994,1.38956,1.38982,2602
29.10.2024 00:00:00.000,1.3898,1.38996,1.38944,1.38948,5842
29.10.2024 01:00:00.000,1.38948,1.38957,1.38886,1.38899,4682
29.10.2024 02:00:00.000,1.389,1.389,1.38855,1.38869,3423
29.10.2024 03:00:00.000,1.38872,1.38901,1.38768,1.388,6626
29.10.2024 04:00:00.000,1.38799,1.38814,1.38761,1.38792,4874
29.10.2024 05:00:00.000,1.38791,1.38816,1.3877,1.38813,5362
29.10.2024 06:00:00.000,1.38813,1.38908,1.3881,1.38886,4445
29.10.2024 07:00:00.000,1.38886,1.39032,1.38886,1.39018,7470
29.10.2024 08:00:00.000,1.39017,1.39115,1.38962,1.38967,10614
29.10.2024 09:00:00.000,1.38968,1.39015,1.38829,1.3899,21959
29.10.2024 10:00:00.000,1.3899,1.392,1.38982,1.39083,11336
29.10.2024 11:00:00.000,1.39082,1.3929,1.3903,1.39219,7293
29.10.2024 12:00:00.000,1.39217,1.39255,1.39129,1.39214,7483
29.10.2024 13:00:00.000,1.39213,1.39255,1.39156,1.39213,5088
29.10.2024 14:00:00.000,1.39212,1.39234,1.39158,1.39168,4841
29.10.2024 15:00:00.000,1.39168,1.39204,1.39131,1.39132,2947
29.10.2024 16:00:00.000,1.39128,1.39176,1.39043,1.39124,680
29.10.2024 17:00:00.000,1.39124,1.39172,1.39111,1.39113,836
29.10.2024 18:00:00.000,1.39112,1.3915,1.39107,1.39149,1336
29.10.2024 19:00:00.000,1.39149,1.39152,1.39091,1.39122,4152
29.10.2024 20:00:00.000,1.39125,1.39145,1.39079,1.39125,5474
29.10.2024 21:00:00.000,1.39127,1.39194,1.39123,1.3918,5327
29.10.2024 22:00:00.000,1.39178,1.39243,1.39176,1.39208,6489
29.10.2024 23:00:00.000,1.39208,1.39227,1.39177,1.39198,3412
30.10.2024 00:00:00.000,1.39199,1.39222,1.39187,1.39195,8182
30.10.2024 01:00:00.000,1.39195,1.39197,1.39119,1.39137,5447
30.10.2024 02:00:00.000,1.39137,1.39214,1.39127,1.39181,4181
30.10.2024 03:00:00.000,1.39182,1.39182,1.39023,1.39062,7276
30.10.2024 04:00:00.000,1.39062,1.39161,1.39042,1.39139,5941
30.10.2024 05:00:00.000,1.3914,1.39232,1.39092,1.3921,5447
30.10.2024 06:00:00.000,1.3921,1.39274,1.39204,1.39261,4336
30.10.2024 07:00:00.000,1.39262,1.39363,1.39211,1.39337,10888
30.10.2024 08:00:00.000,1.39338,1.39405,1.39076,1.39144,16377
30.10.2024 09:00:00.000,1.39144,1.39251,1.39089,1.39243,14328
30.10.2024 10:00:00.000,1.39242,1.39318,1.39099,1.39108,11673
30.10.2024 11:00:00.000,1.39108,1.39206,1.39051,1.39162,7089
30.10.2024 12:00:00.000,1.39165,1.39183,1.38995,1.39008,5943
30.10.2024 13:00:00.000,1.39009,1.3905,1.38965,1.38986,4778
30.10.2024 14:00:00.000,1.38986,1.39042,1.38945,1.39002,8553
30.10.2024 15:00:00.000,1.39002,1.39037,1.38956,1.39032,4347
30.10.2024 16:00:00.000,1.39027,1.39057,1.38989,1.38993,1398
30.10.2024 17:00:00.000,1.38991,1.39094,1.38979,1.39084,1678
30.10.2024 18:00:00.000,1.39084,1.39098,1.3905,1.39087,2525
30.10.2024 19:00:00.000,1.39086,1.39182,1.39065,1.39147,3663
30.10.2024 20:00:00.000,1.39148,1.39169,1.39082,1.39156,7619
30.10.2024 21:00:00.000,1.39157,1.39187,1.39134,1.39171,5176
30.10.2024 22:00:00.000,1.39169,1.39189,1.39148,1.39181,5717
30.10.2024 23:00:00.000,1.39181,1.39204,1.39158,1.39192,5403
31.10.2024 00:00:00.000,1.39198,1.3921,1.3915,1.39161,6187
31.10.2024 01:00:00.000,1.39162,1.39183,1.39135,1.3915,6812
31.10.2024 02:00:00.000,1.39149,1.39201,1.39116,1.39162,5247
31.10.2024 03:00:00.000,1.39161,1.39194,1.39097,1.39191,6353
31.10.2024 04:00:00.000,1.39191,1.39218,1.39168,1.39179,4717
31.10.2024 05:00:00.000,1.39186,1.39251,1.39163,1.39225,4809
31.10.2024 06:00:00.000,1.39224,1.3927,1.39134,1.39134,6242
31.10.2024 07:00:00.000,1.39133,1.3918,1.39029,1.39047,12398
31.10.2024 08:00:00.000,1.39048,1.39085,1.38903,1.39039,11051
31.10.2024 09:00:00.000,1.3904,1.39131,1.38969,1.39098,15041
31.10.2024 10:00:00.000,1.39097,1.39448,1.39086,1.39394,14418
31.10.2024 11:00:00.000,1.39393,1.39403,1.39293,1.39295,10233
31.10.2024 12:00:00.000,1.39295,1.39296,1.39165,1.39224,7892
31.10.2024 13:00:00.000,1.39223,1.39239,1.39066,1.39078,7793
31.10.2024 14:00:00.000,1.39077,1.39237,1.39066,1.3923,9381
31.10.2024 15:00:00.000,1.3923,1.39365,1.3917,1.39329,5885
31.10.2024 16:00:00.000,1.3932,1.39345,1.39276,1.39307,646
31.10.2024 17:00:00.000,1.393,1.39302,1.39263,1.39291,1067
31.10.2024 18:00:00.000,1.39287,1.39347,1.39268,1.39347,1793
31.10.2024 19:00:00.000,1.39346,1.39371,1.39288,1.39304,3544
31.10.2024 20:00:00.000,1.39309,1.3933,1.39257,1.3928,5367
31.10.2024 21:00:00.000,1.39279,1.39339,1.39267,1.39268,6167
31.10.2024 22:00:00.000,1.39268,1.39297,1.39248,1.39282,4369
31.10.2024 23:00:00.000,1.39281,1.39283,1.39256,1.39274,5649
01.11.2024 00:00:00.000,1.39273,1.39397,1.39264,1.39368,4513
01.11.2024 01:00:00.000,1.39369,1.394,1.39343,1.39371,4604
01.11.2024 02:00:00.000,1.39372,1.39413,1.39322,1.39412,4148
01.11.2024 03:00:00.000,1.39412,1.39421,1.39287,1.39307,5035
01.11.2024 04:00:00.000,1.39306,1.39317,1.39243,1.39287,4462
01.11.2024 05:00:00.000,1.39288,1.3937,1.39285,1.39334,3962
01.11.2024 06:00:00.000,1.39333,1.39343,1.39235,1.39246,4958
01.11.2024 07:00:00.000,1.39245,1.39322,1.39021,1.39108,12311
01.11.2024 08:00:00.000,1.39108,1.39219,1.39078,1.39125,9760
01.11.2024 09:00:00.000,1.39125,1.39221,1.39058,1.39164,12193
01.11.2024 10:00:00.000,1.39164,1.39289,1.39137,1.39252,7273
01.11.2024 11:00:00.000,1.39252,1.39443,1.39227,1.3943,5354
01.11.2024 12:00:00.000,1.3943,1.39527,1.394,1.39504,4395
01.11.2024 13:00:00.000,1.39506,1.39544,1.39449,1.39515,5098
01.11.2024 14:00:00.000,1.39515,1.39563,1.39478,1.39557,6620
01.11.2024 15:00:00.000,1.39556,1.39586,1.39502,1.39517,7474
04.11.2024 00:00:00.000,1.39003,1.3906,1.38996,1.39004,5080
04.11.2024 01:00:00.000,1.39006,1.39035,1.38979,1.39021,5502
04.11.2024 02:00:00.000,1.39021,1.39202,1.39021,1.39197,5492
04.11.2024 03:00:00.000,1.39198,1.39221,1.39087,1.39174,6988
04.11.2024 04:00:00.000,1.39174,1.39194,1.39118,1.3912,5370
04.11.2024 05:00:00.000,1.3912,1.39173,1.39097,1.391,4009
04.11.2024 06:00:00.000,1.39101,1.39124,1.38943,1.3895,4062
04.11.2024 07:00:00.000,1.38951,1.39068,1.38925,1.39042,3957
04.11.2024 08:00:00.000,1.39042,1.39123,1.38925,1.39042,7431
04.11.2024 09:00:00.000,1.3904,1.39062,1.38824,1.38877,11975
04.11.2024 10:00:00.000,1.38877,1.38906,1.38744,1.38892,14265
04.11.2024 11:00:00.000,1.38892,1.39016,1.38832,1.38977,8875
04.11.2024 12:00:00.000,1.38978,1.39018,1.38882,1.389,6899
04.11.2024 13:00:00.000,1.38901,1.3902,1.38895,1.38921,6379
04.11.2024 14:00:00.000,1.38923,1.38991,1.38901,1.3897,4593
04.11.2024 15:00:00.000,1.38972,1.39024,1.38935,1.39019,6195
04.11.2024 16:00:00.000,1.39019,1.39029,1.38989,1.39006,3716
04.11.2024 17:00:00.000,1.3899,1.39015,1.3898,1.39001,1127
04.11.2024 18:00:00.000,1.39002,1.39021,1.38979,1.39006,1636
04.11.2024 19:00:00.000,1.39004,1.39042,1.38976,1.38978,3547
04.11.2024 20:00:00.000,1.38979,1.39063,1.38976,1.39,3442
04.11.2024 21:00:00.000,1.39001,1.39024,1.3897,1.38997,5738
04.11.2024 22:00:00.000,1.38998,1.39024,1.38959,1.39023,3891
04.11.2024 23:00:00.000,1.39022,1.39032,1.38969,1.3901,3629
05.11.2024 00:00:00.000,1.39011,1.39014,1.38945,1.38962,5563
05.11.2024 01:00:00.000,1.38961,1.38975,1.38903,1.38919,3889
05.11.2024 02:00:00.000,1.3892,1.3892,1.38872,1.38882,4376
05.11.2024 03:00:00.000,1.38882,1.38884,1.38818,1.38833,3906
05.11.2024 04:00:00.000,1.38835,1.38867,1.38798,1.38835,3120
05.11.2024 05:00:00.000,1.38835,1.38862,1.38807,1.38851,2821
05.11.2024 06:00:00.000,1.38851,1.38852,1.38795,1.38808,3556
05.11.2024 07:00:00.000,1.38807,1.38833,1.38795,1.38814,3605
05.11.2024 08:00:00.000,1.38817,1.38845,1.38743,1.38812,6136
05.11.2024 09:00:00.000,1.38812,1.38823,1.38506,1.38596,9431
05.11.2024 10:00:00.000,1.38593,1.3873,1.3845,1.38514,13537
05.11.2024 11:00:00.000,1.38513,1.3858,1.38461,1.38527,6168
05.11.2024 12:00:00.000,1.38527,1.38531,1.38409,1.38459,5399
05.11.2024 13:00:00.000,1.38458,1.38482,1.38419,1.38465,5979
05.11.2024 14:00:00.000,1.38465,1.38467,1.38379,1.38408,7712
05.11.2024 15:00:00.000,1.38409,1.38438,1.3836,1.38363,3753
05.11.2024 16:00:00.000,1.38365,1.38394,1.38217,1.3825,2457
05.11.2024 17:00:00.000,1.38228,1.38293,1.38152,1.3829,878
05.11.2024 18:00:00.000,1.38284,1.38416,1.38232,1.38338,4188
05.11.2024 19:00:00.000,1.3834,1.38888,1.38317,1.38854,13728
05.11.2024 20:00:00.000,1.38853,1.38996,1.38744,1.38854,17188
05.11.2024 21:00:00.000,1.38854,1.39193,1.38837,1.39184,15682
05.11.2024 22:00:00.000,1.39185,1.39359,1.39104,1.39283,15495
05.11.2024 23:00:00.000,1.39282,1.3929,1.39035,1.39036,10023
06.11.2024 00:00:00.000,1.39036,1.39173,1.38922,1.39164,11569
06.11.2024 01:00:00.000,1.39164,1.39381,1.39154,1.39273,9305
06.11.2024 02:00:00.000,1.3927,1.39287,1.39107,1.39262,13187
06.11.2024 03:00:00.000,1.39263,1.3931,1.38869,1.38925,12673
06.11.2024 04:00:00.000,1.38926,1.39059,1.38912,1.39024,10555
06.11.2024 05:00:00.000,1.39024,1.39074,1.38844,1.38918,10136
06.11.2024 06:00:00.000,1.38918,1.39224,1.3888,1.39161,10234
06.11.2024 07:00:00.000,1.39162,1.39208,1.39025,1.39173,10755
06.11.2024 08:00:00.000,1.39174,1.39462,1.39168,1.39374,12655
06.11.2024 09:00:00.000,1.39375,1.39581,1.39355,1.39419,11432
06.11.2024 10:00:00.000,1.39418,1.39476,1.39199,1.3921,15312
06.11.2024 11:00:00.000,1.39208,1.39373,1.39148,1.39311,9403
06.11.2024 12:00:00.000,1.39313,1.39437,1.39222,1.39404,7644
06.11.2024 13:00:00.000,1.39404,1.3941,1.39242,1.39335,6908
06.11.2024 14:00:00.000,1.39335,1.39386,1.39296,1.3932,4502
06.11.2024 15:00:00.000,1.39319,1.39387,1.39305,1.39376,4404
06.11.2024 16:00:00.000,1.39378,1.39425,1.39352,1.39374,2674
06.11.2024 17:00:00.000,1.39374,1.39424,1.39322,1.3941,1011
06.11.2024 18:00:00.000,1.39413,1.39477,1.39381,1.39476,1630
06.11.2024 19:00:00.000,1.39476,1.39476,1.39378,1.39394,2278
06.11.2024 20:00:00.000,1.39395,1.39425,1.3931,1.3931,3915
06.11.2024 21:00:00.000,1.39309,1.3931,1.38993,1.39001,7250
06.11.2024 22:00:00.000,1.38999,1.39021,1.38898,1.38903,4962
06.11.2024 23:00:00.000,1.38903,1.38982,1.38897,1.38944,2652
07.11.2024 00:00:00.000,1.38944,1.38956,1.38873,1.38904,3253
07.11.2024 01:00:00.000,1.38905,1.38936,1.38846,1.38848,3639
07.11.2024 02:00:00.000,1.38852,1.3888,1.38771,1.38872,6221
07.11.2024 03:00:00.000,1.38871,1.38871,1.38698,1.38775,6676
07.11.2024 04:00:00.000,1.38775,1.38919,1.38758,1.3891,4717
07.11.2024 05:00:00.000,1.3891,1.38911,1.38829,1.38841,6108
07.11.2024 06:00:00.000,1.38841,1.38937,1.38841,1.38922,5921
07.11.2024 07:00:00.000,1.38922,1.38973,1.38876,1.38887,9034
07.11.2024 08:00:00.000,1.38888,1.38933,1.38699,1.38799,12529
07.11.2024 09:00:00.000,1.38796,1.38841,1.38565,1.38599,13283
07.11.2024 10:00:00.000,1.38598,1.38707,1.38568,1.3865,13173
07.11.2024 11:00:00.000,1.38649,1.38755,1.38627,1.38655,10342
07.11.2024 12:00:00.000,1.38656,1.38696,1.38493,1.38497,6676
07.11.2024 13:00:00.000,1.38498,1.38631,1.38494,1.38611,4876
07.11.2024 14:00:00.000,1.38615,1.38775,1.3855,1.38609,15436
07.11.2024 15:00:00.000,1.38611,1.38639,1.38414,1.38607,13544
07.11.2024 16:00:00.000,1.38608,1.38641,1.38585,1.38602,2062
07.11.2024 17:00:00.000,1.38588,1.38639,1.38521,1.38621,568
07.11.2024 18:00:00.000,1.38626,1.38681,1.38593,1.38676,1699
07.11.2024 19:00:00.000,1.38676,1.38767,1.38661,1.38726,5127
07.11.2024 20:00:00.000,1.38728,1.38774,1.387,1.38735,5894
07.11.2024 21:00:00.000,1.38734,1.38831,1.38708,1.38819,3784
07.11.2024 22:00:00.000,1.3882,1.38843,1.38779,1.38833,3249
07.11.2024 23:00:00.000,1.38833,1.38852,1.38782,1.38827,2488
08.11.2024 00:00:00.000,1.38824,1.38851,1.3879,1.388,4073
08.11.2024 01:00:00.000,1.38799,1.38881,1.38789,1.38822,3733
08.11.2024 02:00:00.000,1.38822,1.38899,1.38809,1.38861,4461
08.11.2024 03:00:00.000,1.38862,1.38995,1.38835,1.38885,12453
08.11.2024 04:00:00.000,1.38887,1.38896,1.38812,1.38867,5549
08.11.2024 05:00:00.000,1.38865,1.38966,1.38864,1.38908,4562
08.11.2024 06:00:00.000,1.38907,1.38987,1.38825,1.3897,5653
08.11.2024 07:00:00.000,1.3897,1.39094,1.38964,1.3909,5729
08.11.2024 08:00:00.000,1.3909,1.39194,1.38999,1.39151,9622
08.11.2024 09:00:00.000,1.3915,1.39152,1.38962,1.38995,7866
08.11.2024 10:00:00.000,1.38995,1.39053,1.38925,1.38964,13900
08.11.2024 11:00:00.000,1.38964,1.39227,1.38964,1.39223,10434
08.11.2024 12:00:00.000,1.39224,1.39277,1.39159,1.39176,12923
08.11.2024 13:00:00.000,1.39175,1.39251,1.39118,1.39204,5743
08.11.2024 14:00:00.000,1.39203,1.39232,1.39123,1.39129,4740
08.11.2024 15:00:00.000,1.39128,1.39186,1.39114,1.39142,6064
08.11.2024 16:00:00.000,1.39141,1.39145,1.39042,1.39059,3618
11.11.2024 00:00:00.000,1.39219,1.39233,1.39157,1.39172,3848
11.11.2024 01:00:00.000,1.39173,1.39181,1.39113,1.39125,3143
11.11.2024 02:00:00.000,1.39125,1.39243,1.39103,1.39222,5081
11.11.2024 03:00:00.000,1.39222,1.3931,1.39187,1.3924,6335
11.11.2024 04:00:00.000,1.39239,1.3934,1.39235,1.39261,4762
11.11.2024 05:00:00.000,1.39264,1.3931,1.39214,1.39308,4039
11.11.2024 06:00:00.000,1.39309,1.39372,1.39244,1.39265,5906
11.11.2024 07:00:00.000,1.39265,1.39372,1.39255,1.3936,5063
11.11.2024 08:00:00.000,1.39359,1.39502,1.39355,1.39449,7871
11.11.2024 09:00:00.000,1.39448,1.39477,1.39336,1.39349,9504
11.11.2024 10:00:00.000,1.39348,1.39364,1.39279,1.39295,7410
11.11.2024 11:00:00.000,1.39295,1.393,1.39145,1.39174,5581
11.11.2024 12:00:00.000,1.39173,1.39253,1.39141,1.39238,4996
11.11.2024 13:00:00.000,1.39238,1.39303,1.39238,1.3926,4177
11.11.2024 14:00:00.000,1.39261,1.39293,1.39223,1.39254,3007
11.11.2024 15:00:00.000,1.39254,1.39305,1.39233,1.3924,3335
11.11.2024 16:00:00.000,1.39239,1.39277,1.39219,1.3924,2805
11.11.2024 17:00:00.000,1.3921,1.39247,1.39059,1.39221,841
11.11.2024 18:00:00.000,1.39221,1.39271,1.39199,1.39199,1656
11.11.2024 19:00:00.000,1.39201,1.39253,1.39162,1.39216,3312
11.11.2024 20:00:00.000,1.39216,1.39319,1.39197,1.39318,6888
11.11.2024 21:00:00.000,1.3932,1.39444,1.3932,1.39423,6251
11.11.2024 22:00:00.000,1.39424,1.39463,1.3937,1.3946,4029
11.11.2024 23:00:00.000,1.3946,1.3948,1.39426,1.39428,3856
12.11.2024 00:00:00.000,1.39428,1.39482,1.39413,1.39473,7425
12.11.2024 01:00:00.000,1.39475,1.39513,1.39456,1.39467,5496
12.11.2024 02:00:00.000,1.39465,1.3958,1.39455,1.39532,5885
12.11.2024 03:00:00.000,1.39533,1.39613,1.39495,1.39515,8575
12.11.2024 04:00:00.000,1.39516,1.39609,1.39501,1.39603,6938
12.11.2024 05:00:00.000,1.39603,1.3967,1.39583,1.39618,7325
12.11.2024 06:00:00.000,1.39617,1.39623,1.39537,1.39573,6119
12.11.2024 07:00:00.000,1.39574,1.39582,1.39375,1.39393,8626
12.11.2024 08:00:00.000,1.39392,1.39419,1.39253,1.39254,9548
12.11.2024 09:00:00.000,1.39253,1.39488,1.39248,1.39397,8894
12.11.2024 10:00:00.000,1.39397,1.39478,1.39296,1.39396,10500
12.11.2024 11:00:00.000,1.39398,1.39568,1.39387,1.39558,7176
12.11.2024 12:00:00.000,1.3956,1.39594,1.39438,1.39528,9095
12.11.2024 13:00:00.000,1.39527,1.3957,1.39473,1.3948,5799
12.11.2024 14:00:00.000,1.3948,1.39486,1.39415,1.39457,5135
12.11.2024 15:00:00.000,1.39455,1.3946,1.39386,1.3939,5903
12.11.2024 16:00:00.000,1.39391,1.3947,1.39382,1.39438,2777
12.11.2024 17:00:00.000,1.39401,1.39452,1.39207,1.39447,686
12.11.2024 18:00:00.000,1.39446,1.39504,1.39442,1.3945,2088
12.11.2024 19:00:00.000,1.39449,1.39524,1.39444,1.39472,3569
12.11.2024 20:00:00.000,1.39471,1.39488,1.39399,1.39446,6388
12.11.2024 21:00:00.000,1.39445,1.39525,1.39441,1.39465,4596
12.11.2024 22:00:00.000,1.39464,1.39539,1.39454,1.39526,3093
12.11.2024 23:00:00.000,1.39524,1.3954,1.39499,1.39525,3691
13.11.2024 00:00:00.000,1.39525,1.39563,1.39519,1.39554,4891
13.11.2024 01:00:00.000,1.39554,1.3959,1.39535,1.39562,5064
13.11.2024 02:00:00.000,1.39561,1.39603,1.39527,1.3958,3815
13.11.2024 03:00:00.000,1.39582,1.39615,1.39511,1.39558,5000
13.11.2024 04:00:00.000,1.39558,1.39586,1.39445,1.39473,6716
13.11.2024 05:00:00.000,1.39474,1.39598,1.39474,1.39572,4452
13.11.2024 06:00:00.000,1.39571,1.39614,1.39488,1.39494,5147
13.11.2024 07:00:00.000,1.39494,1.39588,1.39468,1.39561,7027
13.11.2024 08:00:00.000,1.3956,1.39619,1.39302,1.39469,15392
13.11.2024 09:00:00.000,1.39471,1.39887,1.39469,1.39854,14611
13.11.2024 10:00:00.000,1.39854,1.39987,1.39692,1.39696,19716
13.11.2024 11:00:00.000,1.39697,1.3986,1.39685,1.39848,10800
13.11.2024 12:00:00.000,1.39848,1.39891,1.39757,1.39824,8374
13.11.2024 13:00:00.000,1.39823,1.39894,1.39801,1.39839,5216
13.11.2024 14:00:00.000,1.3984,1.39985,1.39808,1.39984,5507
13.11.2024 15:00:00.000,1.39983,1.39999,1.39957,1.39991,5864
13.11.2024 16:00:00.000,1.39992,1.40026,1.39939,1.39955,2606
13.11.2024 17:00:00.000,1.39933,1.39973,1.39896,1.39941,1439
13.11.2024 18:00:00.000,1.39946,1.39957,1.39916,1.39918,2225
13.11.2024 19:00:00.000,1.39917,1.39973,1.39875,1.39893,2644
13.11.2024 20:00:00.000,1.39894,1.40016,1.39887,1.40016,6308
13.11.2024 21:00:00.000,1.40013,1.40084,1.39993,1.40075,5498
13.11.2024 22:00:00.000,1.40074,1.40104,1.40014,1.40101,3313
13.11.2024 23:00:00.000,1.40103,1.40145,1.40098,1.4013,2266
14.11.2024 00:00:00.000,1.4013,1.40193,1.40125,1.40132,4738
14.11.2024 01:00:00.000,1.40133,1.40159,1.40069,1.40133,5033
14.11.2024 02:00:00.000,1.40133,1.40146,1.39946,1.39977,5866
14.11.2024 03:00:00.000,1.39976,1.40009,1.39935,1.39984,6856
14.11.2024 04:00:00.000,1.39982,1.40075,1.39937,1.40035,6431
14.11.2024 05:00:00.000,1.40034,1.40171,1.40034,1.40122,5500
14.11.2024 06:00:00.000,1.40122,1.40177,1.40021,1.40032,8629
14.11.2024 07:00:00.000,1.40034,1.40154,1.40025,1.40138,7249
14.11.2024 08:00:00.000,1.40141,1.40197,1.3997,1.40135,14906
14.11.2024 09:00:00.000,1.40135,1.40261,1.4003,1.4026,14215
14.11.2024 10:00:00.000,1.4026,1.40354,1.40096,1.40113,14411
14.11.2024 11:00:00.000,1.40113,1.40277,1.40064,1.40254,8061
14.11.2024 12:00:00.000,1.40253,1.40344,1.40243,1.40278,6685
14.11.2024 13:00:00.000,1.40277,1.40394,1.40263,1.40373,5401
14.11.2024 14:00:00.000,1.40373,1.40383,1.40326,1.40355,4881
14.11.2024 15:00:00.000,1.40356,1.4064,1.40354,1.40583,14302
14.11.2024 16:00:00.000,1.40584,1.40617,1.40534,1.40585,5621
14.11.2024 17:00:00.000,1.4056,1.40574,1.4041,1.40571,1023
14.11.2024 18:00:00.000,1.4057,1.4071,1.40565,1.40611,1845
14.11.2024 19:00:00.000,1.40611,1.40692,1.40607,1.40637,4406
14.11.2024 20:00:00.000,1.40639,1.40664,1.40576,1.40657,5467
14.11.2024 21:00:00.000,1.40658,1.40667,1.4054,1.40556,5593
14.11.2024 22:00:00.000,1.40556,1.40602,1.40531,1.40583,3805
14.11.2024 23:00:00.000,1.40583,1.40617,1.4055,1.40613,2716
15.11.2024 00:00:00.000,1.40613,1.40641,1.40598,1.40626,4547
15.11.2024 01:00:00.000,1.40625,1.40678,1.40514,1.40537,6126
15.11.2024 02:00:00.000,1.40538,1.40616,1.40521,1.40606,4994
15.11.2024 03:00:00.000,1.40605,1.40635,1.40469,1.40472,7009
15.11.2024 04:00:00.000,1.40474,1.40503,1.4039,1.4049,5479
15.11.2024 05:00:00.000,1.4049,1.4051,1.40377,1.4041,5707
15.11.2024 06:00:00.000,1.4041,1.40461,1.40327,1.40383,6175
15.11.2024 07:00:00.000,1.40383,1.40451,1.40371,1.40431,5058
15.11.2024 08:00:00.000,1.40432,1.40651,1.40327,1.40616,16717
15.11.2024 09:00:00.000,1.40617,1.40852,1.40571,1.40848,17720
15.11.2024 10:00:00.000,1.40847,1.41052,1.40779,1.40781,20355
15.11.2024 11:00:00.000,1.4078,1.40842,1.40639,1.40761,15917
15.11.2024 12:00:00.000,1.4076,1.40841,1.40699,1.40806,12749
15.11.2024 13:00:00.000,1.40806,1.40875,1.40748,1.40862,9010
15.11.2024 14:00:00.000,1.40857,1.40925,1.40803,1.40916,7743
15.11.2024 15:00:00.000,1.40915,1.41003,1.40883,1.40885,9580
15.11.2024 16:00:00.000,1.40886,1.40945,1.40859,1.40867,4267
18.11.2024 00:00:00.000,1.40777,1.40885,1.40777,1.40856,3809
18.11.2024 01:00:00.000,1.40855,1.40881,1.40824,1.40845,5397
18.11.2024 02:00:00.000,1.40845,1.41004,1.40845,1.40949,4734
18.11.2024 03:00:00.000,1.40949,1.41023,1.40859,1.40998,5757
18.11.2024 04:00:00.000,1.40999,1.41021,1.40833,1.40871,8255
18.11.2024 05:00:00.000,1.40871,1.40912,1.4086,1.4089,4945
18.11.2024 06:00:00.000,1.40892,1.41012,1.40889,1.40976,5630
18.11.2024 07:00:00.000,1.40974,1.40982,1.40866,1.40928,6666
18.11.2024 08:00:00.000,1.40929,1.40983,1.40781,1.40826,7845
18.11.2024 09:00:00.000,1.40827,1.40839,1.4067,1.40749,8048
18.11.2024 10:00:00.000,1.40745,1.40745,1.4043,1.40488,9336
18.11.2024 11:00:00.000,1.40487,1.40511,1.40284,1.40289,8140
18.11.2024 12:00:00.000,1.40289,1.40333,1.40099,1.40131,7968
18.11.2024 13:00:00.000,1.40133,1.40171,1.40063,1.40071,5150
18.11.2024 14:00:00.000,1.40071,1.40234,1.40038,1.40183,5437
18.11.2024 15:00:00.000,1.40183,1.40209,1.40127,1.40128,4757
18.11.2024 16:00:00.000,1.4013,1.40197,1.40112,1.40136,2175
18.11.2024 17:00:00.000,1.40105,1.40178,1.40003,1.40174,530
18.11.2024 18:00:00.000,1.40174,1.40221,1.40155,1.40221,1738
18.11.2024 19:00:00.000,1.4022,1.40291,1.40197,1.40261,3295
18.11.2024 20:00:00.000,1.4026,1.40268,1.40183,1.40198,6617
18.11.2024 21:00:00.000,1.40195,1.40241,1.40156,1.40212,4113
18.11.2024 22:00:00.000,1.40213,1.40213,1.40104,1.40129,3704
18.11.2024 23:00:00.000,1.40128,1.40209,1.40089,1.40206,3077
19.11.2024 00:00:00.000,1.40208,1.40231,1.40198,1.40214,3059
19.11.2024 01:00:00.000,1.40216,1.40218,1.40135,1.40156,4650
19.11.2024 02:00:00.000,1.40158,1.40259,1.40141,1.40209,6330
19.11.2024 03:00:00.000,1.40209,1.40232,1.40029,1.40204,10508
19.11.2024 04:00:00.000,1.40204,1.40361,1.40161,1.40278,12207
19.11.2024 05:00:00.000,1.40278,1.40308,1.40164,1.40201,6695
19.11.2024 06:00:00.000,1.402,1.40261,1.40137,1.40236,6255
19.11.2024 07:00:00.000,1.40235,1.40252,1.4015,1.40179,6126
19.11.2024 08:00:00.000,1.40179,1.40262,1.39747,1.40054,11981
19.11.2024 09:00:00.000,1.40054,1.40113,1.39837,1.39986,14321
19.11.2024 10:00:00.000,1.39986,1.40016,1.39734,1.3976,12832
19.11.2024 11:00:00.000,1.39761,1.39812,1.39676,1.39808,8836
19.11.2024 12:00:00.000,1.39807,1.39807,1.39691,1.3978,5759
19.11.2024 13:00:00.000,1.39782,1.39846,1.39689,1.3969,5659
19.11.2024 14:00:00.000,1.39689,1.39712,1.3964,1.39652,6277
19.11.2024 15:00:00.000,1.39652,1.39704,1.39612,1.39635,7832
19.11.2024 16:00:00.000,1.39636,1.39641,1.39545,1.39556,3616
19.11.2024 17:00:00.000,1.39532,1.39588,1.39517,1.39576,669
19.11.2024 18:00:00.000,1.39578,1.39592,1.39509,1.39551,1530
19.11.2024 19:00:00.000,1.39552,1.3959,1.39503,1.39557,3216
19.11.2024 20:00:00.000,1.39558,1.39628,1.39535,1.39593,3715
19.11.2024 21:00:00.000,1.39593,1.39616,1.39566,1.39587,3337
19.11.2024 22:00:00.000,1.39587,1.39669,1.39556,1.3965,2833
19.11.2024 23:00:00.000,1.3965,1.39658,1.39557,1.39569,2324
20.11.2024 00:00:00.000,1.39569,1.39596,1.39555,1.39592,3380
20.11.2024 01:00:00.000,1.39592,1.3961,1.39502,1.39549,4317
20.11.2024 02:00:00.000,1.39551,1.39648,1.39511,1.39642,5846
20.11.2024 03:00:00.000,1.39643,1.39715,1.39612,1.39708,6207
20.11.2024 04:00:00.000,1.3971,1.39797,1.39662,1.39782,5750
20.11.2024 05:00:00.000,1.39781,1.39961,1.39766,1.39901,5197
20.11.2024 06:00:00.000,1.39901,1.39993,1.39901,1.39924,5740
20.11.2024 07:00:00.000,1.39924,1.39951,1.39758,1.39772,6744
20.11.2024 08:00:00.000,1.39771,1.39918,1.3975,1.39873,7570
20.11.2024 09:00:00.000,1.39871,1.40061,1.3981,1.4005,9121
20.11.2024 10:00:00.000,1.40048,1.40142,1.39979,1.40045,10511
20.11.2024 11:00:00.000,1.40045,1.40118,1.39935,1.39965,7831
20.11.2024 12:00:00.000,1.39967,1.40017,1.39826,1.39889,5193
20.11.2024 13:00:00.000,1.39889,1.39963,1.39857,1.39879,5519
20.11.2024 14:00:00.000,1.39877,1.39909,1.39799,1.3983,4112
20.11.2024 15:00:00.000,1.39831,1.39882,1.39798,1.39799,4923
20.11.2024 16:00:00.000,1.398,1.39821,1.39738,1.39738,3300
20.11.2024 17:00:00.000,1.39727,1.39749,1.39708,1.39748,500
20.11.2024 18:00:00.000,1.39749,1.39752,1.39676,1.39682,1387
20.11.2024 19:00:00.000,1.39683,1.39719,1.39649,1.39682,2691
20.11.2024 20:00:00.000,1.39683,1.39724,1.39667,1.39713,5711
20.11.2024 21:00:00.000,1.39714,1.39721,1.39675,1.39711,3599
20.11.2024 22:00:00.000,1.39711,1.39731,1.3967,1.39682,4244
20.11.2024 23:00:00.000,1.39681,1.39682,1.39637,1.39645,3521
21.11.2024 00:00:00.000,1.39645,1.39707,1.39636,1.39706,3235
21.11.2024 01:00:00.000,1.39705,1.39713,1.39626,1.39682,5265
21.11.2024 02:00:00.000,1.39681,1.39722,1.39606,1.39622,6251
21.11.2024 03:00:00.000,1.39621,1.3965,1.39546,1.39572,7264
21.11.2024 04:00:00.000,1.39571,1.39779,1.39571,1.39753,8244
21.11.2024 05:00:00.000,1.39753,1.39767,1.39661,1.39688,5601
21.11.2024 06:00:00.000,1.39687,1.39701,1.39574,1.39643,6137
21.11.2024 07:00:00.000,1.39641,1.39662,1.3954,1.39606,6225
21.11.2024 08:00:00.000,1.39608,1.39737,1.39573,1.39623,10701
21.11.2024 09:00:00.000,1.39623,1.3968,1.39463,1.39482,8973
21.11.2024 10:00:00.000,1.39484,1.39486,1.39307,1.39466,12768
21.11.2024 11:00:00.000,1.39465,1.39657,1.39458,1.39611,14155
21.11.2024 12:00:00.000,1.39612,1.39689,1.39531,1.39561,8894
21.11.2024 13:00:00.000,1.39561,1.39617,1.39528,1.39599,6628
21.11.2024 14:00:00.000,1.396,1.39692,1.39586,1.39633,4595
21.11.2024 15:00:00.000,1.39634,1.39716,1.39623,1.39676,3899
21.11.2024 16:00:00.000,1.39676,1.39768,1.39676,1.39731,3145
21.11.2024 17:00:00.000,1.39705,1.39732,1.39586,1.39732,1589
21.11.2024 18:00:00.000,1.39733,1.39838,1.3972,1.39838,1461
21.11.2024 19:00:00.000,1.39838,1.39838,1.39694,1.39701,4185
21.11.2024 20:00:00.000,1.397,1.397,1.39622,1.39677,5059
21.11.2024 21:00:00.000,1.39677,1.39769,1.39668,1.39702,3630
21.11.2024 22:00:00.000,1.39703,1.39717,1.39644,1.39694,3010
21.11.2024 23:00:00.000,1.39695,1.39756,1.3968,1.39744,2549
22.11.2024 00:00:00.000,1.39744,1.39855,1.39744,1.3984,5536
22.11.2024 01:00:00.000,1.39841,1.39847,1.39805,1.39827,5103
22.11.2024 02:00:00.000,1.39829,1.39863,1.39683,1.39697,5135
22.11.2024 03:00:00.000,1.39697,1.39772,1.39573,1.39751,9134
22.11.2024 04:00:00.000,1.3975,1.40205,1.39748,1.40037,18925
22.11.2024 05:00:00.000,1.40037,1.40118,1.39833,1.39869,10207
22.11.2024 06:00:00.000,1.39871,1.40013,1.39863,1.39945,7308
22.11.2024 07:00:00.000,1.39943,1.39997,1.39839,1.39842,8339
22.11.2024 08:00:00.000,1.39842,1.39891,1.39667,1.39723,9983
22.11.2024 09:00:00.000,1.39724,1.39857,1.39621,1.39816,11515
22.11.2024 10:00:00.000,1.39824,1.39856,1.39674,1.3977,17296
22.11.2024 11:00:00.000,1.39771,1.3993,1.39762,1.3986,9907
22.11.2024 12:00:00.000,1.3986,1.39861,1.39756,1.39763,7233
22.11.2024 13:00:00.000,1.39763,1.39797,1.39708,1.39775,5355
22.11.2024 14:00:00.000,1.39775,1.39813,1.39761,1.39803,5269
22.11.2024 15:00:00.000,1.39803,1.39876,1.39759,1.39771,6030
22.11.2024 16:00:00.000,1.39771,1.39822,1.39744,1.39744,5652
25.11.2024 00:00:00.000,1.39465,1.39493,1.39441,1.39453,3700
25.11.2024 01:00:00.000,1.39455,1.3948,1.3937,1.39408,4977
25.11.2024 02:00:00.000,1.39408,1.39677,1.39404,1.39674,6958
25.11.2024 03:00:00.000,1.39674,1.39757,1.39634,1.39666,8823
25.11.2024 04:00:00.000,1.39665,1.39672,1.39508,1.39556,8169
25.11.2024 05:00:00.000,1.39557,1.39604,1.39528,1.39596,5680
25.11.2024 06:00:00.000,1.39598,1.39727,1.39577,1.39726,3962
25.11.2024 07:00:00.000,1.39726,1.39838,1.39623,1.39624,6296
25.11.2024 08:00:00.000,1.39624,1.39638,1.39508,1.39557,10733
25.11.2024 09:00:00.000,1.39558,1.39765,1.39537,1.39735,12993
25.11.2024 10:00:00.000,1.39735,1.39912,1.39671,1.39879,10462
25.11.2024 11:00:00.000,1.39878,1.40067,1.39839,1.40027,8905
25.11.2024 12:00:00.000,1.40026,1.40058,1.39921,1.39939,6950
25.11.2024 13:00:00.000,1.39939,1.39949,1.39758,1.39765,6716
25.11.2024 14:00:00.000,1.39765,1.39784,1.39694,1.39771,5399
25.11.2024 15:00:00.000,1.3977,1.39842,1.39734,1.39809,5374
25.11.2024 16:00:00.000,1.39808,1.39923,1.3978,1.39856,3690
25.11.2024 17:00:00.000,1.39825,1.39888,1.39687,1.39876,837
25.11.2024 18:00:00.000,1.39888,1.41204,1.3981,1.40981,10412
25.11.2024 19:00:00.000,1.40982,1.41667,1.40886,1.41621,18841
25.11.2024 20:00:00.000,1.41623,1.41774,1.41252,1.41367,14448
25.11.2024 21:00:00.000,1.41367,1.41447,1.41076,1.41122,7867
25.11.2024 22:00:00.000,1.41122,1.41147,1.40947,1.40996,5821
25.11.2024 23:00:00.000,1.40996,1.41074,1.40848,1.41013,4797
26.11.2024 00:00:00.000,1.41015,1.4117,1.4099,1.41073,3915
26.11.2024 01:00:00.000,1.41073,1.41082,1.40968,1.41046,3824
26.11.2024 02:00:00.000,1.41043,1.41313,1.41037,1.4123,7829
26.11.2024 03:00:00.000,1.41234,1.41447,1.41196,1.41261,9431
26.11.2024 04:00:00.000,1.41263,1.41263,1.40949,1.40955,7581
26.11.2024 05:00:00.000,1.40956,1.40994,1.40873,1.4089,6716
26.11.2024 06:00:00.000,1.40891,1.4098,1.40759,1.40872,5645
26.11.2024 07:00:00.000,1.40874,1.40977,1.40747,1.40932,10091
26.11.2024 08:00:00.000,1.40932,1.41208,1.40911,1.41162,12267
26.11.2024 09:00:00.000,1.4116,1.41276,1.40842,1.40846,12675
26.11.2024 10:00:00.000,1.40847,1.40952,1.40533,1.40587,15688
26.11.2024 11:00:00.000,1.40587,1.40803,1.40563,1.406,10874
26.11.2024 12:00:00.000,1.40601,1.40864,1.40598,1.40804,7834
26.11.2024 13:00:00.000,1.40805,1.40917,1.40695,1.40711,5094
26.11.2024 14:00:00.000,1.40701,1.40793,1.40574,1.40615,6471
26.11.2024 15:00:00.000,1.40616,1.40711,1.4058,1.40665,6249
26.11.2024 16:00:00.000,1.40662,1.40673,1.40524,1.40524,3439
26.11.2024 17:00:00.000,1.40502,1.4055,1.40473,1.40549,882
26.11.2024 18:00:00.000,1.40545,1.40559,1.40493,1.40518,1998
26.11.2024 19:00:00.000,1.40519,1.40556,1.40482,1.40496,4242
26.11.2024 20:00:00.000,1.40496,1.40615,1.40437,1.40603,5877
26.11.2024 21:00:00.000,1.40605,1.40716,1.40556,1.40601,5971
26.11.2024 22:00:00.000,1.406,1.40666,1.40595,1.4063,3570
26.11.2024 23:00:00.000,1.4063,1.4072,1.4063,1.40719,2907
27.11.2024 00:00:00.000,1.40719,1.40774,1.4071,1.40753,4271
27.11.2024 01:00:00.000,1.40752,1.4076,1.4067,1.40694,5006
27.11.2024 02:00:00.000,1.40692,1.40692,1.40514,1.40564,7312
27.11.2024 03:00:00.000,1.40563,1.40621,1.40333,1.4057,12287
27.11.2024 04:00:00.000,1.40571,1.40608,1.40465,1.40486,9111
27.11.2024 05:00:00.000,1.40486,1.40556,1.4046,1.40484,5416
27.11.2024 06:00:00.000,1.40484,1.40622,1.40477,1.40524,5000
27.11.2024 07:00:00.000,1.40525,1.40607,1.40514,1.40563,5963
27.11.2024 08:00:00.000,1.40563,1.4065,1.40408,1.40424,10506
27.11.2024 09:00:00.000,1.40422,1.40648,1.40401,1.4042,11480
27.11.2024 10:00:00.000,1.4042,1.40521,1.40211,1.40269,14312
27.11.2024 11:00:00.000,1.4027,1.40337,1.40086,1.40288,11397
27.11.2024 12:00:00.000,1.40288,1.4038,1.40231,1.40274,9437
27.11.2024 13:00:00.000,1.40274,1.40307,1.40221,1.40285,4721
27.11.2024 14:00:00.000,1.40285,1.40325,1.40262,1.40303,4673
27.11.2024 15:00:00.000,1.40303,1.40352,1.40227,1.40235,5279
27.11.2024 16:00:00.000,1.40236,1.40297,1.40206,1.40263,2395
27.11.2024 17:00:00.000,1.40261,1.40261,1.40195,1.40243,547
27.11.2024 18:00:00.000,1.40243,1.40278,1.40216,1.40256,1345
27.11.2024 19:00:00.000,1.40255,1.40285,1.40092,1.40131,3450
27.11.2024 20:00:00.000,1.40133,1.40196,1.40057,1.40117,4814
27.11.2024 21:00:00.000,1.40117,1.40161,1.40073,1.4013,5199
27.11.2024 22:00:00.000,1.40129,1.40235,1.40126,1.40225,2560
27.11.2024 23:00:00.000,1.40222,1.40255,1.40202,1.40236,2862
28.11.2024 00:00:00.000,1.40235,1.40257,1.40195,1.40211,3290
28.11.2024 01:00:00.000,1.40213,1.40272,1.40181,1.40216,3748
28.11.2024 02:00:00.000,1.40215,1.40277,1.40164,1.4025,6443
28.11.2024 03:00:00.000,1.40251,1.40312,1.40088,1.40098,7751
28.11.2024 04:00:00.000,1.40098,1.40146,1.40063,1.40072,8903
28.11.2024 05:00:00.000,1.40071,1.4009,1.40007,1.40036,3870
28.11.2024 06:00:00.000,1.40036,1.40099,1.39978,1.4008,2796
28.11.2024 07:00:00.000,1.4008,1.4012,1.40076,1.40108,2540
28.11.2024 08:00:00.000,1.4011,1.40138,1.39995,1.40092,5228
28.11.2024 09:00:00.000,1.4009,1.40148,1.40027,1.40096,4573
28.11.2024 10:00:00.000,1.40096,1.40198,1.40089,1.40093,4600
28.11.2024 11:00:00.000,1.40093,1.40112,1.40066,1.40074,2727
28.11.2024 12:00:00.000,1.40075,1.40107,1.40051,1.40074,2001
28.11.2024 13:00:00.000,1.40071,1.40114,1.40038,1.40083,1356
28.11.2024 14:00:00.000,1.40082,1.40109,1.40056,1.40094,989
28.11.2024 15:00:00.000,1.40093,1.40157,1.40088,1.40144,740
28.11.2024 16:00:00.000,1.40145,1.40151,1.40078,1.4011,1230
28.11.2024 17:00:00.000,1.4011,1.40123,1.40071,1.401,2423
28.11.2024 18:00:00.000,1.40108,1.40135,1.40069,1.40078,1605
28.11.2024 19:00:00.000,1.40077,1.40125,1.39982,1.40051,3716
28.11.2024 20:00:00.000,1.40051,1.40069,1.39933,1.39995,9218
28.11.2024 21:00:00.000,1.39993,1.40008,1.39927,1.3993,5619
28.11.2024 22:00:00.000,1.3993,1.39939,1.39831,1.39851,3541
28.11.2024 23:00:00.000,1.39852,1.39893,1.39801,1.39872,3457
29.11.2024 00:00:00.000,1.39872,1.39968,1.39851,1.39942,3452
29.11.2024 01:00:00.000,1.39943,1.39957,1.39801,1.39835,3458
29.11.2024 02:00:00.000,1.39835,1.40032,1.39835,1.39991,6874
29.11.2024 03:00:00.000,1.39992,1.40124,1.39943,1.40106,5796
29.11.2024 04:00:00.000,1.40106,1.40117,1.39965,1.39987,7801
29.11.2024 05:00:00.000,1.39986,1.40075,1.39956,1.40051,6360
29.11.2024 06:00:00.000,1.40049,1.40073,1.39956,1.4001,5901
29.11.2024 07:00:00.000,1.40011,1.40205,1.39994,1.40118,5146
29.11.2024 08:00:00.000,1.40119,1.40423,1.40042,1.40271,9267
29.11.2024 09:00:00.000,1.40271,1.40453,1.40151,1.40212,8433
29.11.2024 10:00:00.000,1.40216,1.403,1.39995,1.40049,13108
29.11.2024 11:00:00.000,1.40049,1.40201,1.39989,1.40157,8046
29.11.2024 12:00:00.000,1.40158,1.4016,1.39982,1.39983,5812
29.11.2024 13:00:00.000,1.39982,1.40102,1.39929,1.40021,10418
29.11.2024 14:00:00.000,1.40022,1.40041,1.39919,1.39936,13678
29.11.2024 15:00:00.000,1.39936,1.40017,1.39845,1.40016,7234
29.11.2024 16:00:00.000,1.40018,1.40059,1.39885,1.39887,17491
02.12.2024 00:00:00.000,1.40328,1.40392,1.4025,1.40309,5730
02.12.2024 01:00:00.000,1.40309,1.40321,1.40173,1.40202,7431
02.12.2024 02:00:00.000,1.40201,1.40408,1.40165,1.40407,9050
02.12.2024 03:00:00.000,1.40407,1.4049,1.40356,1.40379,9593
02.12.2024 04:00:00.000,1.40378,1.40381,1.4028,1.40294,7649
02.12.2024 05:00:00.000,1.40295,1.4038,1.4018,1.40379,6321
02.12.2024 06:00:00.000,1.40379,1.40384,1.40233,1.40331,5336
02.12.2024 07:00:00.000,1.40332,1.40472,1.40279,1.40428,9301
02.12.2024 08:00:00.000,1.40428,1.4045,1.40307,1.40342,11018
02.12.2024 09:00:00.000,1.40342,1.40739,1.40274,1.40686,12635
02.12.2024 10:00:00.000,1.40686,1.40891,1.40656,1.40801,19755
02.12.2024 11:00:00.000,1.408,1.40845,1.40657,1.40706,12739
02.12.2024 12:00:00.000,1.40705,1.40737,1.40531,1.40554,8263
02.12.2024 13:00:00.000,1.40554,1.40586,1.40458,1.40462,6056
02.12.2024 14:00:00.000,1.40462,1.4049,1.40429,1.40451,6629
02.12.2024 15:00:00.000,1.40451,1.40518,1.40374,1.40453,11859
02.12.2024 16:00:00.000,1.40453,1.40475,1.40379,1.40439,3700
02.12.2024 17:00:00.000,1.40418,1.40443,1.40389,1.40412,1249
02.12.2024 18:00:00.000,1.40411,1.40461,1.40403,1.4046,1296
02.12.2024 19:00:00.000,1.40461,1.4053,1.40441,1.40478,2352
02.12.2024 20:00:00.000,1.40477,1.40581,1.40389,1.40533,5636
02.12.2024 21:00:00.000,1.40533,1.40636,1.40531,1.40556,4550
02.12.2024 22:00:00.000,1.40556,1.40584,1.40461,1.40491,3824
02.12.2024 23:00:00.000,1.4049,1.40527,1.4047,1.40522,2191
03.12.2024 00:00:00.000,1.40522,1.40576,1.40435,1.40443,3769
03.12.2024 01:00:00.000,1.40442,1.40491,1.40396,1.40442,4637
03.12.2024 02:00:00.000,1.40443,1.4046,1.40344,1.40376,6184
03.12.2024 03:00:00.000,1.40376,1.40392,1.40097,1.40142,9711
03.12.2024 04:00:00.000,1.40142,1.4025,1.40086,1.402,5938
03.12.2024 05:00:00.000,1.40198,1.40375,1.40177,1.40373,4918
03.12.2024 06:00:00.000,1.40374,1.40405,1.40344,1.40386,4456
03.12.2024 07:00:00.000,1.40388,1.40483,1.40324,1.40407,5054
03.12.2024 08:00:00.000,1.40407,1.4045,1.40307,1.40388,8674
03.12.2024 09:00:00.000,1.40389,1.40442,1.40258,1.40399,12108
03.12.2024 10:00:00.000,1.40419,1.40715,1.40397,1.40649,18238
03.12.2024 11:00:00.000,1.4065,1.40755,1.40621,1.40661,10020
03.12.2024 12:00:00.000,1.40657,1.40693,1.40501,1.40523,7579
03.12.2024 13:00:00.000,1.40523,1.40546,1.40471,1.40502,6108
03.12.2024 14:00:00.000,1.40502,1.40697,1.405,1.4069,4842
03.12.2024 15:00:00.000,1.4069,1.4072,1.406,1.40675,6270
03.12.2024 16:00:00.000,1.40674,1.40714,1.40639,1.40658,2407
03.12.2024 17:00:00.000,1.40657,1.4068,1.40594,1.4065,700
03.12.2024 18:00:00.000,1.40657,1.4069,1.4064,1.4065,1863
03.12.2024 19:00:00.000,1.4065,1.40773,1.40606,1.40733,3956
03.12.2024 20:00:00.000,1.40732,1.40796,1.40661,1.40708,5718
03.12.2024 21:00:00.000,1.40709,1.40777,1.4067,1.40766,5822
03.12.2024 22:00:00.000,1.40767,1.40827,1.40756,1.40788,3440
03.12.2024 23:00:00.000,1.40787,1.40805,1.40632,1.40635,3413
04.12.2024 00:00:00.000,1.40635,1.40661,1.40601,1.40627,3091
04.12.2024 01:00:00.000,1.40625,1.40675,1.40549,1.40577,4197
04.12.2024 02:00:00.000,1.40577,1.40655,1.40576,1.40604,7526
04.12.2024 03:00:00.000,1.40606,1.40782,1.40585,1.40775,8040
04.12.2024 04:00:00.000,1.40776,1.40817,1.40676,1.40683,5925
04.12.2024 05:00:00.000,1.40683,1.40692,1.40623,1.40654,6021
04.12.2024 06:00:00.000,1.40656,1.40685,1.40515,1.40545,7119
04.12.2024 07:00:00.000,1.40545,1.4066,1.40544,1.40647,7041
04.12.2024 08:00:00.000,1.40647,1.40681,1.40558,1.40658,11537
04.12.2024 09:00:00.000,1.40658,1.40738,1.40515,1.40677,12461
04.12.2024 10:00:00.000,1.40672,1.40794,1.40539,1.40636,18150
04.12.2024 11:00:00.000,1.40635,1.40779,1.40631,1.4069,9818
04.12.2024 12:00:00.000,1.4069,1.40732,1.40637,1.40654,6433
04.12.2024 13:00:00.000,1.40654,1.40696,1.40584,1.40686,4788
04.12.2024 14:00:00.000,1.40685,1.40724,1.40571,1.40635,8180
04.12.2024 15:00:00.000,1.40635,1.40651,1.40586,1.40636,5540
04.12.2024 16:00:00.000,1.40636,1.40744,1.40628,1.40702,1761
04.12.2024 17:00:00.000,1.40688,1.40732,1.40595,1.40708,979
04.12.2024 18:00:00.000,1.40714,1.40746,1.40677,1.40715,1684
04.12.2024 19:00:00.000,1.40715,1.40791,1.40706,1.40741,2707
04.12.2024 20:00:00.000,1.4074,1.40747,1.40688,1.40712,4725
04.12.2024 21:00:00.000,1.4071,1.40734,1.40651,1.4069,4000
04.12.2024 22:00:00.000,1.40691,1.40728,1.40673,1.40689,2713
04.12.2024 23:00:00.000,1.40689,1.40734,1.4068,1.40727,2376
05.12.2024 00:00:00.000,1.40728,1.40734,1.40665,1.40679,4834
05.12.2024 01:00:00.000,1.40679,1.4073,1.40661,1.4069,4886
05.12.2024 02:00:00.000,1.40692,1.4072,1.40589,1.40605,5861
05.12.2024 03:00:00.000,1.40605,1.40641,1.40569,1.40597,6261
05.12.2024 04:00:00.000,1.40598,1.40615,1.40543,1.40599,5342
05.12.2024 05:00:00.000,1.40599,1.40603,1.40544,1.40573,4572
05.12.2024 06:00:00.000,1.40575,1.40602,1.40528,1.40541,3675
05.12.2024 07:00:00.000,1.40542,1.4063,1.40502,1.40552,4705
05.12.2024 08:00:00.000,1.40551,1.40553,1.40343,1.40349,12313
05.12.2024 09:00:00.000,1.40348,1.40366,1.40099,1.40261,13995
05.12.2024 10:00:00.000,1.40262,1.40471,1.40201,1.4034,13277
05.12.2024 11:00:00.000,1.40342,1.40393,1.40278,1.40365,7820
05.12.2024 12:00:00.000,1.40364,1.40597,1.40339,1.40522,6228
05.12.2024 13:00:00.000,1.40522,1.40661,1.40428,1.40453,5492
05.12.2024 14:00:00.000,1.40453,1.40457,1.40246,1.40279,4904
05.12.2024 15:00:00.000,1.40278,1.40319,1.40217,1.40272,3801
05.12.2024 16:00:00.000,1.40274,1.40281,1.40167,1.40224,2595
05.12.2024 17:00:00.000,1.40112,1.40214,1.40111,1.40197,1032
05.12.2024 18:00:00.000,1.40198,1.40238,1.40185,1.40191,1530
05.12.2024 19:00:00.000,1.4019,1.40318,1.40189,1.40306,2341
05.12.2024 20:00:00.000,1.40305,1.40426,1.40268,1.40407,4435
05.12.2024 21:00:00.000,1.40407,1.40429,1.4031,1.40334,4024
05.12.2024 22:00:00.000,1.40334,1.40337,1.4026,1.403,3132
05.12.2024 23:00:00.000,1.40299,1.40365,1.40297,1.40337,2033
06.12.2024 00:00:00.000,1.40337,1.40354,1.40306,1.40327,2101
06.12.2024 01:00:00.000,1.40329,1.40365,1.40295,1.40343,3272
06.12.2024 02:00:00.000,1.40343,1.40413,1.40315,1.40321,4074
06.12.2024 03:00:00.000,1.40319,1.40399,1.40262,1.40363,6003
06.12.2024 04:00:00.000,1.40364,1.40435,1.40355,1.40383,6814
06.12.2024 05:00:00.000,1.40382,1.40446,1.40361,1.40402,6685
06.12.2024 06:00:00.000,1.40401,1.40461,1.40382,1.4044,5374
06.12.2024 07:00:00.000,1.4044,1.40577,1.40423,1.40571,8281
06.12.2024 08:00:00.000,1.40572,1.40941,1.40449,1.40908,19582
06.12.2024 09:00:00.000,1.40907,1.41308,1.40859,1.4129,22120
06.12.2024 10:00:00.000,1.4129,1.41562,1.41286,1.41377,19276
06.12.2024 11:00:00.000,1.41376,1.41497,1.41332,1.41447,13743
06.12.2024 12:00:00.000,1.41449,1.41567,1.41443,1.41537,12037
06.12.2024 13:00:00.000,1.41537,1.4157,1.41468,1.4156,7656
06.12.2024 14:00:00.000,1.41559,1.41641,1.41548,1.41588,4987
06.12.2024 15:00:00.000,1.41588,1.41621,1.41479,1.41498,8326
06.12.2024 16:00:00.000,1.41499,1.41589,1.41496,1.4153,2152
09.12.2024 00:00:00.000,1.4166,1.4173,1.41641,1.41687,2558
09.12.2024 01:00:00.000,1.41686,1.41704,1.41659,1.41682,3112
09.12.2024 02:00:00.000,1.41682,1.41746,1.41543,1.41564,6627
09.12.2024 03:00:00.000,1.41564,1.41618,1.41459,1.41475,7830
09.12.2024 04:00:00.000,1.41474,1.41474,1.41363,1.41421,6366
09.12.2024 05:00:00.000,1.41422,1.41422,1.41323,1.41349,6197
09.12.2024 06:00:00.000,1.41348,1.41366,1.41291,1.41336,4260
09.12.2024 07:00:00.000,1.41335,1.4135,1.4121,1.41223,4850
09.12.2024 08:00:00.000,1.41223,1.4123,1.4093,1.4101,9778
09.12.2024 09:00:00.000,1.41008,1.41182,1.40987,1.41073,14454
09.12.2024 10:00:00.000,1.41073,1.41252,1.41037,1.41133,15048
09.12.2024 11:00:00.000,1.41133,1.41276,1.41131,1.41217,10872
09.12.2024 12:00:00.000,1.41217,1.41361,1.41186,1.41354,7675
09.12.2024 13:00:00.000,1.41355,1.41479,1.41354,1.41423,8040
09.12.2024 14:00:00.000,1.41423,1.41639,1.41423,1.41582,7762
09.12.2024 15:00:00.000,1.41581,1.41725,1.41559,1.41718,7884
09.12.2024 16:00:00.000,1.41718,1.41729,1.41658,1.41707,2893
09.12.2024 17:00:00.000,1.41687,1.41704,1.41658,1.41699,492
09.12.2024 18:00:00.000,1.417,1.41747,1.41698,1.41743,1580
09.12.2024 19:00:00.000,1.41742,1.41752,1.4172,1.41725,2976
09.12.2024 20:00:00.000,1.41725,1.41852,1.41722,1.41744,4376
09.12.2024 21:00:00.000,1.41742,1.41815,1.41681,1.41807,5769
09.12.2024 22:00:00.000,1.41807,1.41893,1.41793,1.41817,4582
09.12.2024 23:00:00.000,1.41816,1.41836,1.41751,1.41826,2696
10.12.2024 00:00:00.000,1.41825,1.41833,1.4174,1.41758,3476
10.12.2024 01:00:00.000,1.41757,1.4176,1.41667,1.4167,3881
10.12.2024 02:00:00.000,1.41669,1.41854,1.41668,1.41842,4089
10.12.2024 03:00:00.000,1.41843,1.41947,1.41789,1.41823,7427
10.12.2024 04:00:00.000,1.41824,1.41851,1.4175,1.41761,7810
10.12.2024 05:00:00.000,1.41761,1.41768,1.41645,1.4166,6457
10.12.2024 06:00:00.000,1.41659,1.41711,1.41631,1.4164,5622
10.12.2024 07:00:00.000,1.4164,1.4175,1.4158,1.41595,5724
10.12.2024 08:00:00.000,1.41598,1.41687,1.41573,1.41625,8360
10.12.2024 09:00:00.000,1.41623,1.41851,1.41565,1.41802,12013
10.12.2024 10:00:00.000,1.41801,1.41938,1.41688,1.41689,14212
10.12.2024 11:00:00.000,1.41689,1.41706,1.41599,1.4161,10115
10.12.2024 12:00:00.000,1.4161,1.41692,1.41584,1.41667,6617
10.12.2024 13:00:00.000,1.41669,1.41699,1.41559,1.41576,8130
10.12.2024 14:00:00.000,1.41577,1.41676,1.4155,1.41643,6142
10.12.2024 15:00:00.000,1.41642,1.41727,1.41624,1.41725,5726
10.12.2024 16:00:00.000,1.41725,1.41808,1.41702,1.41806,2453
10.12.2024 17:00:00.000,1.41791,1.41804,1.41612,1.41765,1139
10.12.2024 18:00:00.000,1.41775,1.41781,1.41737,1.41744,1562
10.12.2024 19:00:00.000,1.41744,1.41776,1.41696,1.41725,3218
10.12.2024 20:00:00.000,1.41723,1.41729,1.41643,1.41649,6662
10.12.2024 21:00:00.000,1.41648,1.41659,1.41585,1.41615,5755
10.12.2024 22:00:00.000,1.41615,1.41637,1.41587,1.41628,3460
10.12.2024 23:00:00.000,1.41629,1.4168,1.4161,1.4165,3015
11.12.2024 00:00:00.000,1.4165,1.4169,1.41633,1.4166,4394
11.12.2024 01:00:00.000,1.4166,1.41678,1.41625,1.41654,3866
11.12.2024 02:00:00.000,1.41656,1.41906,1.41628,1.41897,11038
11.12.2024 03:00:00.000,1.41895,1.41911,1.41775,1.41806,9391
11.12.2024 04:00:00.000,1.41806,1.41898,1.41764,1.41842,10008
11.12.2024 05:00:00.000,1.41842,1.4193,1.41842,1.41887,7857
11.12.2024 06:00:00.000,1.41887,1.41899,1.41798,1.41815,7755
11.12.2024 07:00:00.000,1.41815,1.4186,1.41712,1.4184,9077
11.12.2024 08:00:00.000,1.4184,1.41901,1.41581,1.41689,16441
11.12.2024 09:00:00.000,1.41688,1.41928,1.41243,1.41249,18680
11.12.2024 10:00:00.000,1.41248,1.41532,1.41193,1.41405,20057
11.12.2024 11:00:00.000,1.41404,1.41446,1.41227,1.41256,10961
11.12.2024 12:00:00.000,1.41256,1.41603,1.41231,1.41591,7482
11.12.2024 13:00:00.000,1.41591,1.41681,1.41464,1.41678,9142
11.12.2024 14:00:00.000,1.4168,1.41698,1.41525,1.4161,7775
11.12.2024 15:00:00.000,1.41609,1.41669,1.41563,1.41625,6141
11.12.2024 16:00:00.000,1.41624,1.41633,1.41574,1.41574,2678
11.12.2024 17:00:00.000,1.41568,1.41591,1.41543,1.41552,807
11.12.2024 18:00:00.000,1.41564,1.41589,1.41481,1.41488,1520
11.12.2024 19:00:00.000,1.41453,1.41488,1.41369,1.41425,841
11.12.2024 20:00:00.000,1.41444,1.41486,1.41419,1.41479,6201
11.12.2024 21:00:00.000,1.41476,1.41548,1.41459,1.41495,5962
11.12.2024 22:00:00.000,1.41495,1.41514,1.41447,1.41484,6646
11.12.2024 23:00:00.000,1.41484,1.41501,1.41457,1.41463,3673
12.12.2024 00:00:00.000,1.41461,1.41513,1.41439,1.41451,4995
12.12.2024 01:00:00.000,1.41451,1.41476,1.41417,1.41429,5238
12.12.2024 02:00:00.000,1.4143,1.41476,1.41343,1.41471,8868
12.12.2024 03:00:00.000,1.4147,1.41508,1.41308,1.41386,12956
12.12.2024 04:00:00.000,1.4139,1.41435,1.41328,1.41363,6187
12.12.2024 05:00:00.000,1.41363,1.41443,1.4133,1.41436,8691
12.12.2024 06:00:00.000,1.41436,1.41541,1.41384,1.41533,9191
12.12.2024 07:00:00.000,1.41534,1.41672,1.41534,1.41653,9685
12.12.2024 08:00:00.000,1.41654,1.41745,1.4161,1.41689,18494
12.12.2024 09:00:00.000,1.41688,1.41949,1.41617,1.41642,20134
12.12.2024 10:00:00.000,1.41641,1.41995,1.41618,1.41838,19414
12.12.2024 11:00:00.000,1.41846,1.41926,1.4177,1.4179,12206
12.12.2024 12:00:00.000,1.41789,1.41934,1.41684,1.41912,9421
12.12.2024 13:00:00.000,1.41918,1.4199,1.41854,1.41962,9648
12.12.2024 14:00:00.000,1.41962,1.42116,1.4188,1.42072,9461
12.12.2024 15:00:00.000,1.42071,1.42268,1.42034,1.42252,7000
12.12.2024 16:00:00.000,1.42251,1.42275,1.42109,1.42195,3654
12.12.2024 17:00:00.000,1.42178,1.42196,1.42081,1.42109,1137
12.12.2024 18:00:00.000,1.42109,1.42247,1.42109,1.42151,2344
12.12.2024 19:00:00.000,1.42155,1.42239,1.42153,1.42215,4727
12.12.2024 20:00:00.000,1.42215,1.42387,1.42196,1.42336,7307
12.12.2024 21:00:00.000,1.42337,1.42395,1.42331,1.4238,5972
12.12.2024 22:00:00.000,1.4238,1.42401,1.42356,1.42398,4561
12.12.2024 23:00:00.000,1.42397,1.42431,1.42354,1.42358,4175
13.12.2024 00:00:00.000,1.42358,1.42431,1.42348,1.42352,4992
13.12.2024 01:00:00.000,1.42352,1.4239,1.42289,1.42296,5561
13.12.2024 02:00:00.000,1.423,1.42377,1.42267,1.42322,8358
13.12.2024 03:00:00.000,1.42323,1.42366,1.42228,1.42259,10011
13.12.2024 04:00:00.000,1.42259,1.42301,1.42215,1.42224,9968
13.12.2024 05:00:00.000,1.42222,1.42269,1.42196,1.42204,7200
13.12.2024 06:00:00.000,1.42205,1.42211,1.42158,1.42183,5118
13.12.2024 07:00:00.000,1.42182,1.42217,1.42089,1.4213,8241
13.12.2024 08:00:00.000,1.4213,1.42279,1.42111,1.42115,9996
13.12.2024 09:00:00.000,1.42116,1.42317,1.42091,1.42315,12292
13.12.2024 10:00:00.000,1.42315,1.42446,1.42315,1.42376,15354
13.12.2024 11:00:00.000,1.42376,1.42429,1.42267,1.42395,11291
13.12.2024 12:00:00.000,1.42396,1.42429,1.42306,1.4231,10424
13.12.2024 13:00:00.000,1.42309,1.42336,1.42227,1.42292,7434
13.12.2024 14:00:00.000,1.42292,1.42344,1.42238,1.4232,4969
13.12.2024 15:00:00.000,1.42319,1.42381,1.42277,1.42354,5150
13.12.2024 16:00:00.000,1.42353,1.42401,1.42241,1.42293,2632
16.12.2024 00:00:00.000,1.42231,1.42264,1.42209,1.42252,4170
16.12.2024 01:00:00.000,1.4225,1.42298,1.42225,1.42261,4250
16.12.2024 02:00:00.000,1.42262,1.42281,1.42201,1.42229,4161
16.12.2024 03:00:00.000,1.42229,1.42297,1.4219,1.42294,6631
16.12.2024 04:00:00.000,1.42294,1.4232,1.42232,1.42308,6393
16.12.2024 05:00:00.000,1.42309,1.42418,1.42284,1.42418,4382
16.12.2024 06:00:00.000,1.42419,1.42436,1.42393,1.42407,4302
16.12.2024 07:00:00.000,1.42406,1.42531,1.42402,1.4253,5005
16.12.2024 08:00:00.000,1.42531,1.42538,1.42413,1.42495,6480
16.12.2024 09:00:00.000,1.42494,1.42704,1.42438,1.42482,12129
16.12.2024 10:00:00.000,1.42481,1.42494,1.42223,1.42279,11469
16.12.2024 11:00:00.000,1.4228,1.4237,1.42254,1.42305,8956
16.12.2024 12:00:00.000,1.42307,1.42361,1.42245,1.42279,7509
16.12.2024 13:00:00.000,1.42279,1.4238,1.42247,1.42278,4827
16.12.2024 14:00:00.000,1.42279,1.42419,1.42242,1.42367,5602
16.12.2024 15:00:00.000,1.42367,1.42504,1.42367,1.42501,5522
16.12.2024 16:00:00.000,1.425,1.425,1.42399,1.42408,2780
16.12.2024 17:00:00.000,1.42394,1.42398,1.42298,1.42368,1913
16.12.2024 18:00:00.000,1.42376,1.42404,1.42338,1.4234,1385
16.12.2024 19:00:00.000,1.4234,1.42355,1.42313,1.42332,4272
16.12.2024 20:00:00.000,1.42331,1.42423,1.4233,1.42408,5343
16.12.2024 21:00:00.000,1.42408,1.42483,1.42406,1.42481,5579
16.12.2024 22:00:00.000,1.42479,1.4254,1.4246,1.42535,2850
16.12.2024 23:00:00.000,1.42533,1.42595,1.42528,1.4259,2054
17.12.2024 00:00:00.000,1.4259,1.4265,1.42573,1.42628,4312
17.12.2024 01:00:00.000,1.42628,1.42712,1.42616,1.42646,5097
17.12.2024 02:00:00.000,1.42647,1.42696,1.42571,1.42683,5409
17.12.2024 03:00:00.000,1.42682,1.42902,1.42674,1.42798,7701
17.12.2024 04:00:00.000,1.42799,1.42829,1.42763,1.42774,6321
17.12.2024 05:00:00.000,1.42774,1.42932,1.42765,1.4283,6432
17.12.2024 06:00:00.000,1.42831,1.42853,1.42751,1.428,6607
17.12.2024 07:00:00.000,1.428,1.42971,1.4276,1.42937,7610
17.12.2024 08:00:00.000,1.4294,1.42956,1.42661,1.42743,12401
17.12.2024 09:00:00.000,1.42743,1.42984,1.42704,1.42969,12301
17.12.2024 10:00:00.000,1.42968,1.43203,1.4294,1.43116,14847
17.12.2024 11:00:00.000,1.43115,1.43232,1.43083,1.43133,10566
17.12.2024 12:00:00.000,1.43133,1.43152,1.4305,1.43109,9896
17.12.2024 13:00:00.000,1.43109,1.43135,1.43035,1.43083,10197
17.12.2024 14:00:00.000,1.43081,1.43126,1.43049,1.43092,7144
17.12.2024 15:00:00.000,1.43093,1.43156,1.4309,1.43112,5443
17.12.2024 16:00:00.000,1.43113,1.4313,1.43043,1.43089,2633
17.12.2024 17:00:00.000,1.43061,1.43096,1.43043,1.43089,716
17.12.2024 18:00:00.000,1.43091,1.43128,1.43074,1.43097,1386
17.12.2024 19:00:00.000,1.43097,1.43133,1.43084,1.43102,2887
17.12.2024 20:00:00.000,1.43102,1.43153,1.43093,1.43136,5211
17.12.2024 21:00:00.000,1.43133,1.43214,1.4311,1.43177,5150
17.12.2024 22:00:00.000,1.43176,1.43232,1.43166,1.43229,5173
17.12.2024 23:00:00.000,1.43229,1.4329,1.43224,1.43256,4029
18.12.2024 00:00:00.000,1.43255,1.43286,1.43234,1.43251,5070
18.12.2024 01:00:00.000,1.4325,1.43273,1.43229,1.43236,4585
18.12.2024 02:00:00.000,1.43236,1.43308,1.43228,1.43291,5544
18.12.2024 03:00:00.000,1.4329,1.43302,1.43168,1.43214,5718
18.12.2024 04:00:00.000,1.43213,1.43314,1.43189,1.43288,4351
18.12.2024 05:00:00.000,1.43289,1.43303,1.43202,1.43211,4552
18.12.2024 06:00:00.000,1.43209,1.43261,1.43189,1.4326,4407
18.12.2024 07:00:00.000,1.4326,1.43266,1.43145,1.43153,4951
18.12.2024 08:00:00.000,1.43154,1.43173,1.43075,1.43121,6339
18.12.2024 09:00:00.000,1.43121,1.43186,1.43043,1.43107,8611
18.12.2024 10:00:00.000,1.43107,1.43276,1.43078,1.43235,9015
18.12.2024 11:00:00.000,1.43236,1.43366,1.43196,1.43363,6675
18.12.2024 12:00:00.000,1.43362,1.43391,1.43247,1.43326,6603
18.12.2024 13:00:00.000,1.43326,1.43358,1.43232,1.43233,6375
18.12.2024 14:00:00.000,1.43233,1.44245,1.43223,1.44165,27428
18.12.2024 15:00:00.000,1.44163,1.44435,1.44095,1.44332,22476
18.12.2024 16:00:00.000,1.44332,1.44489,1.44272,1.44459,8387
18.12.2024 17:00:00.000,1.44431,1.44473,1.44387,1.44444,614
18.12.2024 18:00:00.000,1.44446,1.44666,1.4437,1.44613,4136
18.12.2024 19:00:00.000,1.44612,1.44612,1.44454,1.44491,6958
18.12.2024 20:00:00.000,1.4449,1.44512,1.44295,1.443,11925
18.12.2024 21:00:00.000,1.44299,1.44431,1.44273,1.44328,6723
18.12.2024 22:00:00.000,1.44327,1.44362,1.44285,1.44331,5217
18.12.2024 23:00:00.000,1.44332,1.44395,1.44326,1.44357,4185
19.12.2024 00:00:00.000,1.44357,1.44427,1.44343,1.4439,4486
19.12.2024 01:00:00.000,1.44389,1.44413,1.44269,1.44312,7524
19.12.2024 02:00:00.000,1.44314,1.44325,1.44187,1.44215,6715
19.12.2024 03:00:00.000,1.44216,1.4422,1.43939,1.43958,9332
19.12.2024 04:00:00.000,1.43959,1.43994,1.43888,1.43933,7823
19.12.2024 05:00:00.000,1.43934,1.4397,1.43804,1.43914,6285
19.12.2024 06:00:00.000,1.43913,1.43915,1.43811,1.43825,9105
19.12.2024 07:00:00.000,1.43824,1.4386,1.43634,1.43743,12514
19.12.2024 08:00:00.000,1.43744,1.43827,1.43573,1.43768,13157
19.12.2024 09:00:00.000,1.43769,1.43776,1.43438,1.43544,17667
19.12.2024 10:00:00.000,1.43543,1.43761,1.43501,1.43684,14770
19.12.2024 11:00:00.000,1.43685,1.43704,1.43469,1.43677,11579
19.12.2024 12:00:00.000,1.43676,1.43802,1.43644,1.43788,9476
19.12.2024 13:00:00.000,1.4379,1.43872,1.43657,1.43674,7956
19.12.2024 14:00:00.000,1.43674,1.43897,1.43645,1.43876,7346
19.12.2024 15:00:00.000,1.43875,1.43921,1.43779,1.4392,6972
19.12.2024 16:00:00.000,1.43919,1.44008,1.43891,1.43965,2306
19.12.2024 17:00:00.000,1.43965,1.43965,1.43863,1.43947,1283
19.12.2024 18:00:00.000,1.43946,1.44038,1.43944,1.44023,1947
19.12.2024 19:00:00.000,1.44024,1.44193,1.43965,1.44181,5097
19.12.2024 20:00:00.000,1.44182,1.44211,1.44104,1.4419,8896
19.12.2024 21:00:00.000,1.44191,1.44301,1.44183,1.44248,5683
19.12.2024 22:00:00.000,1.44249,1.44351,1.44233,1.44309,4702
19.12.2024 23:00:00.000,1.44309,1.44309,1.44221,1.44224,4233
20.12.2024 00:00:00.000,1.44224,1.44253,1.44149,1.44151,4296
20.12.2024 01:00:00.000,1.44152,1.44195,1.43933,1.43944,7653
20.12.2024 02:00:00.000,1.43943,1.43961,1.43824,1.43841,6252
20.12.2024 03:00:00.000,1.43841,1.43874,1.43702,1.43871,9862
20.12.2024 04:00:00.000,1.43871,1.43896,1.43834,1.43864,8296
20.12.2024 05:00:00.000,1.43862,1.4387,1.43804,1.43806,7517
20.12.2024 06:00:00.000,1.43806,1.43916,1.43805,1.43892,6143
20.12.2024 07:00:00.000,1.43893,1.43921,1.4369,1.43801,7419
20.12.2024 08:00:00.000,1.438,1.43932,1.43756,1.43927,14382
20.12.2024 09:00:00.000,1.43926,1.43966,1.4369,1.43732,19935
20.12.2024 10:00:00.000,1.43732,1.43782,1.43555,1.4368,20715
20.12.2024 11:00:00.000,1.43678,1.43789,1.43513,1.43527,18054
20.12.2024 12:00:00.000,1.43527,1.43527,1.43349,1.43491,12415
20.12.2024 13:00:00.000,1.43491,1.43662,1.43491,1.4365,7102
20.12.2024 14:00:00.000,1.43651,1.43679,1.43495,1.43526,6306
20.12.2024 15:00:00.000,1.43527,1.43716,1.43522,1.43699,7429
20.12.2024 16:00:00.000,1.437,1.43755,1.4365,1.43735,3954
23.12.2024 00:00:00.000,1.43535,1.4361,1.43518,1.43599,2483
23.12.2024 01:00:00.000,1.43599,1.43665,1.43588,1.43646,3485
23.12.2024 02:00:00.000,1.43647,1.43888,1.43645,1.4388,5534
23.12.2024 03:00:00.000,1.4388,1.43891,1.43755,1.43764,9395
23.12.2024 04:00:00.000,1.43764,1.43831,1.43646,1.43829,7429
23.12.2024 05:00:00.000,1.43829,1.44013,1.43817,1.4399,5817
23.12.2024 06:00:00.000,1.43991,1.44064,1.43918,1.4401,5058
23.12.2024 07:00:00.000,1.44008,1.44148,1.43998,1.44035,5418
23.12.2024 08:00:00.000,1.44036,1.4432,1.44033,1.44313,8196
23.12.2024 09:00:00.000,1.44311,1.44329,1.44107,1.44171,8954
23.12.2024 10:00:00.000,1.44169,1.44303,1.44078,1.44116,13170
23.12.2024 11:00:00.000,1.44118,1.44178,1.43873,1.43877,8862
23.12.2024 12:00:00.000,1.43874,1.4389,1.43711,1.43771,8430
23.12.2024 13:00:00.000,1.43772,1.43795,1.43684,1.4375,6343
23.12.2024 14:00:00.000,1.43751,1.43798,1.43703,1.43717,5499
23.12.2024 15:00:00.000,1.43718,1.43769,1.43665,1.43704,6503
23.12.2024 16:00:00.000,1.43704,1.43727,1.43679,1.43696,3693
23.12.2024 17:00:00.000,1.43688,1.43729,1.43609,1.43726,1004
23.12.2024 18:00:00.000,1.43735,1.43746,1.43686,1.43738,1393
23.12.2024 19:00:00.000,1.43737,1.43835,1.43725,1.43819,2512
23.12.2024 20:00:00.000,1.43819,1.4383,1.4377,1.43786,3251
23.12.2024 21:00:00.000,1.43785,1.43842,1.43728,1.43817,2948
23.12.2024 22:00:00.000,1.43816,1.43862,1.43801,1.43825,3574
23.12.2024 23:00:00.000,1.43825,1.43852,1.43796,1.43805,2377
24.12.2024 00:00:00.000,1.43804,1.43861,1.43801,1.4383,2483
24.12.2024 01:00:00.000,1.4383,1.43856,1.43777,1.43785,2610
24.12.2024 02:00:00.000,1.43786,1.43838,1.43724,1.43827,3996
24.12.2024 03:00:00.000,1.43829,1.4394,1.4381,1.43917,4144
24.12.2024 04:00:00.000,1.43917,1.43987,1.43906,1.43958,3321
24.12.2024 05:00:00.000,1.43957,1.43994,1.43948,1.43958,3826
24.12.2024 06:00:00.000,1.4396,1.44041,1.43938,1.44027,3612
24.12.2024 07:00:00.000,1.44027,1.4418,1.44024,1.44164,4379
24.12.2024 08:00:00.000,1.44166,1.44198,1.43869,1.43872,6465
24.12.2024 09:00:00.000,1.4387,1.43881,1.43629,1.43807,8507
24.12.2024 10:00:00.000,1.43806,1.43874,1.43761,1.43813,7127
24.12.2024 11:00:00.000,1.43813,1.43921,1.43721,1.43843,5875
24.12.2024 12:00:00.000,1.43842,1.43896,1.4374,1.43752,4981
24.12.2024 13:00:00.000,1.43753,1.43753,1.43624,1.43629,2406
24.12.2024 14:00:00.000,1.43628,1.43661,1.43543,1.43633,2746
24.12.2024 15:00:00.000,1.43643,1.43649,1.43499,1.43509,1105
24.12.2024 16:00:00.000,1.43509,1.43584,1.43473,1.43477,530
24.12.2024 17:00:00.000,1.43459,1.43487,1.43459,1.43479,30
24.12.2024 18:00:00.000,1.43478,1.43488,1.43443,1.43488,51
24.12.2024 19:00:00.000,1.43439,1.43724,1.43439,1.43566,194
24.12.2024 20:00:00.000,1.43569,1.43569,1.43568,1.43569,33
24.12.2024 21:00:00.000,1.43568,1.43568,1.43563,1.43563,19
24.12.2024 22:00:00.000,1.43566,1.43566,1.4355,1.43552,28
24.12.2024 23:00:00.000,1.43552,1.43555,1.43537,1.43541,20
25.12.2024 00:00:00.000,1.43545,1.43545,1.4354,1.4354,3
25.12.2024 01:00:00.000,1.43545,1.43545,1.43541,1.43541,3
25.12.2024 02:00:00.000,1.43507,1.43567,1.43504,1.43565,49
25.12.2024 17:00:00.000,1.43546,1.43644,1.43515,1.43554,273
25.12.2024 18:00:00.000,1.43559,1.43659,1.43503,1.43535,1940
25.12.2024 19:00:00.000,1.43535,1.43628,1.43512,1.43553,2403
25.12.2024 20:00:00.000,1.43559,1.43588,1.43529,1.43566,4044
25.12.2024 21:00:00.000,1.43567,1.43583,1.43535,1.43554,2503
25.12.2024 22:00:00.000,1.43553,1.43562,1.43494,1.43535,2549
25.12.2024 23:00:00.000,1.43535,1.43641,1.43535,1.43636,3037
26.12.2024 00:00:00.000,1.43634,1.43675,1.43605,1.43672,2435
26.12.2024 01:00:00.000,1.43673,1.43766,1.43654,1.43752,2585
26.12.2024 02:00:00.000,1.43751,1.43838,1.43731,1.43817,2794
26.12.2024 03:00:00.000,1.43816,1.43985,1.43809,1.43981,2698
26.12.2024 04:00:00.000,1.43983,1.44043,1.43918,1.43939,5481
26.12.2024 05:00:00.000,1.43939,1.43942,1.43803,1.43827,8024
26.12.2024 06:00:00.000,1.43824,1.4386,1.43812,1.43821,6322
26.12.2024 07:00:00.000,1.43821,1.44027,1.43818,1.43977,4978
26.12.2024 08:00:00.000,1.43977,1.43978,1.43865,1.43948,10015
26.12.2024 09:00:00.000,1.4395,1.44056,1.43913,1.44016,10594
26.12.2024 10:00:00.000,1.44016,1.44154,1.44015,1.44112,7488
26.12.2024 11:00:00.000,1.44112,1.44125,1.44044,1.44047,6370
26.12.2024 12:00:00.000,1.44046,1.44195,1.44009,1.44169,11151
26.12.2024 13:00:00.000,1.44173,1.44176,1.44035,1.44126,5347
26.12.2024 14:00:00.000,1.44126,1.44199,1.44113,1.44143,4828
26.12.2024 15:00:00.000,1.44142,1.44176,1.44116,1.44121,4124
26.12.2024 16:00:00.000,1.4412,1.44123,1.44059,1.44068,2852
26.12.2024 17:00:00.000,1.44055,1.44076,1.43991,1.44054,1647
26.12.2024 18:00:00.000,1.44056,1.44116,1.44054,1.44091,999
26.12.2024 19:00:00.000,1.44093,1.44116,1.44049,1.44094,2745
26.12.2024 20:00:00.000,1.44094,1.44151,1.44079,1.44121,4124
26.12.2024 21:00:00.000,1.44121,1.44148,1.44077,1.44091,3755
26.12.2024 22:00:00.000,1.44091,1.44105,1.44073,1.44076,3054
26.12.2024 23:00:00.000,1.44075,1.44101,1.44063,1.44089,2606
27.12.2024 00:00:00.000,1.44091,1.441,1.44064,1.44086,3193
27.12.2024 01:00:00.000,1.44088,1.44094,1.44023,1.4403,2853
27.12.2024 02:00:00.000,1.44032,1.44097,1.44026,1.44041,4415
27.12.2024 03:00:00.000,1.44042,1.44071,1.43951,1.43952,6950
27.12.2024 04:00:00.000,1.43951,1.44038,1.43951,1.44026,6190
27.12.2024 05:00:00.000,1.44025,1.44112,1.44008,1.44026,4171
27.12.2024 06:00:00.000,1.44024,1.44071,1.43892,1.43904,5463
27.12.2024 07:00:00.000,1.43903,1.43919,1.43798,1.43803,5430
27.12.2024 08:00:00.000,1.43803,1.43962,1.43742,1.43934,6286
27.12.2024 09:00:00.000,1.43936,1.44066,1.43909,1.44056,10585
27.12.2024 10:00:00.000,1.44054,1.44212,1.43998,1.44081,14834
27.12.2024 11:00:00.000,1.44082,1.44342,1.44071,1.44341,13362
27.12.2024 12:00:00.000,1.44341,1.44489,1.44334,1.44371,13794
27.12.2024 13:00:00.000,1.4437,1.44374,1.44218,1.44222,7838
27.12.2024 14:00:00.000,1.44223,1.44248,1.44077,1.44102,12350
27.12.2024 15:00:00.000,1.44101,1.44206,1.44101,1.44161,5597
27.12.2024 16:00:00.000,1.44161,1.44189,1.44071,1.44081,2738
30.12.2024 00:00:00.000,1.43991,1.44001,1.4391,1.43924,3545
30.12.2024 01:00:00.000,1.43924,1.43927,1.43849,1.43891,4033
30.12.2024 02:00:00.000,1.43892,1.43998,1.43892,1.43975,5156
30.12.2024 03:00:00.000,1.43973,1.44092,1.43964,1.4409,4477
30.12.2024 04:00:00.000,1.4409,1.441,1.43897,1.43911,5569
30.12.2024 05:00:00.000,1.43913,1.43919,1.43786,1.43856,6820
30.12.2024 06:00:00.000,1.43855,1.43862,1.43731,1.43774,5859
30.12.2024 07:00:00.000,1.43775,1.43889,1.43719,1.43858,6888
30.12.2024 08:00:00.000,1.43858,1.44077,1.43847,1.44076,11512
30.12.2024 09:00:00.000,1.44077,1.44324,1.43962,1.44116,11616
30.12.2024 10:00:00.000,1.44116,1.44227,1.43853,1.43865,15838
30.12.2024 11:00:00.000,1.43864,1.43933,1.43739,1.43753,17074
30.12.2024 12:00:00.000,1.43753,1.43759,1.43552,1.43583,6347
30.12.2024 13:00:00.000,1.43583,1.43612,1.43443,1.43485,8724
30.12.2024 14:00:00.000,1.43485,1.43612,1.43473,1.43586,13099
30.12.2024 15:00:00.000,1.43587,1.43632,1.43513,1.43561,14735
30.12.2024 16:00:00.000,1.43564,1.43567,1.43494,1.43507,3738
30.12.2024 17:00:00.000,1.4346,1.4351,1.43458,1.43497,879
30.12.2024 18:00:00.000,1.43494,1.43558,1.43492,1.43499,1225
30.12.2024 19:00:00.000,1.43499,1.43614,1.43494,1.43551,1549
30.12.2024 20:00:00.000,1.43552,1.43582,1.43411,1.43427,4260
30.12.2024 21:00:00.000,1.43427,1.43438,1.43375,1.43402,2528
30.12.2024 22:00:00.000,1.43404,1.43511,1.43401,1.43489,2381
30.12.2024 23:00:00.000,1.43489,1.43504,1.43446,1.435,1628
31.12.2024 00:00:00.000,1.435,1.43505,1.43441,1.43479,2167
31.12.2024 01:00:00.000,1.43479,1.43537,1.43467,1.43492,3064
31.12.2024 02:00:00.000,1.43493,1.43699,1.43493,1.43676,3647
31.12.2024 03:00:00.000,1.43675,1.4379,1.43673,1.43691,5199
31.12.2024 04:00:00.000,1.43693,1.43713,1.43644,1.43693,4786
31.12.2024 05:00:00.000,1.43693,1.43784,1.43659,1.43759,4629
31.12.2024 06:00:00.000,1.4376,1.43823,1.43702,1.43822,4184
31.12.2024 07:00:00.000,1.43822,1.43884,1.43776,1.43854,5777
31.12.2024 08:00:00.000,1.43855,1.44075,1.43831,1.44017,8771
31.12.2024 09:00:00.000,1.44017,1.4406,1.43774,1.43807,10802
31.12.2024 10:00:00.000,1.43808,1.439,1.43632,1.43789,13715
31.12.2024 11:00:00.000,1.43787,1.44038,1.43753,1.44019,11612
31.12.2024 12:00:00.000,1.4402,1.44089,1.43876,1.43893,9070
31.12.2024 13:00:00.000,1.43895,1.43953,1.43802,1.43883,6551
31.12.2024 14:00:00.000,1.43884,1.43896,1.43736,1.43816,3851
31.12.2024 15:00:00.000,1.43818,1.43824,1.43727,1.43768,3372
31.12.2024 16:00:00.000,1.43763,1.43821,1.43714,1.43788,1344
01.01.2025 17:00:00.000,1.43748,1.43839,1.4372,1.43814,503
01.01.2025 18:00:00.000,1.43808,1.43808,1.43723,1.43746,2382
01.01.2025 19:00:00.000,1.43744,1.43852,1.43734,1.43782,4267
01.01.2025 20:00:00.000,1.43783,1.43806,1.43684,1.43726,6452
01.01.2025 21:00:00.000,1.43725,1.43766,1.43707,1.43715,4728
01.01.2025 22:00:00.000,1.43714,1.4378,1.43714,1.43758,3077
01.01.2025 23:00:00.000,1.43757,1.43771,1.43727,1.43757,3123
02.01.2025 00:00:00.000,1.43759,1.43796,1.43704,1.43705,2703
02.01.2025 01:00:00.000,1.43704,1.43787,1.43704,1.43776,3012
02.01.2025 02:00:00.000,1.43777,1.44073,1.43761,1.44047,6507
02.01.2025 03:00:00.000,1.44047,1.44217,1.43998,1.44103,7740
02.01.2025 04:00:00.000,1.44103,1.44157,1.44029,1.44143,6487
02.01.2025 05:00:00.000,1.44143,1.44279,1.44093,1.44249,7732
02.01.2025 06:00:00.000,1.44247,1.44276,1.44162,1.44177,5419
02.01.2025 07:00:00.000,1.44177,1.44272,1.44162,1.44224,4535
02.01.2025 08:00:00.000,1.44224,1.44311,1.44139,1.44208,8080
02.01.2025 09:00:00.000,1.44206,1.44344,1.44188,1.44302,8608
02.01.2025 10:00:00.000,1.44303,1.44386,1.44202,1.44218,14898
02.01.2025 11:00:00.000,1.44221,1.44417,1.44206,1.44226,15675
02.01.2025 12:00:00.000,1.44227,1.44239,1.43918,1.44027,12356
02.01.2025 13:00:00.000,1.44027,1.44196,1.43996,1.4408,6780
02.01.2025 14:00:00.000,1.4408,1.44171,1.43997,1.44171,5748
02.01.2025 15:00:00.000,1.44172,1.44172,1.43962,1.44004,4108
02.01.2025 16:00:00.000,1.44005,1.44051,1.43979,1.43993,1976
02.01.2025 17:00:00.000,1.4399,1.44091,1.43927,1.44042,2533
02.01.2025 18:00:00.000,1.44038,1.44084,1.44012,1.4404,1166
02.01.2025 19:00:00.000,1.44039,1.44041,1.43919,1.43925,2656
02.01.2025 20:00:00.000,1.43925,1.43953,1.43886,1.43905,4204
02.01.2025 21:00:00.000,1.43904,1.43919,1.43835,1.43859,3938
02.01.2025 22:00:00.000,1.43861,1.43869,1.43827,1.43838,2235
02.01.2025 23:00:00.000,1.43838,1.43913,1.43826,1.43887,1825
03.01.2025 00:00:00.000,1.43886,1.43949,1.43829,1.43921,2886
03.01.2025 01:00:00.000,1.43921,1.43927,1.43839,1.43852,2518
03.01.2025 02:00:00.000,1.43857,1.44026,1.43857,1.43975,6392
03.01.2025 03:00:00.000,1.43975,1.4399,1.43867,1.4399,7301
03.01.2025 04:00:00.000,1.43993,1.43993,1.4388,1.43896,6692
03.01.2025 05:00:00.000,1.43896,1.44033,1.43885,1.44017,5988
03.01.2025 06:00:00.000,1.44017,1.44042,1.43914,1.43925,4466
03.01.2025 07:00:00.000,1.43925,1.44031,1.43914,1.44029,5289
03.01.2025 08:00:00.000,1.44029,1.44189,1.44029,1.44133,8566
03.01.2025 09:00:00.000,1.44133,1.44257,1.44085,1.44181,10025
03.01.2025 10:00:00.000,1.44188,1.44539,1.4418,1.44353,18316
03.01.2025 11:00:00.000,1.44353,1.44615,1.44324,1.44562,10459
03.01.2025 12:00:00.000,1.44563,1.44598,1.44423,1.44565,7678
03.01.2025 13:00:00.000,1.44566,1.4463,1.44533,1.44584,6439
03.01.2025 14:00:00.000,1.44585,1.44597,1.44455,1.44479,6664
03.01.2025 15:00:00.000,1.44478,1.44495,1.44393,1.4446,7191
03.01.2025 16:00:00.000,1.4446,1.44493,1.44391,1.44398,2376
06.01.2025 00:00:00.000,1.44032,1.44038,1.43886,1.43889,3832
06.01.2025 01:00:00.000,1.43891,1.43991,1.43888,1.43971,3632
06.01.2025 02:00:00.000,1.43972,1.43979,1.43847,1.43895,4324
06.01.2025 03:00:00.000,1.439,1.4394,1.43581,1.4361,6914
06.01.2025 04:00:00.000,1.4361,1.43834,1.43605,1.4374,7931
06.01.2025 05:00:00.000,1.43741,1.438,1.43672,1.43723,4330
06.01.2025 06:00:00.000,1.43725,1.43793,1.43005,1.43008,21387
06.01.2025 07:00:00.000,1.43009,1.43265,1.42989,1.43169,16281
06.01.2025 08:00:00.000,1.43167,1.4317,1.43027,1.43047,11848
06.01.2025 09:00:00.000,1.43045,1.436,1.42791,1.433,26641
06.01.2025 10:00:00.000,1.433,1.43723,1.43226,1.43606,16759
06.01.2025 11:00:00.000,1.43605,1.43787,1.43546,1.43604,9408
06.01.2025 12:00:00.000,1.43603,1.43748,1.43601,1.43634,8542
06.01.2025 13:00:00.000,1.43635,1.4373,1.43596,1.43686,7165
06.01.2025 14:00:00.000,1.43686,1.43716,1.43359,1.43366,8450
06.01.2025 15:00:00.000,1.43367,1.43385,1.43302,1.43327,6186
06.01.2025 16:00:00.000,1.43326,1.43331,1.43278,1.43295,2188
06.01.2025 17:00:00.000,1.43277,1.43321,1.43177,1.43311,609
06.01.2025 18:00:00.000,1.43311,1.43413,1.43299,1.4341,1281
06.01.2025 19:00:00.000,1.4341,1.43472,1.43375,1.43385,3172
06.01.2025 20:00:00.000,1.43386,1.43493,1.43339,1.43354,6963
06.01.2025 21:00:00.000,1.43354,1.43367,1.43301,1.43325,4135
06.01.2025 22:00:00.000,1.43324,1.43348,1.43224,1.43225,2788
06.01.2025 23:00:00.000,1.43223,1.43239,1.43183,1.43225,2238
07.01.2025 00:00:00.000,1.43224,1.43237,1.43113,1.43146,3415
07.01.2025 01:00:00.000,1.43145,1.43211,1.43103,1.4319,3314
07.01.2025 02:00:00.000,1.43191,1.43206,1.4307,1.43072,5844
07.01.2025 03:00:00.000,1.43071,1.43181,1.43037,1.43088,7009
07.01.2025 04:00:00.000,1.43089,1.43108,1.43014,1.4302,7135
07.01.2025 05:00:00.000,1.43019,1.43071,1.42973,1.4305,6937
07.01.2025 06:00:00.000,1.43048,1.43173,1.43029,1.43152,6598
07.01.2025 07:00:00.000,1.43154,1.43225,1.4312,1.43171,7727
07.01.2025 08:00:00.000,1.4317,1.43208,1.43001,1.43205,7738
07.01.2025 09:00:00.000,1.43205,1.43364,1.43199,1.43272,14396
07.01.2025 10:00:00.000,1.43275,1.43653,1.43275,1.43442,14375
07.01.2025 11:00:00.000,1.4344,1.43587,1.43229,1.434,11355
07.01.2025 12:00:00.000,1.43402,1.43478,1.43167,1.43443,10760
07.01.2025 13:00:00.000,1.43443,1.4352,1.43375,1.43493,9869
07.01.2025 14:00:00.000,1.43493,1.43544,1.43401,1.43466,9605
07.01.2025 15:00:00.000,1.43466,1.43631,1.43458,1.43592,6153
07.01.2025 16:00:00.000,1.4359,1.43706,1.43557,1.43662,3867
07.01.2025 17:00:00.000,1.43662,1.43671,1.43548,1.43668,1264
07.01.2025 18:00:00.000,1.43673,1.43687,1.43617,1.43652,1493
07.01.2025 19:00:00.000,1.43652,1.43652,1.43507,1.43513,5993
07.01.2025 20:00:00.000,1.43513,1.43566,1.43474,1.43486,5950
07.01.2025 21:00:00.000,1.43488,1.43498,1.43441,1.43454,4465
07.01.2025 22:00:00.000,1.43453,1.43515,1.4344,1.43495,3152
07.01.2025 23:00:00.000,1.43495,1.43517,1.43466,1.43501,2297
08.01.2025 00:00:00.000,1.435,1.43517,1.43418,1.43421,2881
08.01.2025 01:00:00.000,1.43421,1.435,1.43387,1.43482,3178
08.01.2025 02:00:00.000,1.43482,1.43639,1.43474,1.43599,5347
08.01.2025 03:00:00.000,1.43598,1.43672,1.43496,1.43662,8695
08.01.2025 04:00:00.000,1.43663,1.43693,1.43591,1.43635,6325
08.01.2025 05:00:00.000,1.43636,1.43762,1.43619,1.43706,5276
08.01.2025 06:00:00.000,1.43709,1.44092,1.43695,1.43896,11613
08.01.2025 07:00:00.000,1.43895,1.44034,1.43822,1.43886,10633
08.01.2025 08:00:00.000,1.43885,1.44018,1.43798,1.43945,18204
08.01.2025 09:00:00.000,1.43945,1.44062,1.43872,1.44038,14027
08.01.2025 10:00:00.000,1.44037,1.44048,1.43845,1.43866,18849
08.01.2025 11:00:00.000,1.43866,1.43963,1.43748,1.43764,9983
08.01.2025 12:00:00.000,1.43764,1.43975,1.43744,1.43904,9210
08.01.2025 13:00:00.000,1.43903,1.43931,1.43795,1.43895,11485
08.01.2025 14:00:00.000,1.43893,1.43925,1.43766,1.43878,7059
08.01.2025 15:00:00.000,1.43878,1.43923,1.43758,1.43821,7860
08.01.2025 16:00:00.000,1.43821,1.43825,1.43707,1.43707,2637
08.01.2025 17:00:00.000,1.43695,1.43775,1.43695,1.43736,767
08.01.2025 18:00:00.000,1.43738,1.43786,1.43727,1.43765,1760
08.01.2025 19:00:00.000,1.43764,1.43854,1.43744,1.43799,4077
08.01.2025 20:00:00.000,1.43798,1.43802,1.43734,1.4377,6222
08.01.2025 21:00:00.000,1.4377,1.43772,1.43707,1.43716,3056
08.01.2025 22:00:00.000,1.43716,1.43762,1.43646,1.43761,2970
08.01.2025 23:00:00.000,1.43763,1.43806,1.43748,1.43769,3047
09.01.2025 00:00:00.000,1.4377,1.43785,1.43713,1.43734,3210
09.01.2025 01:00:00.000,1.43736,1.43815,1.43704,1.4377,5528
09.01.2025 02:00:00.000,1.43769,1.4401,1.43767,1.43997,5045
09.01.2025 03:00:00.000,1.43997,1.44045,1.43794,1.43844,9205
09.01.2025 04:00:00.000,1.43843,1.43868,1.43771,1.43841,7562
09.01.2025 05:00:00.000,1.43842,1.43894,1.43803,1.43849,5666
09.01.2025 06:00:00.000,1.4385,1.43969,1.43842,1.4396,7202
09.01.2025 07:00:00.000,1.43958,1.43983,1.43892,1.43915,8091
09.01.2025 08:00:00.000,1.43915,1.43958,1.43853,1.43946,6786
09.01.2025 09:00:00.000,1.43949,1.44037,1.43878,1.43998,6510
09.01.2025 10:00:00.000,1.43998,1.44008,1.43874,1.43978,5775
09.01.2025 11:00:00.000,1.43977,1.44034,1.43947,1.4395,5058
09.01.2025 12:00:00.000,1.43949,1.44006,1.43919,1.43954,5619
09.01.2025 13:00:00.000,1.43956,1.43997,1.43876,1.4391,3237
09.01.2025 14:00:00.000,1.43908,1.43945,1.43896,1.43917,1853
09.01.2025 15:00:00.000,1.43916,1.43923,1.43876,1.43879,1827
09.01.2025 16:00:00.000,1.43879,1.43958,1.43874,1.43924,2136
09.01.2025 17:00:00.000,1.43923,1.43974,1.43897,1.43965,482
09.01.2025 18:00:00.000,1.43964,1.4402,1.43934,1.44011,1099
09.01.2025 19:00:00.000,1.44011,1.44013,1.43963,1.43984,3816
09.01.2025 20:00:00.000,1.43984,1.44021,1.43953,1.44004,11294
09.01.2025 21:00:00.000,1.44003,1.4407,1.43995,1.44054,3448
09.01.2025 22:00:00.000,1.44054,1.44119,1.44054,1.44111,2888
09.01.2025 23:00:00.000,1.44111,1.44123,1.44079,1.44118,2425
10.01.2025 00:00:00.000,1.44116,1.44174,1.44071,1.44164,3427
10.01.2025 01:00:00.000,1.44165,1.44215,1.44153,1.44193,4326
10.01.2025 02:00:00.000,1.44194,1.44197,1.4405,1.4405,5696
10.01.2025 03:00:00.000,1.4405,1.44109,1.43944,1.44106,8849
10.01.2025 04:00:00.000,1.44106,1.44169,1.44075,1.441,6664
10.01.2025 05:00:00.000,1.44099,1.44151,1.44048,1.4407,6769
10.01.2025 06:00:00.000,1.4407,1.441,1.43998,1.44084,6230
10.01.2025 07:00:00.000,1.44084,1.44121,1.44028,1.4403,6570
10.01.2025 08:00:00.000,1.4403,1.44366,1.43821,1.44025,19620
10.01.2025 09:00:00.000,1.44026,1.44192,1.43749,1.43918,22823
10.01.2025 10:00:00.000,1.43929,1.44244,1.43929,1.44229,19812
10.01.2025 11:00:00.000,1.4423,1.44422,1.4423,1.44366,15237
10.01.2025 12:00:00.000,1.44368,1.44421,1.44121,1.44147,10521
10.01.2025 13:00:00.000,1.44147,1.4429,1.44141,1.44245,7352
10.01.2025 14:00:00.000,1.44244,1.44347,1.44215,1.44264,7846
10.01.2025 15:00:00.000,1.44265,1.44368,1.44261,1.44281,6048
10.01.2025 16:00:00.000,1.44281,1.4431,1.44167,1.44167,3175
13.01.2025 00:00:00.000,1.44414,1.44425,1.44327,1.4434,3612
13.01.2025 01:00:00.000,1.44339,1.44349,1.44295,1.44323,3837
13.01.2025 02:00:00.000,1.44323,1.44426,1.44279,1.44313,6690
13.01.2025 03:00:00.000,1.44314,1.44315,1.4418,1.44215,15671
13.01.2025 04:00:00.000,1.44213,1.44382,1.44139,1.44353,13098
13.01.2025 05:00:00.000,1.44353,1.44385,1.44285,1.44382,8878
13.01.2025 06:00:00.000,1.44381,1.44395,1.44261,1.44302,7683
13.01.2025 07:00:00.000,1.44303,1.4433,1.4414,1.44154,8598
13.01.2025 08:00:00.000,1.44155,1.44195,1.43916,1.44079,11651
13.01.2025 09:00:00.000,1.44078,1.44247,1.44004,1.44027,16703
13.01.2025 10:00:00.000,1.44028,1.44228,1.43962,1.44201,15973
13.01.2025 11:00:00.000,1.44201,1.44269,1.44024,1.44114,12394
13.01.2025 12:00:00.000,1.44115,1.44187,1.44076,1.4408,11982
13.01.2025 13:00:00.000,1.44081,1.4419,1.44053,1.44068,6948
13.01.2025 14:00:00.000,1.44068,1.44135,1.4403,1.44117,9931
13.01.2025 15:00:00.000,1.44117,1.44122,1.43974,1.43981,11818
13.01.2025 16:00:00.000,1.43982,1.43992,1.43739,1.43739,4271
13.01.2025 17:00:00.000,1.43763,1.43763,1.43541,1.4355,1466
13.01.2025 18:00:00.000,1.43549,1.43715,1.43423,1.4364,5609
13.01.2025 19:00:00.000,1.4364,1.4382,1.43626,1.43792,7858
13.01.2025 20:00:00.000,1.43793,1.43845,1.4374,1.43756,9636
13.01.2025 21:00:00.000,1.43755,1.43871,1.43752,1.43807,5318
13.01.2025 22:00:00.000,1.43807,1.43825,1.43726,1.43767,4168
13.01.2025 23:00:00.000,1.43768,1.43795,1.43701,1.43767,3389
14.01.2025 00:00:00.000,1.43767,1.43861,1.43758,1.43827,4176
14.01.2025 01:00:00.000,1.43824,1.43837,1.43766,1.43771,5658
14.01.2025 02:00:00.000,1.43771,1.43828,1.43708,1.43751,10034
14.01.2025 03:00:00.000,1.4375,1.43754,1.43575,1.43681,12821
14.01.2025 04:00:00.000,1.43681,1.43762,1.4366,1.43756,9826
14.01.2025 05:00:00.000,1.43757,1.43828,1.43739,1.438,9698
14.01.2025 06:00:00.000,1.438,1.43829,1.43774,1.43801,6839
14.01.2025 07:00:00.000,1.43801,1.43967,1.43778,1.43917,11500
14.01.2025 08:00:00.000,1.43915,1.43976,1.4363,1.43957,17180
14.01.2025 09:00:00.000,1.43957,1.44098,1.43838,1.4389,17919
14.01.2025 10:00:00.000,1.43891,1.43893,1.43504,1.43534,14998
14.01.2025 11:00:00.000,1.43532,1.43738,1.43502,1.43701,15132
14.01.2025 12:00:00.000,1.43701,1.43808,1.43666,1.43669,8447
14.01.2025 13:00:00.000,1.43669,1.43688,1.43526,1.43546,6117
14.01.2025 14:00:00.000,1.43546,1.43659,1.4352,1.43647,7824
14.01.2025 15:00:00.000,1.43646,1.43687,1.43555,1.43587,9639
14.01.2025 16:00:00.000,1.43586,1.43601,1.43466,1.4348,2271
14.01.2025 17:00:00.000,1.43469,1.43513,1.43446,1.43477,966
14.01.2025 18:00:00.000,1.43483,1.43533,1.43474,1.43514,1196
14.01.2025 19:00:00.000,1.43515,1.43564,1.43504,1.43555,3376
14.01.2025 20:00:00.000,1.43556,1.4356,1.43499,1.43549,4482
14.01.2025 21:00:00.000,1.4355,1.43595,1.43536,1.43565,3517
14.01.2025 22:00:00.000,1.43566,1.43582,1.43516,1.43521,2477
14.01.2025 23:00:00.000,1.43521,1.43535,1.43493,1.43515,2175
15.01.2025 00:00:00.000,1.43516,1.43626,1.4351,1.43621,3671
15.01.2025 01:00:00.000,1.43624,1.43639,1.43556,1.43592,2782
15.01.2025 02:00:00.000,1.43592,1.43607,1.43398,1.43417,7421
15.01.2025 03:00:00.000,1.43416,1.43526,1.43286,1.43523,8679
15.01.2025 04:00:00.000,1.43523,1.43524,1.43425,1.43461,5634
15.01.2025 05:00:00.000,1.43461,1.43493,1.43427,1.43433,5120
15.01.2025 06:00:00.000,1.43437,1.43456,1.43401,1.4344,3572
15.01.2025 07:00:00.000,1.4344,1.43663,1.43435,1.43569,6140
15.01.2025 08:00:00.000,1.43567,1.43587,1.43017,1.43079,18476
15.01.2025 09:00:00.000,1.43077,1.43333,1.43022,1.43292,18081
15.01.2025 10:00:00.000,1.43293,1.43468,1.43235,1.43404,17175
15.01.2025 11:00:00.000,1.43402,1.43575,1.43351,1.43408,21095
15.01.2025 12:00:00.000,1.43407,1.43411,1.43335,1.43368,10982
15.01.2025 13:00:00.000,1.43367,1.43399,1.43292,1.43306,6449
15.01.2025 14:00:00.000,1.43307,1.43347,1.43267,1.4328,6936
15.01.2025 15:00:00.000,1.4328,1.43316,1.43265,1.4328,3905
15.01.2025 16:00:00.000,1.43281,1.43405,1.43266,1.43396,2976
15.01.2025 17:00:00.000,1.43397,1.43397,1.43196,1.43351,1687
15.01.2025 18:00:00.000,1.43366,1.43373,1.43234,1.43246,2047
15.01.2025 19:00:00.000,1.43246,1.43361,1.43218,1.43243,5692
15.01.2025 20:00:00.000,1.43243,1.43418,1.43241,1.43413,6762
15.01.2025 21:00:00.000,1.43412,1.43516,1.43395,1.43511,5319
15.01.2025 22:00:00.000,1.43513,1.43541,1.43496,1.43516,3297
15.01.2025 23:00:00.000,1.43516,1.43563,1.43476,1.43544,2927
16.01.2025 00:00:00.000,1.43544,1.43665,1.43539,1.43663,3850
16.01.2025 01:00:00.000,1.43662,1.43662,1.43563,1.43574,4320
16.01.2025 02:00:00.000,1.43574,1.43617,1.43524,1.43555,6904
16.01.2025 03:00:00.000,1.43554,1.43834,1.43536,1.43724,8961
16.01.2025 04:00:00.000,1.43723,1.43739,1.43653,1.43712,7537
16.01.2025 05:00:00.000,1.43713,1.43771,1.43692,1.43718,6495
16.01.2025 06:00:00.000,1.43717,1.43802,1.43682,1.43723,5911
16.01.2025 07:00:00.000,1.43723,1.43928,1.4372,1.43798,7857
16.01.2025 08:00:00.000,1.43796,1.43912,1.43736,1.43792,11576
16.01.2025 09:00:00.000,1.43791,1.43948,1.43785,1.43863,12680
16.01.2025 10:00:00.000,1.43863,1.43945,1.4372,1.43871,20916
16.01.2025 11:00:00.000,1.4387,1.44003,1.43793,1.43795,15705
16.01.2025 12:00:00.000,1.43793,1.43891,1.4367,1.43857,9893
16.01.2025 13:00:00.000,1.43857,1.43937,1.43823,1.43912,5368
16.01.2025 14:00:00.000,1.43912,1.43994,1.43862,1.4395,6028
16.01.2025 15:00:00.000,1.43949,1.44025,1.43914,1.43968,4731
16.01.2025 16:00:00.000,1.43968,1.43988,1.43891,1.43928,2259
16.01.2025 17:00:00.000,1.43927,1.43971,1.43804,1.43956,1335
16.01.2025 18:00:00.000,1.43956,1.43993,1.43924,1.43941,1518
16.01.2025 19:00:00.000,1.4394,1.44005,1.43939,1.43967,2995
16.01.2025 20:00:00.000,1.43965,1.44024,1.43945,1.43993,4327
16.01.2025 21:00:00.000,1.43994,1.44002,1.4394,1.43993,4051
16.01.2025 22:00:00.000,1.43993,1.43998,1.43887,1.43941,3009
16.01.2025 23:00:00.000,1.43942,1.44029,1.4393,1.44009,2807
17.01.2025 00:00:00.000,1.44011,1.44052,1.43991,1.4402,2950
17.01.2025 01:00:00.000,1.44019,1.44091,1.44019,1.44054,3077
17.01.2025 02:00:00.000,1.44054,1.44128,1.44035,1.44068,5936
17.01.2025 03:00:00.000,1.44067,1.44106,1.44018,1.44067,5841
17.01.2025 04:00:00.000,1.44068,1.44172,1.44017,1.44128,7775
17.01.2025 05:00:00.000,1.44127,1.44127,1.44059,1.44094,5715
17.01.2025 06:00:00.000,1.44092,1.44141,1.44074,1.44115,5541
17.01.2025 07:00:00.000,1.44115,1.44403,1.44084,1.44316,6907
17.01.2025 08:00:00.000,1.44316,1.44394,1.44241,1.44357,10200
17.01.2025 09:00:00.000,1.44358,1.44638,1.44085,1.44144,18334
17.01.2025 10:00:00.000,1.44146,1.44163,1.43819,1.44001,20012
17.01.2025 11:00:00.000,1.44002,1.44245,1.44001,1.44215,18259
17.01.2025 12:00:00.000,1.44214,1.44383,1.44167,1.44378,18778
17.01.2025 13:00:00.000,1.44379,1.4454,1.44374,1.44518,17897
17.01.2025 14:00:00.000,1.44518,1.44644,1.44463,1.44602,12629
17.01.2025 15:00:00.000,1.44603,1.44742,1.44599,1.44654,6049
17.01.2025 16:00:00.000,1.44658,1.44845,1.44658,1.44743,2975
20.01.2025 00:00:00.000,1.44483,1.44513,1.4445,1.44497,3403
20.01.2025 01:00:00.000,1.44496,1.44559,1.44424,1.44478,3960
20.01.2025 02:00:00.000,1.44478,1.44565,1.4444,1.44452,5503
20.01.2025 03:00:00.000,1.44453,1.44629,1.44448,1.44624,7159
20.01.2025 04:00:00.000,1.44623,1.44779,1.44603,1.44769,7700
20.01.2025 05:00:00.000,1.44767,1.44767,1.44623,1.44688,7117
20.01.2025 06:00:00.000,1.44689,1.44703,1.44584,1.44618,8408
20.01.2025 07:00:00.000,1.44616,1.44695,1.44527,1.44548,6777
20.01.2025 08:00:00.000,1.44554,1.44688,1.43102,1.43117,44162
20.01.2025 09:00:00.000,1.43118,1.43389,1.42605,1.42947,47051
20.01.2025 10:00:00.000,1.42947,1.43549,1.42721,1.43391,25792
20.01.2025 11:00:00.000,1.43393,1.43444,1.43138,1.43216,7661
20.01.2025 12:00:00.000,1.43214,1.43797,1.4313,1.43363,10312
20.01.2025 13:00:00.000,1.43362,1.43495,1.43257,1.43259,8310
20.01.2025 14:00:00.000,1.43258,1.43284,1.42913,1.43038,3143
20.01.2025 15:00:00.000,1.43037,1.43098,1.42824,1.43097,4400
20.01.2025 16:00:00.000,1.43099,1.43175,1.43036,1.4307,2807
20.01.2025 17:00:00.000,1.43037,1.43118,1.42976,1.43096,929
20.01.2025 18:00:00.000,1.43069,1.43124,1.42946,1.4302,4857
20.01.2025 19:00:00.000,1.43019,1.4515,1.42888,1.44571,17112
20.01.2025 20:00:00.000,1.44572,1.44931,1.43893,1.44402,20337
20.01.2025 21:00:00.000,1.44401,1.4444,1.44084,1.44174,10461
20.01.2025 22:00:00.000,1.44175,1.4423,1.4393,1.44153,9346
20.01.2025 23:00:00.000,1.4415,1.44207,1.44042,1.44183,6355
21.01.2025 00:00:00.000,1.44183,1.44328,1.44107,1.44326,6043
21.01.2025 01:00:00.000,1.44325,1.44424,1.44276,1.44379,6073
21.01.2025 02:00:00.000,1.44378,1.44541,1.44303,1.44521,8100
21.01.2025 03:00:00.000,1.44522,1.4457,1.44243,1.44291,9026
21.01.2025 04:00:00.000,1.44293,1.44372,1.44145,1.44236,9736
21.01.2025 05:00:00.000,1.44236,1.44404,1.44183,1.4436,9403
21.01.2025 06:00:00.000,1.44362,1.44475,1.44346,1.44462,7640
21.01.2025 07:00:00.000,1.44462,1.44559,1.44378,1.44417,10479
21.01.2025 08:00:00.000,1.44417,1.44494,1.44076,1.44474,12102
21.01.2025 09:00:00.000,1.44473,1.4449,1.43998,1.44151,15459
21.01.2025 10:00:00.000,1.44151,1.44151,1.43673,1.43778,20380
21.01.2025 11:00:00.000,1.43778,1.4378,1.43282,1.43292,16947
21.01.2025 12:00:00.000,1.43292,1.43353,1.4317,1.43344,8015
21.01.2025 13:00:00.000,1.43343,1.43384,1.43235,1.43312,5246
21.01.2025 14:00:00.000,1.43313,1.43388,1.43281,1.43344,4959
21.01.2025 15:00:00.000,1.43345,1.43439,1.43331,1.43375,4829
21.01.2025 16:00:00.000,1.43373,1.43378,1.43109,1.43167,4072
21.01.2025 17:00:00.000,1.43163,1.4325,1.43162,1.43237,807
21.01.2025 18:00:00.000,1.43237,1.43498,1.43218,1.43404,6949
21.01.2025 19:00:00.000,1.43404,1.43405,1.43161,1.43229,5909
21.01.2025 20:00:00.000,1.43229,1.43383,1.43229,1.43366,5778
21.01.2025 21:00:00.000,1.43366,1.43406,1.43274,1.43296,5617
21.01.2025 22:00:00.000,1.43294,1.43398,1.43274,1.43376,3764
21.01.2025 23:00:00.000,1.43376,1.43394,1.43301,1.43355,2778
22.01.2025 00:00:00.000,1.43355,1.43437,1.43344,1.43365,3911
22.01.2025 01:00:00.000,1.43366,1.43539,1.43347,1.43488,5088
22.01.2025 02:00:00.000,1.43488,1.4351,1.43312,1.43348,7175
22.01.2025 03:00:00.000,1.43347,1.43361,1.4321,1.43281,12253
22.01.2025 04:00:00.000,1.4328,1.43366,1.43246,1.43268,11025
22.01.2025 05:00:00.000,1.4327,1.43277,1.43048,1.43191,9371
22.01.2025 06:00:00.000,1.43193,1.43373,1.43004,1.43331,7147
22.01.2025 07:00:00.000,1.43331,1.43492,1.43279,1.434,7906
22.01.2025 08:00:00.000,1.43399,1.43703,1.4332,1.4353,11117
22.01.2025 09:00:00.000,1.43532,1.43785,1.43519,1.43757,14796
22.01.2025 10:00:00.000,1.43757,1.43906,1.43738,1.43755,14527
22.01.2025 11:00:00.000,1.43754,1.43814,1.43579,1.43603,8443
22.01.2025 12:00:00.000,1.43604,1.43714,1.43604,1.43654,6410
22.01.2025 13:00:00.000,1.43656,1.43729,1.4353,1.43646,5645
22.01.2025 14:00:00.000,1.43644,1.43712,1.43627,1.43699,5033
22.01.2025 15:00:00.000,1.437,1.43902,1.43639,1.43873,5686
22.01.2025 16:00:00.000,1.43873,1.43893,1.43741,1.43741,1992
22.01.2025 17:00:00.000,1.43737,1.43823,1.43663,1.43806,742
22.01.2025 18:00:00.000,1.43823,1.44035,1.43794,1.43953,2455
22.01.2025 19:00:00.000,1.43952,1.43958,1.43865,1.43873,4162
22.01.2025 20:00:00.000,1.43873,1.43959,1.43814,1.43941,6119
22.01.2025 21:00:00.000,1.43943,1.44036,1.43857,1.43881,5068
22.01.2025 22:00:00.000,1.43883,1.4393,1.43815,1.43912,4229
22.01.2025 23:00:00.000,1.43913,1.43914,1.43864,1.43881,3211
23.01.2025 00:00:00.000,1.4388,1.43945,1.43867,1.43923,4550
23.01.2025 01:00:00.000,1.43923,1.4394,1.43855,1.43939,5176
23.01.2025 02:00:00.000,1.43939,1.44016,1.43861,1.43886,7293
23.01.2025 03:00:00.000,1.43883,1.43994,1.43859,1.43946,8265
23.01.2025 04:00:00.000,1.43944,1.43945,1.43835,1.43892,8928
23.01.2025 05:00:00.000,1.43891,1.43935,1.43863,1.4392,6973
23.01.2025 06:00:00.000,1.4392,1.44014,1.43873,1.43953,7862
23.01.2025 07:00:00.000,1.43953,1.44105,1.43941,1.43989,7110
23.01.2025 08:00:00.000,1.43989,1.4413,1.43938,1.44034,11591
23.01.2025 09:00:00.000,1.44039,1.44039,1.4371,1.43802,12613
23.01.2025 10:00:00.000,1.43803,1.43899,1.43698,1.43792,15353
23.01.2025 11:00:00.000,1.43793,1.44017,1.43476,1.43601,20225
23.01.2025 12:00:00.000,1.43603,1.43639,1.43336,1.43386,8766
23.01.2025 13:00:00.000,1.43384,1.43591,1.43382,1.43552,7764
23.01.2025 14:00:00.000,1.43554,1.43619,1.43475,1.43611,4057
23.01.2025 15:00:00.000,1.43613,1.43798,1.43548,1.43742,5219
23.01.2025 16:00:00.000,1.43743,1.43838,1.43693,1.43819,2112
23.01.2025 17:00:00.000,1.43782,1.43819,1.43764,1.4381,439
23.01.2025 18:00:00.000,1.4381,1.4381,1.43758,1.43772,1309
23.01.2025 19:00:00.000,1.43772,1.438,1.43721,1.43751,2459
23.01.2025 20:00:00.000,1.43751,1.43832,1.43744,1.43749,3882
23.01.2025 21:00:00.000,1.43748,1.43748,1.43254,1.43287,9751
23.01.2025 22:00:00.000,1.43288,1.43444,1.43205,1.43337,8373
23.01.2025 23:00:00.000,1.43335,1.43433,1.43281,1.434,6305
24.01.2025 00:00:00.000,1.43402,1.43417,1.43307,1.43307,5055
24.01.2025 01:00:00.000,1.43307,1.43336,1.43209,1.43299,7509
24.01.2025 02:00:00.000,1.43299,1.43482,1.43297,1.43435,9517
24.01.2025 03:00:00.000,1.43434,1.43471,1.43247,1.4328,12571
24.01.2025 04:00:00.000,1.43281,1.43382,1.43143,1.43247,13452
24.01.2025 05:00:00.000,1.43247,1.433,1.43191,1.43265,8831
24.01.2025 06:00:00.000,1.43267,1.43376,1.4322,1.4334,8049
24.01.2025 07:00:00.000,1.4334,1.43491,1.4334,1.4342,7015
24.01.2025 08:00:00.000,1.43421,1.43429,1.43221,1.43236,10298
24.01.2025 09:00:00.000,1.43235,1.43411,1.43166,1.43358,13426
24.01.2025 10:00:00.000,1.43358,1.43405,1.43193,1.43272,17350
24.01.2025 11:00:00.000,1.43272,1.43412,1.43243,1.4332,13511
24.01.2025 12:00:00.000,1.4332,1.43373,1.43267,1.43367,8406
24.01.2025 13:00:00.000,1.43368,1.43431,1.43339,1.43416,6546
24.01.2025 14:00:00.000,1.43414,1.43468,1.43396,1.43421,5380
24.01.2025 15:00:00.000,1.43424,1.43489,1.43382,1.43463,5049
24.01.2025 16:00:00.000,1.43462,1.43488,1.43352,1.43415,2270
27.01.2025 00:00:00.000,1.43814,1.43907,1.43814,1.43839,5629
27.01.2025 01:00:00.000,1.43839,1.43929,1.43786,1.43798,6250
27.01.2025 02:00:00.000,1.43798,1.44001,1.43794,1.43994,9743
27.01.2025 03:00:00.000,1.43994,1.43995,1.4377,1.43779,13217
27.01.2025 04:00:00.000,1.43779,1.43811,1.43645,1.43679,12340
27.01.2025 05:00:00.000,1.43678,1.43678,1.43466,1.43565,14099
27.01.2025 06:00:00.000,1.43565,1.43679,1.43481,1.43605,13223
27.01.2025 07:00:00.000,1.43606,1.43697,1.4333,1.4341,10972
27.01.2025 08:00:00.000,1.4341,1.436,1.43335,1.43571,11712
27.01.2025 09:00:00.000,1.43572,1.43888,1.43559,1.43785,14287
27.01.2025 10:00:00.000,1.43785,1.43951,1.43779,1.43838,14170
27.01.2025 11:00:00.000,1.43838,1.43952,1.43796,1.439,14567
27.01.2025 12:00:00.000,1.439,1.43978,1.43859,1.43977,9884
27.01.2025 13:00:00.000,1.43978,1.44009,1.43805,1.4385,9258
27.01.2025 14:00:00.000,1.43849,1.43873,1.43751,1.43767,8391
27.01.2025 15:00:00.000,1.43766,1.43841,1.43711,1.43719,6240
27.01.2025 16:00:00.000,1.43718,1.4376,1.43658,1.43692,3690
27.01.2025 17:00:00.000,1.43693,1.43726,1.43676,1.43678,619
27.01.2025 18:00:00.000,1.43703,1.44151,1.4366,1.44048,15303
27.01.2025 19:00:00.000,1.44049,1.44073,1.43875,1.43908,7116
27.01.2025 20:00:00.000,1.43917,1.44036,1.438,1.4396,7588
27.01.2025 21:00:00.000,1.43961,1.44049,1.43873,1.43928,8854
27.01.2025 22:00:00.000,1.43929,1.43999,1.43909,1.43987,4459
27.01.2025 23:00:00.000,1.43987,1.4404,1.43941,1.43949,2843
28.01.2025 00:00:00.000,1.43947,1.43993,1.43916,1.43979,2162
28.01.2025 01:00:00.000,1.43981,1.44028,1.43926,1.43997,3144
28.01.2025 02:00:00.000,1.43997,1.4405,1.4392,1.44034,7863
28.01.2025 03:00:00.000,1.44033,1.44119,1.44012,1.44046,10419
28.01.2025 04:00:00.000,1.44043,1.44043,1.43885,1.43971,9330
28.01.2025 05:00:00.000,1.4397,1.44117,1.43937,1.44114,7176
28.01.2025 06:00:00.000,1.44113,1.44161,1.44069,1.44153,7493
28.01.2025 07:00:00.000,1.44152,1.44194,1.44099,1.44158,9699
28.01.2025 08:00:00.000,1.44159,1.44171,1.43953,1.44017,10289
28.01.2025 09:00:00.000,1.44017,1.4402,1.43684,1.4381,14886
28.01.2025 10:00:00.000,1.4381,1.43933,1.43767,1.43918,13496
28.01.2025 11:00:00.000,1.43918,1.44,1.43835,1.43916,12223
28.01.2025 12:00:00.000,1.43916,1.43979,1.43851,1.43967,7698
28.01.2025 13:00:00.000,1.43967,1.44072,1.4384,1.43998,7788
28.01.2025 14:00:00.000,1.43998,1.44129,1.43933,1.43946,6098
28.01.2025 15:00:00.000,1.43946,1.44006,1.43928,1.43968,6030
28.01.2025 16:00:00.000,1.4397,1.44023,1.43932,1.43968,2069
28.01.2025 17:00:00.000,1.43967,1.43982,1.43892,1.43957,4869
28.01.2025 18:00:00.000,1.43962,1.44024,1.43962,1.44024,1899
28.01.2025 19:00:00.000,1.44022,1.44087,1.43963,1.44043,3438
28.01.2025 20:00:00.000,1.44043,1.44055,1.44005,1.44022,2451
28.01.2025 21:00:00.000,1.44021,1.44026,1.43941,1.43978,3002
28.01.2025 22:00:00.000,1.43976,1.44027,1.43952,1.43959,3602
28.01.2025 23:00:00.000,1.43958,1.43974,1.43911,1.43961,3018
29.01.2025 00:00:00.000,1.43962,1.43995,1.43914,1.43971,2327
29.01.2025 01:00:00.000,1.43971,1.43988,1.43924,1.43983,3772
29.01.2025 02:00:00.000,1.43985,1.44146,1.43978,1.44132,6644
29.01.2025 03:00:00.000,1.44131,1.44192,1.44077,1.44189,7788
29.01.2025 04:00:00.000,1.4419,1.4433,1.44185,1.44292,7571
29.01.2025 05:00:00.000,1.4429,1.44327,1.44231,1.44285,6004
29.01.2025 06:00:00.000,1.44284,1.44314,1.44177,1.4427,4990
29.01.2025 07:00:00.000,1.44271,1.44398,1.44238,1.44333,7209
29.01.2025 08:00:00.000,1.44332,1.44701,1.44318,1.44642,12542
29.01.2025 09:00:00.000,1.44641,1.4471,1.44214,1.44402,14612
29.01.2025 10:00:00.000,1.44399,1.4462,1.44324,1.4443,13141
29.01.2025 11:00:00.000,1.44428,1.44582,1.44285,1.44321,23062
29.01.2025 12:00:00.000,1.4432,1.44322,1.44025,1.44213,10549
29.01.2025 13:00:00.000,1.44211,1.44292,1.44186,1.44223,5582
29.01.2025 14:00:00.000,1.44218,1.44453,1.44081,1.44204,23148
29.01.2025 15:00:00.000,1.44201,1.44296,1.44099,1.44261,11626
29.01.2025 16:00:00.000,1.44266,1.44282,1.44153,1.44153,3407
29.01.2025 17:00:00.000,1.44152,1.44201,1.44065,1.44186,480
29.01.2025 18:00:00.000,1.44184,1.44208,1.43918,1.43962,4217
29.01.2025 19:00:00.000,1.43962,1.44096,1.43962,1.44058,4188
29.01.2025 20:00:00.000,1.44061,1.44161,1.44061,1.44129,3170
29.01.2025 21:00:00.000,1.44128,1.44184,1.4407,1.44172,3200
29.01.2025 22:00:00.000,1.44173,1.44192,1.44127,1.44172,3358
29.01.2025 23:00:00.000,1.44172,1.44228,1.4414,1.44196,2600
30.01.2025 00:00:00.000,1.44197,1.44243,1.44196,1.44235,2229
30.01.2025 01:00:00.000,1.44237,1.44317,1.44225,1.44287,3079
30.01.2025 02:00:00.000,1.44295,1.44354,1.44152,1.44173,4611
30.01.2025 03:00:00.000,1.44171,1.44186,1.44064,1.44073,5577
30.01.2025 04:00:00.000,1.44072,1.44164,1.44019,1.44091,15558
30.01.2025 05:00:00.000,1.44091,1.44149,1.44045,1.44114,7415
30.01.2025 06:00:00.000,1.44114,1.44148,1.4407,1.44132,5109
30.01.2025 07:00:00.000,1.44132,1.44191,1.44063,1.44127,7354
30.01.2025 08:00:00.000,1.44129,1.44227,1.44058,1.44086,15439
30.01.2025 09:00:00.000,1.44086,1.44204,1.44033,1.44149,14792
30.01.2025 10:00:00.000,1.44152,1.44156,1.43992,1.44086,12951
30.01.2025 11:00:00.000,1.44085,1.44149,1.44042,1.44133,9790
30.01.2025 12:00:00.000,1.44132,1.44221,1.44117,1.44144,6421
30.01.2025 13:00:00.000,1.44144,1.44155,1.43995,1.44005,4637
30.01.2025 14:00:00.000,1.44005,1.44143,1.43998,1.4413,3658
30.01.2025 15:00:00.000,1.4413,1.45941,1.44112,1.44853,22832
30.01.2025 16:00:00.000,1.44852,1.45112,1.44723,1.44855,12180
30.01.2025 17:00:00.000,1.44842,1.45011,1.44837,1.44878,1755
30.01.2025 18:00:00.000,1.44888,1.45093,1.44777,1.44924,6287
30.01.2025 19:00:00.000,1.44924,1.44992,1.44826,1.44966,5563
30.01.2025 20:00:00.000,1.44966,1.45004,1.44792,1.44828,7401
30.01.2025 21:00:00.000,1.44828,1.44893,1.44715,1.44778,4364
30.01.2025 22:00:00.000,1.44777,1.44852,1.44737,1.44831,3621
30.01.2025 23:00:00.000,1.4483,1.44875,1.44777,1.44795,3062
31.01.2025 00:00:00.000,1.44797,1.44837,1.44746,1.44773,3637
31.01.2025 01:00:00.000,1.44772,1.44804,1.44621,1.44632,3474
31.01.2025 02:00:00.000,1.44632,1.44645,1.44306,1.44378,8400
31.01.2025 03:00:00.000,1.44377,1.44702,1.44365,1.44686,8310
31.01.2025 04:00:00.000,1.44691,1.44908,1.4469,1.44782,11387
31.01.2025 05:00:00.000,1.44782,1.44906,1.44759,1.44862,8755
31.01.2025 06:00:00.000,1.44863,1.44969,1.44858,1.44863,8809
31.01.2025 07:00:00.000,1.44861,1.44862,1.44755,1.44813,13734
31.01.2025 08:00:00.000,1.44813,1.44909,1.44625,1.44877,14820
31.01.2025 09:00:00.000,1.44877,1.45501,1.44861,1.4518,16653
31.01.2025 10:00:00.000,1.45179,1.45289,1.44661,1.44816,16435
31.01.2025 11:00:00.000,1.44816,1.449,1.4452,1.4461,13510
31.01.2025 12:00:00.000,1.44609,1.44844,1.43701,1.44001,29482
31.01.2025 13:00:00.000,1.43999,1.45216,1.43898,1.45058,29014
31.01.2025 14:00:00.000,1.45057,1.45275,1.45035,1.45101,18598
31.01.2025 15:00:00.000,1.45099,1.45589,1.44947,1.45367,18342
31.01.2025 16:00:00.000,1.4537,1.45513,1.45093,1.45257,11091
03.02.2025 00:00:00.000,1.47466,1.47529,1.47247,1.47274,8367
03.02.2025 01:00:00.000,1.47273,1.47515,1.4702,1.47123,9205
03.02.2025 02:00:00.000,1.47122,1.47246,1.46944,1.47163,14350
03.02.2025 03:00:00.000,1.47163,1.47213,1.46743,1.46948,13808
03.02.2025 04:00:00.000,1.46952,1.47024,1.46743,1.46925,10499
03.02.2025 05:00:00.000,1.46926,1.46926,1.46643,1.46719,8894
03.02.2025 06:00:00.000,1.46718,1.47038,1.46696,1.46733,8809
03.02.2025 07:00:00.000,1.46733,1.46859,1.46517,1.46706,12703
03.02.2025 08:00:00.000,1.46707,1.4673,1.45886,1.46675,17998
03.02.2025 09:00:00.000,1.46675,1.46904,1.46404,1.46753,23561
03.02.2025 10:00:00.000,1.46746,1.47019,1.45439,1.457,37493
03.02.2025 11:00:00.000,1.45701,1.46435,1.45683,1.46007,26254
03.02.2025 12:00:00.000,1.4601,1.46251,1.45221,1.45789,16074
03.02.2025 13:00:00.000,1.45789,1.45921,1.45622,1.45741,13971
03.02.2025 14:00:00.000,1.45743,1.45744,1.45474,1.45721,7127
03.02.2025 15:00:00.000,1.45735,1.45744,1.45537,1.45688,6495
03.02.2025 16:00:00.000,1.45689,1.45747,1.4388,1.44247,16664
03.02.2025 17:00:00.000,1.44247,1.4431,1.4406,1.44088,3810
03.02.2025 18:00:00.000,1.44107,1.44223,1.43853,1.44208,7862
03.02.2025 19:00:00.000,1.44209,1.44528,1.44167,1.44433,7705
03.02.2025 20:00:00.000,1.44432,1.44615,1.44378,1.44481,10974
03.02.2025 21:00:00.000,1.44481,1.44653,1.44475,1.44586,7462
03.02.2025 22:00:00.000,1.4459,1.44734,1.44531,1.44681,6140
03.02.2025 23:00:00.000,1.44682,1.44817,1.44657,1.44808,4781
04.02.2025 00:00:00.000,1.44807,1.4502,1.44787,1.44863,17121
04.02.2025 01:00:00.000,1.44861,1.44876,1.44618,1.44619,5996
04.02.2025 02:00:00.000,1.44623,1.44658,1.44299,1.4438,10597
04.02.2025 03:00:00.000,1.4438,1.44607,1.44333,1.445,12989
04.02.2025 04:00:00.000,1.445,1.44543,1.44238,1.44248,9245
04.02.2025 05:00:00.000,1.44249,1.44327,1.44176,1.44177,8242
04.02.2025 06:00:00.000,1.44177,1.44359,1.44141,1.44341,7641
04.02.2025 07:00:00.000,1.44342,1.4441,1.44158,1.44159,7036
04.02.2025 08:00:00.000,1.4416,1.44177,1.43809,1.43827,9681
04.02.2025 09:00:00.000,1.43827,1.43925,1.43603,1.43709,12537
04.02.2025 10:00:00.000,1.43709,1.4371,1.4327,1.43273,14099
04.02.2025 11:00:00.000,1.43274,1.43328,1.43086,1.432,10915
04.02.2025 12:00:00.000,1.432,1.435,1.43159,1.43399,9038
04.02.2025 13:00:00.000,1.434,1.43459,1.43314,1.43325,4661
04.02.2025 14:00:00.000,1.43323,1.43365,1.43013,1.4305,6226
04.02.2025 15:00:00.000,1.43051,1.4318,1.43043,1.43171,4855
04.02.2025 16:00:00.000,1.43172,1.43318,1.43162,1.43168,3253
04.02.2025 17:00:00.000,1.43173,1.43277,1.43051,1.4325,906
04.02.2025 18:00:00.000,1.4325,1.43386,1.43219,1.43385,2718
04.02.2025 19:00:00.000,1.43385,1.43385,1.43191,1.43238,4855
04.02.2025 20:00:00.000,1.43241,1.43343,1.43126,1.43337,8788
04.02.2025 21:00:00.000,1.43336,1.43376,1.43179,1.43249,7037
04.02.2025 22:00:00.000,1.43247,1.43321,1.43207,1.43314,5212
04.02.2025 23:00:00.000,1.43312,1.43396,1.43291,1.43378,3859
05.02.2025 00:00:00.000,1.43377,1.43438,1.43354,1.43377,4755
05.02.2025 01:00:00.000,1.43379,1.43431,1.43183,1.433,5605
05.02.2025 02:00:00.000,1.43302,1.43378,1.43045,1.43088,11559
05.02.2025 03:00:00.000,1.43088,1.43097,1.42824,1.42831,13252
05.02.2025 04:00:00.000,1.42834,1.4286,1.42793,1.4285,9838
05.02.2025 05:00:00.000,1.42851,1.42881,1.42719,1.42754,8565
05.02.2025 06:00:00.000,1.42755,1.42955,1.42751,1.42871,5749
05.02.2025 07:00:00.000,1.42868,1.42943,1.42814,1.42856,5932
05.02.2025 08:00:00.000,1.42856,1.42939,1.42696,1.4292,10207
05.02.2025 09:00:00.000,1.4292,1.42948,1.42694,1.42873,11566
05.02.2025 10:00:00.000,1.4286,1.42993,1.42693,1.42854,15710
05.02.2025 11:00:00.000,1.42855,1.4299,1.42799,1.42822,10448
05.02.2025 12:00:00.000,1.42819,1.43005,1.42754,1.42918,5548
05.02.2025 13:00:00.000,1.4292,1.43111,1.42863,1.43091,4419
05.02.2025 14:00:00.000,1.4309,1.43196,1.43023,1.43147,4757
05.02.2025 15:00:00.000,1.43147,1.43276,1.43112,1.43131,3911
05.02.2025 16:00:00.000,1.43129,1.43184,1.43013,1.43018,2729
05.02.2025 17:00:00.000,1.43052,1.43176,1.43052,1.43138,954
05.02.2025 18:00:00.000,1.43144,1.43196,1.43096,1.43147,2029
05.02.2025 19:00:00.000,1.43148,1.43269,1.43113,1.43213,3572
05.02.2025 20:00:00.000,1.4321,1.43229,1.43133,1.43141,4993
05.02.2025 21:00:00.000,1.4314,1.43302,1.43137,1.43289,3797
05.02.2025 22:00:00.000,1.43289,1.43355,1.43268,1.43336,3563
05.02.2025 23:00:00.000,1.43337,1.43506,1.43314,1.43483,3289
06.02.2025 00:00:00.000,1.43482,1.4349,1.4339,1.43474,3016
06.02.2025 01:00:00.000,1.43475,1.43476,1.434,1.43449,4119
06.02.2025 02:00:00.000,1.4345,1.43631,1.43427,1.43596,7255
06.02.2025 03:00:00.000,1.43594,1.43661,1.435,1.43575,7606
06.02.2025 04:00:00.000,1.43576,1.43659,1.43536,1.43593,6781
06.02.2025 05:00:00.000,1.43591,1.43617,1.43473,1.43569,6567
06.02.2025 06:00:00.000,1.43569,1.43608,1.43486,1.4358,6988
06.02.2025 07:00:00.000,1.4358,1.43638,1.43447,1.4347,10630
06.02.2025 08:00:00.000,1.43472,1.43538,1.4341,1.43413,7903
06.02.2025 09:00:00.000,1.43411,1.43483,1.4328,1.43457,8941
06.02.2025 10:00:00.000,1.43457,1.43485,1.43202,1.43211,12103
06.02.2025 11:00:00.000,1.4321,1.43226,1.43031,1.43164,7352
06.02.2025 12:00:00.000,1.43163,1.43186,1.4306,1.43105,4694
06.02.2025 13:00:00.000,1.43105,1.43145,1.43008,1.43052,6343
06.02.2025 14:00:00.000,1.43052,1.43182,1.43045,1.43181,3595
06.02.2025 15:00:00.000,1.43182,1.43188,1.43029,1.43045,3821
06.02.2025 16:00:00.000,1.43049,1.43111,1.4301,1.43034,2115
06.02.2025 17:00:00.000,1.43035,1.43096,1.43021,1.43083,547
06.02.2025 18:00:00.000,1.43077,1.43103,1.43022,1.43071,1569
06.02.2025 19:00:00.000,1.43073,1.43179,1.43013,1.43157,2327
06.02.2025 20:00:00.000,1.43157,1.43164,1.43018,1.43049,4559
06.02.2025 21:00:00.000,1.43051,1.43084,1.43008,1.43051,4801
06.02.2025 22:00:00.000,1.43052,1.4318,1.43049,1.43168,3827
06.02.2025 23:00:00.000,1.43168,1.4326,1.43161,1.43196,2911
07.02.2025 00:00:00.000,1.43196,1.43255,1.43177,1.43245,3358
07.02.2025 01:00:00.000,1.43245,1.43253,1.43191,1.43192,3591
07.02.2025 02:00:00.000,1.43191,1.43208,1.43067,1.43135,4970
07.02.2025 03:00:00.000,1.43137,1.43137,1.43039,1.43065,6770
07.02.2025 04:00:00.000,1.43065,1.43127,1.4305,1.43113,6114
07.02.2025 05:00:00.000,1.43112,1.43269,1.43104,1.43239,5637
07.02.2025 06:00:00.000,1.43237,1.43359,1.43226,1.43315,5720
07.02.2025 07:00:00.000,1.43317,1.43434,1.43315,1.43369,7452
07.02.2025 08:00:00.000,1.43368,1.43443,1.42868,1.43045,18393
07.02.2025 09:00:00.000,1.43045,1.43115,1.42806,1.42866,12409
07.02.2025 10:00:00.000,1.42884,1.43392,1.42794,1.43009,23712
07.02.2025 11:00:00.000,1.43011,1.43278,1.42901,1.43115,28153
07.02.2025 12:00:00.000,1.43117,1.43321,1.42852,1.42921,18328
07.02.2025 13:00:00.000,1.42921,1.43007,1.4273,1.4298,6755
07.02.2025 14:00:00.000,1.42977,1.43006,1.42747,1.4283,5810
07.02.2025 15:00:00.000,1.42832,1.42976,1.42794,1.42806,4855
07.02.2025 16:00:00.000,1.42802,1.42966,1.42735,1.42862,2765
10.02.2025 00:00:00.000,1.43424,1.43454,1.43354,1.43442,3868
10.02.2025 01:00:00.000,1.43441,1.43461,1.43348,1.43356,4284
10.02.2025 02:00:00.000,1.43355,1.43586,1.43304,1.43469,5537
10.02.2025 03:00:00.000,1.43468,1.43479,1.43312,1.43363,8457
10.02.2025 04:00:00.000,1.43365,1.43375,1.43147,1.43257,7780
10.02.2025 05:00:00.000,1.43258,1.4337,1.43258,1.43335,4458
10.02.2025 06:00:00.000,1.43336,1.43408,1.43262,1.43395,4750
10.02.2025 07:00:00.000,1.43396,1.43443,1.43343,1.43374,5664
10.02.2025 08:00:00.000,1.43375,1.4344,1.43332,1.43363,4847
10.02.2025 09:00:00.000,1.43363,1.43428,1.4323,1.43362,8011
10.02.2025 10:00:00.000,1.43361,1.43396,1.4319,1.43199,8680
10.02.2025 11:00:00.000,1.43199,1.43254,1.43135,1.43178,6798
10.02.2025 12:00:00.000,1.43176,1.43243,1.43132,1.43192,4283
10.02.2025 13:00:00.000,1.43192,1.43221,1.431,1.43137,4080
10.02.2025 14:00:00.000,1.43137,1.4316,1.43048,1.43076,3103
10.02.2025 15:00:00.000,1.43077,1.43142,1.43061,1.43093,2635
10.02.2025 16:00:00.000,1.43092,1.4317,1.43075,1.43142,1246
10.02.2025 17:00:00.000,1.43116,1.4338,1.4304,1.43288,1707
10.02.2025 18:00:00.000,1.43279,1.43386,1.43177,1.43386,3614
10.02.2025 19:00:00.000,1.43381,1.43396,1.43308,1.4331,1976
10.02.2025 20:00:00.000,1.43313,1.4335,1.43256,1.43344,2850
10.02.2025 21:00:00.000,1.43343,1.434,1.43296,1.43389,4330
10.02.2025 22:00:00.000,1.43388,1.43401,1.43339,1.43339,3325
10.02.2025 23:00:00.000,1.43339,1.43346,1.43318,1.43343,1836
11.02.2025 00:00:00.000,1.43342,1.43343,1.43287,1.43324,2760
11.02.2025 01:00:00.000,1.43323,1.43339,1.43259,1.43294,4160
11.02.2025 02:00:00.000,1.43294,1.43376,1.4326,1.43329,5880
11.02.2025 03:00:00.000,1.4333,1.43372,1.4324,1.43349,7895
11.02.2025 04:00:00.000,1.4335,1.43397,1.43307,1.43333,6977
11.02.2025 05:00:00.000,1.43333,1.43451,1.43299,1.43431,5331
11.02.2025 06:00:00.000,1.43431,1.43446,1.43262,1.43273,5190
11.02.2025 07:00:00.000,1.43274,1.43392,1.43205,1.43228,8496
11.02.2025 08:00:00.000,1.43228,1.43286,1.43077,1.43099,8430
11.02.2025 09:00:00.000,1.43099,1.43201,1.43077,1.43189,9783
11.02.2025 10:00:00.000,1.43189,1.43267,1.43083,1.43139,8355
11.02.2025 11:00:00.000,1.43138,1.43142,1.43016,1.43071,7180
11.02.2025 12:00:00.000,1.43074,1.43147,1.42996,1.43066,4575
11.02.2025 13:00:00.000,1.43066,1.43082,1.4296,1.43022,4598
11.02.2025 14:00:00.000,1.43023,1.43034,1.42786,1.42934,7363
11.02.2025 15:00:00.000,1.42933,1.42935,1.42792,1.42873,5305
11.02.2025 16:00:00.000,1.42875,1.42943,1.42815,1.42821,2256
11.02.2025 17:00:00.000,1.42814,1.42875,1.42795,1.42833,885
11.02.2025 18:00:00.000,1.4283,1.42866,1.42815,1.42865,1583
11.02.2025 19:00:00.000,1.42864,1.42934,1.42863,1.42908,1999
11.02.2025 20:00:00.000,1.42909,1.42958,1.42865,1.42877,3375
11.02.2025 21:00:00.000,1.42877,1.42901,1.42791,1.42835,4806
11.02.2025 22:00:00.000,1.42836,1.42899,1.42823,1.42863,3631
11.02.2025 23:00:00.000,1.42864,1.42971,1.4286,1.42966,2983
12.02.2025 00:00:00.000,1.42966,1.42977,1.42944,1.42957,3761
12.02.2025 01:00:00.000,1.42957,1.42966,1.42924,1.42957,3616
12.02.2025 02:00:00.000,1.42957,1.42958,1.42856,1.42908,6694
12.02.2025 03:00:00.000,1.42906,1.43029,1.42863,1.43012,8862
12.02.2025 04:00:00.000,1.43013,1.43127,1.42995,1.43076,6532
12.02.2025 05:00:00.000,1.43077,1.43149,1.4306,1.43068,5545
12.02.2025 06:00:00.000,1.4307,1.43078,1.42889,1.42946,6685
12.02.2025 07:00:00.000,1.42949,1.43049,1.42927,1.43007,5315
12.02.2025 08:00:00.000,1.43008,1.43394,1.42922,1.43285,15416
12.02.2025 09:00:00.000,1.43285,1.43419,1.43177,1.43189,13252
12.02.2025 10:00:00.000,1.43192,1.43316,1.42853,1.42949,17590
12.02.2025 11:00:00.000,1.42948,1.4314,1.42837,1.42888,12224
12.02.2025 12:00:00.000,1.42888,1.42899,1.4255,1.42616,14538
12.02.2025 13:00:00.000,1.42614,1.42898,1.42586,1.42839,10958
12.02.2025 14:00:00.000,1.42839,1.42916,1.42815,1.42842,6310
12.02.2025 15:00:00.000,1.4284,1.42864,1.42791,1.42842,5974
12.02.2025 16:00:00.000,1.42842,1.43098,1.42834,1.43052,3665
12.02.2025 17:00:00.000,1.43052,1.43053,1.42964,1.42993,428
12.02.2025 18:00:00.000,1.43001,1.43028,1.42979,1.42997,1837
12.02.2025 19:00:00.000,1.42998,1.43014,1.42901,1.42981,2218
12.02.2025 20:00:00.000,1.4298,1.43008,1.42866,1.42879,4589
12.02.2025 21:00:00.000,1.42879,1.42902,1.42816,1.42847,6246
12.02.2025 22:00:00.000,1.42846,1.42854,1.42681,1.42682,5634
12.02.2025 23:00:00.000,1.42683,1.42702,1.42591,1.42626,5703
13.02.2025 00:00:00.000,1.42626,1.42629,1.42551,1.42584,5649
13.02.2025 01:00:00.000,1.42583,1.42638,1.42543,1.42617,5403
13.02.2025 02:00:00.000,1.42619,1.42744,1.42547,1.42701,7945
13.02.2025 03:00:00.000,1.42702,1.42957,1.42699,1.42935,10776
13.02.2025 04:00:00.000,1.42933,1.42993,1.42879,1.42909,6137
13.02.2025 05:00:00.000,1.42911,1.42976,1.42866,1.42898,3944
13.02.2025 06:00:00.000,1.42899,1.43032,1.42822,1.42938,6797
13.02.2025 07:00:00.000,1.42938,1.43027,1.42843,1.42843,7437
13.02.2025 08:00:00.000,1.42843,1.42918,1.42645,1.42847,11545
13.02.2025 09:00:00.000,1.42846,1.42893,1.42669,1.42686,11323
13.02.2025 10:00:00.000,1.42685,1.42685,1.42101,1.42216,18476
13.02.2025 11:00:00.000,1.42216,1.42311,1.42116,1.42303,9150
13.02.2025 12:00:00.000,1.42305,1.42446,1.42273,1.42433,5020
13.02.2025 13:00:00.000,1.42434,1.42625,1.42325,1.42399,15296
13.02.2025 14:00:00.000,1.42399,1.4241,1.42218,1.42307,9410
13.02.2025 15:00:00.000,1.42308,1.42328,1.41825,1.41873,6902
13.02.2025 16:00:00.000,1.41872,1.41998,1.41854,1.41905,2426
13.02.2025 17:00:00.000,1.41908,1.41959,1.41863,1.41899,520
13.02.2025 18:00:00.000,1.41911,1.42005,1.41873,1.41922,3583
13.02.2025 19:00:00.000,1.41925,1.41998,1.41853,1.41934,4214
13.02.2025 20:00:00.000,1.41936,1.41945,1.41815,1.41887,6389
13.02.2025 21:00:00.000,1.41886,1.41905,1.41829,1.41863,5788
13.02.2025 22:00:00.000,1.41863,1.41907,1.41812,1.4182,3478
13.02.2025 23:00:00.000,1.4182,1.41848,1.41765,1.41833,2370
14.02.2025 00:00:00.000,1.41832,1.41912,1.41815,1.41866,3618
14.02.2025 01:00:00.000,1.41868,1.41885,1.41783,1.41811,5246
14.02.2025 02:00:00.000,1.4181,1.4181,1.41633,1.41662,7170
14.02.2025 03:00:00.000,1.41662,1.41696,1.41563,1.4168,9786
14.02.2025 04:00:00.000,1.4168,1.41718,1.41588,1.4167,7141
14.02.2025 05:00:00.000,1.41671,1.41842,1.41647,1.41826,7154
14.02.2025 06:00:00.000,1.41824,1.4191,1.4177,1.41824,7605
14.02.2025 07:00:00.000,1.41825,1.41891,1.41732,1.41734,9108
14.02.2025 08:00:00.000,1.41731,1.418,1.41547,1.41642,11843
14.02.2025 09:00:00.000,1.41642,1.41652,1.41503,1.41527,9967
14.02.2025 10:00:00.000,1.41527,1.41695,1.41523,1.41664,11540
14.02.2025 11:00:00.000,1.41665,1.41772,1.41638,1.41726,8131
14.02.2025 12:00:00.000,1.41725,1.4178,1.41636,1.41645,4996
14.02.2025 13:00:00.000,1.41646,1.41702,1.41625,1.41652,3522
14.02.2025 14:00:00.000,1.41651,1.41682,1.41567,1.41594,3772
14.02.2025 15:00:00.000,1.41596,1.41728,1.41593,1.41718,3692
14.02.2025 16:00:00.000,1.41717,1.41862,1.41661,1.41803,2354
17.02.2025 00:00:00.000,1.4166,1.41746,1.41617,1.41731,6101
17.02.2025 01:00:00.000,1.41731,1.41815,1.41717,1.41742,5528
17.02.2025 02:00:00.000,1.41741,1.41851,1.41707,1.41837,5931
17.02.2025 03:00:00.000,1.41837,1.41925,1.41811,1.41921,7498
17.02.2025 04:00:00.000,1.41918,1.41936,1.41855,1.41899,4959
17.02.2025 05:00:00.000,1.41899,1.41927,1.41834,1.41912,5540
17.02.2025 06:00:00.000,1.41912,1.41935,1.41855,1.41855,3756
17.02.2025 07:00:00.000,1.41853,1.41917,1.41825,1.41883,5397
17.02.2025 08:00:00.000,1.41883,1.41926,1.41809,1.41883,4600
17.02.2025 09:00:00.000,1.41884,1.41918,1.41845,1.41848,3732
17.02.2025 10:00:00.000,1.41849,1.41889,1.41811,1.41868,5019
17.02.2025 11:00:00.000,1.41868,1.41892,1.41786,1.41852,2276
17.02.2025 12:00:00.000,1.41853,1.41863,1.41819,1.41826,1432
17.02.2025 13:00:00.000,1.41827,1.41846,1.41813,1.41823,921
17.02.2025 14:00:00.000,1.41825,1.41878,1.41824,1.41838,1192
17.02.2025 15:00:00.000,1.41839,1.41848,1.4181,1.41817,759
17.02.2025 16:00:00.000,1.4182,1.41854,1.41769,1.41805,1308
17.02.2025 17:00:00.000,1.41596,1.41932,1.41596,1.41854,684
17.02.2025 18:00:00.000,1.41853,1.41898,1.41823,1.41845,1142
17.02.2025 19:00:00.000,1.41846,1.41952,1.41817,1.41942,2681
17.02.2025 20:00:00.000,1.41941,1.42061,1.41935,1.41991,6882
17.02.2025 21:00:00.000,1.41989,1.42005,1.41892,1.41926,6458
17.02.2025 22:00:00.000,1.41925,1.41999,1.41878,1.41987,7949
17.02.2025 23:00:00.000,1.41986,1.42078,1.41984,1.42058,5122
18.02.2025 00:00:00.000,1.42056,1.42078,1.42033,1.42034,5159
18.02.2025 01:00:00.000,1.42037,1.42074,1.41976,1.41977,5274
18.02.2025 02:00:00.000,1.41977,1.41986,1.41815,1.41936,5505
18.02.2025 03:00:00.000,1.41939,1.41977,1.41807,1.41925,8891
18.02.2025 04:00:00.000,1.41924,1.41936,1.41878,1.41907,6727
18.02.2025 05:00:00.000,1.41908,1.41947,1.41855,1.41936,5814
18.02.2025 06:00:00.000,1.41936,1.41949,1.41792,1.41857,5326
18.02.2025 07:00:00.000,1.41856,1.4206,1.4183,1.41976,6945
18.02.2025 08:00:00.000,1.41976,1.42123,1.41865,1.42045,9754
18.02.2025 09:00:00.000,1.42042,1.42109,1.41945,1.41969,10015
18.02.2025 10:00:00.000,1.41968,1.41989,1.41824,1.4188,9248
18.02.2025 11:00:00.000,1.41879,1.4197,1.41872,1.41894,7962
18.02.2025 12:00:00.000,1.41894,1.41959,1.41884,1.41928,5585
18.02.2025 13:00:00.000,1.41927,1.41936,1.41848,1.41851,4692
18.02.2025 14:00:00.000,1.41855,1.4191,1.41837,1.41878,4503
18.02.2025 15:00:00.000,1.41878,1.41903,1.41828,1.41874,3658
18.02.2025 16:00:00.000,1.41873,1.41971,1.41833,1.41928,2837
18.02.2025 17:00:00.000,1.41974,1.41979,1.41851,1.41904,1523
18.02.2025 18:00:00.000,1.41897,1.41922,1.41879,1.41896,2008
18.02.2025 19:00:00.000,1.41896,1.41965,1.41882,1.41964,4455
18.02.2025 20:00:00.000,1.41963,1.4198,1.41839,1.4184,8527
18.02.2025 21:00:00.000,1.41841,1.41918,1.41807,1.4181,7207
18.02.2025 22:00:00.000,1.41809,1.4186,1.41792,1.41801,4482
18.02.2025 23:00:00.000,1.41799,1.41849,1.41794,1.41801,2216
19.02.2025 00:00:00.000,1.418,1.41824,1.41793,1.41797,3090
19.02.2025 01:00:00.000,1.41797,1.41805,1.41751,1.41801,5196
19.02.2025 02:00:00.000,1.418,1.41854,1.4175,1.41853,5250
19.02.2025 03:00:00.000,1.41852,1.41931,1.41836,1.41925,7360
19.02.2025 04:00:00.000,1.41923,1.41995,1.4189,1.41991,5312
19.02.2025 05:00:00.000,1.41991,1.42066,1.41981,1.42042,4635
19.02.2025 06:00:00.000,1.42041,1.42107,1.42009,1.42093,5845
19.02.2025 07:00:00.000,1.42093,1.42212,1.42076,1.42096,7077
19.02.2025 08:00:00.000,1.42095,1.42142,1.41952,1.4198,9979
19.02.2025 09:00:00.000,1.4198,1.42121,1.41915,1.42054,12787
19.02.2025 10:00:00.000,1.42053,1.42209,1.41974,1.42205,13623
19.02.2025 11:00:00.000,1.42204,1.42383,1.42172,1.42363,11265
19.02.2025 12:00:00.000,1.42359,1.42403,1.42281,1.42366,6098
19.02.2025 13:00:00.000,1.42365,1.4245,1.4235,1.42377,6109
19.02.2025 14:00:00.000,1.42387,1.42414,1.42232,1.42306,8744
19.02.2025 15:00:00.000,1.42307,1.42369,1.42239,1.42252,6586
19.02.2025 16:00:00.000,1.42256,1.42401,1.42245,1.42271,2320
19.02.2025 17:00:00.000,1.42308,1.4238,1.42233,1.42333,1190
19.02.2025 18:00:00.000,1.42334,1.42431,1.42333,1.42406,1950
19.02.2025 19:00:00.000,1.42407,1.42435,1.42248,1.42266,5261
19.02.2025 20:00:00.000,1.42266,1.42436,1.42236,1.42409,6819
19.02.2025 21:00:00.000,1.42409,1.42442,1.42202,1.42222,10306
19.02.2025 22:00:00.000,1.42222,1.42291,1.42197,1.42219,7311
19.02.2025 23:00:00.000,1.42219,1.42279,1.42209,1.42247,4945
20.02.2025 00:00:00.000,1.42246,1.42273,1.42198,1.42261,5420
20.02.2025 01:00:00.000,1.42262,1.42267,1.42155,1.4225,7731
20.02.2025 02:00:00.000,1.42253,1.42297,1.42168,1.42266,6555
20.02.2025 03:00:00.000,1.42266,1.42268,1.42116,1.42152,10700
20.02.2025 04:00:00.000,1.42152,1.42189,1.42096,1.42108,7073
20.02.2025 05:00:00.000,1.4211,1.42141,1.42053,1.42056,6943
20.02.2025 06:00:00.000,1.42058,1.42184,1.42032,1.42138,5944
20.02.2025 07:00:00.000,1.42139,1.42228,1.42105,1.42221,8168
20.02.2025 08:00:00.000,1.42221,1.42222,1.41961,1.42059,10348
20.02.2025 09:00:00.000,1.4206,1.42133,1.41856,1.41995,12303
20.02.2025 10:00:00.000,1.41997,1.42059,1.41827,1.41896,13946
20.02.2025 11:00:00.000,1.41895,1.42007,1.41883,1.41957,8011
20.02.2025 12:00:00.000,1.41959,1.41992,1.41765,1.41853,6533
20.02.2025 13:00:00.000,1.4186,1.4189,1.41701,1.41766,5389
20.02.2025 14:00:00.000,1.41767,1.41872,1.41709,1.41741,5160
20.02.2025 15:00:00.000,1.41739,1.41767,1.41658,1.4172,4206
20.02.2025 16:00:00.000,1.41722,1.41774,1.41674,1.4169,1948
20.02.2025 17:00:00.000,1.41722,1.41802,1.41722,1.41764,1833
20.02.2025 18:00:00.000,1.41769,1.41796,1.41672,1.41745,2570
20.02.2025 19:00:00.000,1.41747,1.4182,1.41722,1.41797,4153
20.02.2025 20:00:00.000,1.41806,1.41876,1.41781,1.41855,8155
20.02.2025 21:00:00.000,1.41855,1.41857,1.41676,1.41705,9907
20.02.2025 22:00:00.000,1.41705,1.41751,1.41699,1.41711,6707
20.02.2025 23:00:00.000,1.4171,1.4174,1.41684,1.41729,3037
21.02.2025 00:00:00.000,1.4173,1.41809,1.41718,1.41783,7608
21.02.2025 01:00:00.000,1.41783,1.41836,1.41763,1.41814,6796
21.02.2025 02:00:00.000,1.41816,1.41938,1.41763,1.41852,6973
21.02.2025 03:00:00.000,1.41852,1.41934,1.41795,1.41931,13045
21.02.2025 04:00:00.000,1.41929,1.41988,1.41886,1.41964,8955
21.02.2025 05:00:00.000,1.41962,1.41963,1.41891,1.4196,5375
21.02.2025 06:00:00.000,1.41962,1.41972,1.41895,1.41956,4963
21.02.2025 07:00:00.000,1.41956,1.42,1.41905,1.41969,5996
21.02.2025 08:00:00.000,1.4197,1.41976,1.4173,1.41762,10435
21.02.2025 09:00:00.000,1.41764,1.41884,1.41713,1.41798,11111
21.02.2025 10:00:00.000,1.41799,1.4208,1.41796,1.42025,16627
21.02.2025 11:00:00.000,1.42024,1.42081,1.41964,1.41967,9378
21.02.2025 12:00:00.000,1.41967,1.42196,1.41924,1.42176,9612
21.02.2025 13:00:00.000,1.42176,1.42301,1.42168,1.4225,11662
21.02.2025 14:00:00.000,1.42251,1.42348,1.42179,1.42289,8980
21.02.2025 15:00:00.000,1.42291,1.42318,1.42259,1.42283,8948
21.02.2025 16:00:00.000,1.4228,1.42357,1.42178,1.42189,3765
24.02.2025 00:00:00.000,1.41913,1.41952,1.41885,1.41936,6129
24.02.2025 01:00:00.000,1.41935,1.41997,1.41912,1.41924,6222
24.02.2025 02:00:00.000,1.41924,1.41981,1.41832,1.41927,9036
24.02.2025 03:00:00.000,1.41927,1.42118,1.41918,1.42009,10174
24.02.2025 04:00:00.000,1.4201,1.42159,1.41945,1.42112,8952
24.02.2025 05:00:00.000,1.42113,1.42184,1.42099,1.42134,7656
24.02.2025 06:00:00.000,1.42135,1.42204,1.42087,1.42135,6707
24.02.2025 07:00:00.000,1.42135,1.42189,1.4206,1.42116,6736
24.02.2025 08:00:00.000,1.42115,1.42232,1.42088,1.42159,8991
24.02.2025 09:00:00.000,1.4216,1.42443,1.42079,1.42439,13556
24.02.2025 10:00:00.000,1.42439,1.4244,1.42215,1.42349,19163
24.02.2025 11:00:00.000,1.42348,1.42392,1.42195,1.4224,10286
24.02.2025 12:00:00.000,1.42241,1.42313,1.42149,1.42241,7544
24.02.2025 13:00:00.000,1.42242,1.4225,1.42064,1.42165,6086
24.02.2025 14:00:00.000,1.42165,1.42304,1.42123,1.4228,5206
24.02.2025 15:00:00.000,1.42279,1.42674,1.42248,1.42624,10738
24.02.2025 16:00:00.000,1.42628,1.42673,1.42561,1.42561,3110
24.02.2025 17:00:00.000,1.42549,1.42619,1.42499,1.42591,362
24.02.2025 18:00:00.000,1.42599,1.42786,1.42591,1.42774,3231
24.02.2025 19:00:00.000,1.42773,1.42783,1.42692,1.42701,5731
24.02.2025 20:00:00.000,1.42703,1.42705,1.42615,1.42624,7955
24.02.2025 21:00:00.000,1.42624,1.42654,1.42453,1.42454,7267
24.02.2025 22:00:00.000,1.42453,1.42525,1.42391,1.42493,4947
24.02.2025 23:00:00.000,1.42493,1.4252,1.42413,1.42518,3580
25.02.2025 00:00:00.000,1.42517,1.42533,1.42443,1.42445,5579
25.02.2025 01:00:00.000,1.42446,1.42589,1.42439,1.42531,4538
25.02.2025 02:00:00.000,1.42532,1.42702,1.4253,1.42687,7168
25.02.2025 03:00:00.000,1.42689,1.4274,1.42532,1.42597,11315
25.02.2025 04:00:00.000,1.42599,1.42673,1.42519,1.42668,8474
25.02.2025 05:00:00.000,1.42668,1.42712,1.42639,1.42673,5355
25.02.2025 06:00:00.000,1.42674,1.42677,1.42429,1.42465,7294
25.02.2025 07:00:00.000,1.42466,1.42677,1.42448,1.42658,7605
25.02.2025 08:00:00.000,1.42659,1.42686,1.42537,1.42614,11700
25.02.2025 09:00:00.000,1.42615,1.42679,1.42509,1.42638,14274
25.02.2025 10:00:00.000,1.42638,1.4295,1.42628,1.42938,17596
25.02.2025 11:00:00.000,1.42938,1.43131,1.42879,1.43002,13435
25.02.2025 12:00:00.000,1.43005,1.4316,1.42914,1.42925,9081
25.02.2025 13:00:00.000,1.42923,1.42938,1.42796,1.42921,9091
25.02.2025 14:00:00.000,1.42921,1.43029,1.42916,1.43022,8273
25.02.2025 15:00:00.000,1.43025,1.43127,1.42909,1.43124,9627
25.02.2025 16:00:00.000,1.43124,1.43169,1.43034,1.43099,3204
25.02.2025 17:00:00.000,1.43083,1.43123,1.43083,1.43101,198
25.02.2025 18:00:00.000,1.43118,1.43126,1.42988,1.43014,3402
25.02.2025 19:00:00.000,1.43013,1.4303,1.42933,1.43029,4085
25.02.2025 20:00:00.000,1.43029,1.43101,1.42973,1.43037,7428
25.02.2025 21:00:00.000,1.43036,1.43203,1.43016,1.43172,6515
25.02.2025 22:00:00.000,1.43172,1.43259,1.43152,1.43244,4925
25.02.2025 23:00:00.000,1.43243,1.43304,1.43206,1.43291,3169
26.02.2025 00:00:00.000,1.4329,1.43319,1.43242,1.43303,5124
26.02.2025 01:00:00.000,1.43305,1.43329,1.43261,1.43283,4884
26.02.2025 02:00:00.000,1.43282,1.43292,1.43163,1.43284,8220
26.02.2025 03:00:00.000,1.43284,1.43317,1.43166,1.43234,12018
26.02.2025 04:00:00.000,1.43233,1.43324,1.43221,1.43315,6367
26.02.2025 05:00:00.000,1.43315,1.43441,1.4329,1.43433,6048
26.02.2025 06:00:00.000,1.43434,1.43442,1.43301,1.4342,7229
26.02.2025 07:00:00.000,1.43419,1.43504,1.43344,1.43491,7481
26.02.2025 08:00:00.000,1.43493,1.43569,1.43394,1.43509,8605
26.02.2025 09:00:00.000,1.43511,1.43545,1.43314,1.43369,10134
26.02.2025 10:00:00.000,1.43371,1.435,1.43249,1.43491,15854
26.02.2025 11:00:00.000,1.43489,1.43514,1.43386,1.43478,11505
26.02.2025 12:00:00.000,1.43479,1.43652,1.42985,1.43171,19269
26.02.2025 13:00:00.000,1.43172,1.43401,1.43007,1.43347,13957
26.02.2025 14:00:00.000,1.43346,1.43394,1.43219,1.43334,11329
26.02.2025 15:00:00.000,1.43333,1.43469,1.43311,1.43427,8597
26.02.2025 16:00:00.000,1.43427,1.43677,1.4334,1.4334,4332
26.02.2025 17:00:00.000,1.43336,1.43387,1.43327,1.43368,315
26.02.2025 18:00:00.000,1.43392,1.43409,1.43346,1.4338,1935
26.02.2025 19:00:00.000,1.43379,1.43503,1.43379,1.43499,4951
26.02.2025 20:00:00.000,1.43498,1.43548,1.43426,1.43474,10787
26.02.2025 21:00:00.000,1.43474,1.43543,1.43442,1.43525,10025
26.02.2025 22:00:00.000,1.43523,1.43589,1.43487,1.43581,6428
26.02.2025 23:00:00.000,1.4358,1.43629,1.43565,1.43585,6122
27.02.2025 00:00:00.000,1.43586,1.43607,1.43532,1.43534,6634
27.02.2025 01:00:00.000,1.43535,1.43554,1.43497,1.43513,5631
27.02.2025 02:00:00.000,1.43513,1.43519,1.43337,1.43383,7208
27.02.2025 03:00:00.000,1.43382,1.43398,1.43254,1.43276,9960
27.02.2025 04:00:00.000,1.43275,1.4331,1.43217,1.43269,6539
27.02.2025 05:00:00.000,1.43267,1.43431,1.43256,1.43372,5337
27.02.2025 06:00:00.000,1.43372,1.4342,1.43282,1.43399,4856
27.02.2025 07:00:00.000,1.43399,1.43599,1.43328,1.43595,7990
27.02.2025 08:00:00.000,1.43593,1.44341,1.43521,1.44253,18451
27.02.2025 09:00:00.000,1.44251,1.4437,1.44021,1.44267,20174
27.02.2025 10:00:00.000,1.44265,1.44304,1.44079,1.44262,18253
27.02.2025 11:00:00.000,1.44263,1.4442,1.44117,1.44196,12344
27.02.2025 12:00:00.000,1.44197,1.44372,1.44155,1.44284,8078
27.02.2025 13:00:00.000,1.44285,1.44344,1.44185,1.44204,6992
27.02.2025 14:00:00.000,1.44204,1.44417,1.44182,1.44404,7815
27.02.2025 15:00:00.000,1.44406,1.44485,1.44352,1.44416,6995
27.02.2025 16:00:00.000,1.44417,1.44465,1.44329,1.44368,2039
27.02.2025 17:00:00.000,1.44378,1.444,1.44348,1.44373,350
27.02.2025 18:00:00.000,1.44381,1.4447,1.44318,1.44461,1978
27.02.2025 19:00:00.000,1.44457,1.4446,1.44322,1.44364,5461
27.02.2025 20:00:00.000,1.44363,1.44446,1.44288,1.44432,10395
27.02.2025 21:00:00.000,1.44435,1.44512,1.44387,1.44507,9697
27.02.2025 22:00:00.000,1.44508,1.4452,1.44438,1.44459,6975
27.02.2025 23:00:00.000,1.44459,1.44496,1.44423,1.44473,4852
28.02.2025 00:00:00.000,1.44472,1.44481,1.44364,1.44396,7253
28.02.2025 01:00:00.000,1.44397,1.4447,1.44365,1.44434,6741
28.02.2025 02:00:00.000,1.44434,1.44526,1.44405,1.44416,8419
28.02.2025 03:00:00.000,1.44419,1.44504,1.44364,1.44378,10049
28.02.2025 04:00:00.000,1.44373,1.44379,1.44283,1.44367,9348
28.02.2025 05:00:00.000,1.44367,1.44395,1.44301,1.44386,7195
28.02.2025 06:00:00.000,1.44387,1.44412,1.44295,1.44295,8158
28.02.2025 07:00:00.000,1.44295,1.44409,1.44259,1.4437,8433
28.02.2025 08:00:00.000,1.4437,1.44385,1.44031,1.44149,11421
28.02.2025 09:00:00.000,1.4415,1.44475,1.44136,1.44441,13736
28.02.2025 10:00:00.000,1.44441,1.44472,1.43993,1.44024,20067
28.02.2025 11:00:00.000,1.44025,1.44364,1.44009,1.44338,17066
28.02.2025 12:00:00.000,1.44337,1.44414,1.4426,1.44389,11389
28.02.2025 13:00:00.000,1.44389,1.44597,1.4433,1.44583,13600
28.02.2025 14:00:00.000,1.44583,1.4462,1.44495,1.44585,8488
28.02.2025 15:00:00.000,1.44585,1.44686,1.44553,1.44633,9555
28.02.2025 16:00:00.000,1.44635,1.44714,1.44583,1.4462,3494
03.03.2025 00:00:00.000,1.44403,1.4447,1.44397,1.44438,4591
03.03.2025 01:00:00.000,1.44439,1.44528,1.44428,1.4448,4707
03.03.2025 02:00:00.000,1.44478,1.44507,1.44341,1.444,7490
03.03.2025 03:00:00.000,1.444,1.44462,1.44324,1.4434,10170
03.03.2025 04:00:00.000,1.44339,1.44399,1.44249,1.44265,7963
03.03.2025 05:00:00.000,1.44266,1.44345,1.4421,1.4428,6481
03.03.2025 06:00:00.000,1.44279,1.4436,1.44237,1.44345,8640
03.03.2025 07:00:00.000,1.44347,1.44393,1.44234,1.44276,10826
03.03.2025 08:00:00.000,1.44276,1.44342,1.44002,1.44107,12445
03.03.2025 09:00:00.000,1.44109,1.44151,1.4397,1.44059,13253
03.03.2025 10:00:00.000,1.44118,1.44179,1.43682,1.4401,14888
03.03.2025 11:00:00.000,1.44008,1.44097,1.43969,1.43999,10948
03.03.2025 12:00:00.000,1.44001,1.44187,1.43963,1.44129,8091
03.03.2025 13:00:00.000,1.4413,1.44538,1.4402,1.44434,13625
03.03.2025 14:00:00.000,1.44438,1.45002,1.44262,1.44994,15009
03.03.2025 15:00:00.000,1.44995,1.45413,1.44904,1.4508,26287
03.03.2025 16:00:00.000,1.45085,1.45099,1.44766,1.44779,6536
03.03.2025 17:00:00.000,1.44779,1.44912,1.44747,1.44868,684
03.03.2025 18:00:00.000,1.44889,1.44951,1.44811,1.44935,3925
03.03.2025 19:00:00.000,1.44936,1.45037,1.44859,1.44872,9070
03.03.2025 20:00:00.000,1.44871,1.44963,1.44826,1.44924,16526
03.03.2025 21:00:00.000,1.44923,1.44996,1.4487,1.4498,9649
03.03.2025 22:00:00.000,1.4498,1.45055,1.44947,1.45027,8949
03.03.2025 23:00:00.000,1.45026,1.45108,1.44962,1.45098,7781
04.03.2025 00:00:00.000,1.45101,1.45211,1.44848,1.44915,13283
04.03.2025 01:00:00.000,1.44914,1.44938,1.44745,1.44798,9519
04.03.2025 02:00:00.000,1.44799,1.44929,1.44698,1.44856,11639
04.03.2025 03:00:00.000,1.44857,1.45027,1.444,1.44503,14102
04.03.2025 04:00:00.000,1.44501,1.44504,1.44092,1.44248,12483
04.03.2025 05:00:00.000,1.44248,1.44441,1.44207,1.44284,9369
04.03.2025 06:00:00.000,1.44285,1.44348,1.44062,1.44075,10489
04.03.2025 07:00:00.000,1.44075,1.44264,1.44072,1.44263,11177
04.03.2025 08:00:00.000,1.44266,1.44592,1.44124,1.44475,16778
04.03.2025 09:00:00.000,1.44479,1.44862,1.44376,1.44852,20083
04.03.2025 10:00:00.000,1.44854,1.45018,1.44645,1.44975,24209
04.03.2025 11:00:00.000,1.44975,1.45175,1.44891,1.45161,17333
04.03.2025 12:00:00.000,1.45161,1.45425,1.45021,1.45275,15906
04.03.2025 13:00:00.000,1.45273,1.45413,1.45139,1.45143,18634
04.03.2025 14:00:00.000,1.45144,1.45153,1.44844,1.44879,13260
04.03.2025 15:00:00.000,1.44878,1.44882,1.44536,1.44741,13867
04.03.2025 16:00:00.000,1.4474,1.44769,1.437,1.43849,14219
04.03.2025 17:00:00.000,1.4383,1.43938,1.4383,1.43916,507
04.03.2025 18:00:00.000,1.43917,1.44063,1.43826,1.43982,3572
04.03.2025 19:00:00.000,1.43979,1.44246,1.4397,1.44125,5923
04.03.2025 20:00:00.000,1.44126,1.44405,1.43993,1.44277,14007
04.03.2025 21:00:00.000,1.44277,1.44454,1.4419,1.44391,12419
04.03.2025 22:00:00.000,1.44399,1.44495,1.44224,1.44238,9933
04.03.2025 23:00:00.000,1.44241,1.44318,1.44191,1.44295,6041
05.03.2025 00:00:00.000,1.44295,1.44326,1.44199,1.44214,6884
05.03.2025 01:00:00.000,1.44213,1.44302,1.44153,1.44179,8926
05.03.2025 02:00:00.000,1.44178,1.44178,1.43886,1.44014,12625
05.03.2025 03:00:00.000,1.44014,1.44125,1.43827,1.43878,15493
05.03.2025 04:00:00.000,1.43878,1.43923,1.43765,1.43815,11891
05.03.2025 05:00:00.000,1.43817,1.43971,1.43792,1.4387,7753
05.03.2025 06:00:00.000,1.43871,1.43959,1.43768,1.43933,7118
05.03.2025 07:00:00.000,1.43931,1.44226,1.43808,1.44194,10010
05.03.2025 08:00:00.000,1.44194,1.44361,1.43784,1.43802,23069
05.03.2025 09:00:00.000,1.43802,1.43861,1.43517,1.43563,24338
05.03.2025 10:00:00.000,1.43551,1.44061,1.4341,1.4395,29172
05.03.2025 11:00:00.000,1.4395,1.4419,1.434,1.43772,26097
05.03.2025 12:00:00.000,1.43771,1.43913,1.43561,1.43565,19294
05.03.2025 13:00:00.000,1.43564,1.43766,1.43393,1.43543,20722
05.03.2025 14:00:00.000,1.43543,1.43566,1.43301,1.43353,13065
05.03.2025 15:00:00.000,1.43355,1.43412,1.43302,1.43408,9895
05.03.2025 16:00:00.000,1.43407,1.43452,1.43297,1.43329,4877
05.03.2025 17:00:00.000,1.43325,1.43346,1.43294,1.43309,346
05.03.2025 18:00:00.000,1.4331,1.43401,1.43297,1.43395,5333
05.03.2025 19:00:00.000,1.43394,1.4353,1.43347,1.43528,6582
05.03.2025 20:00:00.000,1.43527,1.43528,1.43119,1.43137,10076
05.03.2025 21:00:00.000,1.43137,1.43281,1.43086,1.43196,7911
05.03.2025 22:00:00.000,1.43195,1.43285,1.43185,1.43275,5612
05.03.2025 23:00:00.000,1.43274,1.43326,1.43238,1.43247,4427
06.03.2025 00:00:00.000,1.43247,1.43402,1.43245,1.43365,5501
06.03.2025 01:00:00.000,1.43365,1.43404,1.43278,1.43372,5747
06.03.2025 02:00:00.000,1.4337,1.43445,1.43251,1.43438,13502
06.03.2025 03:00:00.000,1.43438,1.43619,1.43416,1.43489,17673
06.03.2025 04:00:00.000,1.43492,1.43555,1.43392,1.43456,12589
06.03.2025 05:00:00.000,1.43456,1.43563,1.43407,1.43558,10026
06.03.2025 06:00:00.000,1.43559,1.43678,1.43559,1.43634,7223
06.03.2025 07:00:00.000,1.43634,1.43764,1.43604,1.43723,9953
06.03.2025 08:00:00.000,1.43724,1.43726,1.43512,1.43632,17020
06.03.2025 09:00:00.000,1.43634,1.43702,1.43398,1.43435,22838
06.03.2025 10:00:00.000,1.43435,1.43443,1.42609,1.42691,26376
06.03.2025 11:00:00.000,1.42691,1.42814,1.4238,1.42809,19521
06.03.2025 12:00:00.000,1.42809,1.43169,1.42706,1.43032,14571
06.03.2025 13:00:00.000,1.43031,1.43104,1.42948,1.43023,11019
06.03.2025 14:00:00.000,1.43021,1.43175,1.42829,1.43024,11759
06.03.2025 15:00:00.000,1.43025,1.43138,1.42935,1.43075,11173
06.03.2025 16:00:00.000,1.43075,1.43134,1.42922,1.42923,4209
06.03.2025 17:00:00.000,1.42922,1.42989,1.42878,1.42937,475
06.03.2025 18:00:00.000,1.42927,1.42945,1.42873,1.42926,2107
06.03.2025 19:00:00.000,1.42928,1.42988,1.42877,1.4296,3229
06.03.2025 20:00:00.000,1.42958,1.43056,1.42908,1.43006,4320
06.03.2025 21:00:00.000,1.43006,1.43064,1.4293,1.42999,4827
06.03.2025 22:00:00.000,1.43,1.43106,1.42994,1.4309,7353
06.03.2025 23:00:00.000,1.43092,1.43098,1.43031,1.43033,2693
07.03.2025 00:00:00.000,1.43033,1.43126,1.43027,1.4312,4473
07.03.2025 01:00:00.000,1.43119,1.4319,1.43033,1.43043,5693
07.03.2025 02:00:00.000,1.43047,1.43128,1.42971,1.43027,8272
07.03.2025 03:00:00.000,1.43027,1.43045,1.42788,1.42953,9675
07.03.2025 04:00:00.000,1.42954,1.43002,1.42859,1.42993,8161
07.03.2025 05:00:00.000,1.42995,1.43146,1.42978,1.43138,7528
07.03.2025 06:00:00.000,1.43138,1.432,1.43105,1.43177,6305
07.03.2025 07:00:00.000,1.43172,1.43432,1.43117,1.43359,9180
07.03.2025 08:00:00.000,1.43362,1.43709,1.43232,1.43706,17909
07.03.2025 09:00:00.000,1.43708,1.43764,1.43424,1.43489,21822
07.03.2025 10:00:00.000,1.4349,1.43666,1.43364,1.43613,22519
07.03.2025 11:00:00.000,1.43614,1.44007,1.43614,1.43866,15107
07.03.2025 12:00:00.000,1.43864,1.4426,1.4381,1.43906,19064
07.03.2025 13:00:00.000,1.43906,1.44064,1.4381,1.43825,11178
07.03.2025 14:00:00.000,1.43824,1.43842,1.43629,1.4365,10373
07.03.2025 15:00:00.000,1.43649,1.43746,1.43592,1.43693,5817
07.03.2025 16:00:00.000,1.4369,1.43824,1.4351,1.43649,4640
10.03.2025 00:00:00.000,1.4366,1.43689,1.43616,1.43653,4298
10.03.2025 01:00:00.000,1.43653,1.43673,1.43565,1.43642,6431
10.03.2025 02:00:00.000,1.43641,1.437,1.43571,1.4359,8673
10.03.2025 03:00:00.000,1.43587,1.43819,1.43568,1.43798,12387
10.03.2025 04:00:00.000,1.43798,1.4381,1.43545,1.43579,11729
10.03.2025 05:00:00.000,1.4358,1.43863,1.43526,1.43862,11149
10.03.2025 06:00:00.000,1.43861,1.43941,1.43743,1.43938,10114
10.03.2025 07:00:00.000,1.43944,1.44232,1.43879,1.44174,9947
10.03.2025 08:00:00.000,1.44181,1.44283,1.44101,1.44204,15568
10.03.2025 09:00:00.000,1.44204,1.44339,1.44122,1.44166,18539
10.03.2025 10:00:00.000,1.44165,1.44324,1.44089,1.44308,13030
10.03.2025 11:00:00.000,1.44307,1.44402,1.44226,1.44331,11486
10.03.2025 12:00:00.000,1.44332,1.44467,1.44303,1.44458,9750
10.03.2025 13:00:00.000,1.44458,1.44685,1.44389,1.4463,10786
10.03.2025 14:00:00.000,1.44632,1.44722,1.4439,1.44396,10548
10.03.2025 15:00:00.000,1.44396,1.44492,1.44347,1.44347,4788
10.03.2025 16:00:00.000,1.44356,1.44375,1.44279,1.44334,230
10.03.2025 17:00:00.000,1.44323,1.44414,1.4432,1.44412,2466
10.03.2025 18:00:00.000,1.44412,1.44412,1.44258,1.4426,4158
10.03.2025 19:00:00.000,1.44259,1.44396,1.44198,1.44294,5432
10.03.2025 20:00:00.000,1.44293,1.44464,1.44244,1.44254,8927
10.03.2025 21:00:00.000,1.44254,1.44296,1.44164,1.44193,9714
10.03.2025 22:00:00.000,1.44193,1.44464,1.44155,1.44285,8750
10.03.2025 23:00:00.000,1.44286,1.44358,1.44235,1.44265,5939
11.03.2025 00:00:00.000,1.44267,1.44452,1.44267,1.44385,7622
11.03.2025 01:00:00.000,1.44385,1.44453,1.44288,1.44355,9786
11.03.2025 02:00:00.000,1.44358,1.44376,1.44095,1.44134,14699
11.03.2025 03:00:00.000,1.44136,1.4425,1.44099,1.44153,14578
11.03.2025 04:00:00.000,1.44155,1.44257,1.44064,1.44086,12055
11.03.2025 05:00:00.000,1.44088,1.44198,1.44011,1.44055,10376
11.03.2025 06:00:00.000,1.44055,1.44133,1.43985,1.43988,9351
11.03.2025 07:00:00.000,1.43989,1.44128,1.43931,1.44125,11469
11.03.2025 08:00:00.000,1.44126,1.4418,1.44008,1.44128,15322
11.03.2025 09:00:00.000,1.44129,1.45187,1.44094,1.45152,35616
11.03.2025 10:00:00.000,1.45154,1.45205,1.44526,1.44628,26197
11.03.2025 11:00:00.000,1.44627,1.4488,1.44627,1.44826,14229
11.03.2025 12:00:00.000,1.44828,1.4504,1.44791,1.44834,13363
11.03.2025 13:00:00.000,1.44832,1.44856,1.43943,1.44013,20106
11.03.2025 14:00:00.000,1.44015,1.4417,1.43786,1.44116,15288
11.03.2025 15:00:00.000,1.44114,1.44343,1.44046,1.44336,4291
11.03.2025 16:00:00.000,1.44322,1.4438,1.44278,1.44293,483
11.03.2025 17:00:00.000,1.44281,1.44322,1.44211,1.44265,1666
11.03.2025 18:00:00.000,1.44271,1.44347,1.44256,1.44347,3291
11.03.2025 19:00:00.000,1.44347,1.44387,1.44281,1.44286,5178
11.03.2025 20:00:00.000,1.44287,1.44379,1.4427,1.44359,6162
11.03.2025 21:00:00.000,1.4436,1.4443,1.44304,1.44418,5475
11.03.2025 22:00:00.000,1.44418,1.4449,1.44379,1.44484,5135
11.03.2025 23:00:00.000,1.44483,1.44504,1.44456,1.44492,4552
12.03.2025 00:00:00.000,1.44492,1.44506,1.44385,1.44419,5670
12.03.2025 01:00:00.000,1.44419,1.44632,1.44413,1.44628,6285
12.03.2025 02:00:00.000,1.44628,1.44844,1.44479,1.44509,8975
12.03.2025 03:00:00.000,1.44513,1.4459,1.44329,1.44337,12179
12.03.2025 04:00:00.000,1.44336,1.44436,1.44315,1.44383,7491
12.03.2025 05:00:00.000,1.44384,1.44391,1.44194,1.44216,4613
12.03.2025 06:00:00.000,1.44216,1.44232,1.44063,1.44114,5459
12.03.2025 07:00:00.000,1.44114,1.44199,1.43657,1.43963,19484
12.03.2025 08:00:00.000,1.43965,1.44301,1.43866,1.44157,21845
12.03.2025 09:00:00.000,1.44158,1.44242,1.43987,1.4405,16719
12.03.2025 10:00:00.000,1.44049,1.4409,1.43927,1.43972,11465
12.03.2025 11:00:00.000,1.43971,1.44014,1.4375,1.4388,9777
12.03.2025 12:00:00.000,1.43879,1.43925,1.43636,1.43856,8996
12.03.2025 13:00:00.000,1.43855,1.43863,1.43527,1.4363,8485
12.03.2025 14:00:00.000,1.4363,1.43822,1.43623,1.43758,6925
12.03.2025 15:00:00.000,1.43757,1.4378,1.43643,1.43647,3077
12.03.2025 16:00:00.000,1.43641,1.43703,1.43629,1.43655,244
12.03.2025 17:00:00.000,1.43654,1.43663,1.43632,1.4364,1829
12.03.2025 18:00:00.000,1.43639,1.43683,1.4358,1.4359,2146
12.03.2025 19:00:00.000,1.43589,1.43678,1.43587,1.43622,3327
12.03.2025 20:00:00.000,1.43621,1.4376,1.43601,1.43694,6131
12.03.2025 21:00:00.000,1.43695,1.4376,1.43654,1.43744,7924
12.03.2025 22:00:00.000,1.43745,1.43873,1.43744,1.43872,9585
12.03.2025 23:00:00.000,1.43872,1.4393,1.43836,1.43874,7802
13.03.2025 00:00:00.000,1.43874,1.43984,1.43873,1.4394,7647
13.03.2025 01:00:00.000,1.43941,1.44023,1.43928,1.43964,9138
13.03.2025 02:00:00.000,1.43962,1.44039,1.43913,1.43965,12722
13.03.2025 03:00:00.000,1.43964,1.44004,1.43789,1.43878,14257
13.03.2025 04:00:00.000,1.43878,1.4392,1.43677,1.4369,10753
13.03.2025 05:00:00.000,1.43691,1.43805,1.43663,1.43735,8332
13.03.2025 06:00:00.000,1.43736,1.43869,1.43712,1.43776,10140
13.03.2025 07:00:00.000,1.43776,1.44017,1.43645,1.43975,17404
13.03.2025 08:00:00.000,1.43974,1.4404,1.43781,1.43958,15127
13.03.2025 09:00:00.000,1.43959,1.44031,1.43795,1.43871,18520
13.03.2025 10:00:00.000,1.43869,1.44059,1.43846,1.43987,17038
13.03.2025 11:00:00.000,1.43986,1.44251,1.43959,1.44206,12799
13.03.2025 12:00:00.000,1.44206,1.4451,1.44186,1.44494,10902
13.03.2025 13:00:00.000,1.44493,1.44499,1.44214,1.4423,10298
13.03.2025 14:00:00.000,1.44231,1.44353,1.44187,1.44347,7689
13.03.2025 15:00:00.000,1.44346,1.44429,1.44282,1.44376,4094
13.03.2025 16:00:00.000,1.44365,1.44453,1.44334,1.44397,390
13.03.2025 17:00:00.000,1.44384,1.44399,1.44246,1.44254,1875
13.03.2025 18:00:00.000,1.44255,1.44309,1.44248,1.44265,2989
13.03.2025 19:00:00.000,1.44266,1.44366,1.44257,1.44315,5472
13.03.2025 20:00:00.000,1.44313,1.44411,1.44295,1.44348,8386
13.03.2025 21:00:00.000,1.44348,1.44411,1.44321,1.44364,9599
13.03.2025 22:00:00.000,1.44363,1.44367,1.44268,1.44269,11007
13.03.2025 23:00:00.000,1.4427,1.44356,1.44265,1.44284,8422
14.03.2025 00:00:00.000,1.44286,1.44348,1.44266,1.44286,10393
14.03.2025 01:00:00.000,1.44289,1.44312,1.44205,1.44258,8555
14.03.2025 02:00:00.000,1.4426,1.44281,1.44167,1.44214,9172
14.03.2025 03:00:00.000,1.44215,1.44285,1.44117,1.44134,10017
14.03.2025 04:00:00.000,1.44133,1.44231,1.44103,1.44197,7926
14.03.2025 05:00:00.000,1.44196,1.44333,1.44108,1.44178,12941
14.03.2025 06:00:00.000,1.44177,1.4436,1.44166,1.44187,11834
14.03.2025 07:00:00.000,1.44188,1.44242,1.44051,1.44084,9503
14.03.2025 08:00:00.000,1.44086,1.44128,1.43844,1.43874,13893
14.03.2025 09:00:00.000,1.43874,1.44011,1.43759,1.43895,16484
14.03.2025 10:00:00.000,1.43895,1.4398,1.4377,1.43782,13529
14.03.2025 11:00:00.000,1.43781,1.43942,1.43697,1.43737,10292
14.03.2025 12:00:00.000,1.43737,1.43842,1.43684,1.43761,6894
14.03.2025 13:00:00.000,1.43759,1.43792,1.43646,1.43734,6525
14.03.2025 14:00:00.000,1.43734,1.43775,1.43575,1.43627,4935
14.03.2025 15:00:00.000,1.43629,1.43809,1.43547,1.43672,5867
17.03.2025 00:00:00.000,1.43729,1.43787,1.43717,1.43758,5636
17.03.2025 01:00:00.000,1.43756,1.43799,1.43644,1.43647,5283
17.03.2025 02:00:00.000,1.43647,1.43712,1.43593,1.43626,7157
17.03.2025 03:00:00.000,1.43625,1.43702,1.43604,1.43622,7977
17.03.2025 04:00:00.000,1.43621,1.43636,1.4354,1.43569,7425
17.03.2025 05:00:00.000,1.43571,1.43582,1.43469,1.43524,6330
17.03.2025 06:00:00.000,1.43524,1.43569,1.43466,1.43477,6201
17.03.2025 07:00:00.000,1.43477,1.4351,1.43377,1.43392,10173
17.03.2025 08:00:00.000,1.43394,1.43456,1.43051,1.43146,12658
17.03.2025 09:00:00.000,1.43147,1.43273,1.43127,1.43139,9695
17.03.2025 10:00:00.000,1.43141,1.43176,1.42891,1.42989,9569
17.03.2025 11:00:00.000,1.4299,1.43021,1.4282,1.42929,6633
17.03.2025 12:00:00.000,1.4293,1.42938,1.42817,1.4285,5717
17.03.2025 13:00:00.000,1.42849,1.42868,1.4275,1.42822,4534
17.03.2025 14:00:00.000,1.42825,1.42863,1.428,1.4283,4119
17.03.2025 15:00:00.000,1.4283,1.42913,1.42818,1.42837,5608
17.03.2025 16:00:00.000,1.42833,1.4291,1.42808,1.42863,591
17.03.2025 17:00:00.000,1.42882,1.42928,1.42842,1.42918,1222
17.03.2025 18:00:00.000,1.42915,1.42995,1.42899,1.4298,2164
17.03.2025 19:00:00.000,1.4298,1.42981,1.42906,1.42938,5863
17.03.2025 20:00:00.000,1.4294,1.42972,1.42879,1.42972,5040
17.03.2025 21:00:00.000,1.42973,1.43044,1.4294,1.43032,5735
17.03.2025 22:00:00.000,1.43032,1.43071,1.43021,1.43048,3915
17.03.2025 23:00:00.000,1.43048,1.4306,1.43008,1.43023,3807
18.03.2025 00:00:00.000,1.43023,1.43055,1.43009,1.43044,3326
18.03.2025 01:00:00.000,1.43042,1.43073,1.42924,1.42935,3939
18.03.2025 02:00:00.000,1.42934,1.4299,1.4291,1.42933,5317
18.03.2025 03:00:00.000,1.42932,1.4294,1.42721,1.42774,5735
18.03.2025 04:00:00.000,1.42772,1.42837,1.4275,1.42819,5125
18.03.2025 05:00:00.000,1.42819,1.42979,1.42805,1.42941,5885
18.03.2025 06:00:00.000,1.42939,1.42943,1.42823,1.42871,6216
18.03.2025 07:00:00.000,1.42871,1.42947,1.42598,1.429,10061
18.03.2025 08:00:00.000,1.429,1.4295,1.42708,1.42886,11509
18.03.2025 09:00:00.000,1.42886,1.43087,1.42849,1.43075,13502
18.03.2025 10:00:00.000,1.4307,1.43183,1.43015,1.43118,13178
18.03.2025 11:00:00.000,1.43118,1.4319,1.43015,1.43088,7424
18.03.2025 12:00:00.000,1.4309,1.43188,1.43016,1.4303,7625
18.03.2025 13:00:00.000,1.43029,1.43134,1.4302,1.43025,5055
18.03.2025 14:00:00.000,1.43024,1.4306,1.42917,1.4295,4326
18.03.2025 15:00:00.000,1.42946,1.43027,1.42917,1.42932,3833
18.03.2025 16:00:00.000,1.42933,1.42988,1.42907,1.42988,392
18.03.2025 17:00:00.000,1.42986,1.43014,1.42947,1.42971,1681
18.03.2025 18:00:00.000,1.42969,1.43003,1.42951,1.42993,2068
18.03.2025 19:00:00.000,1.42992,1.43014,1.42951,1.42975,3734
18.03.2025 20:00:00.000,1.42973,1.43057,1.42973,1.43053,4966
18.03.2025 21:00:00.000,1.43053,1.43082,1.43016,1.4306,4326
18.03.2025 22:00:00.000,1.43059,1.43127,1.43027,1.43093,3275
18.03.2025 23:00:00.000,1.43091,1.43119,1.43075,1.431,2599
19.03.2025 00:00:00.000,1.43099,1.43116,1.43071,1.431,3027
19.03.2025 01:00:00.000,1.43099,1.43165,1.43068,1.4315,3800
19.03.2025 02:00:00.000,1.43152,1.43307,1.4314,1.43262,10038
19.03.2025 03:00:00.000,1.43262,1.43266,1.43078,1.43219,11305
19.03.2025 04:00:00.000,1.43218,1.43282,1.43182,1.43225,8674
19.03.2025 05:00:00.000,1.43225,1.43344,1.43212,1.43271,4750
19.03.2025 06:00:00.000,1.43276,1.43293,1.43158,1.4319,5483
19.03.2025 07:00:00.000,1.43188,1.43246,1.43143,1.43228,7167
19.03.2025 08:00:00.000,1.43228,1.4325,1.43092,1.43167,8378
19.03.2025 09:00:00.000,1.43167,1.43287,1.43108,1.43254,8046
19.03.2025 10:00:00.000,1.43254,1.43373,1.43219,1.43291,7605
19.03.2025 11:00:00.000,1.4329,1.43323,1.4324,1.43311,5985
19.03.2025 12:00:00.000,1.43311,1.43485,1.43301,1.43352,6944
19.03.2025 13:00:00.000,1.43352,1.43428,1.43093,1.43102,18146
19.03.2025 14:00:00.000,1.43107,1.43327,1.43077,1.43241,11822
19.03.2025 15:00:00.000,1.43242,1.43309,1.43171,1.43241,3444
19.03.2025 16:00:00.000,1.4324,1.43266,1.43178,1.43178,667
19.03.2025 17:00:00.000,1.43189,1.43217,1.43139,1.43207,1973
19.03.2025 18:00:00.000,1.43207,1.43233,1.43169,1.43224,2932
19.03.2025 19:00:00.000,1.43223,1.43329,1.43171,1.43222,6466
19.03.2025 20:00:00.000,1.43223,1.43347,1.43221,1.43337,5503
19.03.2025 21:00:00.000,1.43335,1.43339,1.43222,1.43284,6554
19.03.2025 22:00:00.000,1.43283,1.43295,1.43203,1.43239,3912
19.03.2025 23:00:00.000,1.43239,1.43295,1.43196,1.43294,3671
20.03.2025 00:00:00.000,1.43294,1.43391,1.43294,1.43328,3828
20.03.2025 01:00:00.000,1.4333,1.43419,1.43315,1.43398,3930
20.03.2025 02:00:00.000,1.434,1.43489,1.43381,1.43404,6064
20.03.2025 03:00:00.000,1.43401,1.43551,1.43396,1.43539,6226
20.03.2025 04:00:00.000,1.43539,1.43758,1.43509,1.43733,8639
20.03.2025 05:00:00.000,1.43732,1.43903,1.43685,1.43764,13601
20.03.2025 06:00:00.000,1.43763,1.43855,1.43736,1.43751,5851
20.03.2025 07:00:00.000,1.43751,1.43879,1.437,1.43849,9133
20.03.2025 08:00:00.000,1.43847,1.44012,1.43704,1.4371,14292
20.03.2025 09:00:00.000,1.43711,1.43719,1.43511,1.43546,11713
20.03.2025 10:00:00.000,1.43545,1.43591,1.43266,1.43271,9527
20.03.2025 11:00:00.000,1.43271,1.43357,1.43169,1.43325,8429
20.03.2025 12:00:00.000,1.43327,1.43358,1.43215,1.43266,7764
20.03.2025 13:00:00.000,1.43267,1.43316,1.43185,1.43282,4533
20.03.2025 14:00:00.000,1.43281,1.43282,1.43122,1.43153,4979
20.03.2025 15:00:00.000,1.43155,1.43295,1.43145,1.43208,4334
20.03.2025 16:00:00.000,1.43187,1.43253,1.43187,1.43223,559
20.03.2025 17:00:00.000,1.43245,1.43247,1.43194,1.43229,2547
20.03.2025 18:00:00.000,1.43229,1.4326,1.43206,1.43243,2158
20.03.2025 19:00:00.000,1.43244,1.43248,1.43165,1.43205,4062
20.03.2025 20:00:00.000,1.43205,1.43281,1.43144,1.43153,6738
20.03.2025 21:00:00.000,1.43151,1.43216,1.43139,1.43203,5221
20.03.2025 22:00:00.000,1.43202,1.43286,1.43193,1.43268,5512
20.03.2025 23:00:00.000,1.43267,1.43333,1.43244,1.43321,4278
21.03.2025 00:00:00.000,1.43321,1.43433,1.43297,1.43333,6310
21.03.2025 01:00:00.000,1.43332,1.43342,1.43214,1.43214,5224
21.03.2025 02:00:00.000,1.43213,1.43272,1.43172,1.43221,7153
21.03.2025 03:00:00.000,1.43222,1.43347,1.43131,1.43291,7395
21.03.2025 04:00:00.000,1.43291,1.43385,1.43272,1.43381,6371
21.03.2025 05:00:00.000,1.4338,1.43383,1.43271,1.43276,4885
21.03.2025 06:00:00.000,1.4328,1.43441,1.43279,1.43372,6279
21.03.2025 07:00:00.000,1.43374,1.43571,1.43313,1.4357,10374
21.03.2025 08:00:00.000,1.43572,1.43725,1.4351,1.4353,12963
21.03.2025 09:00:00.000,1.4353,1.43619,1.43403,1.43416,12298
21.03.2025 10:00:00.000,1.43416,1.4366,1.43363,1.43571,8709
21.03.2025 11:00:00.000,1.43575,1.43608,1.43391,1.43401,8487
21.03.2025 12:00:00.000,1.434,1.43497,1.43318,1.43393,6295
21.03.2025 13:00:00.000,1.43394,1.43515,1.43376,1.43463,4521
21.03.2025 14:00:00.000,1.43464,1.43503,1.434,1.43421,5040
21.03.2025 15:00:00.000,1.43425,1.43566,1.43366,1.43473,3334
24.03.2025 00:00:00.000,1.43438,1.43481,1.43425,1.43443,3933
24.03.2025 01:00:00.000,1.43443,1.43446,1.43337,1.4337,4542
24.03.2025 02:00:00.000,1.4337,1.4338,1.43258,1.4331,5510
24.03.2025 03:00:00.000,1.43312,1.43383,1.43254,1.43338,8034
24.03.2025 04:00:00.000,1.43337,1.43381,1.43249,1.43287,6464
24.03.2025 05:00:00.000,1.43287,1.43304,1.43176,1.4321,4594
24.03.2025 06:00:00.000,1.4321,1.43253,1.43148,1.43253,4063
24.03.2025 07:00:00.000,1.43252,1.43459,1.43252,1.43354,8287
24.03.2025 08:00:00.000,1.43355,1.43436,1.4315,1.43288,11838
24.03.2025 09:00:00.000,1.43289,1.43307,1.42974,1.43065,11671
24.03.2025 10:00:00.000,1.43064,1.43187,1.42887,1.4293,8834
24.03.2025 11:00:00.000,1.42931,1.43193,1.42917,1.43165,8211
24.03.2025 12:00:00.000,1.43165,1.4327,1.43132,1.43137,5675
24.03.2025 13:00:00.000,1.43137,1.4325,1.43067,1.43145,7835
24.03.2025 14:00:00.000,1.43143,1.43234,1.43096,1.43172,6786
24.03.2025 15:00:00.000,1.43171,1.43205,1.43086,1.43135,3236
24.03.2025 16:00:00.000,1.43098,1.43182,1.43096,1.43169,422
24.03.2025 17:00:00.000,1.4318,1.43229,1.43156,1.43178,3948
24.03.2025 18:00:00.000,1.43179,1.43191,1.43149,1.43161,3147
24.03.2025 19:00:00.000,1.43163,1.43268,1.43154,1.43201,4454
24.03.2025 20:00:00.000,1.43203,1.43207,1.43104,1.43161,6826
24.03.2025 21:00:00.000,1.43161,1.43226,1.43156,1.43201,5063
24.03.2025 22:00:00.000,1.43202,1.43212,1.43162,1.4317,3563
24.03.2025 23:00:00.000,1.43171,1.43236,1.43156,1.43236,2962
25.03.2025 00:00:00.000,1.43236,1.43238,1.43155,1.43173,3545
25.03.2025 01:00:00.000,1.43173,1.43281,1.43172,1.4327,4585
25.03.2025 02:00:00.000,1.43269,1.43313,1.43193,1.43235,6721
25.03.2025 03:00:00.000,1.43233,1.43321,1.43166,1.43243,10227
25.03.2025 04:00:00.000,1.43242,1.43266,1.43156,1.43174,5718
25.03.2025 05:00:00.000,1.43177,1.43184,1.42877,1.42885,6911
25.03.2025 06:00:00.000,1.42885,1.4293,1.42804,1.42853,6444
25.03.2025 07:00:00.000,1.42852,1.42925,1.428,1.42803,5678
25.03.2025 08:00:00.000,1.42802,1.42914,1.42704,1.42901,6811
25.03.2025 09:00:00.000,1.42904,1.43135,1.42878,1.43005,10571
25.03.2025 10:00:00.000,1.43005,1.43115,1.42979,1.43082,7704
25.03.2025 11:00:00.000,1.43082,1.43089,1.42977,1.42997,4810
25.03.2025 12:00:00.000,1.42995,1.43057,1.42947,1.42974,4273
25.03.2025 13:00:00.000,1.42974,1.43079,1.42884,1.42971,4781
25.03.2025 14:00:00.000,1.42969,1.42981,1.42788,1.42788,5183
25.03.2025 15:00:00.000,1.42793,1.42858,1.42717,1.4274,2646
25.03.2025 16:00:00.000,1.42718,1.428,1.42701,1.42783,687
25.03.2025 17:00:00.000,1.42809,1.42818,1.42732,1.42735,1683
25.03.2025 18:00:00.000,1.42736,1.42776,1.42724,1.42726,1697
25.03.2025 19:00:00.000,1.42725,1.42869,1.42715,1.42863,4629
25.03.2025 20:00:00.000,1.42864,1.42978,1.42736,1.4275,7187
25.03.2025 21:00:00.000,1.42749,1.42797,1.42719,1.42722,4703
25.03.2025 22:00:00.000,1.42721,1.42753,1.42697,1.42737,4773
25.03.2025 23:00:00.000,1.42735,1.42788,1.42729,1.42739,3521
26.03.2025 00:00:00.000,1.42739,1.42775,1.42698,1.42739,5304
26.03.2025 01:00:00.000,1.42739,1.42773,1.42614,1.42621,4945
26.03.2025 02:00:00.000,1.42625,1.42655,1.42465,1.42499,7237
26.03.2025 03:00:00.000,1.42494,1.4258,1.42457,1.42507,8018
26.03.2025 04:00:00.000,1.42509,1.42544,1.42463,1.42524,5449
26.03.2025 05:00:00.000,1.42525,1.42557,1.42442,1.42451,4829
26.03.2025 06:00:00.000,1.42452,1.42551,1.42445,1.42539,4864
26.03.2025 07:00:00.000,1.42536,1.42717,1.42511,1.42673,7822
26.03.2025 08:00:00.000,1.42672,1.42697,1.42406,1.42508,10496
26.03.2025 09:00:00.000,1.42509,1.42611,1.42478,1.42514,10224
26.03.2025 10:00:00.000,1.42515,1.42647,1.42346,1.42553,10744
26.03.2025 11:00:00.000,1.42554,1.42706,1.42548,1.42652,8568
26.03.2025 12:00:00.000,1.42652,1.42961,1.42633,1.42858,10624
26.03.2025 13:00:00.000,1.42857,1.42945,1.42757,1.42877,6464
26.03.2025 14:00:00.000,1.42878,1.42971,1.42805,1.42818,7198
26.03.2025 15:00:00.000,1.42817,1.42849,1.42626,1.42654,3345
26.03.2025 16:00:00.000,1.42636,1.4302,1.42613,1.4302,1421
26.03.2025 17:00:00.000,1.43019,1.4316,1.42741,1.43026,8789
26.03.2025 18:00:00.000,1.43027,1.4309,1.42935,1.42957,6032
26.03.2025 19:00:00.000,1.42958,1.42978,1.42838,1.42867,6272
26.03.2025 20:00:00.000,1.42866,1.4287,1.42765,1.42802,8244
26.03.2025 21:00:00.000,1.42802,1.42802,1.42627,1.42672,8719
26.03.2025 22:00:00.000,1.42673,1.42694,1.4262,1.42663,5523
26.03.2025 23:00:00.000,1.42664,1.42674,1.42591,1.4265,5111
27.03.2025 00:00:00.000,1.42649,1.42808,1.42621,1.42744,6638
27.03.2025 01:00:00.000,1.42746,1.42752,1.42645,1.42728,7336
27.03.2025 02:00:00.000,1.42729,1.42973,1.42712,1.42972,9444
27.03.2025 03:00:00.000,1.4297,1.43055,1.4283,1.42832,12845
27.03.2025 04:00:00.000,1.42832,1.42915,1.42778,1.42861,6316
27.03.2025 05:00:00.000,1.42859,1.42957,1.4285,1.42922,6051
27.03.2025 06:00:00.000,1.42921,1.42924,1.42754,1.42759,6566
27.03.2025 07:00:00.000,1.4276,1.42974,1.42754,1.42965,8010
27.03.2025 08:00:00.000,1.42963,1.43286,1.42957,1.43124,12141
27.03.2025 09:00:00.000,1.43123,1.43279,1.43036,1.43117,10989
27.03.2025 10:00:00.000,1.43116,1.43234,1.42917,1.43179,13637
27.03.2025 11:00:00.000,1.43179,1.43204,1.43067,1.43148,8230
27.03.2025 12:00:00.000,1.43148,1.43191,1.42993,1.43153,6076
27.03.2025 13:00:00.000,1.43152,1.43211,1.43012,1.43195,5183
27.03.2025 14:00:00.000,1.43193,1.43193,1.43028,1.43101,5095
27.03.2025 15:00:00.000,1.43104,1.43106,1.43012,1.43043,2114
27.03.2025 16:00:00.000,1.43033,1.43113,1.42945,1.43049,610
27.03.2025 17:00:00.000,1.43054,1.43127,1.43053,1.43089,989
27.03.2025 18:00:00.000,1.43088,1.43111,1.43063,1.43064,1972
27.03.2025 19:00:00.000,1.43066,1.43154,1.43064,1.43099,4722
27.03.2025 20:00:00.000,1.43099,1.4315,1.43096,1.43138,5007
27.03.2025 21:00:00.000,1.43138,1.4314,1.43077,1.43104,5350
27.03.2025 22:00:00.000,1.43103,1.4313,1.43071,1.43119,4776
27.03.2025 23:00:00.000,1.4312,1.43137,1.4309,1.43126,4144
28.03.2025 00:00:00.000,1.43126,1.43148,1.43102,1.43114,4171
28.03.2025 01:00:00.000,1.43114,1.43221,1.431,1.43219,4236
28.03.2025 02:00:00.000,1.43218,1.43287,1.43177,1.43279,5862
28.03.2025 03:00:00.000,1.43278,1.43319,1.43188,1.43208,7752
28.03.2025 04:00:00.000,1.43208,1.43289,1.43183,1.43255,5911
28.03.2025 05:00:00.000,1.43254,1.43303,1.43202,1.43303,4815
28.03.2025 06:00:00.000,1.43303,1.43325,1.43188,1.43199,4741
28.03.2025 07:00:00.000,1.43199,1.4322,1.43079,1.43109,7608
28.03.2025 08:00:00.000,1.43108,1.43172,1.42894,1.43085,14348
28.03.2025 09:00:00.000,1.43086,1.43245,1.43,1.43228,15548
28.03.2025 10:00:00.000,1.43229,1.4326,1.4276,1.42833,12922
28.03.2025 11:00:00.000,1.42833,1.42947,1.42759,1.42929,6575
28.03.2025 12:00:00.000,1.42929,1.43172,1.42919,1.43046,7377
28.03.2025 13:00:00.000,1.43045,1.43208,1.43008,1.43158,5338
28.03.2025 14:00:00.000,1.43158,1.43238,1.43127,1.43158,4943
28.03.2025 15:00:00.000,1.43157,1.43227,1.43125,1.43157,3423
31.03.2025 00:00:00.000,1.4315,1.43169,1.43088,1.43116,7622
31.03.2025 01:00:00.000,1.43115,1.43257,1.43108,1.43242,7615
31.03.2025 02:00:00.000,1.43242,1.43433,1.43179,1.43376,9716
31.03.2025 03:00:00.000,1.43376,1.43482,1.4336,1.43476,8525
31.03.2025 04:00:00.000,1.43476,1.43532,1.43407,1.43521,7703
31.03.2025 05:00:00.000,1.43523,1.43607,1.43519,1.43579,7365
31.03.2025 06:00:00.000,1.43578,1.43578,1.43423,1.43516,6428
31.03.2025 07:00:00.000,1.43517,1.43805,1.43517,1.43782,8135
31.03.2025 08:00:00.000,1.43781,1.43883,1.43601,1.43776,11530
31.03.2025 09:00:00.000,1.43775,1.43948,1.43696,1.43931,17813
31.03.2025 10:00:00.000,1.43928,1.43949,1.43688,1.43796,14693
31.03.2025 11:00:00.000,1.43795,1.43836,1.43651,1.43754,9727
31.03.2025 12:00:00.000,1.43753,1.43876,1.43726,1.43876,6380
31.03.2025 13:00:00.000,1.43876,1.4389,1.43712,1.43754,6563
31.03.2025 14:00:00.000,1.43753,1.43899,1.4371,1.4388,8112
31.03.2025 15:00:00.000,1.43879,1.43953,1.43837,1.43851,3651
31.03.2025 16:00:00.000,1.43842,1.43888,1.43775,1.43832,537
31.03.2025 17:00:00.000,1.43857,1.43915,1.43826,1.439,1775
31.03.2025 18:00:00.000,1.43903,1.43958,1.43887,1.43902,2799
31.03.2025 19:00:00.000,1.43904,1.43952,1.43869,1.43907,6328
31.03.2025 20:00:00.000,1.43908,1.43998,1.43897,1.43914,6645
31.03.2025 21:00:00.000,1.43915,1.43919,1.43796,1.43813,5743
31.03.2025 22:00:00.000,1.43811,1.43839,1.43764,1.43809,5160
31.03.2025 23:00:00.000,1.43809,1.43831,1.43724,1.43735,4342
01.04.2025 00:00:00.000,1.43735,1.43906,1.4373,1.43902,4719
01.04.2025 01:00:00.000,1.43902,1.43971,1.43835,1.43878,7764
01.04.2025 02:00:00.000,1.43878,1.44024,1.43878,1.44005,8731
01.04.2025 03:00:00.000,1.44006,1.44034,1.43811,1.43811,5302
01.04.2025 04:00:00.000,1.43811,1.43812,1.43657,1.43674,5578
01.04.2025 05:00:00.000,1.43674,1.43873,1.43673,1.4382,11729
01.04.2025 06:00:00.000,1.43819,1.44039,1.43808,1.43936,8379
01.04.2025 07:00:00.000,1.43935,1.44007,1.43855,1.43946,7148
01.04.2025 08:00:00.000,1.43947,1.44146,1.43889,1.43987,9014
01.04.2025 09:00:00.000,1.43989,1.44084,1.43089,1.43295,19622
01.04.2025 10:00:00.000,1.43297,1.43315,1.43048,1.43169,17204
01.04.2025 11:00:00.000,1.43168,1.43355,1.43093,1.43198,11815
01.04.2025 12:00:00.000,1.43198,1.43301,1.43166,1.43266,8028
01.04.2025 13:00:00.000,1.43267,1.43434,1.43266,1.43348,8199
01.04.2025 14:00:00.000,1.43349,1.43353,1.4307,1.43073,9099
01.04.2025 15:00:00.000,1.43077,1.43146,1.42974,1.43015,4101
01.04.2025 16:00:00.000,1.43,1.43026,1.42953,1.42998,374
01.04.2025 17:00:00.000,1.43001,1.43008,1.42893,1.42899,3185
01.04.2025 18:00:00.000,1.42895,1.42984,1.42882,1.42934,2833
01.04.2025 19:00:00.000,1.42935,1.43072,1.42935,1.43039,6763
01.04.2025 20:00:00.000,1.43039,1.4307,1.42977,1.42988,6694
01.04.2025 21:00:00.000,1.42987,1.43031,1.42919,1.43021,5920
01.04.2025 22:00:00.000,1.43022,1.43031,1.42977,1.43013,3953
01.04.2025 23:00:00.000,1.43014,1.43075,1.42995,1.43055,2764
02.04.2025 00:00:00.000,1.43055,1.43173,1.43055,1.43123,4385
02.04.2025 01:00:00.000,1.43123,1.43138,1.42928,1.4304,7029
02.04.2025 02:00:00.000,1.43042,1.43113,1.43025,1.43041,5920
02.04.2025 03:00:00.000,1.43039,1.43089,1.43022,1.43028,5045
02.04.2025 04:00:00.000,1.43027,1.43109,1.42989,1.43095,5203
02.04.2025 05:00:00.000,1.43096,1.43281,1.43068,1.43257,7069
02.04.2025 06:00:00.000,1.43258,1.43313,1.43182,1.43188,5486
02.04.2025 07:00:00.000,1.43189,1.43321,1.43179,1.43207,8133
02.04.2025 08:00:00.000,1.43208,1.43341,1.43175,1.43264,11640
02.04.2025 09:00:00.000,1.43262,1.43305,1.42953,1.43024,15433
02.04.2025 10:00:00.000,1.43024,1.43218,1.43024,1.43107,11394
02.04.2025 11:00:00.000,1.43109,1.43238,1.43072,1.43202,6743
02.04.2025 12:00:00.000,1.432,1.43253,1.43082,1.43207,6657
02.04.2025 13:00:00.000,1.43209,1.43293,1.43136,1.43247,7596
02.04.2025 14:00:00.000,1.43247,1.43248,1.43102,1.43183,5574
02.04.2025 15:00:00.000,1.43183,1.43659,1.42271,1.42292,25310
02.04.2025 16:00:00.000,1.42249,1.42597,1.42157,1.4255,1655
02.04.2025 17:00:00.000,1.42516,1.43189,1.42516,1.42653,14006
02.04.2025 18:00:00.000,1.42652,1.42687,1.42146,1.42164,17185
02.04.2025 19:00:00.000,1.42163,1.42547,1.42163,1.42537,17723
02.04.2025 20:00:00.000,1.42537,1.42581,1.4237,1.42501,17370
02.04.2025 21:00:00.000,1.42501,1.42536,1.42379,1.424,13739
02.04.2025 22:00:00.000,1.424,1.42521,1.42375,1.42447,10590
02.04.2025 23:00:00.000,1.42449,1.42553,1.42437,1.42552,8024
03.04.2025 00:00:00.000,1.42553,1.42553,1.42093,1.42153,11639
03.04.2025 01:00:00.000,1.42154,1.42294,1.41707,1.4171,13988
03.04.2025 02:00:00.000,1.4171,1.41952,1.41645,1.41647,12254
03.04.2025 03:00:00.000,1.41647,1.41653,1.41164,1.41309,13668
03.04.2025 04:00:00.000,1.41309,1.41592,1.41289,1.41486,9916
03.04.2025 05:00:00.000,1.41489,1.41589,1.41039,1.4128,16861
03.04.2025 06:00:00.000,1.41279,1.4144,1.40836,1.40925,10461
03.04.2025 07:00:00.000,1.40926,1.41031,1.40688,1.40817,17648
03.04.2025 08:00:00.000,1.40815,1.40902,1.4034,1.40451,23964
03.04.2025 09:00:00.000,1.40423,1.40569,1.40273,1.40456,20796
03.04.2025 10:00:00.000,1.40456,1.40748,1.40269,1.40638,17557
03.04.2025 11:00:00.000,1.40638,1.40638,1.40447,1.40606,17091
03.04.2025 12:00:00.000,1.40608,1.40887,1.406,1.40887,8979
03.04.2025 13:00:00.000,1.40888,1.41038,1.40768,1.40832,7936
03.04.2025 14:00:00.000,1.40831,1.40957,1.40786,1.40848,5497
03.04.2025 15:00:00.000,1.40848,1.40971,1.40801,1.40955,3150
03.04.2025 16:00:00.000,1.40903,1.4097,1.40776,1.40831,701
03.04.2025 17:00:00.000,1.40845,1.40928,1.40755,1.40782,3083
03.04.2025 18:00:00.000,1.40781,1.40883,1.4077,1.40828,4215
03.04.2025 19:00:00.000,1.40828,1.40828,1.40607,1.40634,8135
03.04.2025 20:00:00.000,1.40635,1.40681,1.40528,1.40606,10456
03.04.2025 21:00:00.000,1.40605,1.40898,1.40591,1.40886,9911
03.04.2025 22:00:00.000,1.40885,1.40985,1.40781,1.40808,12063
03.04.2025 23:00:00.000,1.40809,1.41026,1.40771,1.41005,11185
04.04.2025 00:00:00.000,1.41005,1.41026,1.40814,1.40877,10811
04.04.2025 01:00:00.000,1.40876,1.4119,1.40855,1.41175,10020
04.04.2025 02:00:00.000,1.41176,1.41494,1.41094,1.41465,14554
04.04.2025 03:00:00.000,1.41467,1.41634,1.41269,1.41317,16128
04.04.2025 04:00:00.000,1.41317,1.41668,1.41308,1.41536,12908
04.04.2025 05:00:00.000,1.41536,1.41725,1.41446,1.41639,30806
04.04.2025 06:00:00.000,1.41639,1.42088,1.41495,1.41839,31269
04.04.2025 07:00:00.000,1.41838,1.42411,1.41687,1.4208,34620
04.04.2025 08:00:00.000,1.42079,1.42253,1.41942,1.42233,28268
04.04.2025 09:00:00.000,1.42235,1.42356,1.42066,1.42216,31709
04.04.2025 10:00:00.000,1.42215,1.42302,1.41779,1.41886,32966
04.04.2025 11:00:00.000,1.4195,1.42188,1.4181,1.42103,21434
04.04.2025 12:00:00.000,1.42103,1.42538,1.42078,1.42158,25851
04.04.2025 13:00:00.000,1.42157,1.4244,1.42086,1.42363,20605
04.04.2025 14:00:00.000,1.42361,1.42514,1.42006,1.42295,17150
04.04.2025 15:00:00.000,1.42295,1.4258,1.42165,1.42232,11106
07.04.2025 00:00:00.000,1.42154,1.42225,1.41956,1.42149,15724
07.04.2025 01:00:00.000,1.42149,1.42558,1.42149,1.42525,20763
07.04.2025 02:00:00.000,1.42524,1.42551,1.4218,1.42236,24158
07.04.2025 03:00:00.000,1.42234,1.42685,1.42123,1.42496,23232
07.04.2025 04:00:00.000,1.42496,1.42669,1.42443,1.42625,15737
07.04.2025 05:00:00.000,1.42627,1.42627,1.42372,1.42565,19010
07.04.2025 06:00:00.000,1.42568,1.42586,1.4238,1.42575,20712
07.04.2025 07:00:00.000,1.42573,1.42959,1.42453,1.42463,33024
07.04.2025 08:00:00.000,1.42463,1.42671,1.42256,1.42302,30182
07.04.2025 09:00:00.000,1.42303,1.42472,1.41782,1.42248,45536
07.04.2025 10:00:00.000,1.42251,1.42494,1.41996,1.42257,36101
07.04.2025 11:00:00.000,1.42257,1.42389,1.42165,1.42284,24897
07.04.2025 12:00:00.000,1.42281,1.42284,1.41877,1.41891,24255
07.04.2025 13:00:00.000,1.41892,1.42142,1.41847,1.41991,21122
07.04.2025 14:00:00.000,1.4199,1.42507,1.4199,1.42414,20683
07.04.2025 15:00:00.000,1.42412,1.42541,1.42355,1.42437,7379
07.04.2025 16:00:00.000,1.42441,1.42441,1.42325,1.42388,381
07.04.2025 17:00:00.000,1.42387,1.42451,1.42363,1.42382,4387
07.04.2025 18:00:00.000,1.42382,1.42435,1.42315,1.42383,6299
07.04.2025 19:00:00.000,1.42385,1.42402,1.42005,1.42153,9647
07.04.2025 20:00:00.000,1.42155,1.42193,1.41786,1.41826,17274
07.04.2025 21:00:00.000,1.41826,1.41826,1.41649,1.41684,10588
07.04.2025 22:00:00.000,1.41685,1.4175,1.41671,1.41699,7491
07.04.2025 23:00:00.000,1.417,1.41709,1.41576,1.41633,9089
08.04.2025 00:00:00.000,1.41638,1.41763,1.41617,1.41635,9327
08.04.2025 01:00:00.000,1.41635,1.4178,1.41495,1.41604,11705
08.04.2025 02:00:00.000,1.41606,1.4192,1.41563,1.41916,18945
08.04.2025 03:00:00.000,1.41915,1.41919,1.4172,1.41778,14327
08.04.2025 04:00:00.000,1.41779,1.42034,1.41779,1.41939,12164
08.04.2025 05:00:00.000,1.41938,1.42022,1.41895,1.41967,10984
08.04.2025 06:00:00.000,1.41968,1.42017,1.41669,1.41764,15412
08.04.2025 07:00:00.000,1.41762,1.41762,1.41522,1.41635,14944
08.04.2025 08:00:00.000,1.41636,1.41789,1.41522,1.41634,21690
08.04.2025 09:00:00.000,1.41634,1.42014,1.41427,1.41981,24018
08.04.2025 10:00:00.000,1.4198,1.42228,1.41848,1.41981,20844
08.04.2025 11:00:00.000,1.41982,1.42071,1.41809,1.42017,23103
08.04.2025 12:00:00.000,1.42018,1.4217,1.41948,1.42139,24286
08.04.2025 13:00:00.000,1.42141,1.42407,1.42084,1.42371,21570
08.04.2025 14:00:00.000,1.42372,1.42616,1.42273,1.4249,18849
08.04.2025 15:00:00.000,1.42489,1.42713,1.42418,1.42597,8414
08.04.2025 16:00:00.000,1.42583,1.42645,1.42494,1.42593,980
08.04.2025 17:00:00.000,1.42593,1.42658,1.42522,1.42629,6840
08.04.2025 18:00:00.000,1.42627,1.42667,1.42519,1.42557,5214
08.04.2025 19:00:00.000,1.42557,1.42731,1.42416,1.42422,14083
08.04.2025 20:00:00.000,1.42421,1.42456,1.4211,1.42138,16434
08.04.2025 21:00:00.000,1.42142,1.42375,1.42056,1.42345,12793
08.04.2025 22:00:00.000,1.42345,1.42471,1.42178,1.42425,12180
08.04.2025 23:00:00.000,1.42426,1.42457,1.42168,1.42201,13585
09.04.2025 00:00:00.000,1.42202,1.42481,1.42201,1.42304,13679
09.04.2025 01:00:00.000,1.42301,1.42303,1.4195,1.42037,21225
09.04.2025 02:00:00.000,1.42039,1.42217,1.41928,1.42003,26992
09.04.2025 03:00:00.000,1.42005,1.42232,1.41977,1.42031,19197
09.04.2025 04:00:00.000,1.42032,1.42135,1.4198,1.42043,13863
09.04.2025 05:00:00.000,1.42044,1.42084,1.41758,1.41832,13524
09.04.2025 06:00:00.000,1.41828,1.42209,1.41826,1.42013,26652
09.04.2025 07:00:00.000,1.42022,1.42023,1.41559,1.4173,19137
09.04.2025 08:00:00.000,1.4173,1.41891,1.41405,1.41417,22312
09.04.2025 09:00:00.000,1.41418,1.42035,1.41318,1.42004,25128
09.04.2025 10:00:00.000,1.42,1.42117,1.41715,1.4188,18388
09.04.2025 11:00:00.000,1.41879,1.41908,1.41624,1.41768,13270
09.04.2025 12:00:00.000,1.41766,1.41857,1.40738,1.40749,33115
09.04.2025 13:00:00.000,1.40742,1.4127,1.40734,1.41152,29926
09.04.2025 14:00:00.000,1.41155,1.41285,1.40832,1.41107,19397
09.04.2025 15:00:00.000,1.41102,1.41211,1.40744,1.40802,11946
09.04.2025 16:00:00.000,1.40802,1.40922,1.40802,1.40876,482
09.04.2025 17:00:00.000,1.4089,1.40995,1.40733,1.40961,7082
09.04.2025 18:00:00.000,1.40957,1.41095,1.40919,1.41021,9124
09.04.2025 19:00:00.000,1.41024,1.41079,1.40942,1.40999,8821
09.04.2025 20:00:00.000,1.40999,1.41095,1.4094,1.41044,11246
09.04.2025 21:00:00.000,1.41044,1.41063,1.40903,1.40903,10987
09.04.2025 22:00:00.000,1.40904,1.40934,1.40757,1.40784,11387
09.04.2025 23:00:00.000,1.40783,1.40845,1.40709,1.40715,8234
10.04.2025 00:00:00.000,1.40715,1.40738,1.40594,1.40649,8065
10.04.2025 01:00:00.000,1.4065,1.40787,1.40604,1.40615,11958
10.04.2025 02:00:00.000,1.40615,1.40858,1.40516,1.40625,14913
10.04.2025 03:00:00.000,1.40627,1.40945,1.40609,1.40756,12536
10.04.2025 04:00:00.000,1.40758,1.40832,1.40631,1.40742,9307
10.04.2025 05:00:00.000,1.40741,1.40754,1.40528,1.40548,10517
10.04.2025 06:00:00.000,1.40549,1.40874,1.40492,1.40837,9266
10.04.2025 07:00:00.000,1.40836,1.40878,1.40423,1.40721,19435
10.04.2025 08:00:00.000,1.40721,1.40751,1.40377,1.40388,23223
10.04.2025 09:00:00.000,1.40393,1.40484,1.39967,1.39976,24228
10.04.2025 10:00:00.000,1.39975,1.40235,1.3991,1.401,23256
10.04.2025 11:00:00.000,1.40105,1.40183,1.39874,1.39987,23355
10.04.2025 12:00:00.000,1.39994,1.40052,1.39557,1.39576,19126
10.04.2025 13:00:00.000,1.39579,1.39897,1.39506,1.39854,16690
10.04.2025 14:00:00.000,1.39853,1.40067,1.39749,1.39774,19452
10.04.2025 15:00:00.000,1.39778,1.40035,1.39565,1.39787,10744
10.04.2025 16:00:00.000,1.39788,1.3986,1.39743,1.39767,589
10.04.2025 17:00:00.000,1.39785,1.39824,1.39559,1.39559,8310
10.04.2025 18:00:00.000,1.39556,1.39711,1.3951,1.39519,11830
10.04.2025 19:00:00.000,1.39519,1.3956,1.39095,1.39487,15427
10.04.2025 20:00:00.000,1.39486,1.39635,1.39277,1.39302,17031
10.04.2025 21:00:00.000,1.39301,1.39401,1.39228,1.39281,10800
10.04.2025 22:00:00.000,1.39278,1.39529,1.39071,1.3949,12949
10.04.2025 23:00:00.000,1.39489,1.39697,1.39489,1.39639,10845
11.04.2025 00:00:00.000,1.39641,1.39792,1.39631,1.39749,12652
11.04.2025 01:00:00.000,1.39746,1.39842,1.39599,1.39616,14951
11.04.2025 02:00:00.000,1.39614,1.39643,1.38935,1.38969,13652
11.04.2025 03:00:00.000,1.38969,1.39103,1.38806,1.39037,20809
11.04.2025 04:00:00.000,1.39039,1.39116,1.38718,1.38832,14419
11.04.2025 05:00:00.000,1.38833,1.39327,1.38833,1.39161,12403
11.04.2025 06:00:00.000,1.39165,1.39212,1.38747,1.38774,11259
11.04.2025 07:00:00.000,1.38775,1.38789,1.38388,1.3856,19922
11.04.2025 08:00:00.000,1.3856,1.3887,1.38415,1.38686,22917
11.04.2025 09:00:00.000,1.38684,1.3924,1.38658,1.38892,22357
11.04.2025 10:00:00.000,1.38896,1.3927,1.3883,1.38967,24344
11.04.2025 11:00:00.000,1.38968,1.39326,1.38959,1.39031,12985
11.04.2025 12:00:00.000,1.39031,1.3919,1.38939,1.3903,9850
11.04.2025 13:00:00.000,1.39032,1.39034,1.38722,1.38881,10356
11.04.2025 14:00:00.000,1.38881,1.38926,1.38712,1.38891,7410
11.04.2025 15:00:00.000,1.38893,1.38909,1.38533,1.38597,5159
14.04.2025 00:00:00.000,1.38642,1.38759,1.3856,1.38614,4024
14.04.2025 01:00:00.000,1.38614,1.38753,1.3833,1.3835,8643
14.04.2025 02:00:00.000,1.38351,1.38482,1.38281,1.38341,7318
14.04.2025 03:00:00.000,1.38342,1.38408,1.38311,1.38389,6135
14.04.2025 04:00:00.000,1.38389,1.38491,1.38343,1.38485,4395
14.04.2025 05:00:00.000,1.38486,1.38642,1.3839,1.3862,4764
14.04.2025 06:00:00.000,1.38616,1.38741,1.3848,1.38673,4440
14.04.2025 07:00:00.000,1.38671,1.38889,1.3864,1.38816,8835
14.04.2025 08:00:00.000,1.38815,1.39033,1.38731,1.38894,16674
14.04.2025 09:00:00.000,1.38895,1.38895,1.38629,1.38652,13579
14.04.2025 10:00:00.000,1.38651,1.38949,1.38614,1.38939,12803
14.04.2025 11:00:00.000,1.38938,1.39102,1.38876,1.39036,12504
14.04.2025 12:00:00.000,1.39037,1.39045,1.38799,1.38803,10530
14.04.2025 13:00:00.000,1.38803,1.38804,1.38628,1.38629,6302
14.04.2025 14:00:00.000,1.38633,1.38773,1.38626,1.38718,6084
14.04.2025 15:00:00.000,1.38718,1.38823,1.38702,1.38702,4940
14.04.2025 16:00:00.000,1.38703,1.38866,1.38607,1.38755,1033
14.04.2025 17:00:00.000,1.38766,1.38953,1.38766,1.38949,2889
14.04.2025 18:00:00.000,1.3895,1.39081,1.38926,1.39007,3413
14.04.2025 19:00:00.000,1.39006,1.3902,1.389,1.38939,4769
14.04.2025 20:00:00.000,1.38941,1.38969,1.38838,1.38876,7218
14.04.2025 21:00:00.000,1.38876,1.38891,1.38761,1.38785,5874
14.04.2025 22:00:00.000,1.38787,1.38787,1.38683,1.38719,5578
14.04.2025 23:00:00.000,1.38718,1.3873,1.38498,1.38542,4318
15.04.2025 00:00:00.000,1.38545,1.3871,1.38502,1.387,4267
15.04.2025 01:00:00.000,1.38698,1.38778,1.38677,1.38727,7605
15.04.2025 02:00:00.000,1.38728,1.38732,1.38568,1.38585,8057
15.04.2025 03:00:00.000,1.38585,1.38628,1.38495,1.38554,7289
15.04.2025 04:00:00.000,1.38556,1.38643,1.38512,1.38616,6051
15.04.2025 05:00:00.000,1.38616,1.38664,1.38495,1.38638,4517
15.04.2025 06:00:00.000,1.38638,1.38784,1.38628,1.38721,7296
15.04.2025 07:00:00.000,1.38721,1.39151,1.38678,1.38998,9833
15.04.2025 08:00:00.000,1.38997,1.38998,1.38677,1.3878,10864
15.04.2025 09:00:00.000,1.38779,1.3923,1.38738,1.39062,12629
15.04.2025 10:00:00.000,1.39063,1.39575,1.39063,1.39446,8602
15.04.2025 11:00:00.000,1.39445,1.39692,1.39405,1.39691,6271
15.04.2025 12:00:00.000,1.39691,1.39771,1.39554,1.39669,6620
15.04.2025 13:00:00.000,1.39669,1.39748,1.39646,1.39663,6671
15.04.2025 14:00:00.000,1.39664,1.39719,1.39599,1.39661,5834
15.04.2025 15:00:00.000,1.39661,1.39666,1.39547,1.39547,3558
15.04.2025 16:00:00.000,1.39548,1.3962,1.39475,1.39607,1112
15.04.2025 17:00:00.000,1.39608,1.39626,1.39499,1.39501,1811
15.04.2025 18:00:00.000,1.39503,1.3964,1.39499,1.39574,3966
15.04.2025 19:00:00.000,1.39576,1.39592,1.3947,1.39506,6088
15.04.2025 20:00:00.000,1.39506,1.39506,1.39433,1.39486,6568
15.04.2025 21:00:00.000,1.39486,1.39495,1.39425,1.39462,7453
15.04.2025 22:00:00.000,1.39463,1.39475,1.39393,1.39396,4274
15.04.2025 23:00:00.000,1.39393,1.3942,1.3934,1.3936,4256
16.04.2025 00:00:00.000,1.39359,1.3942,1.39225,1.39243,7166
16.04.2025 01:00:00.000,1.39245,1.39387,1.39232,1.39348,6678
16.04.2025 02:00:00.000,1.39348,1.39348,1.39116,1.39116,9162
16.04.2025 03:00:00.000,1.39116,1.39199,1.39038,1.39125,12379
16.04.2025 04:00:00.000,1.39124,1.39138,1.39033,1.39112,7002
16.04.2025 05:00:00.000,1.39112,1.39139,1.39052,1.3913,6488
16.04.2025 06:00:00.000,1.3913,1.39239,1.39088,1.39217,5779
16.04.2025 07:00:00.000,1.39218,1.39296,1.39145,1.39168,9857
16.04.2025 08:00:00.000,1.39169,1.39286,1.38731,1.38887,15045
16.04.2025 09:00:00.000,1.38884,1.39016,1.38782,1.3888,13649
16.04.2025 10:00:00.000,1.38879,1.38919,1.38726,1.38832,11242
16.04.2025 11:00:00.000,1.38832,1.38834,1.38668,1.38767,9725
16.04.2025 12:00:00.000,1.38766,1.38981,1.38686,1.3898,11566
16.04.2025 13:00:00.000,1.38979,1.3898,1.38757,1.38767,11834
16.04.2025 14:00:00.000,1.38767,1.38806,1.38584,1.38618,8948
16.04.2025 15:00:00.000,1.38616,1.38749,1.38531,1.38548,3960
16.04.2025 16:00:00.000,1.38518,1.38659,1.38518,1.38619,1132
16.04.2025 17:00:00.000,1.38635,1.38635,1.38543,1.38543,2928
16.04.2025 18:00:00.000,1.38546,1.38602,1.38543,1.38592,2907
16.04.2025 19:00:00.000,1.38591,1.38682,1.38552,1.38674,4079
16.04.2025 20:00:00.000,1.38673,1.38837,1.38673,1.38779,5397
16.04.2025 21:00:00.000,1.38778,1.38782,1.38687,1.38712,4185
16.04.2025 22:00:00.000,1.38711,1.38868,1.38696,1.38863,3623
16.04.2025 23:00:00.000,1.38864,1.38912,1.38815,1.389,2767
17.04.2025 00:00:00.000,1.38901,1.38959,1.3885,1.38896,2860
17.04.2025 01:00:00.000,1.38895,1.38946,1.388,1.38882,4402
17.04.2025 02:00:00.000,1.38882,1.38886,1.38648,1.38706,7322
17.04.2025 03:00:00.000,1.38706,1.38784,1.38675,1.38768,3984
17.04.2025 04:00:00.000,1.38768,1.38912,1.3874,1.38911,3941
17.04.2025 05:00:00.000,1.38912,1.3898,1.38833,1.38929,4899
17.04.2025 06:00:00.000,1.38926,1.39057,1.38851,1.39004,4397
17.04.2025 07:00:00.000,1.39002,1.39002,1.38675,1.38723,11811
17.04.2025 08:00:00.000,1.38726,1.3878,1.38539,1.38539,14156
17.04.2025 09:00:00.000,1.38539,1.38782,1.38494,1.38772,10870
17.04.2025 10:00:00.000,1.38774,1.38787,1.3856,1.38564,7061
17.04.2025 11:00:00.000,1.38563,1.38606,1.38435,1.38444,9142
17.04.2025 12:00:00.000,1.38444,1.3849,1.38336,1.38347,4377
17.04.2025 13:00:00.000,1.38346,1.38503,1.38275,1.38401,5044
17.04.2025 14:00:00.000,1.384,1.38479,1.38373,1.38396,4055
17.04.2025 15:00:00.000,1.38399,1.38404,1.38321,1.38321,2722
17.04.2025 16:00:00.000,1.38307,1.38469,1.38297,1.38307,1298
17.04.2025 17:00:00.000,1.38325,1.38436,1.38277,1.38339,2900
17.04.2025 18:00:00.000,1.38338,1.38433,1.38273,1.38423,1375
17.04.2025 19:00:00.000,1.38422,1.38486,1.38372,1.38455,11938
17.04.2025 20:00:00.000,1.38455,1.38535,1.38446,1.38521,17772
17.04.2025 21:00:00.000,1.38526,1.38587,1.3847,1.38572,37093
17.04.2025 22:00:00.000,1.38573,1.38605,1.38498,1.38593,40131
17.04.2025 23:00:00.000,1.38593,1.38633,1.3859,1.38619,38579
18.04.2025 00:00:00.000,1.38616,1.38663,1.38599,1.3862,23344
18.04.2025 01:00:00.000,1.38619,1.38661,1.38535,1.38545,16444
18.04.2025 02:00:00.000,1.38543,1.38645,1.38442,1.38638,21201
18.04.2025 03:00:00.000,1.38638,1.38673,1.38593,1.38618,22925
18.04.2025 04:00:00.000,1.38618,1.38653,1.38516,1.38578,19886
18.04.2025 05:00:00.000,1.38575,1.38603,1.38452,1.38542,18819
18.04.2025 06:00:00.000,1.38545,1.38677,1.38504,1.38618,19139
18.04.2025 07:00:00.000,1.38617,1.38627,1.38442,1.38579,12132
18.04.2025 08:00:00.000,1.38581,1.38691,1.38517,1.38651,7033
18.04.2025 09:00:00.000,1.38648,1.38653,1.38445,1.38629,10933
18.04.2025 10:00:00.000,1.38629,1.38629,1.38475,1.38486,9776
18.04.2025 11:00:00.000,1.38486,1.38544,1.38443,1.38508,13183
18.04.2025 12:00:00.000,1.3851,1.3851,1.38404,1.38484,10517
18.04.2025 13:00:00.000,1.38486,1.38492,1.38455,1.38466,10541
18.04.2025 14:00:00.000,1.38466,1.38478,1.38421,1.38449,6604
18.04.2025 15:00:00.000,1.3845,1.38456,1.38315,1.38413,8752
21.04.2025 00:00:00.000,1.37973,1.37979,1.37906,1.37909,3341
21.04.2025 01:00:00.000,1.3791,1.38017,1.3791,1.37965,3204
21.04.2025 02:00:00.000,1.37967,1.3802,1.37928,1.37982,3891
21.04.2025 03:00:00.000,1.37984,1.38023,1.37913,1.3792,5189
21.04.2025 04:00:00.000,1.3792,1.37972,1.37805,1.37961,4903
21.04.2025 05:00:00.000,1.37963,1.38145,1.37932,1.38099,3539
21.04.2025 06:00:00.000,1.38098,1.38146,1.38034,1.38071,4459
21.04.2025 07:00:00.000,1.38071,1.38111,1.37878,1.37929,5498
21.04.2025 08:00:00.000,1.37927,1.38109,1.37845,1.37911,7105
21.04.2025 09:00:00.000,1.3791,1.38115,1.3791,1.38073,9398
21.04.2025 10:00:00.000,1.3807,1.38189,1.38051,1.38174,6257
21.04.2025 11:00:00.000,1.38174,1.38417,1.38162,1.38381,6266
21.04.2025 12:00:00.000,1.38382,1.38492,1.3836,1.38411,5360
21.04.2025 13:00:00.000,1.38411,1.38477,1.38353,1.38377,4570
21.04.2025 14:00:00.000,1.38379,1.38401,1.38253,1.38344,5038
21.04.2025 15:00:00.000,1.38345,1.38413,1.38332,1.38404,2820
21.04.2025 16:00:00.000,1.38399,1.38404,1.38345,1.38378,285
21.04.2025 17:00:00.000,1.38401,1.38432,1.38343,1.38373,1622
21.04.2025 18:00:00.000,1.38372,1.38399,1.38315,1.3833,3797
21.04.2025 19:00:00.000,1.3833,1.38452,1.38275,1.38376,5680
21.04.2025 20:00:00.000,1.38377,1.38377,1.38274,1.38345,6537
21.04.2025 21:00:00.000,1.38345,1.38365,1.38194,1.38197,4493
21.04.2025 22:00:00.000,1.38199,1.38206,1.38002,1.38052,4479
21.04.2025 23:00:00.000,1.38052,1.38063,1.38013,1.3804,2681
22.04.2025 00:00:00.000,1.38042,1.38102,1.37923,1.37966,4627
22.04.2025 01:00:00.000,1.3797,1.38206,1.37925,1.38147,8800
22.04.2025 02:00:00.000,1.38147,1.3818,1.38032,1.38107,9077
22.04.2025 03:00:00.000,1.38107,1.38208,1.38085,1.38173,5615
22.04.2025 04:00:00.000,1.38172,1.38393,1.38165,1.38369,4754
22.04.2025 05:00:00.000,1.3837,1.38398,1.3827,1.38395,4745
22.04.2025 06:00:00.000,1.38395,1.38472,1.38335,1.38424,4787
22.04.2025 07:00:00.000,1.38423,1.38611,1.38419,1.38462,7304
22.04.2025 08:00:00.000,1.3846,1.3857,1.38331,1.38356,8354
22.04.2025 09:00:00.000,1.38355,1.38508,1.38237,1.38254,8328
22.04.2025 10:00:00.000,1.38256,1.38291,1.3801,1.38011,7703
22.04.2025 11:00:00.000,1.3801,1.38144,1.37964,1.38069,9275
22.04.2025 12:00:00.000,1.38069,1.38242,1.3799,1.38177,9237
22.04.2025 13:00:00.000,1.38177,1.38215,1.38108,1.38145,5384
22.04.2025 14:00:00.000,1.38143,1.38326,1.38068,1.38241,6019
22.04.2025 15:00:00.000,1.38239,1.38247,1.38088,1.38088,2675
22.04.2025 16:00:00.000,1.38084,1.38311,1.38079,1.38249,1446
22.04.2025 17:00:00.000,1.38257,1.38596,1.38239,1.38431,10216
22.04.2025 18:00:00.000,1.38428,1.38485,1.3829,1.38481,7227
22.04.2025 19:00:00.000,1.38478,1.38482,1.38262,1.38279,6313
22.04.2025 20:00:00.000,1.38279,1.38309,1.38195,1.38268,5292
22.04.2025 21:00:00.000,1.38268,1.38352,1.38258,1.38338,3831
22.04.2025 22:00:00.000,1.38337,1.38456,1.38319,1.38399,3548
22.04.2025 23:00:00.000,1.38397,1.38466,1.38328,1.38329,2279
23.04.2025 00:00:00.000,1.38328,1.3839,1.38279,1.38358,2362
23.04.2025 01:00:00.000,1.38358,1.38359,1.38087,1.38138,5843
23.04.2025 02:00:00.000,1.38137,1.38205,1.38112,1.38171,6605
23.04.2025 03:00:00.000,1.38169,1.38247,1.3808,1.38108,6218
23.04.2025 04:00:00.000,1.38108,1.38108,1.37978,1.38039,5045
23.04.2025 05:00:00.000,1.3804,1.382,1.38028,1.3816,3835
23.04.2025 06:00:00.000,1.3816,1.38355,1.38151,1.3823,5486
23.04.2025 07:00:00.000,1.38231,1.38407,1.3819,1.38343,5967
23.04.2025 08:00:00.000,1.38341,1.38574,1.38244,1.38489,13953
23.04.2025 09:00:00.000,1.38488,1.38725,1.38375,1.38465,17327
23.04.2025 10:00:00.000,1.38466,1.38955,1.38459,1.38942,13953
23.04.2025 11:00:00.000,1.38942,1.38987,1.38824,1.38935,8414
23.04.2025 12:00:00.000,1.38937,1.39043,1.38877,1.38908,7241
23.04.2025 13:00:00.000,1.38907,1.3895,1.38818,1.3886,5583
23.04.2025 14:00:00.000,1.38862,1.3893,1.38805,1.38864,5695
23.04.2025 15:00:00.000,1.38862,1.38893,1.38754,1.38774,2906
23.04.2025 16:00:00.000,1.38773,1.38892,1.38716,1.38815,781
23.04.2025 17:00:00.000,1.38816,1.3885,1.38686,1.38771,3581
23.04.2025 18:00:00.000,1.38771,1.38772,1.38699,1.38745,3516
23.04.2025 19:00:00.000,1.38743,1.38808,1.38675,1.38694,3794
23.04.2025 20:00:00.000,1.38689,1.38727,1.38622,1.38692,6889
23.04.2025 21:00:00.000,1.38692,1.38737,1.38628,1.38634,4579
23.04.2025 22:00:00.000,1.38635,1.38727,1.38627,1.38707,4017
23.04.2025 23:00:00.000,1.38707,1.38732,1.38669,1.3867,4324
24.04.2025 00:00:00.000,1.38669,1.38745,1.38639,1.38718,5105
24.04.2025 01:00:00.000,1.38717,1.3872,1.3855,1.38555,6302
24.04.2025 02:00:00.000,1.38555,1.38561,1.384,1.38407,6999
24.04.2025 03:00:00.000,1.38406,1.38543,1.38393,1.38494,6546
24.04.2025 04:00:00.000,1.38496,1.38515,1.384,1.38439,5223
24.04.2025 05:00:00.000,1.3844,1.38514,1.38407,1.38483,4933
24.04.2025 06:00:00.000,1.38481,1.38642,1.38476,1.38641,5087
24.04.2025 07:00:00.000,1.3864,1.38703,1.38579,1.38601,6025
24.04.2025 08:00:00.000,1.386,1.38716,1.38497,1.38593,7177
24.04.2025 09:00:00.000,1.38593,1.38867,1.38545,1.38787,10608
24.04.2025 10:00:00.000,1.38788,1.38966,1.38709,1.38894,9100
24.04.2025 11:00:00.000,1.38893,1.38986,1.38785,1.38787,6746
24.04.2025 12:00:00.000,1.38786,1.3884,1.38715,1.38716,5058
24.04.2025 13:00:00.000,1.38715,1.38757,1.38601,1.38608,3829
24.04.2025 14:00:00.000,1.38608,1.38652,1.38466,1.38565,4548
24.04.2025 15:00:00.000,1.38565,1.38587,1.38416,1.38502,3048
24.04.2025 16:00:00.000,1.38503,1.38512,1.38434,1.38456,634
24.04.2025 17:00:00.000,1.38455,1.38573,1.38447,1.38554,2051
24.04.2025 18:00:00.000,1.38553,1.38586,1.38513,1.38549,2634
24.04.2025 19:00:00.000,1.38549,1.3865,1.38547,1.38635,3358
24.04.2025 20:00:00.000,1.38636,1.38709,1.38573,1.38695,4587
24.04.2025 21:00:00.000,1.38695,1.38707,1.38629,1.38667,3001
24.04.2025 22:00:00.000,1.38667,1.38727,1.38586,1.38707,4152
24.04.2025 23:00:00.000,1.38706,1.38764,1.38702,1.38753,3042
25.04.2025 00:00:00.000,1.38753,1.38842,1.38728,1.388,2756
25.04.2025 01:00:00.000,1.38801,1.38889,1.38666,1.38673,5225
25.04.2025 02:00:00.000,1.38672,1.38818,1.3858,1.38771,8176
25.04.2025 03:00:00.000,1.3877,1.38897,1.38746,1.38867,4693
25.04.2025 04:00:00.000,1.38869,1.38919,1.38831,1.38906,5881
25.04.2025 05:00:00.000,1.38905,1.38912,1.38812,1.38863,7718
25.04.2025 06:00:00.000,1.38862,1.38881,1.38709,1.38729,4981
25.04.2025 07:00:00.000,1.3873,1.38745,1.3862,1.38721,6140
25.04.2025 08:00:00.000,1.38721,1.38754,1.38512,1.38525,10909
25.04.2025 09:00:00.000,1.38526,1.38648,1.38492,1.38621,9084
25.04.2025 10:00:00.000,1.38622,1.38631,1.38519,1.38581,6895
25.04.2025 11:00:00.000,1.38583,1.3865,1.38535,1.38598,5042
25.04.2025 12:00:00.000,1.38597,1.38756,1.38545,1.38706,6010
25.04.2025 13:00:00.000,1.38706,1.3874,1.38569,1.38581,5417
25.04.2025 14:00:00.000,1.38586,1.38641,1.38578,1.38606,4050
25.04.2025 15:00:00.000,1.38609,1.38622,1.38491,1.38517,2556
28.04.2025 00:00:00.000,1.38653,1.38672,1.38619,1.38631,3340
28.04.2025 01:00:00.000,1.38631,1.38869,1.3863,1.38825,4329
28.04.2025 02:00:00.000,1.38826,1.38847,1.38712,1.38802,4812
28.04.2025 03:00:00.000,1.38804,1.38922,1.38795,1.38844,3401
28.04.2025 04:00:00.000,1.38845,1.38845,1.38635,1.38678,4192
28.04.2025 05:00:00.000,1.38676,1.38813,1.38667,1.38767,3520
28.04.2025 06:00:00.000,1.38768,1.38795,1.38629,1.3866,3466
28.04.2025 07:00:00.000,1.3866,1.3869,1.38545,1.38688,5163
28.04.2025 08:00:00.000,1.38684,1.3872,1.38428,1.38478,8666
28.04.2025 09:00:00.000,1.38479,1.38548,1.38244,1.38328,11386
28.04.2025 10:00:00.000,1.38328,1.38637,1.38309,1.38583,9319
28.04.2025 11:00:00.000,1.38584,1.38616,1.38441,1.38471,7019
28.04.2025 12:00:00.000,1.3847,1.38575,1.38466,1.3852,5936
28.04.2025 13:00:00.000,1.38521,1.38531,1.38428,1.38429,4256
28.04.2025 14:00:00.000,1.38431,1.38434,1.3816,1.38175,4266
28.04.2025 15:00:00.000,1.38176,1.38307,1.38163,1.38282,2088
28.04.2025 16:00:00.000,1.38254,1.38313,1.38253,1.38307,309
28.04.2025 17:00:00.000,1.38307,1.38339,1.38279,1.38319,1402
28.04.2025 18:00:00.000,1.38321,1.38354,1.38253,1.38315,2736
28.04.2025 19:00:00.000,1.38317,1.38391,1.38275,1.38362,3451
28.04.2025 20:00:00.000,1.38364,1.38403,1.38313,1.38378,5464
28.04.2025 21:00:00.000,1.38377,1.38396,1.3808,1.38376,6404
28.04.2025 22:00:00.000,1.38376,1.38662,1.38368,1.38569,4306
28.04.2025 23:00:00.000,1.38568,1.38636,1.38534,1.38621,2914
29.04.2025 00:00:00.000,1.38622,1.38709,1.38602,1.38692,3029
29.04.2025 01:00:00.000,1.38693,1.38708,1.38362,1.38441,5185
29.04.2025 02:00:00.000,1.38442,1.3845,1.38183,1.38189,9179
29.04.2025 03:00:00.000,1.38187,1.38357,1.38158,1.38288,7184
29.04.2025 04:00:00.000,1.38289,1.38478,1.38273,1.38462,5220
29.04.2025 05:00:00.000,1.38463,1.38502,1.38409,1.38476,4532
29.04.2025 06:00:00.000,1.38476,1.38516,1.38437,1.38487,5293
29.04.2025 07:00:00.000,1.38487,1.38493,1.3827,1.38323,8372
29.04.2025 08:00:00.000,1.38321,1.38526,1.38288,1.38426,10662
29.04.2025 09:00:00.000,1.38425,1.38666,1.38388,1.38636,13273
29.04.2025 10:00:00.000,1.38636,1.3867,1.38453,1.38536,7956
29.04.2025 11:00:00.000,1.38535,1.38564,1.38425,1.38536,6344
29.04.2025 12:00:00.000,1.38534,1.38597,1.3836,1.38398,4539
29.04.2025 13:00:00.000,1.38401,1.38555,1.38382,1.38449,5224
29.04.2025 14:00:00.000,1.38449,1.38459,1.38359,1.38368,4281
29.04.2025 15:00:00.000,1.3837,1.38399,1.38264,1.38311,2417
29.04.2025 16:00:00.000,1.38299,1.38406,1.38236,1.38257,1771
29.04.2025 17:00:00.000,1.38263,1.38301,1.38242,1.38297,1957
29.04.2025 18:00:00.000,1.38294,1.38322,1.3825,1.38254,2212
29.04.2025 19:00:00.000,1.38255,1.38344,1.38248,1.38301,3408
29.04.2025 20:00:00.000,1.38303,1.38414,1.38197,1.38407,4613
29.04.2025 21:00:00.000,1.38407,1.38457,1.38336,1.38439,3366
29.04.2025 22:00:00.000,1.38439,1.3844,1.3838,1.38413,2550
29.04.2025 23:00:00.000,1.38414,1.38418,1.38331,1.38331,2236
30.04.2025 00:00:00.000,1.3833,1.38338,1.38243,1.38254,2289
30.04.2025 01:00:00.000,1.38253,1.38302,1.38165,1.38205,4819
30.04.2025 02:00:00.000,1.38204,1.38371,1.38204,1.38319,3807
30.04.2025 03:00:00.000,1.38317,1.38428,1.38283,1.38426,3869
30.04.2025 04:00:00.000,1.38428,1.38428,1.38263,1.38342,4376
30.04.2025 05:00:00.000,1.38342,1.38372,1.38285,1.38329,4452
30.04.2025 06:00:00.000,1.38328,1.38357,1.38253,1.38311,4237
30.04.2025 07:00:00.000,1.3831,1.38534,1.3824,1.38496,9785
30.04.2025 08:00:00.000,1.38495,1.38506,1.38261,1.38398,10567
30.04.2025 09:00:00.000,1.38397,1.38549,1.38058,1.38145,14655
30.04.2025 10:00:00.000,1.38144,1.38224,1.38021,1.38077,12325
30.04.2025 11:00:00.000,1.38077,1.38181,1.3807,1.38095,6130
30.04.2025 12:00:00.000,1.38097,1.38112,1.37866,1.37969,4687
30.04.2025 13:00:00.000,1.37968,1.37973,1.37759,1.37848,6925
30.04.2025 14:00:00.000,1.37848,1.37859,1.37694,1.37846,5528
30.04.2025 15:00:00.000,1.37846,1.37979,1.37819,1.37963,3323
30.04.2025 16:00:00.000,1.37962,1.37966,1.37849,1.37879,1357
30.04.2025 17:00:00.000,1.37877,1.37968,1.37857,1.37865,2132
30.04.2025 18:00:00.000,1.37866,1.38006,1.37863,1.37933,2495
30.04.2025 19:00:00.000,1.37932,1.37936,1.3787,1.37875,2070
30.04.2025 20:00:00.000,1.37875,1.37953,1.37858,1.37917,2701
30.04.2025 21:00:00.000,1.37917,1.37926,1.37836,1.37845,1908
30.04.2025 22:00:00.000,1.37845,1.37998,1.37838,1.37959,3699
30.04.2025 23:00:00.000,1.3796,1.3798,1.37922,1.37937,2483
01.05.2025 00:00:00.000,1.37938,1.3806,1.37923,1.37999,3872
01.05.2025 01:00:00.000,1.38003,1.38024,1.37925,1.38005,4618
01.05.2025 02:00:00.000,1.38006,1.38156,1.37991,1.38119,4722
01.05.2025 03:00:00.000,1.38119,1.38168,1.38062,1.38149,3515
01.05.2025 04:00:00.000,1.38148,1.38246,1.38121,1.38225,2518
01.05.2025 05:00:00.000,1.38224,1.38234,1.38126,1.38132,4180
01.05.2025 06:00:00.000,1.38132,1.38225,1.38078,1.38173,3829
01.05.2025 07:00:00.000,1.38174,1.38246,1.38074,1.38191,7252
01.05.2025 08:00:00.000,1.38194,1.38225,1.37956,1.37978,8228
01.05.2025 09:00:00.000,1.37978,1.38476,1.37972,1.38385,12560
01.05.2025 10:00:00.000,1.38385,1.38619,1.38275,1.38477,8570
01.05.2025 11:00:00.000,1.38476,1.3857,1.38476,1.38529,4642
01.05.2025 12:00:00.000,1.3853,1.38608,1.38449,1.3857,4054
01.05.2025 13:00:00.000,1.38571,1.38602,1.38383,1.38474,5079
01.05.2025 14:00:00.000,1.38473,1.38482,1.38347,1.38435,3598
01.05.2025 15:00:00.000,1.38433,1.38547,1.38371,1.38522,2438
01.05.2025 16:00:00.000,1.38519,1.38524,1.38469,1.38502,369
01.05.2025 17:00:00.000,1.38501,1.38544,1.3848,1.38488,1204
01.05.2025 18:00:00.000,1.38485,1.38534,1.38456,1.38479,1945
01.05.2025 19:00:00.000,1.38479,1.38492,1.38404,1.38404,4809
01.05.2025 20:00:00.000,1.38402,1.38423,1.38337,1.38337,4685
01.05.2025 21:00:00.000,1.38338,1.3834,1.38262,1.38305,4046
01.05.2025 22:00:00.000,1.38305,1.38326,1.38143,1.3816,4163
01.05.2025 23:00:00.000,1.3816,1.38234,1.38151,1.38214,4517
02.05.2025 00:00:00.000,1.38213,1.38234,1.38176,1.38208,3158
02.05.2025 01:00:00.000,1.38209,1.38233,1.38025,1.38087,3900
02.05.2025 02:00:00.000,1.38085,1.38177,1.3807,1.38167,3836
02.05.2025 03:00:00.000,1.38166,1.38341,1.38166,1.38298,3338
02.05.2025 04:00:00.000,1.38297,1.3832,1.38045,1.38101,4113
02.05.2025 05:00:00.000,1.381,1.38286,1.38087,1.38274,3785
02.05.2025 06:00:00.000,1.38274,1.38305,1.3817,1.38203,3695
02.05.2025 07:00:00.000,1.38203,1.38387,1.38125,1.38239,11227
02.05.2025 08:00:00.000,1.3824,1.38286,1.37644,1.37925,12703
02.05.2025 09:00:00.000,1.37928,1.37936,1.37596,1.37677,10762
02.05.2025 10:00:00.000,1.37678,1.37995,1.37674,1.37913,8698
02.05.2025 11:00:00.000,1.37913,1.37951,1.37814,1.37912,7114
02.05.2025 12:00:00.000,1.37912,1.38057,1.37912,1.38047,4980
02.05.2025 13:00:00.000,1.38047,1.38168,1.37997,1.38119,3937
02.05.2025 14:00:00.000,1.38118,1.38146,1.38054,1.3808,4126
02.05.2025 15:00:00.000,1.3808,1.38198,1.38062,1.38119,2490
05.05.2025 00:00:00.000,1.37972,1.38032,1.37877,1.38032,4357
05.05.2025 01:00:00.000,1.38033,1.38154,1.38002,1.38116,3812
05.05.2025 02:00:00.000,1.38121,1.38181,1.38062,1.38154,3560
05.05.2025 03:00:00.000,1.38155,1.38162,1.38018,1.38094,3200
05.05.2025 04:00:00.000,1.38094,1.38096,1.37882,1.37884,2841
05.05.2025 05:00:00.000,1.37882,1.37989,1.37859,1.37974,2552
05.05.2025 06:00:00.000,1.37974,1.38062,1.37887,1.37978,3549
05.05.2025 07:00:00.000,1.37979,1.38146,1.37895,1.38118,5702
05.05.2025 08:00:00.000,1.38117,1.38152,1.37989,1.38086,7503
05.05.2025 09:00:00.000,1.38086,1.38294,1.38054,1.38095,9599
05.05.2025 10:00:00.000,1.38097,1.38188,1.38085,1.38113,4928
05.05.2025 11:00:00.000,1.38113,1.38211,1.38083,1.38121,3085
05.05.2025 12:00:00.000,1.3812,1.38163,1.38109,1.38139,2484
05.05.2025 13:00:00.000,1.38138,1.38197,1.38126,1.3814,1879
05.05.2025 14:00:00.000,1.38142,1.38171,1.38072,1.38115,3354
05.05.2025 15:00:00.000,1.38115,1.38245,1.38096,1.38232,1288
05.05.2025 16:00:00.000,1.38233,1.38281,1.3816,1.38194,482
05.05.2025 17:00:00.000,1.38194,1.38229,1.38179,1.38212,777
05.05.2025 18:00:00.000,1.38211,1.38224,1.38186,1.3822,1014
05.05.2025 19:00:00.000,1.3822,1.38392,1.38204,1.38383,3174
05.05.2025 20:00:00.000,1.38383,1.38445,1.38315,1.38375,6646
05.05.2025 21:00:00.000,1.38373,1.38383,1.38269,1.38279,4823
05.05.2025 22:00:00.000,1.38279,1.38321,1.38218,1.38227,3362
05.05.2025 23:00:00.000,1.38228,1.38229,1.38134,1.38145,3409
06.05.2025 00:00:00.000,1.38144,1.38251,1.38142,1.38238,4404
06.05.2025 01:00:00.000,1.3824,1.38304,1.38194,1.38236,5316
06.05.2025 02:00:00.000,1.38236,1.38251,1.38091,1.38142,7001
06.05.2025 03:00:00.000,1.38143,1.382,1.38069,1.38192,5798
06.05.2025 04:00:00.000,1.38193,1.3832,1.38182,1.38278,4568
06.05.2025 05:00:00.000,1.38277,1.38292,1.38175,1.3819,4667
06.05.2025 06:00:00.000,1.38191,1.38204,1.38018,1.38032,4430
06.05.2025 07:00:00.000,1.38032,1.38082,1.37942,1.38009,5388
06.05.2025 08:00:00.000,1.38011,1.38087,1.37793,1.37832,8016
06.05.2025 09:00:00.000,1.37831,1.37933,1.37809,1.37911,8188
06.05.2025 10:00:00.000,1.37912,1.37926,1.37705,1.37748,7113
06.05.2025 11:00:00.000,1.37751,1.379,1.37499,1.37714,9294
06.05.2025 12:00:00.000,1.37714,1.37861,1.37622,1.37767,5834
06.05.2025 13:00:00.000,1.37765,1.37838,1.37715,1.37718,4520
06.05.2025 14:00:00.000,1.37722,1.37759,1.37636,1.37696,6121
06.05.2025 15:00:00.000,1.37696,1.37823,1.37656,1.37757,3010
06.05.2025 16:00:00.000,1.37755,1.37755,1.37558,1.37638,1863
06.05.2025 17:00:00.000,1.37637,1.37745,1.37637,1.37699,5777
06.05.2025 18:00:00.000,1.37698,1.37747,1.37628,1.37707,4428
06.05.2025 19:00:00.000,1.37707,1.37805,1.37671,1.37718,4951
06.05.2025 20:00:00.000,1.37715,1.37919,1.37702,1.37827,7364
06.05.2025 21:00:00.000,1.37829,1.37982,1.37829,1.37942,5601
06.05.2025 22:00:00.000,1.37942,1.37965,1.37885,1.37909,4281
06.05.2025 23:00:00.000,1.3791,1.37958,1.37858,1.37951,3854
07.05.2025 00:00:00.000,1.37951,1.37967,1.37881,1.37908,4862
07.05.2025 01:00:00.000,1.37909,1.37932,1.37842,1.37878,5329
07.05.2025 02:00:00.000,1.37879,1.3795,1.37821,1.37839,6472
07.05.2025 03:00:00.000,1.37837,1.37927,1.37807,1.37927,6213
07.05.2025 04:00:00.000,1.37926,1.38029,1.3791,1.38014,5612
07.05.2025 05:00:00.000,1.3801,1.38015,1.37888,1.37891,4586
07.05.2025 06:00:00.000,1.37891,1.37954,1.37842,1.37928,4276
07.05.2025 07:00:00.000,1.37928,1.38059,1.37912,1.38015,4958
07.05.2025 08:00:00.000,1.38014,1.38058,1.37772,1.37787,7700
07.05.2025 09:00:00.000,1.37786,1.37986,1.37745,1.37791,9451
07.05.2025 10:00:00.000,1.37791,1.37827,1.37722,1.3774,7858
07.05.2025 11:00:00.000,1.37742,1.37952,1.37742,1.37856,4938
07.05.2025 12:00:00.000,1.37852,1.38065,1.3784,1.3803,4726
07.05.2025 13:00:00.000,1.3803,1.38167,1.3787,1.38052,11530
07.05.2025 14:00:00.000,1.38049,1.38367,1.38048,1.38302,9637
07.05.2025 15:00:00.000,1.38302,1.38389,1.38273,1.38374,2563
07.05.2025 16:00:00.000,1.38374,1.38378,1.38292,1.38373,403
07.05.2025 17:00:00.000,1.38374,1.3839,1.38347,1.38366,992
07.05.2025 18:00:00.000,1.38366,1.38366,1.38324,1.38356,1294
07.05.2025 19:00:00.000,1.38357,1.38357,1.38216,1.38249,2971
07.05.2025 20:00:00.000,1.3825,1.38311,1.38144,1.38161,7158
07.05.2025 21:00:00.000,1.38161,1.38246,1.3813,1.38244,4286
07.05.2025 22:00:00.000,1.38246,1.38265,1.38186,1.38262,4114
07.05.2025 23:00:00.000,1.38262,1.3829,1.38243,1.38288,2980
08.05.2025 00:00:00.000,1.38289,1.38507,1.38289,1.38408,6564
08.05.2025 01:00:00.000,1.38415,1.38738,1.38402,1.38735,6986
08.05.2025 02:00:00.000,1.38735,1.38828,1.38626,1.38629,6514
08.05.2025 03:00:00.000,1.38629,1.38721,1.38576,1.38652,5607
08.05.2025 04:00:00.000,1.38651,1.38854,1.38644,1.38825,4660
08.05.2025 05:00:00.000,1.38825,1.38893,1.38682,1.3874,4185
08.05.2025 06:00:00.000,1.3874,1.38979,1.38732,1.38886,5263
08.05.2025 07:00:00.000,1.38884,1.3896,1.38765,1.38885,7425
08.05.2025 08:00:00.000,1.38885,1.38885,1.38697,1.38704,7276
08.05.2025 09:00:00.000,1.38704,1.3903,1.38683,1.38977,6937
08.05.2025 10:00:00.000,1.38977,1.39188,1.38897,1.39143,11034
08.05.2025 11:00:00.000,1.39143,1.39306,1.39133,1.39201,7225
08.05.2025 12:00:00.000,1.39202,1.39326,1.39189,1.3926,3575
08.05.2025 13:00:00.000,1.3926,1.39318,1.39227,1.39273,2770
08.05.2025 14:00:00.000,1.39274,1.3931,1.39168,1.39197,3746
08.05.2025 15:00:00.000,1.39194,1.39233,1.39144,1.39184,1935
08.05.2025 16:00:00.000,1.39183,1.39216,1.3908,1.39188,527
08.05.2025 17:00:00.000,1.39189,1.39222,1.39158,1.39189,959
08.05.2025 18:00:00.000,1.39189,1.39257,1.39189,1.39232,1470
08.05.2025 19:00:00.000,1.39231,1.39313,1.39189,1.3926,3627
08.05.2025 20:00:00.000,1.39259,1.39354,1.39238,1.39322,4807
08.05.2025 21:00:00.000,1.39321,1.39421,1.39228,1.39243,5452
08.05.2025 22:00:00.000,1.39242,1.39255,1.3918,1.39219,4760
08.05.2025 23:00:00.000,1.39218,1.39218,1.39154,1.39162,3384
09.05.2025 00:00:00.000,1.39166,1.39233,1.39135,1.39142,4033
09.05.2025 01:00:00.000,1.39143,1.39251,1.39129,1.39249,4488
09.05.2025 02:00:00.000,1.39251,1.39256,1.39118,1.39143,5423
09.05.2025 03:00:00.000,1.39142,1.39195,1.39095,1.39112,3884
09.05.2025 04:00:00.000,1.39112,1.39182,1.39111,1.39166,3678
09.05.2025 05:00:00.000,1.39165,1.39178,1.39112,1.39153,4793
09.05.2025 06:00:00.000,1.39155,1.39209,1.39099,1.39112,4698
09.05.2025 07:00:00.000,1.39111,1.39178,1.39076,1.39147,5368
09.05.2025 08:00:00.000,1.39147,1.39264,1.39059,1.39241,7698
09.05.2025 09:00:00.000,1.3924,1.39341,1.39165,1.39265,10714
09.05.2025 10:00:00.000,1.39265,1.39413,1.39256,1.39263,8334
09.05.2025 11:00:00.000,1.3926,1.39442,1.39248,1.39344,6521
09.05.2025 12:00:00.000,1.39345,1.39352,1.39194,1.39246,4943
09.05.2025 13:00:00.000,1.39246,1.3934,1.39226,1.3929,4284
09.05.2025 14:00:00.000,1.39291,1.39375,1.3926,1.39308,3830
09.05.2025 15:00:00.000,1.39309,1.39397,1.39277,1.39356,3678
12.05.2025 00:00:00.000,1.39248,1.39314,1.39225,1.39273,4155
12.05.2025 01:00:00.000,1.39272,1.39292,1.3916,1.39292,5552
12.05.2025 02:00:00.000,1.39296,1.39757,1.39133,1.39697,16943
12.05.2025 03:00:00.000,1.39697,1.39802,1.39522,1.3957,9033
12.05.2025 04:00:00.000,1.39571,1.39714,1.39544,1.39693,4997
12.05.2025 05:00:00.000,1.39693,1.3986,1.3968,1.39858,7192
12.05.2025 06:00:00.000,1.39858,1.3987,1.39753,1.39761,6027
12.05.2025 07:00:00.000,1.39761,1.39975,1.39758,1.3997,8156
12.05.2025 08:00:00.000,1.39969,1.39987,1.39777,1.39878,10465
12.05.2025 09:00:00.000,1.39877,1.39987,1.3985,1.39955,12155
12.05.2025 10:00:00.000,1.39956,1.40073,1.39917,1.40041,8047
12.05.2025 11:00:00.000,1.40042,1.40113,1.40022,1.40043,6080
12.05.2025 12:00:00.000,1.40044,1.40153,1.4004,1.40073,4266
12.05.2025 13:00:00.000,1.40073,1.40123,1.39895,1.39936,4446
12.05.2025 14:00:00.000,1.39937,1.39951,1.39817,1.3987,4478
12.05.2025 15:00:00.000,1.3987,1.39894,1.39711,1.39726,1972
12.05.2025 16:00:00.000,1.39723,1.3979,1.3972,1.39746,546
12.05.2025 17:00:00.000,1.39748,1.39786,1.39725,1.39726,1272
12.05.2025 18:00:00.000,1.39725,1.39774,1.39696,1.39735,1468
12.05.2025 19:00:00.000,1.39734,1.39851,1.39723,1.3982,2790
12.05.2025 20:00:00.000,1.39819,1.39868,1.39774,1.39797,6363
12.05.2025 21:00:00.000,1.39798,1.39802,1.39735,1.39738,4570
12.05.2025 22:00:00.000,1.39737,1.39749,1.39633,1.39638,4237
12.05.2025 23:00:00.000,1.39636,1.39636,1.39574,1.39599,2561
13.05.2025 00:00:00.000,1.39598,1.39682,1.39588,1.39657,4065
13.05.2025 01:00:00.000,1.39656,1.39697,1.39592,1.39625,5657
13.05.2025 02:00:00.000,1.39626,1.3988,1.39623,1.39862,6916
13.05.2025 03:00:00.000,1.39862,1.39909,1.39802,1.39882,4961
13.05.2025 04:00:00.000,1.39882,1.39933,1.39809,1.39825,4772
13.05.2025 05:00:00.000,1.39825,1.39874,1.39796,1.39837,5121
13.05.2025 06:00:00.000,1.39836,1.3995,1.39816,1.39932,4017
13.05.2025 07:00:00.000,1.39931,1.40004,1.39756,1.39789,7237
13.05.2025 08:00:00.000,1.39789,1.40159,1.39789,1.4011,12261
13.05.2025 09:00:00.000,1.40113,1.40114,1.39772,1.39779,11604
13.05.2025 10:00:00.000,1.39787,1.39849,1.39559,1.39588,9046
13.05.2025 11:00:00.000,1.39587,1.39689,1.39526,1.39548,6254
13.05.2025 12:00:00.000,1.39548,1.3956,1.39458,1.39471,4436
13.05.2025 13:00:00.000,1.3947,1.39552,1.39391,1.39396,3543
13.05.2025 14:00:00.000,1.39395,1.39429,1.39317,1.39329,3965
13.05.2025 15:00:00.000,1.39331,1.39414,1.39306,1.39346,2298
13.05.2025 16:00:00.000,1.39341,1.39394,1.39329,1.39358,499
13.05.2025 17:00:00.000,1.39358,1.39359,1.39263,1.39277,1115
13.05.2025 18:00:00.000,1.39275,1.39329,1.39274,1.39327,2071
13.05.2025 19:00:00.000,1.39327,1.39388,1.3931,1.39321,3083
13.05.2025 20:00:00.000,1.39321,1.39383,1.3925,1.39337,6406
13.05.2025 21:00:00.000,1.39337,1.39385,1.39238,1.39247,3729
13.05.2025 22:00:00.000,1.39245,1.39257,1.39196,1.392,2949
13.05.2025 23:00:00.000,1.39199,1.39272,1.39185,1.39264,3537
14.05.2025 00:00:00.000,1.39265,1.39288,1.39206,1.39287,4519
14.05.2025 01:00:00.000,1.39289,1.39358,1.39229,1.39328,5149
14.05.2025 02:00:00.000,1.39327,1.39333,1.39174,1.39233,6574
14.05.2025 03:00:00.000,1.39233,1.39234,1.39067,1.39123,9754
14.05.2025 04:00:00.000,1.39125,1.39158,1.39012,1.39105,7860
14.05.2025 05:00:00.000,1.39107,1.39295,1.39101,1.39289,5006
14.05.2025 06:00:00.000,1.3929,1.39397,1.39289,1.3938,5722
14.05.2025 07:00:00.000,1.3938,1.3946,1.39256,1.39442,6769
14.05.2025 08:00:00.000,1.39443,1.39601,1.39374,1.39555,9192
14.05.2025 09:00:00.000,1.39554,1.3973,1.39523,1.39576,10628
14.05.2025 10:00:00.000,1.39577,1.39786,1.39565,1.39639,9966
14.05.2025 11:00:00.000,1.39643,1.39843,1.39589,1.39727,8900
14.05.2025 12:00:00.000,1.39726,1.39744,1.39657,1.39719,4531
14.05.2025 13:00:00.000,1.39717,1.39775,1.39668,1.39753,4060
14.05.2025 14:00:00.000,1.39753,1.39794,1.397,1.39755,5077
14.05.2025 15:00:00.000,1.39754,1.39857,1.39753,1.3981,2642
14.05.2025 16:00:00.000,1.39779,1.39779,1.39607,1.39701,710
14.05.2025 17:00:00.000,1.39705,1.39798,1.39705,1.39759,1002
14.05.2025 18:00:00.000,1.39758,1.39802,1.39736,1.39776,1918
14.05.2025 19:00:00.000,1.39776,1.39776,1.39683,1.39704,2879
14.05.2025 20:00:00.000,1.39702,1.39704,1.39584,1.39674,5146
14.05.2025 21:00:00.000,1.39675,1.39717,1.39646,1.39676,4328
14.05.2025 22:00:00.000,1.39677,1.39698,1.39631,1.39646,4188
14.05.2025 23:00:00.000,1.39646,1.39701,1.39633,1.39697,2835
15.05.2025 00:00:00.000,1.39696,1.39826,1.3969,1.3974,4231
15.05.2025 01:00:00.000,1.3974,1.39806,1.39681,1.39687,5930
15.05.2025 02:00:00.000,1.39688,1.39876,1.39682,1.39837,5872
15.05.2025 03:00:00.000,1.39837,1.39882,1.39779,1.39824,3504
15.05.2025 04:00:00.000,1.39825,1.39869,1.39775,1.39804,4003
15.05.2025 05:00:00.000,1.39801,1.39887,1.39768,1.39856,3966
15.05.2025 06:00:00.000,1.39855,1.39905,1.39809,1.39841,5014
15.05.2025 07:00:00.000,1.3984,1.39934,1.39753,1.39819,7742
15.05.2025 08:00:00.000,1.39819,1.39987,1.39761,1.39923,6647
15.05.2025 09:00:00.000,1.39925,1.40031,1.39841,1.39944,8458
15.05.2025 10:00:00.000,1.39945,1.40018,1.39884,1.39898,6875
15.05.2025 11:00:00.000,1.39897,1.40042,1.39858,1.39865,5201
15.05.2025 12:00:00.000,1.39866,1.39881,1.39703,1.39733,4339
15.05.2025 13:00:00.000,1.39731,1.39739,1.39626,1.39659,3584
15.05.2025 14:00:00.000,1.39658,1.39682,1.39593,1.39597,3592
15.05.2025 15:00:00.000,1.39598,1.39641,1.39551,1.39572,2112
15.05.2025 16:00:00.000,1.39569,1.39629,1.39521,1.39573,583
15.05.2025 17:00:00.000,1.39575,1.39622,1.39534,1.39553,1580
15.05.2025 18:00:00.000,1.39552,1.39565,1.39513,1.39557,1732
15.05.2025 19:00:00.000,1.39556,1.39568,1.39496,1.39525,2887
15.05.2025 20:00:00.000,1.39525,1.39567,1.39486,1.39516,3443
15.05.2025 21:00:00.000,1.39513,1.3954,1.39458,1.39461,3920
15.05.2025 22:00:00.000,1.39459,1.39495,1.3942,1.39449,3422
15.05.2025 23:00:00.000,1.39449,1.39465,1.39403,1.39427,3138
16.05.2025 00:00:00.000,1.39427,1.39437,1.39367,1.39385,3496
16.05.2025 01:00:00.000,1.39385,1.39457,1.39347,1.39447,4008
16.05.2025 02:00:00.000,1.39447,1.39529,1.39426,1.39455,4785
16.05.2025 03:00:00.000,1.39456,1.39602,1.39456,1.39532,4217
16.05.2025 04:00:00.000,1.39533,1.39617,1.39519,1.39611,4357
16.05.2025 05:00:00.000,1.39612,1.39631,1.3956,1.39578,3667
16.05.2025 06:00:00.000,1.39576,1.39654,1.39544,1.39653,3692
16.05.2025 07:00:00.000,1.39653,1.39728,1.39569,1.39582,4971
16.05.2025 08:00:00.000,1.3958,1.39611,1.39489,1.39521,5689
16.05.2025 09:00:00.000,1.39524,1.39826,1.39515,1.3981,11584
16.05.2025 10:00:00.000,1.3981,1.39914,1.39802,1.39905,6611
16.05.2025 11:00:00.000,1.39903,1.39948,1.39826,1.39855,4410
16.05.2025 12:00:00.000,1.39854,1.39907,1.39832,1.39886,2456
16.05.2025 13:00:00.000,1.39884,1.3995,1.39828,1.39837,2815
16.05.2025 14:00:00.000,1.39838,1.39869,1.39806,1.39806,3017
16.05.2025 15:00:00.000,1.39805,1.39808,1.39626,1.3964,3833
19.05.2025 00:00:00.000,1.39706,1.39715,1.39662,1.39669,1582
19.05.2025 01:00:00.000,1.39671,1.39699,1.39607,1.3963,3797
19.05.2025 02:00:00.000,1.3963,1.39649,1.39479,1.3953,5358
19.05.2025 03:00:00.000,1.39528,1.39612,1.39498,1.39524,3538
19.05.2025 04:00:00.000,1.39523,1.39534,1.39436,1.39453,4461
19.05.2025 05:00:00.000,1.39451,1.39535,1.39429,1.39499,3582
19.05.2025 06:00:00.000,1.39498,1.39506,1.39387,1.3939,4288
19.05.2025 07:00:00.000,1.3939,1.39476,1.39378,1.3942,4917
19.05.2025 08:00:00.000,1.39418,1.39508,1.39354,1.39456,7081
19.05.2025 09:00:00.000,1.39456,1.39516,1.39251,1.39304,5953
19.05.2025 10:00:00.000,1.39304,1.39507,1.39169,1.39464,6833
19.05.2025 11:00:00.000,1.39463,1.39524,1.3941,1.39498,5462
19.05.2025 12:00:00.000,1.39495,1.39648,1.39463,1.3963,4433
19.05.2025 13:00:00.000,1.39631,1.39647,1.39554,1.39579,2739
19.05.2025 14:00:00.000,1.3958,1.39608,1.39528,1.39534,2099
19.05.2025 15:00:00.000,1.39534,1.3954,1.39494,1.395,963
19.05.2025 16:00:00.000,1.39471,1.39487,1.39194,1.39407,585
19.05.2025 17:00:00.000,1.3939,1.39607,1.3939,1.39589,1020
19.05.2025 18:00:00.000,1.39588,1.3961,1.39556,1.39574,1541
19.05.2025 19:00:00.000,1.3958,1.39644,1.39565,1.39614,2851
19.05.2025 20:00:00.000,1.39614,1.39662,1.39567,1.39653,4397
19.05.2025 21:00:00.000,1.39651,1.3968,1.39606,1.39644,3170
19.05.2025 22:00:00.000,1.39642,1.39654,1.39562,1.39573,2821
19.05.2025 23:00:00.000,1.39573,1.39642,1.39562,1.39634,3152
20.05.2025 00:00:00.000,1.39634,1.39635,1.39512,1.39564,4727
20.05.2025 01:00:00.000,1.39563,1.39582,1.39435,1.39473,5655
20.05.2025 02:00:00.000,1.39471,1.39486,1.39328,1.39348,5770
20.05.2025 03:00:00.000,1.39348,1.3943,1.39317,1.39414,3982
20.05.2025 04:00:00.000,1.39411,1.39412,1.39334,1.39359,3827
20.05.2025 05:00:00.000,1.3936,1.39483,1.39347,1.39476,3309
20.05.2025 06:00:00.000,1.39477,1.39478,1.39429,1.39459,2909
20.05.2025 07:00:00.000,1.39461,1.39604,1.39202,1.3926,7485
20.05.2025 08:00:00.000,1.39261,1.39383,1.39207,1.3922,9229
20.05.2025 09:00:00.000,1.3922,1.39451,1.3917,1.39433,9751
20.05.2025 10:00:00.000,1.39433,1.3955,1.39409,1.39423,6649
20.05.2025 11:00:00.000,1.39423,1.39493,1.39284,1.39292,4676
20.05.2025 12:00:00.000,1.39293,1.39312,1.39166,1.3919,3784
20.05.2025 13:00:00.000,1.39191,1.39355,1.39175,1.39293,4774
20.05.2025 14:00:00.000,1.39294,1.39323,1.39138,1.39142,3467
20.05.2025 15:00:00.000,1.39143,1.39169,1.39085,1.39145,2183
20.05.2025 16:00:00.000,1.39144,1.39188,1.39114,1.39158,585
20.05.2025 17:00:00.000,1.39141,1.39151,1.39082,1.39088,1319
20.05.2025 18:00:00.000,1.3909,1.39106,1.39073,1.3908,1185
20.05.2025 19:00:00.000,1.39082,1.39086,1.38986,1.39025,4528
20.05.2025 20:00:00.000,1.39024,1.39105,1.38996,1.39062,4674
20.05.2025 21:00:00.000,1.39064,1.39066,1.38941,1.38955,4689
20.05.2025 22:00:00.000,1.38954,1.38982,1.38859,1.38889,4300
20.05.2025 23:00:00.000,1.38889,1.38932,1.38859,1.38896,3030
21.05.2025 00:00:00.000,1.38894,1.38908,1.38839,1.38875,3864
21.05.2025 01:00:00.000,1.38874,1.38919,1.3878,1.38831,7713
21.05.2025 02:00:00.000,1.38833,1.38942,1.38807,1.38848,6730
21.05.2025 03:00:00.000,1.38848,1.38979,1.38822,1.38935,5010
21.05.2025 04:00:00.000,1.38932,1.38939,1.38873,1.38874,4079
21.05.2025 05:00:00.000,1.38873,1.38891,1.38675,1.38786,5932
21.05.2025 06:00:00.000,1.38788,1.38939,1.38747,1.38901,5016
21.05.2025 07:00:00.000,1.38899,1.38902,1.38702,1.38703,8402
21.05.2025 08:00:00.000,1.38701,1.38746,1.386,1.38686,9533
21.05.2025 09:00:00.000,1.38686,1.38767,1.38417,1.38459,12778
21.05.2025 10:00:00.000,1.3846,1.38524,1.38221,1.38224,10717
21.05.2025 11:00:00.000,1.38224,1.38277,1.38151,1.38177,6554
21.05.2025 12:00:00.000,1.38178,1.38395,1.38137,1.38341,12410
21.05.2025 13:00:00.000,1.38342,1.38429,1.38321,1.38402,8166
21.05.2025 14:00:00.000,1.38402,1.38633,1.38387,1.38617,7269
21.05.2025 15:00:00.000,1.38617,1.38648,1.38544,1.38589,2619
21.05.2025 16:00:00.000,1.38583,1.38614,1.38492,1.38603,362
21.05.2025 17:00:00.000,1.38569,1.38712,1.38569,1.3869,1394
21.05.2025 18:00:00.000,1.38686,1.38692,1.38602,1.3861,2047
21.05.2025 19:00:00.000,1.38611,1.38611,1.38543,1.38578,4101
21.05.2025 20:00:00.000,1.38578,1.38608,1.38523,1.38546,4839
21.05.2025 21:00:00.000,1.38546,1.38589,1.38456,1.38499,4583
21.05.2025 22:00:00.000,1.38498,1.38548,1.38475,1.38525,2676
21.05.2025 23:00:00.000,1.38526,1.38541,1.3846,1.38467,2178
22.05.2025 00:00:00.000,1.38467,1.38528,1.38467,1.38481,2408
22.05.2025 01:00:00.000,1.38481,1.38596,1.38464,1.38571,4985
22.05.2025 02:00:00.000,1.38571,1.38693,1.38548,1.38561,7429
22.05.2025 03:00:00.000,1.38563,1.38758,1.38477,1.38748,6017
22.05.2025 04:00:00.000,1.38748,1.38841,1.38736,1.3879,6028
22.05.2025 05:00:00.000,1.38788,1.38819,1.3875,1.38783,4031
22.05.2025 06:00:00.000,1.38785,1.38797,1.38615,1.38651,5089
22.05.2025 07:00:00.000,1.38651,1.38846,1.38613,1.38779,6157
22.05.2025 08:00:00.000,1.38779,1.38884,1.38701,1.38868,7972
22.05.2025 09:00:00.000,1.38868,1.38876,1.38664,1.38723,11379
22.05.2025 10:00:00.000,1.38722,1.38818,1.3856,1.38574,9257
22.05.2025 11:00:00.000,1.38572,1.38672,1.38545,1.38664,5314
22.05.2025 12:00:00.000,1.38664,1.38725,1.38615,1.38615,5404
22.05.2025 13:00:00.000,1.38616,1.38678,1.38585,1.38664,4285
22.05.2025 14:00:00.000,1.38665,1.3868,1.38608,1.38648,4194
22.05.2025 15:00:00.000,1.38648,1.38651,1.38551,1.38551,2159
22.05.2025 16:00:00.000,1.38551,1.38617,1.38462,1.38592,588
22.05.2025 17:00:00.000,1.38603,1.38609,1.38546,1.38579,999
22.05.2025 18:00:00.000,1.38577,1.3859,1.38536,1.38579,1211
22.05.2025 19:00:00.000,1.38581,1.38582,1.38485,1.38499,2690
22.05.2025 20:00:00.000,1.38499,1.38511,1.38312,1.38351,4010
22.05.2025 21:00:00.000,1.38351,1.38375,1.3831,1.38328,2928
22.05.2025 22:00:00.000,1.38328,1.38329,1.38297,1.38306,2663
22.05.2025 23:00:00.000,1.38309,1.38317,1.38248,1.38271,2468
23.05.2025 00:00:00.000,1.38271,1.383,1.38233,1.38246,2818
23.05.2025 01:00:00.000,1.38246,1.38315,1.38225,1.38283,4307
23.05.2025 02:00:00.000,1.38282,1.38292,1.38089,1.38139,4664
23.05.2025 03:00:00.000,1.38139,1.38226,1.38121,1.38163,3661
23.05.2025 04:00:00.000,1.38161,1.38197,1.38043,1.38051,4551
23.05.2025 05:00:00.000,1.38052,1.38104,1.38036,1.38096,3579
23.05.2025 06:00:00.000,1.38095,1.38201,1.38021,1.3819,11585
23.05.2025 07:00:00.000,1.3819,1.38338,1.37933,1.37966,12133
23.05.2025 08:00:00.000,1.37967,1.38104,1.37749,1.37838,11373
23.05.2025 09:00:00.000,1.37841,1.37854,1.37537,1.37545,13018
23.05.2025 10:00:00.000,1.37542,1.3764,1.37506,1.3757,8350
23.05.2025 11:00:00.000,1.37569,1.3759,1.373,1.37342,5252
23.05.2025 12:00:00.000,1.37339,1.37367,1.37144,1.37256,5675
23.05.2025 13:00:00.000,1.37259,1.37265,1.3711,1.37211,3882
23.05.2025 14:00:00.000,1.3721,1.37285,1.37088,1.37243,3840
23.05.2025 15:00:00.000,1.37246,1.37347,1.37235,1.3732,2818
26.05.2025 00:00:00.000,1.37048,1.37079,1.36956,1.37024,3091
26.05.2025 01:00:00.000,1.37025,1.37054,1.36857,1.36917,4215
26.05.2025 02:00:00.000,1.36918,1.3711,1.36898,1.37026,4053
26.05.2025 03:00:00.000,1.37025,1.3714,1.36977,1.37138,3397
26.05.2025 04:00:00.000,1.37136,1.37213,1.37101,1.37202,3019
26.05.2025 05:00:00.000,1.37199,1.37226,1.37127,1.37176,2264
26.05.2025 06:00:00.000,1.37176,1.37224,1.37135,1.37169,1911
26.05.2025 07:00:00.000,1.37167,1.37255,1.37145,1.37253,2888
26.05.2025 08:00:00.000,1.37252,1.37339,1.37193,1.37328,2586
26.05.2025 09:00:00.000,1.37327,1.3735,1.37229,1.37263,3547
26.05.2025 10:00:00.000,1.37262,1.37319,1.37257,1.37287,2864
26.05.2025 11:00:00.000,1.37288,1.3735,1.37285,1.37334,1007
26.05.2025 12:00:00.000,1.37331,1.37386,1.37321,1.37368,676
26.05.2025 13:00:00.000,1.37368,1.37388,1.37346,1.37354,664
26.05.2025 14:00:00.000,1.37353,1.37387,1.37336,1.37357,458
26.05.2025 15:00:00.000,1.37358,1.37377,1.37312,1.37345,1137
26.05.2025 16:00:00.000,1.37337,1.37357,1.37306,1.3731,197
26.05.2025 17:00:00.000,1.37325,1.37351,1.3731,1.37338,799
26.05.2025 18:00:00.000,1.37339,1.37372,1.37336,1.37356,1240
26.05.2025 19:00:00.000,1.37356,1.37362,1.37217,1.37235,4258
26.05.2025 20:00:00.000,1.37235,1.37342,1.37215,1.37318,4084
26.05.2025 21:00:00.000,1.37317,1.37381,1.37302,1.37356,3091
26.05.2025 22:00:00.000,1.37357,1.37383,1.37325,1.37362,1963
26.05.2025 23:00:00.000,1.37365,1.37446,1.3731,1.37438,2676
27.05.2025 00:00:00.000,1.37438,1.37503,1.37381,1.37381,3874
27.05.2025 01:00:00.000,1.37383,1.37459,1.37321,1.37454,4472
27.05.2025 02:00:00.000,1.37453,1.37682,1.37388,1.37657,7101
27.05.2025 03:00:00.000,1.37655,1.37678,1.37586,1.37623,4673
27.05.2025 04:00:00.000,1.37623,1.37671,1.37575,1.37602,3547
27.05.2025 05:00:00.000,1.37601,1.3768,1.37577,1.37637,3606
27.05.2025 06:00:00.000,1.37638,1.3769,1.37615,1.37659,3411
27.05.2025 07:00:00.000,1.37658,1.3774,1.3759,1.37627,5359
27.05.2025 08:00:00.000,1.37627,1.37718,1.37574,1.37624,7973
27.05.2025 09:00:00.000,1.37622,1.37733,1.37542,1.37566,11265
27.05.2025 10:00:00.000,1.37566,1.37791,1.37546,1.37765,7883
27.05.2025 11:00:00.000,1.37764,1.37795,1.37705,1.37766,5634
27.05.2025 12:00:00.000,1.37767,1.37822,1.37723,1.37802,3696
27.05.2025 13:00:00.000,1.37802,1.37953,1.37797,1.37936,3938
27.05.2025 14:00:00.000,1.37937,1.38271,1.37902,1.38214,6091
27.05.2025 15:00:00.000,1.38214,1.38353,1.38041,1.38087,5156
27.05.2025 16:00:00.000,1.38088,1.38097,1.38062,1.38076,325
27.05.2025 17:00:00.000,1.38083,1.3815,1.38025,1.38141,1122
27.05.2025 18:00:00.000,1.38144,1.38172,1.38091,1.38092,1352
27.05.2025 19:00:00.000,1.38092,1.38112,1.38009,1.3805,3022
27.05.2025 20:00:00.000,1.38049,1.38261,1.38041,1.38241,3805
27.05.2025 21:00:00.000,1.3824,1.38263,1.38158,1.38243,3473
27.05.2025 22:00:00.000,1.38244,1.38286,1.38201,1.38241,2964
27.05.2025 23:00:00.000,1.38241,1.38342,1.3823,1.38335,2778
28.05.2025 00:00:00.000,1.38335,1.3838,1.38275,1.38279,4188
28.05.2025 01:00:00.000,1.38278,1.3837,1.38273,1.38332,4955
28.05.2025 02:00:00.000,1.38333,1.38333,1.3815,1.38207,4937
28.05.2025 03:00:00.000,1.38205,1.3825,1.38132,1.3817,3604
28.05.2025 04:00:00.000,1.3817,1.3826,1.38151,1.38232,3334
28.05.2025 05:00:00.000,1.38232,1.38244,1.38113,1.38181,3643
28.05.2025 06:00:00.000,1.38181,1.38318,1.38169,1.38286,4371
28.05.2025 07:00:00.000,1.38284,1.3839,1.38219,1.38381,6532
28.05.2025 08:00:00.000,1.3838,1.38441,1.38266,1.3829,11100
28.05.2025 09:00:00.000,1.3829,1.38293,1.38084,1.38114,12012
28.05.2025 10:00:00.000,1.38116,1.38242,1.38101,1.38201,9343
28.05.2025 11:00:00.000,1.38202,1.3825,1.38169,1.38219,5277
28.05.2025 12:00:00.000,1.38217,1.38272,1.38178,1.38263,3895
28.05.2025 13:00:00.000,1.3826,1.3833,1.38227,1.38296,4760
28.05.2025 14:00:00.000,1.38298,1.38367,1.3827,1.38367,3989
28.05.2025 15:00:00.000,1.38368,1.38372,1.383,1.38354,2573
28.05.2025 16:00:00.000,1.38347,1.38347,1.38306,1.38325,250
28.05.2025 17:00:00.000,1.38332,1.38355,1.38315,1.38328,2212
28.05.2025 18:00:00.000,1.38327,1.38606,1.38322,1.38532,8300
28.05.2025 19:00:00.000,1.3853,1.38586,1.3844,1.38539,8127
28.05.2025 20:00:00.000,1.38539,1.3861,1.38462,1.38468,5794
28.05.2025 21:00:00.000,1.38468,1.38549,1.38424,1.38489,5761
28.05.2025 22:00:00.000,1.38488,1.38511,1.38428,1.38474,5424
28.05.2025 23:00:00.000,1.38475,1.38517,1.38403,1.38424,3236
29.05.2025 00:00:00.000,1.38424,1.38563,1.38417,1.38508,4287
29.05.2025 01:00:00.000,1.38508,1.38516,1.38291,1.38324,6838
29.05.2025 02:00:00.000,1.38322,1.38345,1.38162,1.38181,7512
29.05.2025 03:00:00.000,1.38181,1.38324,1.38161,1.38322,5476
29.05.2025 04:00:00.000,1.38322,1.38342,1.38183,1.38209,4520
29.05.2025 05:00:00.000,1.38207,1.38261,1.38166,1.38253,4152
29.05.2025 06:00:00.000,1.38252,1.38348,1.38228,1.38281,4366
29.05.2025 07:00:00.000,1.3828,1.38283,1.37953,1.37955,9377
29.05.2025 08:00:00.000,1.37956,1.38231,1.37845,1.38187,11365
29.05.2025 09:00:00.000,1.38187,1.38271,1.38046,1.38083,12040
29.05.2025 10:00:00.000,1.38083,1.38112,1.37964,1.38093,8120
29.05.2025 11:00:00.000,1.38094,1.38119,1.38002,1.38042,5038
29.05.2025 12:00:00.000,1.38042,1.38113,1.37972,1.38039,3638
29.05.2025 13:00:00.000,1.38039,1.38051,1.37962,1.38006,4028
29.05.2025 14:00:00.000,1.38006,1.3809,1.37976,1.38085,2770
29.05.2025 15:00:00.000,1.38086,1.38109,1.38061,1.3807,2031
29.05.2025 16:00:00.000,1.38069,1.38091,1.37986,1.38077,2385
29.05.2025 17:00:00.000,1.38071,1.38071,1.38031,1.3806,1055
29.05.2025 18:00:00.000,1.38057,1.38087,1.38033,1.38065,1671
29.05.2025 19:00:00.000,1.38063,1.38172,1.37999,1.38103,5073
29.05.2025 20:00:00.000,1.38102,1.38192,1.3802,1.38185,6862
29.05.2025 21:00:00.000,1.38186,1.38251,1.38165,1.38241,4901
29.05.2025 22:00:00.000,1.3824,1.38243,1.38182,1.38223,4103
29.05.2025 23:00:00.000,1.3822,1.3822,1.38173,1.38203,2716
30.05.2025 00:00:00.000,1.38202,1.38224,1.38106,1.38125,3719
30.05.2025 01:00:00.000,1.38125,1.38225,1.38125,1.382,4424
30.05.2025 02:00:00.000,1.38199,1.38297,1.38133,1.38169,5661
30.05.2025 03:00:00.000,1.38169,1.3823,1.38118,1.38175,5534
30.05.2025 04:00:00.000,1.38173,1.38202,1.38129,1.38184,4111
30.05.2025 05:00:00.000,1.38185,1.38197,1.38106,1.38134,3569
30.05.2025 06:00:00.000,1.38134,1.38155,1.38073,1.38078,4268
30.05.2025 07:00:00.000,1.38079,1.38136,1.37863,1.37933,9730
30.05.2025 08:00:00.000,1.37933,1.37979,1.3783,1.37956,7595
30.05.2025 09:00:00.000,1.37954,1.3798,1.37387,1.37489,13505
30.05.2025 10:00:00.000,1.3749,1.37586,1.37427,1.3748,11566
30.05.2025 11:00:00.000,1.37478,1.3763,1.37478,1.37561,6191
30.05.2025 12:00:00.000,1.37562,1.37606,1.3732,1.37391,5595
30.05.2025 13:00:00.000,1.37391,1.37392,1.37161,1.37177,5991
30.05.2025 14:00:00.000,1.37178,1.37265,1.37136,1.37247,4065
30.05.2025 15:00:00.000,1.37247,1.37425,1.37212,1.37373,3250
02.06.2025 00:00:00.000,1.37219,1.37236,1.37123,1.37182,4160
02.06.2025 01:00:00.000,1.37181,1.37218,1.36984,1.37002,4705
02.06.2025 02:00:00.000,1.37001,1.37027,1.36738,1.36808,7989
02.06.2025 03:00:00.000,1.36806,1.3697,1.36741,1.36947,5763
02.06.2025 04:00:00.000,1.36946,1.36999,1.3685,1.36946,5316
02.06.2025 05:00:00.000,1.36945,1.36968,1.36856,1.36953,5391
02.06.2025 06:00:00.000,1.36954,1.37105,1.36928,1.3706,4109
02.06.2025 07:00:00.000,1.37058,1.37066,1.36908,1.36956,6108
02.06.2025 08:00:00.000,1.36956,1.37126,1.36935,1.37023,9027
02.06.2025 09:00:00.000,1.37023,1.37083,1.36927,1.36999,11401
02.06.2025 10:00:00.000,1.37,1.37053,1.36891,1.36995,7360
02.06.2025 11:00:00.000,1.36993,1.37138,1.36987,1.37107,4823
02.06.2025 12:00:00.000,1.37109,1.37233,1.371,1.37175,4637
02.06.2025 13:00:00.000,1.37177,1.37212,1.37087,1.37115,3447
02.06.2025 14:00:00.000,1.37117,1.3715,1.37008,1.37016,3260
02.06.2025 15:00:00.000,1.37017,1.37161,1.37005,1.37121,2061
02.06.2025 16:00:00.000,1.37117,1.37133,1.37033,1.37087,1229
02.06.2025 17:00:00.000,1.37085,1.37186,1.37085,1.3714,1205
02.06.2025 18:00:00.000,1.37139,1.37151,1.3708,1.37103,1589
02.06.2025 19:00:00.000,1.37103,1.37255,1.37103,1.37195,3161
02.06.2025 20:00:00.000,1.37196,1.37256,1.37183,1.37239,5031
02.06.2025 21:00:00.000,1.3724,1.37337,1.3723,1.37296,4927
02.06.2025 22:00:00.000,1.37296,1.37348,1.3729,1.37344,3944
02.06.2025 23:00:00.000,1.37342,1.37349,1.37315,1.37322,2144
03.06.2025 00:00:00.000,1.37322,1.37388,1.37314,1.37323,2722
03.06.2025 01:00:00.000,1.37323,1.37374,1.37241,1.37241,5328
03.06.2025 02:00:00.000,1.37241,1.37351,1.37224,1.37316,6984
03.06.2025 03:00:00.000,1.37315,1.37381,1.37271,1.37296,6056
03.06.2025 04:00:00.000,1.37297,1.37338,1.37221,1.37267,6108
03.06.2025 05:00:00.000,1.37265,1.37341,1.3724,1.37326,5495
03.06.2025 06:00:00.000,1.37325,1.37416,1.37315,1.37388,4360
03.06.2025 07:00:00.000,1.37387,1.37423,1.3726,1.37296,5796
03.06.2025 08:00:00.000,1.37296,1.37339,1.37177,1.37282,6174
03.06.2025 09:00:00.000,1.37281,1.37342,1.37007,1.37067,9774
03.06.2025 10:00:00.000,1.37069,1.37303,1.37055,1.37216,6421
03.06.2025 11:00:00.000,1.37216,1.37311,1.37192,1.37248,3497
03.06.2025 12:00:00.000,1.37248,1.3726,1.37156,1.37187,2987
03.06.2025 13:00:00.000,1.37187,1.37243,1.37146,1.37151,3221
03.06.2025 14:00:00.000,1.3715,1.37205,1.37137,1.37193,1617
03.06.2025 15:00:00.000,1.37192,1.37219,1.37129,1.37185,1265
03.06.2025 16:00:00.000,1.3718,1.37208,1.37108,1.37188,337
03.06.2025 17:00:00.000,1.37196,1.37228,1.37165,1.37228,1257
03.06.2025 18:00:00.000,1.37227,1.37227,1.37142,1.37148,1354
03.06.2025 19:00:00.000,1.37149,1.37187,1.3711,1.37129,2861
03.06.2025 20:00:00.000,1.37136,1.37205,1.37053,1.371,5293
03.06.2025 21:00:00.000,1.371,1.37181,1.3706,1.37177,3864
03.06.2025 22:00:00.000,1.37176,1.37225,1.37145,1.37191,3530
03.06.2025 23:00:00.000,1.37189,1.37232,1.37155,1.37219,4250
04.06.2025 00:00:00.000,1.37219,1.37277,1.37196,1.37249,4520
04.06.2025 01:00:00.000,1.3725,1.37313,1.37203,1.37204,6454
04.06.2025 02:00:00.000,1.37204,1.37208,1.37097,1.3717,6282
04.06.2025 03:00:00.000,1.37168,1.3721,1.37063,1.37081,5208
04.06.2025 04:00:00.000,1.37082,1.37166,1.37072,1.37138,4042
04.06.2025 05:00:00.000,1.37136,1.37192,1.37092,1.37119,3950
04.06.2025 06:00:00.000,1.37119,1.37132,1.37032,1.37065,4565
04.06.2025 07:00:00.000,1.37063,1.37081,1.36935,1.36995,7209
04.06.2025 08:00:00.000,1.36995,1.371,1.36912,1.37064,7502
04.06.2025 09:00:00.000,1.37054,1.37054,1.36615,1.36659,12611
04.06.2025 10:00:00.000,1.36659,1.36875,1.36636,1.367,8282
04.06.2025 11:00:00.000,1.36701,1.36702,1.36545,1.3655,5420
04.06.2025 12:00:00.000,1.3655,1.36609,1.36521,1.36593,3526
04.06.2025 13:00:00.000,1.36592,1.36684,1.36587,1.36645,3350
04.06.2025 14:00:00.000,1.36645,1.36811,1.36599,1.3681,3486
04.06.2025 15:00:00.000,1.36811,1.36853,1.36725,1.3676,2740
04.06.2025 16:00:00.000,1.3676,1.36765,1.36698,1.36711,375
04.06.2025 17:00:00.000,1.36715,1.36789,1.36713,1.36784,2332
04.06.2025 18:00:00.000,1.36783,1.36811,1.36714,1.36808,2894
04.06.2025 19:00:00.000,1.36808,1.36821,1.36708,1.36717,5228
04.06.2025 20:00:00.000,1.36717,1.36814,1.3669,1.36774,4583
04.06.2025 21:00:00.000,1.36776,1.36827,1.36763,1.36764,4776
04.06.2025 22:00:00.000,1.36763,1.36828,1.36709,1.36827,3913
04.06.2025 23:00:00.000,1.36827,1.36835,1.36751,1.36778,3718
05.06.2025 00:00:00.000,1.36779,1.36825,1.36747,1.36808,4435
05.06.2025 01:00:00.000,1.36809,1.36818,1.36677,1.36723,5456
05.06.2025 02:00:00.000,1.36724,1.3673,1.36589,1.36708,5349
05.06.2025 03:00:00.000,1.36707,1.36713,1.36625,1.36641,4954
05.06.2025 04:00:00.000,1.36641,1.36669,1.36576,1.36577,5123
05.06.2025 05:00:00.000,1.36577,1.36601,1.36522,1.36564,4325
05.06.2025 06:00:00.000,1.36564,1.36655,1.3653,1.36597,4152
05.06.2025 07:00:00.000,1.36597,1.36638,1.36479,1.36547,9740
05.06.2025 08:00:00.000,1.3655,1.36583,1.36341,1.36457,10630
05.06.2025 09:00:00.000,1.36457,1.36569,1.36402,1.3653,10938
05.06.2025 10:00:00.000,1.36528,1.36718,1.3644,1.36673,8753
05.06.2025 11:00:00.000,1.36674,1.3675,1.36617,1.36665,6720
05.06.2025 12:00:00.000,1.36666,1.36684,1.3656,1.36561,3425
05.06.2025 13:00:00.000,1.36561,1.36683,1.3656,1.36606,3255
05.06.2025 14:00:00.000,1.36607,1.3672,1.36607,1.36651,5019
05.06.2025 15:00:00.000,1.3665,1.36746,1.36637,1.36743,1976
05.06.2025 16:00:00.000,1.36743,1.36761,1.36711,1.36731,235
05.06.2025 17:00:00.000,1.36746,1.36747,1.36703,1.36707,628
05.06.2025 18:00:00.000,1.36707,1.36716,1.36666,1.36668,1086
05.06.2025 19:00:00.000,1.36667,1.36667,1.36605,1.36645,2715
05.06.2025 20:00:00.000,1.36646,1.36672,1.36597,1.36648,4160
05.06.2025 21:00:00.000,1.36648,1.36702,1.36645,1.36674,2641
05.06.2025 22:00:00.000,1.36673,1.3668,1.36616,1.36631,1908
05.06.2025 23:00:00.000,1.36631,1.36637,1.36605,1.36607,1602
06.06.2025 00:00:00.000,1.3661,1.36674,1.36607,1.36631,2830
06.06.2025 01:00:00.000,1.3663,1.36693,1.36623,1.36663,4005
06.06.2025 02:00:00.000,1.36664,1.36711,1.36615,1.36677,4246
06.06.2025 03:00:00.000,1.36677,1.36803,1.36677,1.368,4239
06.06.2025 04:00:00.000,1.36802,1.36863,1.36755,1.36781,4048
06.06.2025 05:00:00.000,1.36781,1.36791,1.36715,1.36775,3451
06.06.2025 06:00:00.000,1.36774,1.36899,1.36761,1.36879,4650
06.06.2025 07:00:00.000,1.36878,1.3703,1.36658,1.3681,12836
06.06.2025 08:00:00.000,1.36812,1.37038,1.36749,1.36849,15129
06.06.2025 09:00:00.000,1.36847,1.36907,1.36686,1.36885,13412
06.06.2025 10:00:00.000,1.36884,1.36961,1.36812,1.36858,8512
06.06.2025 11:00:00.000,1.36857,1.37015,1.3684,1.36989,4181
06.06.2025 12:00:00.000,1.36988,1.37002,1.36903,1.36905,2904
06.06.2025 13:00:00.000,1.36904,1.36975,1.36897,1.36949,3331
06.06.2025 14:00:00.000,1.3695,1.37028,1.36929,1.36956,3403
06.06.2025 15:00:00.000,1.36957,1.37001,1.36899,1.36942,1878
09.06.2025 00:00:00.000,1.36837,1.36886,1.36816,1.36846,2857
09.06.2025 01:00:00.000,1.36847,1.36876,1.36777,1.36816,3840
09.06.2025 02:00:00.000,1.36814,1.36842,1.36772,1.36814,4463
09.06.2025 03:00:00.000,1.36814,1.36831,1.36694,1.36772,4634
09.06.2025 04:00:00.000,1.36772,1.36776,1.36689,1.36742,3760
09.06.2025 05:00:00.000,1.36743,1.3678,1.3671,1.36771,2815
09.06.2025 06:00:00.000,1.36771,1.36863,1.36727,1.36813,4245
09.06.2025 07:00:00.000,1.36811,1.36908,1.36794,1.36878,5186
09.06.2025 08:00:00.000,1.36879,1.37064,1.36857,1.37041,7386
09.06.2025 09:00:00.000,1.3704,1.37069,1.3675,1.36825,9739
09.06.2025 10:00:00.000,1.36825,1.36911,1.36731,1.36766,5723
09.06.2025 11:00:00.000,1.36765,1.36778,1.36702,1.36741,3554
09.06.2025 12:00:00.000,1.36741,1.3686,1.36718,1.3685,3060
09.06.2025 13:00:00.000,1.36852,1.36875,1.36751,1.36762,2872
09.06.2025 14:00:00.000,1.36762,1.3687,1.36759,1.36851,2714
09.06.2025 15:00:00.000,1.36852,1.37001,1.36852,1.36988,1664
09.06.2025 16:00:00.000,1.36977,1.3698,1.36838,1.36977,424
09.06.2025 17:00:00.000,1.36977,1.37,1.36963,1.36965,2283
09.06.2025 18:00:00.000,1.36965,1.3703,1.36945,1.37002,2356
09.06.2025 19:00:00.000,1.36999,1.37049,1.36935,1.36983,3533
09.06.2025 20:00:00.000,1.36983,1.37127,1.3694,1.37112,5086
09.06.2025 21:00:00.000,1.37111,1.3715,1.37046,1.37049,3924
09.06.2025 22:00:00.000,1.3705,1.37078,1.37,1.37005,3179
09.06.2025 23:00:00.000,1.37003,1.37083,1.36989,1.37061,1502
10.06.2025 00:00:00.000,1.37059,1.37149,1.3704,1.37096,4135
10.06.2025 01:00:00.000,1.37096,1.37191,1.37045,1.3717,3640
10.06.2025 02:00:00.000,1.37172,1.37282,1.37115,1.37199,5944
10.06.2025 03:00:00.000,1.372,1.37204,1.37064,1.37064,5157
10.06.2025 04:00:00.000,1.37064,1.37081,1.36989,1.37004,4103
10.06.2025 05:00:00.000,1.37002,1.3702,1.36954,1.37,3705
10.06.2025 06:00:00.000,1.36999,1.37008,1.36861,1.36923,3377
10.06.2025 07:00:00.000,1.36924,1.36925,1.36837,1.36908,6096
10.06.2025 08:00:00.000,1.36909,1.36931,1.367,1.36716,7544
10.06.2025 09:00:00.000,1.36715,1.36818,1.36676,1.36755,8821
10.06.2025 10:00:00.000,1.36757,1.36869,1.3675,1.36836,6711
10.06.2025 11:00:00.000,1.36837,1.36848,1.36747,1.36828,4009
10.06.2025 12:00:00.000,1.36828,1.36875,1.3679,1.36868,3253
10.06.2025 13:00:00.000,1.36868,1.36925,1.36856,1.36892,3783
10.06.2025 14:00:00.000,1.36894,1.36902,1.36708,1.36735,4231
10.06.2025 15:00:00.000,1.36736,1.36774,1.36679,1.36679,2269
10.06.2025 16:00:00.000,1.36672,1.36713,1.36641,1.36689,890
10.06.2025 17:00:00.000,1.36699,1.36744,1.36666,1.36678,1537
10.06.2025 18:00:00.000,1.36677,1.36707,1.36636,1.3668,3660
10.06.2025 19:00:00.000,1.36679,1.36731,1.36651,1.36719,4156
10.06.2025 20:00:00.000,1.3672,1.36793,1.36698,1.36783,3430
10.06.2025 21:00:00.000,1.36784,1.36813,1.36757,1.36805,2303
10.06.2025 22:00:00.000,1.36806,1.3683,1.36763,1.36763,1683
10.06.2025 23:00:00.000,1.36764,1.36811,1.36763,1.36804,2401
11.06.2025 00:00:00.000,1.36805,1.3681,1.36755,1.36765,3149
11.06.2025 01:00:00.000,1.36764,1.36834,1.36751,1.36796,4344
11.06.2025 02:00:00.000,1.36796,1.36838,1.36735,1.36748,4077
11.06.2025 03:00:00.000,1.3675,1.36835,1.36737,1.36816,3988
11.06.2025 04:00:00.000,1.36817,1.36879,1.3679,1.36818,5877
11.06.2025 05:00:00.000,1.36815,1.3688,1.36744,1.36837,4900
11.06.2025 06:00:00.000,1.36835,1.3688,1.36794,1.36798,4231
11.06.2025 07:00:00.000,1.36798,1.36898,1.36495,1.36629,10582
11.06.2025 08:00:00.000,1.36629,1.36781,1.36598,1.36649,12710
11.06.2025 09:00:00.000,1.36649,1.36681,1.36583,1.36679,6701
11.06.2025 10:00:00.000,1.3668,1.36712,1.36625,1.36632,5161
11.06.2025 11:00:00.000,1.36632,1.36694,1.36534,1.36562,4103
11.06.2025 12:00:00.000,1.36561,1.36591,1.36493,1.36586,3020
11.06.2025 13:00:00.000,1.36587,1.36703,1.36549,1.36625,5548
11.06.2025 14:00:00.000,1.36623,1.36721,1.36623,1.36655,3898
11.06.2025 15:00:00.000,1.36662,1.36743,1.36639,1.36686,2202
11.06.2025 16:00:00.000,1.36688,1.36722,1.36672,1.36707,433
11.06.2025 17:00:00.000,1.36712,1.36712,1.36617,1.36635,1525
11.06.2025 18:00:00.000,1.36634,1.36679,1.36605,1.36656,2916
11.06.2025 19:00:00.000,1.36656,1.36699,1.36623,1.36635,4648
11.06.2025 20:00:00.000,1.36635,1.36694,1.36609,1.36657,6102
11.06.2025 21:00:00.000,1.3666,1.36728,1.36656,1.36694,4397
11.06.2025 22:00:00.000,1.36694,1.36705,1.36576,1.36578,3719
11.06.2025 23:00:00.000,1.36584,1.36612,1.36543,1.36558,2625
12.06.2025 00:00:00.000,1.36562,1.36582,1.36473,1.36476,3148
12.06.2025 01:00:00.000,1.36476,1.36526,1.36443,1.36504,4897
12.06.2025 02:00:00.000,1.36504,1.36748,1.36501,1.36665,5763
12.06.2025 03:00:00.000,1.36664,1.36715,1.36554,1.36559,7343
12.06.2025 04:00:00.000,1.36559,1.36611,1.36426,1.36484,7362
12.06.2025 05:00:00.000,1.36483,1.365,1.36284,1.36351,7952
12.06.2025 06:00:00.000,1.36351,1.36386,1.36246,1.3636,6634
12.06.2025 07:00:00.000,1.36357,1.36376,1.36175,1.36177,6732
12.06.2025 08:00:00.000,1.36181,1.36269,1.36139,1.36217,7261
12.06.2025 09:00:00.000,1.36215,1.36227,1.36092,1.36105,8068
12.06.2025 10:00:00.000,1.36104,1.36197,1.36082,1.36166,6986
12.06.2025 11:00:00.000,1.36165,1.36173,1.36044,1.36068,4655
12.06.2025 12:00:00.000,1.36069,1.36143,1.36002,1.36009,3519
12.06.2025 13:00:00.000,1.36008,1.36048,1.35993,1.36026,1979
12.06.2025 14:00:00.000,1.36026,1.36077,1.36025,1.36054,1923
12.06.2025 15:00:00.000,1.36052,1.36079,1.36,1.36001,1960
12.06.2025 16:00:00.000,1.35987,1.3604,1.35987,1.36019,647
12.06.2025 17:00:00.000,1.36017,1.36031,1.36002,1.36028,1126
12.06.2025 18:00:00.000,1.3603,1.36044,1.35946,1.35952,1681
12.06.2025 19:00:00.000,1.35954,1.36337,1.35916,1.36262,10603
12.06.2025 20:00:00.000,1.36262,1.36451,1.36247,1.36282,8272
12.06.2025 21:00:00.000,1.36281,1.36294,1.36168,1.36227,7983
12.06.2025 22:00:00.000,1.36227,1.36378,1.36215,1.36313,4751
12.06.2025 23:00:00.000,1.36314,1.36492,1.36301,1.36488,4329
13.06.2025 00:00:00.000,1.36488,1.36512,1.36373,1.36428,5427
13.06.2025 01:00:00.000,1.36429,1.3644,1.36317,1.36348,8515
13.06.2025 02:00:00.000,1.36347,1.36347,1.36168,1.36195,9984
13.06.2025 03:00:00.000,1.36194,1.36246,1.36119,1.36153,6943
13.06.2025 04:00:00.000,1.36153,1.3629,1.3613,1.36266,7311
13.06.2025 05:00:00.000,1.36264,1.36446,1.36187,1.36382,8766
13.06.2025 06:00:00.000,1.36382,1.36502,1.36298,1.36332,8079
13.06.2025 07:00:00.000,1.36331,1.36334,1.3613,1.36155,6897
13.06.2025 08:00:00.000,1.36156,1.36322,1.36132,1.36184,10177
13.06.2025 09:00:00.000,1.36184,1.36193,1.35877,1.35928,14482
13.06.2025 10:00:00.000,1.35929,1.35951,1.35743,1.35758,10553
13.06.2025 11:00:00.000,1.35759,1.35884,1.35658,1.35852,6982
13.06.2025 12:00:00.000,1.35853,1.36005,1.35825,1.35892,6948
13.06.2025 13:00:00.000,1.35891,1.35992,1.35876,1.35929,6554
13.06.2025 14:00:00.000,1.35929,1.35982,1.35813,1.35843,4130
13.06.2025 15:00:00.000,1.35843,1.35962,1.3578,1.35801,7599
16.06.2025 00:00:00.000,1.36012,1.36012,1.35785,1.35807,4811
16.06.2025 01:00:00.000,1.35807,1.35921,1.35774,1.35808,6516
16.06.2025 02:00:00.000,1.35809,1.35838,1.35712,1.35736,6727
16.06.2025 03:00:00.000,1.35737,1.35772,1.35692,1.35719,5528
16.06.2025 04:00:00.000,1.35719,1.35739,1.35695,1.35707,4085
16.06.2025 05:00:00.000,1.35707,1.35729,1.35646,1.35708,4883
16.06.2025 06:00:00.000,1.35708,1.35739,1.35639,1.35658,3459
16.06.2025 07:00:00.000,1.35657,1.3568,1.35578,1.35593,6256
16.06.2025 08:00:00.000,1.35591,1.35592,1.35394,1.35503,9499
16.06.2025 09:00:00.000,1.35501,1.35612,1.35409,1.35591,11540
16.06.2025 10:00:00.000,1.35593,1.35646,1.35502,1.35568,8446
16.06.2025 11:00:00.000,1.35567,1.35579,1.35495,1.35546,4912
16.06.2025 12:00:00.000,1.35546,1.35603,1.35532,1.35567,4207
16.06.2025 13:00:00.000,1.35568,1.35613,1.35547,1.35593,3866
16.06.2025 14:00:00.000,1.35593,1.35797,1.35593,1.35776,3222
16.06.2025 15:00:00.000,1.35778,1.35792,1.35659,1.35695,2861
16.06.2025 16:00:00.000,1.35675,1.35691,1.35645,1.35676,351
16.06.2025 17:00:00.000,1.35676,1.35752,1.3565,1.35704,2144
16.06.2025 18:00:00.000,1.35705,1.35753,1.35668,1.35727,4338
16.06.2025 19:00:00.000,1.35726,1.35816,1.35721,1.35758,5139
16.06.2025 20:00:00.000,1.35757,1.35793,1.35705,1.35765,4532
16.06.2025 21:00:00.000,1.35763,1.35805,1.35718,1.35724,6195
16.06.2025 22:00:00.000,1.35724,1.35746,1.35692,1.35732,5214
16.06.2025 23:00:00.000,1.35732,1.35742,1.3568,1.35722,3555
17.06.2025 00:00:00.000,1.35723,1.35784,1.3571,1.35767,3837
17.06.2025 01:00:00.000,1.35768,1.35829,1.35725,1.3581,5196
17.06.2025 02:00:00.000,1.3581,1.35811,1.35666,1.35692,5628
17.06.2025 03:00:00.000,1.35692,1.35718,1.35626,1.35688,4653
17.06.2025 04:00:00.000,1.35689,1.3572,1.35624,1.35633,3896
17.06.2025 05:00:00.000,1.35633,1.35662,1.35559,1.35645,4544
17.06.2025 06:00:00.000,1.35643,1.35658,1.35584,1.35615,5021
17.06.2025 07:00:00.000,1.35616,1.35834,1.35572,1.35823,5553
17.06.2025 08:00:00.000,1.35824,1.35886,1.35736,1.3582,7208
17.06.2025 09:00:00.000,1.3582,1.35997,1.35788,1.35922,10169
17.06.2025 10:00:00.000,1.35922,1.35964,1.3586,1.35878,7491
17.06.2025 11:00:00.000,1.35879,1.362,1.35835,1.3613,7039
17.06.2025 12:00:00.000,1.36128,1.36346,1.36089,1.363,7673
17.06.2025 13:00:00.000,1.363,1.36526,1.36278,1.3644,6765
17.06.2025 14:00:00.000,1.36439,1.36471,1.36364,1.36456,5567
17.06.2025 15:00:00.000,1.36457,1.36927,1.36447,1.3674,7216
17.06.2025 16:00:00.000,1.36661,1.36789,1.36493,1.36742,869
17.06.2025 17:00:00.000,1.36749,1.36884,1.36716,1.36864,3058
17.06.2025 18:00:00.000,1.36864,1.36909,1.36823,1.3683,2920
17.06.2025 19:00:00.000,1.3683,1.36831,1.36682,1.36755,4316
17.06.2025 20:00:00.000,1.36755,1.36773,1.36677,1.36708,5230
17.06.2025 21:00:00.000,1.36708,1.36737,1.36657,1.36675,4653
17.06.2025 22:00:00.000,1.36675,1.36676,1.36609,1.36636,2791
17.06.2025 23:00:00.000,1.36636,1.3668,1.36564,1.36576,4383
18.06.2025 00:00:00.000,1.36577,1.36612,1.36546,1.36569,3649
18.06.2025 01:00:00.000,1.36569,1.36615,1.36534,1.36591,5361
18.06.2025 02:00:00.000,1.36591,1.3665,1.36506,1.36607,5638
18.06.2025 03:00:00.000,1.36606,1.36713,1.36588,1.36656,5775
18.06.2025 04:00:00.000,1.36656,1.36699,1.3663,1.36635,4228
18.06.2025 05:00:00.000,1.36635,1.36688,1.3659,1.36675,5341
18.06.2025 06:00:00.000,1.36676,1.36688,1.36564,1.36589,3462
18.06.2025 07:00:00.000,1.36587,1.36619,1.36338,1.36466,6186
18.06.2025 08:00:00.000,1.36467,1.36753,1.36444,1.36637,9545
18.06.2025 09:00:00.000,1.36638,1.36894,1.36475,1.36886,13414
18.06.2025 10:00:00.000,1.36886,1.36957,1.3669,1.36847,7643
18.06.2025 11:00:00.000,1.36847,1.36847,1.36646,1.3676,4101
18.06.2025 12:00:00.000,1.36762,1.36849,1.3669,1.36808,3998
18.06.2025 13:00:00.000,1.36806,1.36952,1.36541,1.3694,19900
18.06.2025 14:00:00.000,1.36938,1.37023,1.36852,1.36998,14876
18.06.2025 15:00:00.000,1.36997,1.37029,1.36883,1.3693,5654
18.06.2025 16:00:00.000,1.36925,1.36925,1.36776,1.36857,535
18.06.2025 17:00:00.000,1.36868,1.36961,1.36868,1.36922,2085
18.06.2025 18:00:00.000,1.36923,1.36976,1.36913,1.36959,3254
18.06.2025 19:00:00.000,1.36958,1.37004,1.36945,1.37002,4385
18.06.2025 20:00:00.000,1.37001,1.37137,1.37001,1.37131,8372
18.06.2025 21:00:00.000,1.37131,1.37212,1.37108,1.37163,4947
18.06.2025 22:00:00.000,1.37164,1.37164,1.37085,1.37105,2697
18.06.2025 23:00:00.000,1.37104,1.37109,1.37064,1.3707,2371
19.06.2025 00:00:00.000,1.37071,1.37245,1.37068,1.37186,3671
19.06.2025 01:00:00.000,1.37187,1.37296,1.37175,1.37188,5156
19.06.2025 02:00:00.000,1.37188,1.37255,1.37124,1.37233,5296
19.06.2025 03:00:00.000,1.37233,1.37256,1.37063,1.3708,5702
19.06.2025 04:00:00.000,1.37079,1.37144,1.37051,1.37125,4092
19.06.2025 05:00:00.000,1.37126,1.3714,1.37074,1.37122,4358
19.06.2025 06:00:00.000,1.37122,1.37156,1.37026,1.37067,4728
19.06.2025 07:00:00.000,1.37068,1.37215,1.37032,1.37176,4530
19.06.2025 08:00:00.000,1.37182,1.37275,1.37111,1.37261,5319
19.06.2025 09:00:00.000,1.37261,1.37461,1.37241,1.37386,7418
19.06.2025 10:00:00.000,1.37385,1.37408,1.3731,1.37365,4420
19.06.2025 11:00:00.000,1.37365,1.37402,1.37275,1.37308,2305
19.06.2025 12:00:00.000,1.3731,1.37313,1.37151,1.3717,2819
19.06.2025 13:00:00.000,1.37169,1.37205,1.37097,1.37125,2364
19.06.2025 14:00:00.000,1.37125,1.37137,1.36958,1.36981,2028
19.06.2025 15:00:00.000,1.36981,1.37056,1.36971,1.36989,2341
19.06.2025 16:00:00.000,1.36979,1.37065,1.36963,1.36975,613
19.06.2025 17:00:00.000,1.3698,1.37024,1.36967,1.36986,1426
19.06.2025 18:00:00.000,1.36985,1.36993,1.36934,1.36948,2783
19.06.2025 19:00:00.000,1.3695,1.36959,1.36865,1.36908,5675
19.06.2025 20:00:00.000,1.3691,1.36995,1.36895,1.36995,4545
19.06.2025 21:00:00.000,1.36995,1.37017,1.3694,1.36964,3275
19.06.2025 22:00:00.000,1.36964,1.3698,1.36892,1.36905,4254
19.06.2025 23:00:00.000,1.36905,1.36918,1.36883,1.36901,2839
20.06.2025 00:00:00.000,1.369,1.36982,1.3689,1.36936,3465
20.06.2025 01:00:00.000,1.36936,1.37065,1.36936,1.37064,4499
20.06.2025 02:00:00.000,1.37061,1.37103,1.37017,1.37043,4078
20.06.2025 03:00:00.000,1.37043,1.37043,1.36937,1.36966,4008
20.06.2025 04:00:00.000,1.36966,1.36977,1.36927,1.36946,3433
20.06.2025 05:00:00.000,1.36946,1.37027,1.36916,1.37027,3081
20.06.2025 06:00:00.000,1.37027,1.37111,1.37005,1.37053,3938
20.06.2025 07:00:00.000,1.37056,1.37234,1.3705,1.37183,7214
20.06.2025 08:00:00.000,1.37176,1.37312,1.37117,1.37312,8247
20.06.2025 09:00:00.000,1.37309,1.37391,1.37245,1.37284,9392
20.06.2025 10:00:00.000,1.37283,1.37461,1.37254,1.37388,5321
20.06.2025 11:00:00.000,1.37388,1.3741,1.3727,1.37296,4318
20.06.2025 12:00:00.000,1.37295,1.37335,1.37257,1.37259,4387
20.06.2025 13:00:00.000,1.37257,1.37299,1.37194,1.37279,4399
20.06.2025 14:00:00.000,1.37279,1.37413,1.37241,1.37401,3251
20.06.2025 15:00:00.000,1.37402,1.37468,1.37286,1.37287,3899
23.06.2025 00:00:00.000,1.37587,1.37664,1.37488,1.37506,4680
23.06.2025 01:00:00.000,1.3751,1.37647,1.37424,1.37596,5647
23.06.2025 02:00:00.000,1.37595,1.37605,1.37518,1.37542,5050
23.06.2025 03:00:00.000,1.37544,1.37789,1.37536,1.37785,3575
23.06.2025 04:00:00.000,1.37784,1.37979,1.3778,1.37933,5806
23.06.2025 05:00:00.000,1.37935,1.37972,1.37866,1.37889,4146
23.06.2025 06:00:00.000,1.37888,1.37953,1.37785,1.37812,4037
23.06.2025 07:00:00.000,1.37812,1.37912,1.37787,1.37818,7031
23.06.2025 08:00:00.000,1.37817,1.37845,1.37548,1.37621,8866
23.06.2025 09:00:00.000,1.37622,1.37625,1.3734,1.37389,12804
23.06.2025 10:00:00.000,1.37387,1.37743,1.37246,1.37736,11182
23.06.2025 11:00:00.000,1.37735,1.37792,1.37566,1.37704,12743
23.06.2025 12:00:00.000,1.37704,1.37747,1.3744,1.37459,9465
23.06.2025 13:00:00.000,1.3746,1.37483,1.37349,1.37383,6402
23.06.2025 14:00:00.000,1.37383,1.37387,1.37295,1.37343,3387
23.06.2025 15:00:00.000,1.37344,1.37382,1.37264,1.3732,2497
23.06.2025 16:00:00.000,1.37319,1.37328,1.37255,1.37287,472
23.06.2025 17:00:00.000,1.37288,1.37376,1.37268,1.37289,2843
23.06.2025 18:00:00.000,1.3729,1.37351,1.37213,1.37294,4050
23.06.2025 19:00:00.000,1.37293,1.37339,1.37238,1.3728,4299
23.06.2025 20:00:00.000,1.37279,1.37303,1.37205,1.37286,4654
23.06.2025 21:00:00.000,1.37285,1.37307,1.37207,1.37219,3960
23.06.2025 22:00:00.000,1.3722,1.37227,1.3717,1.37191,3173
23.06.2025 23:00:00.000,1.3719,1.37228,1.37168,1.37179,3506
24.06.2025 00:00:00.000,1.37179,1.3722,1.37171,1.37181,4453
24.06.2025 01:00:00.000,1.3718,1.37232,1.37095,1.37097,5766
24.06.2025 02:00:00.000,1.371,1.37303,1.371,1.37218,6702
24.06.2025 03:00:00.000,1.37216,1.37236,1.37139,1.37162,5320
24.06.2025 04:00:00.000,1.37164,1.37169,1.37072,1.3712,3193
24.06.2025 05:00:00.000,1.37121,1.37199,1.37118,1.37194,2486
24.06.2025 06:00:00.000,1.37194,1.37195,1.371,1.37138,2341
24.06.2025 07:00:00.000,1.37139,1.37208,1.37056,1.3706,5445
24.06.2025 08:00:00.000,1.37061,1.3721,1.37024,1.37164,7482
24.06.2025 09:00:00.000,1.37164,1.37189,1.36779,1.36979,9843
24.06.2025 10:00:00.000,1.36979,1.37152,1.36909,1.37121,6948
24.06.2025 11:00:00.000,1.37121,1.37202,1.37054,1.37076,3794
24.06.2025 12:00:00.000,1.37076,1.37149,1.37047,1.37093,3327
24.06.2025 13:00:00.000,1.37092,1.3725,1.37072,1.37231,3214
24.06.2025 14:00:00.000,1.37232,1.37296,1.37182,1.37251,2599
24.06.2025 15:00:00.000,1.37251,1.37265,1.37176,1.37238,1886
24.06.2025 16:00:00.000,1.37237,1.37237,1.37024,1.37168,3643
24.06.2025 17:00:00.000,1.37168,1.37281,1.37166,1.37267,1155
24.06.2025 18:00:00.000,1.37267,1.37275,1.37224,1.37256,779
24.06.2025 19:00:00.000,1.37257,1.37276,1.37212,1.37227,2700
24.06.2025 20:00:00.000,1.37226,1.37273,1.37174,1.37225,5166
24.06.2025 21:00:00.000,1.37227,1.37301,1.37226,1.37267,3931
24.06.2025 22:00:00.000,1.37268,1.37296,1.37228,1.37294,3880
24.06.2025 23:00:00.000,1.37293,1.37343,1.37283,1.37321,3185
25.06.2025 00:00:00.000,1.37321,1.37348,1.37265,1.37273,3011
25.06.2025 01:00:00.000,1.37278,1.37336,1.37236,1.37329,5979
25.06.2025 02:00:00.000,1.37328,1.37372,1.37216,1.3727,6026
25.06.2025 03:00:00.000,1.3727,1.37311,1.37205,1.37227,5383
25.06.2025 04:00:00.000,1.37226,1.37337,1.37225,1.37298,2045
25.06.2025 05:00:00.000,1.37296,1.37336,1.37289,1.37335,2285
25.06.2025 06:00:00.000,1.37336,1.37348,1.37295,1.37312,3167
25.06.2025 07:00:00.000,1.37312,1.37461,1.37305,1.37389,6398
25.06.2025 08:00:00.000,1.37388,1.37483,1.37334,1.37361,13101
25.06.2025 09:00:00.000,1.37362,1.37438,1.37288,1.37321,6856
25.06.2025 10:00:00.000,1.37321,1.37542,1.37318,1.37504,4970
25.06.2025 11:00:00.000,1.37506,1.37506,1.37263,1.37376,5322
25.06.2025 12:00:00.000,1.37378,1.37445,1.37277,1.373,4949
25.06.2025 13:00:00.000,1.37301,1.37362,1.37247,1.37273,4684
25.06.2025 14:00:00.000,1.37272,1.37283,1.37178,1.37195,3851
25.06.2025 15:00:00.000,1.37193,1.3729,1.3716,1.37233,2724
25.06.2025 16:00:00.000,1.37214,1.37239,1.37125,1.37201,467
25.06.2025 17:00:00.000,1.37195,1.37236,1.37188,1.37214,856
25.06.2025 18:00:00.000,1.37213,1.37213,1.37112,1.37118,2604
25.06.2025 19:00:00.000,1.37119,1.37144,1.37075,1.37138,3198
25.06.2025 20:00:00.000,1.37138,1.37219,1.37099,1.37102,4301
25.06.2025 21:00:00.000,1.37102,1.37128,1.37007,1.37072,3592
25.06.2025 22:00:00.000,1.37069,1.37132,1.37003,1.37112,4327
25.06.2025 23:00:00.000,1.37111,1.37223,1.37111,1.37178,4165
26.06.2025 00:00:00.000,1.37178,1.37226,1.37144,1.3717,4030
26.06.2025 01:00:00.000,1.37172,1.37221,1.37052,1.37054,4582
26.06.2025 02:00:00.000,1.37058,1.3711,1.36976,1.37024,6690
26.06.2025 03:00:00.000,1.37024,1.37035,1.36793,1.36851,7311
26.06.2025 04:00:00.000,1.36852,1.3694,1.36845,1.36877,5655
26.06.2025 05:00:00.000,1.36877,1.36914,1.36808,1.36808,4236
26.06.2025 06:00:00.000,1.36808,1.36917,1.36766,1.36852,5353
26.06.2025 07:00:00.000,1.3685,1.36905,1.36704,1.3671,6781
26.06.2025 08:00:00.000,1.36709,1.36728,1.36371,1.36404,8252
26.06.2025 09:00:00.000,1.36403,1.36483,1.36253,1.36361,10025
26.06.2025 10:00:00.000,1.36363,1.36405,1.36279,1.36304,7200
26.06.2025 11:00:00.000,1.36304,1.3633,1.36174,1.36269,6014
26.06.2025 12:00:00.000,1.36271,1.36286,1.36173,1.36241,4720
26.06.2025 13:00:00.000,1.36241,1.36304,1.36198,1.3626,4454
26.06.2025 14:00:00.000,1.36258,1.36413,1.36258,1.36344,4800
26.06.2025 15:00:00.000,1.36344,1.36448,1.36314,1.36394,3037
26.06.2025 16:00:00.000,1.36394,1.36486,1.3639,1.36395,398
26.06.2025 17:00:00.000,1.36417,1.36459,1.364,1.36417,1843
26.06.2025 18:00:00.000,1.36417,1.36438,1.36386,1.36417,3808
26.06.2025 19:00:00.000,1.36416,1.36459,1.36388,1.364,5617
26.06.2025 20:00:00.000,1.36398,1.36469,1.36351,1.36373,4817
26.06.2025 21:00:00.000,1.36373,1.36443,1.36344,1.36355,3682
26.06.2025 22:00:00.000,1.36356,1.36403,1.36344,1.36392,2769
26.06.2025 23:00:00.000,1.36391,1.36491,1.36384,1.36491,2738
27.06.2025 00:00:00.000,1.36491,1.36491,1.36431,1.36441,3900
27.06.2025 01:00:00.000,1.36442,1.36465,1.36291,1.36299,5144
27.06.2025 02:00:00.000,1.363,1.36452,1.36272,1.36398,4398
27.06.2025 03:00:00.000,1.36397,1.36428,1.3637,1.36415,4684
27.06.2025 04:00:00.000,1.36414,1.36528,1.36404,1.36518,3283
27.06.2025 05:00:00.000,1.36519,1.36623,1.365,1.36608,3581
27.06.2025 06:00:00.000,1.36607,1.36607,1.36459,1.3646,4468
27.06.2025 07:00:00.000,1.3646,1.36532,1.36405,1.36421,8135
27.06.2025 08:00:00.000,1.36421,1.36569,1.36402,1.36455,9475
27.06.2025 09:00:00.000,1.36449,1.36641,1.36438,1.36584,9284
27.06.2025 10:00:00.000,1.36584,1.36672,1.36492,1.36661,7104
27.06.2025 11:00:00.000,1.36662,1.36773,1.36624,1.36728,5762
27.06.2025 12:00:00.000,1.36723,1.3759,1.36722,1.37337,10824
27.06.2025 13:00:00.000,1.3734,1.37517,1.37128,1.37138,11785
27.06.2025 14:00:00.000,1.37138,1.3719,1.36979,1.36989,6826
27.06.2025 15:00:00.000,1.36988,1.37059,1.36759,1.36771,5279
30.06.2025 00:00:00.000,1.36719,1.3672,1.36558,1.36577,4619
30.06.2025 01:00:00.000,1.3658,1.36651,1.36536,1.36548,6526
30.06.2025 02:00:00.000,1.36547,1.3675,1.3653,1.3673,5847
30.06.2025 03:00:00.000,1.36731,1.36794,1.36716,1.3675,4107
30.06.2025 04:00:00.000,1.36749,1.36802,1.36669,1.36791,3899
30.06.2025 05:00:00.000,1.36789,1.3682,1.36707,1.36713,3031
30.06.2025 06:00:00.000,1.36712,1.36723,1.36645,1.36676,5189
30.06.2025 07:00:00.000,1.36676,1.36758,1.36577,1.36656,7729
30.06.2025 08:00:00.000,1.36656,1.36768,1.36639,1.36692,7465
30.06.2025 09:00:00.000,1.36694,1.36778,1.36384,1.36448,14511
30.06.2025 10:00:00.000,1.3645,1.36466,1.36171,1.36194,10434
30.06.2025 11:00:00.000,1.36194,1.36379,1.36194,1.3626,5752
30.06.2025 12:00:00.000,1.3626,1.36434,1.36224,1.36405,5224
30.06.2025 13:00:00.000,1.36406,1.36412,1.36215,1.36245,5718
30.06.2025 14:00:00.000,1.36244,1.3629,1.36159,1.3621,5553
30.06.2025 15:00:00.000,1.3621,1.36239,1.35996,1.36028,4530
30.06.2025 16:00:00.000,1.36027,1.36072,1.36006,1.36055,1871
30.06.2025 17:00:00.000,1.36054,1.3609,1.36031,1.36067,1506
30.06.2025 18:00:00.000,1.36067,1.36074,1.36037,1.36059,2141
30.06.2025 19:00:00.000,1.36061,1.36079,1.36023,1.36029,2815
30.06.2025 20:00:00.000,1.3603,1.36161,1.36029,1.3616,3545
30.06.2025 21:00:00.000,1.36158,1.3618,1.36096,1.36112,3873
30.06.2025 22:00:00.000,1.36111,1.36128,1.36061,1.36104,3089
30.06.2025 23:00:00.000,1.36105,1.36108,1.3602,1.36063,2777
01.07.2025 00:00:00.000,1.36063,1.36091,1.36031,1.36064,2751
01.07.2025 01:00:00.000,1.36063,1.36111,1.36032,1.36044,3267
01.07.2025 02:00:00.000,1.36044,1.36103,1.3598,1.35982,5376
01.07.2025 03:00:00.000,1.35984,1.36045,1.35923,1.3598,5049
01.07.2025 04:00:00.000,1.35979,1.36042,1.35905,1.35965,5625
01.07.2025 05:00:00.000,1.35965,1.36036,1.35924,1.36033,4650
01.07.2025 06:00:00.000,1.36033,1.36111,1.36023,1.36068,4943
01.07.2025 07:00:00.000,1.36068,1.36268,1.36058,1.36265,6506
01.07.2025 08:00:00.000,1.36265,1.36412,1.36221,1.3635,7133
01.07.2025 09:00:00.000,1.36357,1.36603,1.363,1.36556,11232
01.07.2025 10:00:00.000,1.36556,1.36658,1.36532,1.3659,5634
01.07.2025 11:00:00.000,1.36591,1.36666,1.36549,1.366,3638
01.07.2025 12:00:00.000,1.36598,1.36633,1.36488,1.36491,3468
01.07.2025 13:00:00.000,1.36491,1.36557,1.36475,1.36513,3084
01.07.2025 14:00:00.000,1.36514,1.36556,1.36448,1.36455,5070
01.07.2025 15:00:00.000,1.36454,1.36485,1.36413,1.36446,2086
01.07.2025 16:00:00.000,1.3644,1.36443,1.36406,1.36431,453
01.07.2025 17:00:00.000,1.36444,1.36479,1.36421,1.36448,1685
01.07.2025 18:00:00.000,1.36446,1.36471,1.36427,1.36441,1860
01.07.2025 19:00:00.000,1.36442,1.3645,1.36394,1.36397,3496
01.07.2025 20:00:00.000,1.36397,1.36497,1.36377,1.36482,4745
01.07.2025 21:00:00.000,1.36481,1.3652,1.36451,1.36457,3411
01.07.2025 22:00:00.000,1.36457,1.3649,1.36453,1.36465,2977
01.07.2025 23:00:00.000,1.3647,1.36488,1.36441,1.36476,2692
02.07.2025 00:00:00.000,1.36478,1.36548,1.36467,1.36518,3280
02.07.2025 01:00:00.000,1.3652,1.36583,1.36478,1.36525,3911
02.07.2025 02:00:00.000,1.36525,1.36539,1.36435,1.36498,5528
02.07.2025 03:00:00.000,1.36497,1.3653,1.36461,1.365,4182
02.07.2025 04:00:00.000,1.36497,1.36536,1.36478,1.36507,4704
02.07.2025 05:00:00.000,1.36506,1.36522,1.36405,1.36453,3847
02.07.2025 06:00:00.000,1.3645,1.36489,1.36351,1.36461,4266
02.07.2025 07:00:00.000,1.36461,1.36567,1.36299,1.36498,12083
02.07.2025 08:00:00.000,1.36501,1.36529,1.36322,1.36488,14358
02.07.2025 09:00:00.000,1.36488,1.36543,1.36355,1.36369,12673
02.07.2025 10:00:00.000,1.3637,1.3642,1.36208,1.36208,7148
02.07.2025 11:00:00.000,1.3621,1.3625,1.36049,1.3606,6530
02.07.2025 12:00:00.000,1.36062,1.36065,1.35947,1.3597,4684
02.07.2025 13:00:00.000,1.3597,1.35991,1.35899,1.35954,5114
02.07.2025 14:00:00.000,1.35953,1.3598,1.35881,1.35884,4580
02.07.2025 15:00:00.000,1.35883,1.35937,1.35831,1.35862,2405
02.07.2025 16:00:00.000,1.35862,1.35889,1.35795,1.35876,446
02.07.2025 17:00:00.000,1.35876,1.35881,1.35843,1.35855,1877
02.07.2025 18:00:00.000,1.35854,1.35879,1.35854,1.35877,1222
02.07.2025 19:00:00.000,1.35878,1.35879,1.35797,1.35814,2048
02.07.2025 20:00:00.000,1.35814,1.35852,1.35786,1.35821,3972
02.07.2025 21:00:00.000,1.35821,1.3593,1.3582,1.35896,2669
02.07.2025 22:00:00.000,1.35895,1.3595,1.3588,1.35941,3170
02.07.2025 23:00:00.000,1.35942,1.35977,1.35913,1.35967,1487
03.07.2025 00:00:00.000,1.35967,1.36004,1.35954,1.35996,2027
03.07.2025 01:00:00.000,1.35994,1.36006,1.35905,1.3594,4383
03.07.2025 02:00:00.000,1.35941,1.35958,1.35864,1.35921,5857
03.07.2025 03:00:00.000,1.35921,1.35927,1.35855,1.35873,5675
03.07.2025 04:00:00.000,1.35872,1.3595,1.35869,1.3591,3195
03.07.2025 05:00:00.000,1.35909,1.35929,1.35849,1.35867,3451
03.07.2025 06:00:00.000,1.35869,1.35902,1.3578,1.35895,2925
03.07.2025 07:00:00.000,1.35896,1.36234,1.35851,1.36161,12612
03.07.2025 08:00:00.000,1.36163,1.36193,1.35739,1.35765,12330
03.07.2025 09:00:00.000,1.35763,1.35886,1.35689,1.35819,13784
03.07.2025 10:00:00.000,1.3582,1.35873,1.35558,1.35595,10037
03.07.2025 11:00:00.000,1.35593,1.3572,1.35579,1.35608,4737
03.07.2025 12:00:00.000,1.35607,1.35649,1.3557,1.35648,1234
03.07.2025 13:00:00.000,1.35648,1.35658,1.35616,1.35645,1339
03.07.2025 14:00:00.000,1.35645,1.35889,1.35612,1.35808,1339
03.07.2025 15:00:00.000,1.3581,1.35881,1.35777,1.35813,2364
03.07.2025 16:00:00.000,1.35803,1.3587,1.35722,1.35863,11119
03.07.2025 17:00:00.000,1.35866,1.35868,1.35833,1.35833,1035
03.07.2025 18:00:00.000,1.35833,1.35833,1.35732,1.35744,2014
03.07.2025 19:00:00.000,1.35744,1.35772,1.35699,1.35725,2768
03.07.2025 20:00:00.000,1.35723,1.35795,1.35718,1.35782,3415
03.07.2025 21:00:00.000,1.35783,1.35807,1.35762,1.3579,3622
03.07.2025 22:00:00.000,1.3579,1.35812,1.35761,1.35775,1767
03.07.2025 23:00:00.000,1.35776,1.35789,1.35728,1.35742,3468
04.07.2025 00:00:00.000,1.35741,1.35744,1.35681,1.35704,2256
04.07.2025 01:00:00.000,1.35704,1.3576,1.35662,1.35672,3402
04.07.2025 02:00:00.000,1.35673,1.35933,1.35671,1.35925,3965
04.07.2025 03:00:00.000,1.35925,1.35956,1.35885,1.3591,3808
04.07.2025 04:00:00.000,1.3591,1.35934,1.35854,1.35901,2905
04.07.2025 05:00:00.000,1.35901,1.3595,1.35892,1.35937,2415
04.07.2025 06:00:00.000,1.35938,1.35945,1.35889,1.35896,2185
04.07.2025 07:00:00.000,1.35896,1.36042,1.35887,1.36039,3695
04.07.2025 08:00:00.000,1.36041,1.36087,1.35989,1.36026,3830
04.07.2025 09:00:00.000,1.36028,1.36114,1.35984,1.36093,4097
04.07.2025 10:00:00.000,1.36092,1.36121,1.36033,1.36043,3185
04.07.2025 11:00:00.000,1.36043,1.36097,1.36023,1.36074,2065
04.07.2025 12:00:00.000,1.36076,1.36165,1.36074,1.36126,11044
04.07.2025 13:00:00.000,1.36126,1.3614,1.3601,1.3603,11961
04.07.2025 14:00:00.000,1.36032,1.36079,1.36015,1.36069,14471
04.07.2025 15:00:00.000,1.36069,1.36072,1.35893,1.35893,20561
07.07.2025 00:00:00.000,1.3634,1.36398,1.36322,1.36346,4333
07.07.2025 01:00:00.000,1.36346,1.36466,1.363,1.3645,4899
07.07.2025 02:00:00.000,1.36448,1.36659,1.36437,1.36659,3434
07.07.2025 03:00:00.000,1.36659,1.36844,1.36646,1.36822,5785
07.07.2025 04:00:00.000,1.36822,1.36851,1.36729,1.3674,6673
07.07.2025 05:00:00.000,1.36739,1.36761,1.366,1.36638,4392
07.07.2025 06:00:00.000,1.36638,1.36652,1.36514,1.36546,5284
07.07.2025 07:00:00.000,1.36546,1.36593,1.36465,1.36474,4799
07.07.2025 08:00:00.000,1.36472,1.36489,1.36349,1.36401,7662
07.07.2025 09:00:00.000,1.36398,1.36463,1.36305,1.36424,9050
07.07.2025 10:00:00.000,1.36426,1.36516,1.3642,1.36457,5941
07.07.2025 11:00:00.000,1.36457,1.36735,1.36438,1.36713,7979
07.07.2025 12:00:00.000,1.36712,1.36771,1.366,1.3673,6327
07.07.2025 13:00:00.000,1.3673,1.36831,1.36607,1.36617,5488
07.07.2025 14:00:00.000,1.36614,1.36688,1.36587,1.3666,3335
07.07.2025 15:00:00.000,1.36659,1.36828,1.36655,1.36813,2175
07.07.2025 16:00:00.000,1.36803,1.36803,1.36708,1.36785,599
07.07.2025 17:00:00.000,1.36792,1.36794,1.36681,1.36698,1424
07.07.2025 18:00:00.000,1.36696,1.36708,1.36638,1.36647,2119
07.07.2025 19:00:00.000,1.36647,1.36653,1.36548,1.36552,4689
07.07.2025 20:00:00.000,1.36553,1.3664,1.36535,1.36601,6146
07.07.2025 21:00:00.000,1.366,1.36613,1.36486,1.36531,3095
07.07.2025 22:00:00.000,1.36529,1.36545,1.36466,1.36497,3244
07.07.2025 23:00:00.000,1.36498,1.36528,1.36377,1.36522,5693
08.07.2025 00:00:00.000,1.36522,1.36618,1.36508,1.36541,5145
08.07.2025 01:00:00.000,1.36542,1.36578,1.36487,1.36548,5274
08.07.2025 02:00:00.000,1.36547,1.36547,1.3638,1.36383,6438
08.07.2025 03:00:00.000,1.36384,1.36481,1.3638,1.36455,6055
08.07.2025 04:00:00.000,1.36454,1.36516,1.36438,1.36498,4358
08.07.2025 05:00:00.000,1.36497,1.36564,1.36485,1.36553,3930
08.07.2025 06:00:00.000,1.36552,1.36566,1.36441,1.36564,3747
08.07.2025 07:00:00.000,1.36567,1.36622,1.36504,1.36564,7602
08.07.2025 08:00:00.000,1.36564,1.36771,1.36552,1.3672,10338
08.07.2025 09:00:00.000,1.3672,1.36893,1.36711,1.36848,11671
08.07.2025 10:00:00.000,1.36847,1.3687,1.36711,1.36727,8945
08.07.2025 11:00:00.000,1.36727,1.36939,1.36719,1.36802,10290
08.07.2025 12:00:00.000,1.36803,1.36901,1.36734,1.36841,9629
08.07.2025 13:00:00.000,1.3684,1.36866,1.36729,1.36768,5174
08.07.2025 14:00:00.000,1.36768,1.36843,1.36746,1.36833,4989
08.07.2025 15:00:00.000,1.36834,1.36836,1.36581,1.36582,3350
08.07.2025 16:00:00.000,1.36562,1.36648,1.36524,1.36597,734
08.07.2025 17:00:00.000,1.36595,1.36651,1.36589,1.36647,1424
08.07.2025 18:00:00.000,1.36646,1.36698,1.36626,1.36686,2062
08.07.2025 19:00:00.000,1.36685,1.36772,1.3668,1.36735,4201
08.07.2025 20:00:00.000,1.36735,1.36771,1.36692,1.36728,5778
08.07.2025 21:00:00.000,1.3673,1.36847,1.36685,1.36806,5365
08.07.2025 22:00:00.000,1.36809,1.36873,1.36808,1.3687,4136
08.07.2025 23:00:00.000,1.36872,1.36888,1.36768,1.36789,4914
09.07.2025 00:00:00.000,1.36787,1.36788,1.36698,1.36733,3648
09.07.2025 01:00:00.000,1.36733,1.36802,1.3665,1.36672,4563
09.07.2025 02:00:00.000,1.36672,1.36925,1.36666,1.36881,6238
09.07.2025 03:00:00.000,1.36886,1.36935,1.36801,1.36847,5052
09.07.2025 04:00:00.000,1.36846,1.36868,1.36825,1.36838,3853
09.07.2025 05:00:00.000,1.36836,1.36956,1.36813,1.36953,3609
09.07.2025 06:00:00.000,1.36955,1.37091,1.36929,1.37084,2949
09.07.2025 07:00:00.000,1.37085,1.37098,1.36873,1.36886,6675
09.07.2025 08:00:00.000,1.36885,1.36942,1.36801,1.36834,8522
09.07.2025 09:00:00.000,1.36835,1.36985,1.36759,1.3696,8115
09.07.2025 10:00:00.000,1.3696,1.37045,1.36919,1.36948,5624
09.07.2025 11:00:00.000,1.36946,1.36995,1.36933,1.36949,3346
09.07.2025 12:00:00.000,1.3695,1.36962,1.36878,1.36926,3254
09.07.2025 13:00:00.000,1.36927,1.3695,1.36864,1.3694,2993
09.07.2025 14:00:00.000,1.3694,1.36954,1.36856,1.3686,3542
09.07.2025 15:00:00.000,1.36859,1.36974,1.36832,1.36833,2286
09.07.2025 16:00:00.000,1.36829,1.36945,1.36785,1.36817,994
09.07.2025 17:00:00.000,1.36822,1.36861,1.3681,1.36841,1005
09.07.2025 18:00:00.000,1.36842,1.36878,1.3684,1.36855,1789
09.07.2025 19:00:00.000,1.36856,1.36881,1.36733,1.36771,3637
09.07.2025 20:00:00.000,1.36772,1.36829,1.36769,1.36803,4304
09.07.2025 21:00:00.000,1.36803,1.36821,1.36761,1.36795,3187
09.07.2025 22:00:00.000,1.36796,1.36822,1.3678,1.36809,1696
09.07.2025 23:00:00.000,1.36811,1.36861,1.36807,1.36815,2512
10.07.2025 00:00:00.000,1.36813,1.36859,1.36779,1.36853,4491
10.07.2025 01:00:00.000,1.36855,1.36859,1.36666,1.36669,4689
10.07.2025 02:00:00.000,1.36667,1.3673,1.36632,1.36712,3831
10.07.2025 03:00:00.000,1.3671,1.36783,1.36686,1.36766,1950
10.07.2025 04:00:00.000,1.36766,1.36784,1.3668,1.36778,2389
10.07.2025 05:00:00.000,1.36778,1.368,1.36712,1.36722,3439
10.07.2025 06:00:00.000,1.36721,1.36885,1.36714,1.36868,4174
10.07.2025 07:00:00.000,1.36868,1.36944,1.3684,1.36912,6512
10.07.2025 08:00:00.000,1.36913,1.3708,1.36851,1.36967,7662
10.07.2025 09:00:00.000,1.36966,1.37045,1.36892,1.36904,10480
10.07.2025 10:00:00.000,1.36905,1.36905,1.36803,1.3683,5535
10.07.2025 11:00:00.000,1.36829,1.36852,1.36713,1.36828,5717
10.07.2025 12:00:00.000,1.36832,1.36833,1.36751,1.36767,3075
10.07.2025 13:00:00.000,1.36766,1.36768,1.3669,1.36717,3368
10.07.2025 14:00:00.000,1.36718,1.36728,1.36637,1.36639,4327
10.07.2025 15:00:00.000,1.36639,1.36655,1.3653,1.36537,2030
10.07.2025 16:00:00.000,1.36537,1.3663,1.36522,1.36548,474
10.07.2025 17:00:00.000,1.36558,1.36565,1.36523,1.36534,754
10.07.2025 18:00:00.000,1.36534,1.36564,1.36527,1.3655,1102
10.07.2025 19:00:00.000,1.3655,1.37302,1.36534,1.36907,15869
10.07.2025 20:00:00.000,1.36913,1.37057,1.36798,1.36917,9869
10.07.2025 21:00:00.000,1.36917,1.37021,1.369,1.37018,4428
10.07.2025 22:00:00.000,1.37018,1.3703,1.36872,1.36905,4761
10.07.2025 23:00:00.000,1.36906,1.36999,1.36906,1.36955,2214
11.07.2025 00:00:00.000,1.36957,1.36971,1.36901,1.36957,3575
11.07.2025 01:00:00.000,1.36956,1.37008,1.36921,1.36989,3921
11.07.2025 02:00:00.000,1.36988,1.36988,1.36848,1.36914,4116
11.07.2025 03:00:00.000,1.36914,1.37051,1.36911,1.37004,6683
11.07.2025 04:00:00.000,1.37004,1.3704,1.36953,1.36996,5730
11.07.2025 05:00:00.000,1.36998,1.37,1.3688,1.36908,4054
11.07.2025 06:00:00.000,1.36908,1.36966,1.36854,1.36955,2983
11.07.2025 07:00:00.000,1.36957,1.37017,1.36513,1.36779,12806
11.07.2025 08:00:00.000,1.36782,1.37013,1.36756,1.36983,11905
11.07.2025 09:00:00.000,1.36978,1.37115,1.36888,1.36965,7834
11.07.2025 10:00:00.000,1.36966,1.36999,1.36782,1.36785,4806
11.07.2025 11:00:00.000,1.36784,1.36913,1.36769,1.36801,4962
11.07.2025 12:00:00.000,1.36802,1.36857,1.36756,1.36756,3473
11.07.2025 13:00:00.000,1.36757,1.36762,1.36691,1.36748,3645
11.07.2025 14:00:00.000,1.36747,1.36859,1.36703,1.36839,3439
11.07.2025 15:00:00.000,1.36839,1.36953,1.36763,1.36857,5737
14.07.2025 00:00:00.000,1.36977,1.37019,1.36942,1.36972,3643
14.07.2025 01:00:00.000,1.36974,1.3698,1.36914,1.36936,3995
14.07.2025 02:00:00.000,1.36936,1.3695,1.36758,1.36778,4846
14.07.2025 03:00:00.000,1.36779,1.36849,1.36752,1.36824,3682
14.07.2025 04:00:00.000,1.36823,1.36854,1.36775,1.36797,3220
14.07.2025 05:00:00.000,1.36797,1.36797,1.36722,1.36727,2938
14.07.2025 06:00:00.000,1.36726,1.36761,1.36696,1.36756,3166
14.07.2025 07:00:00.000,1.36755,1.3692,1.36698,1.36894,5298
14.07.2025 08:00:00.000,1.36892,1.37004,1.36874,1.36907,6258
14.07.2025 09:00:00.000,1.36907,1.36961,1.36817,1.36823,8691
14.07.2025 10:00:00.000,1.36823,1.36957,1.3671,1.36948,6905
14.07.2025 11:00:00.000,1.36949,1.36964,1.3689,1.36929,5359
14.07.2025 12:00:00.000,1.36928,1.37078,1.36903,1.37067,4589
14.07.2025 13:00:00.000,1.37065,1.37067,1.3696,1.36992,2988
14.07.2025 14:00:00.000,1.36993,1.37014,1.36949,1.36974,3347
14.07.2025 15:00:00.000,1.36972,1.37067,1.36946,1.37034,1920
14.07.2025 16:00:00.000,1.37027,1.37028,1.36873,1.36972,1342
14.07.2025 17:00:00.000,1.37004,1.37056,1.36989,1.3703,2760
14.07.2025 18:00:00.000,1.37031,1.37085,1.37026,1.37055,2320
14.07.2025 19:00:00.000,1.37054,1.3707,1.36969,1.36995,5067
14.07.2025 20:00:00.000,1.36998,1.3703,1.36934,1.36978,5359
14.07.2025 21:00:00.000,1.36977,1.3701,1.36956,1.36981,3876
14.07.2025 22:00:00.000,1.3698,1.37,1.36959,1.36974,4602
14.07.2025 23:00:00.000,1.36974,1.37011,1.36941,1.36987,3821
15.07.2025 00:00:00.000,1.36989,1.36992,1.36907,1.36918,4800
15.07.2025 01:00:00.000,1.3692,1.3702,1.36877,1.37005,4174
15.07.2025 02:00:00.000,1.37004,1.37027,1.36873,1.36873,5686
15.07.2025 03:00:00.000,1.36876,1.36885,1.36832,1.36848,3869
15.07.2025 04:00:00.000,1.36848,1.36926,1.36846,1.36896,3991
15.07.2025 05:00:00.000,1.36894,1.36897,1.36806,1.36817,4592
15.07.2025 06:00:00.000,1.36817,1.36898,1.36794,1.3688,4029
15.07.2025 07:00:00.000,1.36878,1.36938,1.3671,1.36739,10826
15.07.2025 08:00:00.000,1.3674,1.37,1.36727,1.36976,12838
15.07.2025 09:00:00.000,1.36975,1.3721,1.36974,1.37187,15451
15.07.2025 10:00:00.000,1.37187,1.37285,1.37104,1.37133,9856
15.07.2025 11:00:00.000,1.37134,1.37295,1.37098,1.37241,6241
15.07.2025 12:00:00.000,1.37241,1.37286,1.37155,1.37166,3626
15.07.2025 13:00:00.000,1.37166,1.37189,1.37115,1.37151,4159
15.07.2025 14:00:00.000,1.37153,1.37223,1.37132,1.37213,3767
15.07.2025 15:00:00.000,1.37213,1.37248,1.3719,1.37222,1915
15.07.2025 16:00:00.000,1.37221,1.37221,1.37097,1.37164,4585
15.07.2025 17:00:00.000,1.37164,1.37214,1.37164,1.37177,1427
15.07.2025 18:00:00.000,1.37178,1.37204,1.37153,1.37159,1329
15.07.2025 19:00:00.000,1.37158,1.37197,1.37082,1.37118,5092
15.07.2025 20:00:00.000,1.37116,1.3713,1.37087,1.37126,4671
15.07.2025 21:00:00.000,1.37127,1.37209,1.37126,1.37203,3022
15.07.2025 22:00:00.000,1.37203,1.37215,1.37142,1.37198,3559
15.07.2025 23:00:00.000,1.37197,1.37202,1.37146,1.37148,3366
16.07.2025 00:00:00.000,1.37149,1.37151,1.37105,1.37105,3763
16.07.2025 01:00:00.000,1.3711,1.37163,1.37091,1.37091,2426
16.07.2025 02:00:00.000,1.3709,1.37189,1.37059,1.37149,3355
16.07.2025 03:00:00.000,1.37151,1.3722,1.37118,1.37192,2611
16.07.2025 04:00:00.000,1.37193,1.37255,1.37191,1.3722,4511
16.07.2025 05:00:00.000,1.37219,1.37239,1.37189,1.37208,2966
16.07.2025 06:00:00.000,1.37207,1.37285,1.37193,1.37272,3062
16.07.2025 07:00:00.000,1.37272,1.3728,1.37127,1.37246,7302
16.07.2025 08:00:00.000,1.37246,1.37501,1.37226,1.37454,8188
16.07.2025 09:00:00.000,1.37453,1.3755,1.37369,1.37405,9332
16.07.2025 10:00:00.000,1.37404,1.37405,1.36793,1.3707,25791
16.07.2025 11:00:00.000,1.37068,1.37132,1.36858,1.36892,14336
16.07.2025 12:00:00.000,1.36891,1.36993,1.36827,1.36974,6365
16.07.2025 13:00:00.000,1.36973,1.37033,1.36952,1.37013,4152
16.07.2025 14:00:00.000,1.37013,1.37016,1.36822,1.36837,4529
16.07.2025 15:00:00.000,1.36839,1.36873,1.36798,1.3681,2540
16.07.2025 16:00:00.000,1.36795,1.36863,1.36786,1.36852,501
16.07.2025 17:00:00.000,1.36853,1.36884,1.36821,1.36881,1118
16.07.2025 18:00:00.000,1.3688,1.36906,1.36851,1.36894,2161
16.07.2025 19:00:00.000,1.36894,1.3705,1.36886,1.37,4982
16.07.2025 20:00:00.000,1.37002,1.37118,1.36985,1.37042,6166
16.07.2025 21:00:00.000,1.37042,1.37185,1.37042,1.37179,6526
16.07.2025 22:00:00.000,1.37179,1.37199,1.37146,1.37151,3321
16.07.2025 23:00:00.000,1.3715,1.37193,1.37137,1.3714,2190
17.07.2025 00:00:00.000,1.37139,1.37146,1.37092,1.37143,3207
17.07.2025 01:00:00.000,1.37143,1.37307,1.37132,1.37237,6306
17.07.2025 02:00:00.000,1.37235,1.37452,1.37235,1.37434,4241
17.07.2025 03:00:00.000,1.37433,1.37474,1.37387,1.37426,3189
17.07.2025 04:00:00.000,1.37426,1.37491,1.3742,1.37483,2668
17.07.2025 05:00:00.000,1.37483,1.37669,1.37464,1.37656,3333
17.07.2025 06:00:00.000,1.37657,1.37698,1.37623,1.37626,3663
17.07.2025 07:00:00.000,1.37627,1.37741,1.37559,1.37586,7946
17.07.2025 08:00:00.000,1.37588,1.37652,1.37452,1.37502,7889
17.07.2025 09:00:00.000,1.375,1.3757,1.37454,1.37555,7387
17.07.2025 10:00:00.000,1.37554,1.37556,1.37409,1.37497,4964
17.07.2025 11:00:00.000,1.37495,1.37621,1.3747,1.3752,5223
17.07.2025 12:00:00.000,1.3752,1.37552,1.37457,1.3753,3939
17.07.2025 13:00:00.000,1.37531,1.37549,1.37483,1.37494,3915
17.07.2025 14:00:00.000,1.37493,1.37504,1.37424,1.37443,4918
17.07.2025 15:00:00.000,1.37444,1.37529,1.37423,1.37515,1979
17.07.2025 16:00:00.000,1.37512,1.37516,1.37414,1.37484,678
17.07.2025 17:00:00.000,1.37489,1.37491,1.374,1.37404,1745
17.07.2025 18:00:00.000,1.37403,1.37408,1.37355,1.3736,2162
17.07.2025 19:00:00.000,1.37359,1.37371,1.37292,1.37346,3852
17.07.2025 20:00:00.000,1.37346,1.37376,1.37299,1.37373,3852
17.07.2025 21:00:00.000,1.37373,1.37399,1.37346,1.37369,3491
17.07.2025 22:00:00.000,1.3737,1.3741,1.37346,1.37396,2029
17.07.2025 23:00:00.000,1.37397,1.37421,1.37378,1.37401,2256
18.07.2025 00:00:00.000,1.37401,1.37418,1.37363,1.37369,2860
18.07.2025 01:00:00.000,1.37374,1.3742,1.37352,1.3738,2810
18.07.2025 02:00:00.000,1.3738,1.37404,1.3732,1.37321,4836
18.07.2025 03:00:00.000,1.37322,1.37335,1.37236,1.37257,4803
18.07.2025 04:00:00.000,1.37257,1.37264,1.3723,1.37258,3063
18.07.2025 05:00:00.000,1.37259,1.37305,1.37177,1.37183,4410
18.07.2025 06:00:00.000,1.37184,1.37248,1.37153,1.37214,4117
18.07.2025 07:00:00.000,1.37213,1.37225,1.37015,1.37032,6928
18.07.2025 08:00:00.000,1.3703,1.3715,1.3695,1.37026,6893
18.07.2025 09:00:00.000,1.37023,1.37267,1.37003,1.37172,8574
18.07.2025 10:00:00.000,1.37171,1.37241,1.37112,1.37119,5665
18.07.2025 11:00:00.000,1.37119,1.37273,1.37106,1.37251,3583
18.07.2025 12:00:00.000,1.37251,1.37353,1.37247,1.37255,3702
18.07.2025 13:00:00.000,1.37255,1.37294,1.37225,1.37258,2500
18.07.2025 14:00:00.000,1.37258,1.3732,1.37248,1.37249,2345
18.07.2025 15:00:00.000,1.3725,1.37314,1.37228,1.37254,2377
21.07.2025 00:00:00.000,1.37231,1.3724,1.37171,1.37174,3862
21.07.2025 01:00:00.000,1.37173,1.37215,1.37138,1.37185,4035
21.07.2025 02:00:00.000,1.37184,1.37296,1.37156,1.37261,3857
21.07.2025 03:00:00.000,1.3726,1.3726,1.37156,1.37208,5025
21.07.2025 04:00:00.000,1.37209,1.37284,1.37202,1.37248,3125
21.07.2025 05:00:00.000,1.37247,1.37271,1.37186,1.37188,2875
21.07.2025 06:00:00.000,1.37188,1.37199,1.37017,1.37055,4556
21.07.2025 07:00:00.000,1.37053,1.37074,1.36953,1.3699,4472
21.07.2025 08:00:00.000,1.3699,1.37168,1.36987,1.37136,5515
21.07.2025 09:00:00.000,1.3714,1.37146,1.36929,1.36977,10310
21.07.2025 10:00:00.000,1.36976,1.3698,1.3678,1.36887,7124
21.07.2025 11:00:00.000,1.36888,1.36919,1.36843,1.36857,4158
21.07.2025 12:00:00.000,1.36858,1.36918,1.36847,1.36911,2724
21.07.2025 13:00:00.000,1.36911,1.36911,1.36828,1.36838,2043
21.07.2025 14:00:00.000,1.36839,1.36866,1.36829,1.3684,2141
21.07.2025 15:00:00.000,1.36841,1.36849,1.3677,1.36813,1938
21.07.2025 16:00:00.000,1.368,1.36821,1.36751,1.36811,593
21.07.2025 17:00:00.000,1.3682,1.36844,1.36777,1.3678,840
21.07.2025 18:00:00.000,1.36781,1.36803,1.36744,1.36756,1984
21.07.2025 19:00:00.000,1.36756,1.3687,1.36749,1.36866,2435
21.07.2025 20:00:00.000,1.36865,1.36899,1.3684,1.36896,2246
21.07.2025 21:00:00.000,1.36898,1.36898,1.36819,1.36852,2483
21.07.2025 22:00:00.000,1.36853,1.36887,1.36839,1.36877,3122
21.07.2025 23:00:00.000,1.36876,1.36896,1.3685,1.36881,2870
22.07.2025 00:00:00.000,1.36881,1.36934,1.3686,1.36905,3530
22.07.2025 01:00:00.000,1.3691,1.36949,1.36878,1.36936,3125
22.07.2025 02:00:00.000,1.36935,1.36935,1.36859,1.36901,5765
22.07.2025 03:00:00.000,1.36901,1.36926,1.36791,1.36811,5230
22.07.2025 04:00:00.000,1.3681,1.36837,1.36774,1.36776,4070
22.07.2025 05:00:00.000,1.36774,1.36823,1.36719,1.36804,3537
22.07.2025 06:00:00.000,1.36806,1.36809,1.36729,1.36738,3441
22.07.2025 07:00:00.000,1.36738,1.3683,1.36642,1.36793,5461
22.07.2025 08:00:00.000,1.36792,1.36792,1.36643,1.36669,7380
22.07.2025 09:00:00.000,1.36668,1.36706,1.36306,1.36384,9882
22.07.2025 10:00:00.000,1.36384,1.36423,1.36158,1.36162,7531
22.07.2025 11:00:00.000,1.36161,1.36191,1.3605,1.36136,5569
22.07.2025 12:00:00.000,1.36134,1.36202,1.361,1.36169,3930
22.07.2025 13:00:00.000,1.36171,1.36178,1.36054,1.36089,3792
22.07.2025 14:00:00.000,1.3609,1.36126,1.36024,1.36035,3620
22.07.2025 15:00:00.000,1.36037,1.36064,1.3602,1.36037,2016
22.07.2025 16:00:00.000,1.36034,1.3607,1.35994,1.36056,286
22.07.2025 17:00:00.000,1.36066,1.36068,1.36017,1.36033,909
22.07.2025 18:00:00.000,1.36032,1.36064,1.35951,1.36041,3338
22.07.2025 19:00:00.000,1.36042,1.36053,1.35936,1.35944,4594
22.07.2025 20:00:00.000,1.35943,1.36018,1.3593,1.35981,5427
22.07.2025 21:00:00.000,1.35981,1.36027,1.35962,1.36017,5099
22.07.2025 22:00:00.000,1.36018,1.36025,1.35927,1.35998,4082
22.07.2025 23:00:00.000,1.35998,1.36026,1.3597,1.35992,3952
23.07.2025 00:00:00.000,1.35993,1.36104,1.35975,1.36092,4190
23.07.2025 01:00:00.000,1.36092,1.36092,1.35994,1.35996,5267
23.07.2025 02:00:00.000,1.35995,1.3602,1.35886,1.35891,6993
23.07.2025 03:00:00.000,1.3589,1.35896,1.35829,1.3583,5460
23.07.2025 04:00:00.000,1.3583,1.3586,1.35805,1.35814,3145
23.07.2025 05:00:00.000,1.35814,1.35857,1.35778,1.35852,3545
23.07.2025 06:00:00.000,1.35853,1.35866,1.3575,1.35779,4386
23.07.2025 07:00:00.000,1.3578,1.36026,1.35775,1.36025,4258
23.07.2025 08:00:00.000,1.36026,1.36212,1.35946,1.36143,7293
23.07.2025 09:00:00.000,1.36143,1.36287,1.36119,1.36149,7877
23.07.2025 10:00:00.000,1.36148,1.36221,1.36036,1.36088,7868
23.07.2025 11:00:00.000,1.36089,1.36237,1.36056,1.36166,7704
23.07.2025 12:00:00.000,1.36165,1.3621,1.36087,1.36133,4264
23.07.2025 13:00:00.000,1.36134,1.36139,1.3599,1.35992,2918
23.07.2025 14:00:00.000,1.35993,1.36038,1.35943,1.35947,2350
23.07.2025 15:00:00.000,1.35945,1.36016,1.35945,1.35956,2037
23.07.2025 16:00:00.000,1.35956,1.3601,1.35898,1.36002,802
23.07.2025 17:00:00.000,1.36002,1.36067,1.35984,1.36062,1831
23.07.2025 18:00:00.000,1.36063,1.36063,1.35996,1.36014,2532
23.07.2025 19:00:00.000,1.36014,1.36079,1.36014,1.36052,6684
23.07.2025 20:00:00.000,1.36054,1.36056,1.35961,1.36028,7453
23.07.2025 21:00:00.000,1.36029,1.36074,1.36008,1.36036,4441
23.07.2025 22:00:00.000,1.36036,1.36051,1.36003,1.36036,4124
23.07.2025 23:00:00.000,1.36035,1.36055,1.36019,1.36024,3691
24.07.2025 00:00:00.000,1.36023,1.36044,1.35979,1.36008,4800
24.07.2025 01:00:00.000,1.36009,1.36129,1.35989,1.36124,5710
24.07.2025 02:00:00.000,1.36124,1.36133,1.3605,1.36064,5075
24.07.2025 03:00:00.000,1.36064,1.36083,1.36013,1.36046,4359
24.07.2025 04:00:00.000,1.36046,1.3613,1.36046,1.36102,3313
24.07.2025 05:00:00.000,1.36103,1.36195,1.36097,1.36167,3030
24.07.2025 06:00:00.000,1.36167,1.36214,1.36076,1.36097,4176
24.07.2025 07:00:00.000,1.36096,1.3622,1.36091,1.36173,6286
24.07.2025 08:00:00.000,1.36173,1.36293,1.3614,1.36216,8487
24.07.2025 09:00:00.000,1.36215,1.36272,1.36102,1.36169,9356
24.07.2025 10:00:00.000,1.3617,1.36442,1.36158,1.36441,7960
24.07.2025 11:00:00.000,1.36442,1.36458,1.36317,1.36363,5781
24.07.2025 12:00:00.000,1.36363,1.36421,1.36297,1.36338,3047
24.07.2025 13:00:00.000,1.36338,1.3642,1.36328,1.36396,2683
24.07.2025 14:00:00.000,1.36397,1.36434,1.36312,1.36434,2561
24.07.2025 15:00:00.000,1.36434,1.36542,1.36317,1.36324,3192
24.07.2025 16:00:00.000,1.36332,1.36476,1.36327,1.36418,2836
24.07.2025 17:00:00.000,1.36418,1.36496,1.36413,1.36436,960
24.07.2025 18:00:00.000,1.36439,1.36449,1.36393,1.36399,1805
24.07.2025 19:00:00.000,1.364,1.36457,1.36373,1.3641,9265
24.07.2025 20:00:00.000,1.3641,1.36516,1.36382,1.36479,6919
24.07.2025 21:00:00.000,1.3648,1.36549,1.36477,1.36536,5512
24.07.2025 22:00:00.000,1.36536,1.3655,1.36488,1.36514,8152
24.07.2025 23:00:00.000,1.36514,1.36662,1.36478,1.36585,5838
25.07.2025 00:00:00.000,1.36586,1.36597,1.36494,1.36509,4643
25.07.2025 01:00:00.000,1.36511,1.36595,1.36472,1.36593,4540
25.07.2025 02:00:00.000,1.36592,1.36745,1.36565,1.36727,4748
25.07.2025 03:00:00.000,1.36729,1.36795,1.36681,1.36759,4871
25.07.2025 04:00:00.000,1.36757,1.36798,1.36732,1.36769,4374
25.07.2025 05:00:00.000,1.3677,1.36787,1.36713,1.36734,5032
25.07.2025 06:00:00.000,1.36738,1.36778,1.36666,1.36717,3975
25.07.2025 07:00:00.000,1.36717,1.36885,1.36713,1.36848,4533
25.07.2025 08:00:00.000,1.36847,1.37122,1.36808,1.37032,13845
25.07.2025 09:00:00.000,1.37031,1.37055,1.36921,1.37033,9216
25.07.2025 10:00:00.000,1.37033,1.37153,1.36999,1.37142,4934
25.07.2025 11:00:00.000,1.37144,1.37252,1.37143,1.37155,3839
25.07.2025 12:00:00.000,1.37156,1.37166,1.3708,1.37117,3421
25.07.2025 13:00:00.000,1.37118,1.37123,1.37025,1.37094,2628
25.07.2025 14:00:00.000,1.37095,1.37112,1.37037,1.37042,1923
25.07.2025 15:00:00.000,1.37044,1.37096,1.36962,1.36962,3861
28.07.2025 00:00:00.000,1.36956,1.37007,1.36949,1.36978,4170
28.07.2025 01:00:00.000,1.36978,1.37195,1.36972,1.37109,7052
28.07.2025 02:00:00.000,1.3711,1.37402,1.37063,1.37377,8095
28.07.2025 03:00:00.000,1.37376,1.37417,1.37263,1.37289,7538
28.07.2025 04:00:00.000,1.37288,1.37341,1.37262,1.37271,5503
28.07.2025 05:00:00.000,1.37269,1.37319,1.37222,1.37238,5758
28.07.2025 06:00:00.000,1.37237,1.37341,1.37176,1.37178,7428
28.07.2025 07:00:00.000,1.37177,1.37235,1.37147,1.37171,7226
28.07.2025 08:00:00.000,1.37172,1.37289,1.37115,1.37181,7689
28.07.2025 09:00:00.000,1.37182,1.3721,1.37099,1.37171,8042
28.07.2025 10:00:00.000,1.37172,1.37238,1.37134,1.3719,5578
28.07.2025 11:00:00.000,1.37189,1.37257,1.37163,1.37185,4341
28.07.2025 12:00:00.000,1.37186,1.37313,1.37171,1.37289,2560
28.07.2025 13:00:00.000,1.37289,1.37347,1.37261,1.37334,2921
28.07.2025 14:00:00.000,1.37335,1.37399,1.3732,1.37357,2438
28.07.2025 15:00:00.000,1.37357,1.37401,1.37274,1.37375,2788
28.07.2025 16:00:00.000,1.37365,1.37365,1.37327,1.37344,457
28.07.2025 17:00:00.000,1.37354,1.37371,1.37324,1.37361,1260
28.07.2025 18:00:00.000,1.37358,1.3738,1.37334,1.3734,1571
28.07.2025 19:00:00.000,1.37339,1.37424,1.37339,1.37412,5340
28.07.2025 20:00:00.000,1.37414,1.37414,1.37329,1.37371,6610
28.07.2025 21:00:00.000,1.3737,1.37372,1.37304,1.3731,3732
28.07.2025 22:00:00.000,1.37309,1.37389,1.37303,1.37378,3161
28.07.2025 23:00:00.000,1.37375,1.37388,1.37311,1.37311,2847
29.07.2025 00:00:00.000,1.37312,1.3736,1.37311,1.37334,4734
29.07.2025 01:00:00.000,1.37334,1.3751,1.37325,1.37504,5230
29.07.2025 02:00:00.000,1.37503,1.37604,1.37461,1.3755,6164
29.07.2025 03:00:00.000,1.37552,1.37591,1.37425,1.37435,6415
29.07.2025 04:00:00.000,1.37436,1.37518,1.37386,1.37505,3416
29.07.2025 05:00:00.000,1.37505,1.37558,1.37483,1.37551,2323
29.07.2025 06:00:00.000,1.37551,1.37694,1.3752,1.37688,4020
29.07.2025 07:00:00.000,1.37689,1.37782,1.37689,1.37779,5630
29.07.2025 08:00:00.000,1.3778,1.37803,1.37579,1.37605,8186
29.07.2025 09:00:00.000,1.37605,1.37851,1.37492,1.37841,13940
29.07.2025 10:00:00.000,1.37841,1.37879,1.37698,1.37783,8388
29.07.2025 11:00:00.000,1.37783,1.37796,1.37702,1.37773,4475
29.07.2025 12:00:00.000,1.37772,1.37792,1.37668,1.37721,5515
29.07.2025 13:00:00.000,1.37721,1.37729,1.37617,1.37663,4055
29.07.2025 14:00:00.000,1.37661,1.37765,1.37626,1.37761,3499
29.07.2025 15:00:00.000,1.37759,1.37819,1.37691,1.37692,2833
29.07.2025 16:00:00.000,1.3769,1.3769,1.37628,1.37669,762
29.07.2025 17:00:00.000,1.37682,1.37744,1.3767,1.37728,1252
29.07.2025 18:00:00.000,1.37729,1.37752,1.3769,1.37741,1671
29.07.2025 19:00:00.000,1.37741,1.37741,1.37615,1.37623,3951
29.07.2025 20:00:00.000,1.37623,1.37716,1.3758,1.37643,5554
29.07.2025 21:00:00.000,1.37645,1.37677,1.37609,1.37644,3600
29.07.2025 22:00:00.000,1.37641,1.37654,1.37598,1.37621,2855
29.07.2025 23:00:00.000,1.3762,1.37691,1.37618,1.37685,3347
30.07.2025 00:00:00.000,1.37686,1.37699,1.37628,1.37684,4796
30.07.2025 01:00:00.000,1.37685,1.37741,1.37656,1.37664,4635
30.07.2025 02:00:00.000,1.37665,1.377,1.37628,1.37677,5458
30.07.2025 03:00:00.000,1.37676,1.37766,1.37668,1.37727,3112
30.07.2025 04:00:00.000,1.37727,1.37827,1.37712,1.37792,3096
30.07.2025 05:00:00.000,1.37794,1.37903,1.37786,1.37877,2845
30.07.2025 06:00:00.000,1.37877,1.37926,1.37852,1.37866,3620
30.07.2025 07:00:00.000,1.37866,1.38063,1.37866,1.38044,9053
30.07.2025 08:00:00.000,1.38043,1.3818,1.38008,1.38024,14217
30.07.2025 09:00:00.000,1.38025,1.38169,1.37988,1.38097,7770
30.07.2025 10:00:00.000,1.38097,1.38186,1.38062,1.38146,6519
30.07.2025 11:00:00.000,1.38146,1.38168,1.38064,1.38085,4972
30.07.2025 12:00:00.000,1.38086,1.38112,1.38033,1.3804,3743
30.07.2025 13:00:00.000,1.38041,1.38282,1.3798,1.38159,13003
30.07.2025 14:00:00.000,1.38158,1.38417,1.38152,1.38368,9495
30.07.2025 15:00:00.000,1.38369,1.38447,1.38269,1.38274,5631
30.07.2025 16:00:00.000,1.38268,1.38304,1.38194,1.38293,934
30.07.2025 17:00:00.000,1.38293,1.38313,1.38216,1.38273,2170
30.07.2025 18:00:00.000,1.38273,1.38304,1.38229,1.38261,3773
30.07.2025 19:00:00.000,1.38259,1.38326,1.38247,1.38297,7398
30.07.2025 20:00:00.000,1.38297,1.38357,1.38269,1.38281,7208
30.07.2025 21:00:00.000,1.38282,1.38291,1.38238,1.38253,5479
30.07.2025 22:00:00.000,1.38253,1.38308,1.38218,1.3824,5301
30.07.2025 23:00:00.000,1.38239,1.38445,1.38151,1.38157,5214
31.07.2025 00:00:00.000,1.38157,1.38207,1.38143,1.38178,4784
31.07.2025 01:00:00.000,1.38179,1.38232,1.3813,1.38172,6487
31.07.2025 02:00:00.000,1.38172,1.38376,1.38152,1.38325,6299
31.07.2025 03:00:00.000,1.38327,1.38455,1.38309,1.38393,5849
31.07.2025 04:00:00.000,1.38394,1.38477,1.38388,1.38475,5371
31.07.2025 05:00:00.000,1.38476,1.38531,1.38443,1.3847,4045
31.07.2025 06:00:00.000,1.38472,1.38501,1.38344,1.3836,6660
31.07.2025 07:00:00.000,1.38363,1.38474,1.38322,1.38328,7685
31.07.2025 08:00:00.000,1.38329,1.38516,1.3827,1.3851,8207
31.07.2025 09:00:00.000,1.3851,1.3852,1.38237,1.38252,10251
31.07.2025 10:00:00.000,1.38255,1.38462,1.38237,1.38459,7135
31.07.2025 11:00:00.000,1.38459,1.38495,1.38416,1.38477,4336
31.07.2025 12:00:00.000,1.38478,1.38539,1.38447,1.38519,3753
31.07.2025 13:00:00.000,1.38517,1.3856,1.38452,1.38453,3844
31.07.2025 14:00:00.000,1.38452,1.38559,1.38375,1.38558,4042
31.07.2025 15:00:00.000,1.38556,1.38576,1.38461,1.38512,3796
31.07.2025 16:00:00.000,1.38512,1.3853,1.384,1.38498,636
31.07.2025 17:00:00.000,1.38501,1.38694,1.38501,1.38673,3036
31.07.2025 18:00:00.000,1.38673,1.38704,1.38509,1.38574,5346
31.07.2025 19:00:00.000,1.38574,1.38628,1.38437,1.38467,9328
31.07.2025 20:00:00.000,1.38467,1.38601,1.38435,1.38577,7801
31.07.2025 21:00:00.000,1.38578,1.38614,1.38529,1.38581,6255
31.07.2025 22:00:00.000,1.3858,1.38582,1.38502,1.3853,8302
31.07.2025 23:00:00.000,1.3853,1.38546,1.38504,1.38534,6827
01.08.2025 00:00:00.000,1.38535,1.38563,1.38516,1.38523,5891
01.08.2025 01:00:00.000,1.38523,1.38644,1.38502,1.38606,7133
01.08.2025 02:00:00.000,1.38607,1.38736,1.38559,1.3871,4897
01.08.2025 03:00:00.000,1.38709,1.38757,1.38682,1.38753,3067
01.08.2025 04:00:00.000,1.38752,1.38786,1.38704,1.38775,2793
01.08.2025 05:00:00.000,1.38775,1.38787,1.38667,1.38716,4169
01.08.2025 06:00:00.000,1.38717,1.38737,1.38606,1.38706,4592
01.08.2025 07:00:00.000,1.38704,1.38755,1.37847,1.37961,16026
01.08.2025 08:00:00.000,1.37959,1.37959,1.37623,1.37792,21426
01.08.2025 09:00:00.000,1.37791,1.37926,1.37648,1.37884,18035
01.08.2025 10:00:00.000,1.37885,1.37996,1.37749,1.37797,9220
01.08.2025 11:00:00.000,1.37797,1.37963,1.37792,1.37951,5657
01.08.2025 12:00:00.000,1.37951,1.38082,1.37943,1.38022,5573
01.08.2025 13:00:00.000,1.38021,1.3817,1.37926,1.38169,7965
01.08.2025 14:00:00.000,1.38169,1.38169,1.37859,1.37958,8382
01.08.2025 15:00:00.000,1.37956,1.37969,1.37709,1.3785,6175
04.08.2025 00:00:00.000,1.3774,1.37788,1.37666,1.37775,4669
04.08.2025 01:00:00.000,1.37774,1.37823,1.37671,1.3771,7192
04.08.2025 02:00:00.000,1.3771,1.37842,1.37677,1.37834,7604
04.08.2025 03:00:00.000,1.37834,1.37872,1.37798,1.37833,5791
04.08.2025 04:00:00.000,1.37834,1.37853,1.3775,1.3784,6237
04.08.2025 05:00:00.000,1.37841,1.37896,1.3777,1.37803,4543
04.08.2025 06:00:00.000,1.37802,1.37832,1.37725,1.3776,4786
04.08.2025 07:00:00.000,1.37759,1.37821,1.37656,1.37725,6761
04.08.2025 08:00:00.000,1.37726,1.37738,1.37599,1.3761,6422
04.08.2025 09:00:00.000,1.37611,1.37745,1.37579,1.37714,10002
04.08.2025 10:00:00.000,1.37714,1.3783,1.37698,1.37755,7993
04.08.2025 11:00:00.000,1.37758,1.37819,1.37736,1.37746,5178
04.08.2025 12:00:00.000,1.37749,1.37817,1.37737,1.37744,4784
04.08.2025 13:00:00.000,1.37744,1.37841,1.37738,1.37837,3453
04.08.2025 14:00:00.000,1.37837,1.37849,1.37749,1.37785,2998
04.08.2025 15:00:00.000,1.37782,1.37803,1.37714,1.37771,1447
04.08.2025 16:00:00.000,1.37758,1.37797,1.37724,1.37765,595
04.08.2025 17:00:00.000,1.37765,1.37783,1.3771,1.37725,1455
04.08.2025 18:00:00.000,1.37722,1.37729,1.37682,1.37688,2225
04.08.2025 19:00:00.000,1.37687,1.37708,1.37627,1.37678,3840
04.08.2025 20:00:00.000,1.37678,1.37774,1.37664,1.37763,5537
04.08.2025 21:00:00.000,1.37765,1.37858,1.37765,1.37843,3720
04.08.2025 22:00:00.000,1.37842,1.37903,1.37836,1.37897,2215
04.08.2025 23:00:00.000,1.37899,1.37909,1.37849,1.37858,2985
05.08.2025 00:00:00.000,1.37859,1.37942,1.37858,1.3789,4071
05.08.2025 01:00:00.000,1.3789,1.37902,1.37763,1.37829,5011
05.08.2025 02:00:00.000,1.37828,1.37898,1.37732,1.3781,5159
05.08.2025 03:00:00.000,1.37812,1.38091,1.37812,1.38061,6439
05.08.2025 04:00:00.000,1.3806,1.38085,1.37976,1.38041,4064
05.08.2025 05:00:00.000,1.38042,1.38091,1.38023,1.38039,4099
05.08.2025 06:00:00.000,1.38039,1.38099,1.37946,1.37969,5309
05.08.2025 07:00:00.000,1.37969,1.3806,1.37906,1.37973,6669
05.08.2025 08:00:00.000,1.37972,1.37993,1.37795,1.37839,7785
05.08.2025 09:00:00.000,1.37815,1.37952,1.37696,1.37857,12919
05.08.2025 10:00:00.000,1.37858,1.37886,1.37765,1.37804,7019
05.08.2025 11:00:00.000,1.37801,1.37828,1.37718,1.37775,5980
05.08.2025 12:00:00.000,1.37779,1.37806,1.37705,1.37782,3456
05.08.2025 13:00:00.000,1.37784,1.37884,1.37773,1.37836,3325
05.08.2025 14:00:00.000,1.37838,1.37874,1.37717,1.37724,3139
05.08.2025 15:00:00.000,1.37725,1.37823,1.37702,1.37714,2420
05.08.2025 16:00:00.000,1.37715,1.3777,1.37713,1.37734,662
05.08.2025 17:00:00.000,1.37736,1.37773,1.37716,1.37723,1963
05.08.2025 18:00:00.000,1.37724,1.37744,1.37687,1.37708,2272
05.08.2025 19:00:00.000,1.37713,1.37747,1.37655,1.37739,4331
05.08.2025 20:00:00.000,1.37739,1.3779,1.37718,1.37743,5661
05.08.2025 21:00:00.000,1.37743,1.3776,1.3771,1.37727,3987
05.08.2025 22:00:00.000,1.37727,1.37727,1.37678,1.37693,2432
05.08.2025 23:00:00.000,1.37693,1.37705,1.37646,1.37703,3563
06.08.2025 00:00:00.000,1.37704,1.37743,1.37698,1.37727,3727
06.08.2025 01:00:00.000,1.37729,1.37734,1.37627,1.3766,4832
06.08.2025 02:00:00.000,1.37661,1.3772,1.37633,1.37639,4483
06.08.2025 03:00:00.000,1.37639,1.37748,1.37638,1.37683,4732
06.08.2025 04:00:00.000,1.37681,1.37693,1.37656,1.37673,3133
06.08.2025 05:00:00.000,1.37675,1.37685,1.37534,1.3755,4948
06.08.2025 06:00:00.000,1.3755,1.37581,1.37452,1.37571,4355
06.08.2025 07:00:00.000,1.3757,1.37611,1.37434,1.37469,4793
06.08.2025 08:00:00.000,1.37469,1.37515,1.37408,1.37486,7113
06.08.2025 09:00:00.000,1.37485,1.37585,1.3745,1.37521,8927
06.08.2025 10:00:00.000,1.37523,1.37544,1.37385,1.37403,7729
06.08.2025 11:00:00.000,1.37401,1.37502,1.37388,1.37436,4614
06.08.2025 12:00:00.000,1.37436,1.3746,1.37358,1.37388,4051
06.08.2025 13:00:00.000,1.37387,1.37431,1.37347,1.37414,3279
06.08.2025 14:00:00.000,1.37414,1.37477,1.37393,1.37415,3032
06.08.2025 15:00:00.000,1.37414,1.37448,1.37364,1.37388,2417
06.08.2025 16:00:00.000,1.37389,1.37415,1.3736,1.37378,1127
06.08.2025 17:00:00.000,1.3737,1.37429,1.37365,1.37405,1227
06.08.2025 18:00:00.000,1.37407,1.37413,1.37385,1.37392,1601
06.08.2025 19:00:00.000,1.37393,1.37445,1.37388,1.37437,4569
06.08.2025 20:00:00.000,1.37436,1.37458,1.37355,1.3739,6236
06.08.2025 21:00:00.000,1.37391,1.37396,1.37328,1.37381,4650
06.08.2025 22:00:00.000,1.3738,1.37415,1.37336,1.37346,4266
06.08.2025 23:00:00.000,1.37348,1.37356,1.37288,1.37305,3713
07.08.2025 00:00:00.000,1.37307,1.37358,1.37296,1.37336,2892
07.08.2025 01:00:00.000,1.37337,1.37337,1.37246,1.37278,3825
07.08.2025 02:00:00.000,1.37278,1.37311,1.37211,1.37228,3961
07.08.2025 03:00:00.000,1.37228,1.37357,1.37221,1.37321,5220
07.08.2025 04:00:00.000,1.37321,1.37342,1.37279,1.37326,3743
07.08.2025 05:00:00.000,1.37324,1.37355,1.37264,1.3727,3713
07.08.2025 06:00:00.000,1.37273,1.37443,1.37213,1.37413,5609
07.08.2025 07:00:00.000,1.37412,1.37436,1.37317,1.37373,5125
07.08.2025 08:00:00.000,1.37374,1.3751,1.37301,1.37489,6070
07.08.2025 09:00:00.000,1.37487,1.37733,1.37464,1.37618,10982
07.08.2025 10:00:00.000,1.37619,1.37661,1.37467,1.375,7002
07.08.2025 11:00:00.000,1.37501,1.3755,1.37463,1.37523,3226
07.08.2025 12:00:00.000,1.37522,1.3755,1.37472,1.3753,3903
07.08.2025 13:00:00.000,1.3753,1.37664,1.37493,1.37657,2619
07.08.2025 14:00:00.000,1.37658,1.37671,1.3743,1.37441,4876
07.08.2025 15:00:00.000,1.37441,1.37483,1.37386,1.37428,2335
07.08.2025 16:00:00.000,1.37428,1.37492,1.374,1.3742,852
07.08.2025 17:00:00.000,1.37419,1.37442,1.37347,1.37349,2893
07.08.2025 18:00:00.000,1.37349,1.37377,1.37311,1.37319,2094
07.08.2025 19:00:00.000,1.3732,1.37433,1.37312,1.37379,4541
07.08.2025 20:00:00.000,1.37377,1.37485,1.37332,1.37449,3809
07.08.2025 21:00:00.000,1.37449,1.37456,1.37382,1.37398,2960
07.08.2025 22:00:00.000,1.37398,1.37437,1.37385,1.37388,2959
07.08.2025 23:00:00.000,1.37387,1.37409,1.37361,1.37406,2728
08.08.2025 00:00:00.000,1.37406,1.3749,1.37395,1.3748,4060
08.08.2025 01:00:00.000,1.37482,1.37483,1.37399,1.37422,4045
08.08.2025 02:00:00.000,1.3742,1.37428,1.37284,1.37323,6295
08.08.2025 03:00:00.000,1.37323,1.37387,1.37269,1.37358,4243
08.08.2025 04:00:00.000,1.37357,1.37358,1.37268,1.3728,5452
08.08.2025 05:00:00.000,1.3728,1.37325,1.37253,1.37283,4234
08.08.2025 06:00:00.000,1.37282,1.37391,1.37272,1.37377,2773
08.08.2025 07:00:00.000,1.37377,1.37622,1.37366,1.37577,6116
08.08.2025 08:00:00.000,1.37577,1.37581,1.37422,1.3751,5847
08.08.2025 09:00:00.000,1.3751,1.37565,1.37441,1.37544,7269
08.08.2025 10:00:00.000,1.37545,1.37565,1.3747,1.37526,3874
08.08.2025 11:00:00.000,1.37525,1.37556,1.37478,1.37517,3414
08.08.2025 12:00:00.000,1.37516,1.3754,1.37418,1.37497,3635
08.08.2025 13:00:00.000,1.37496,1.37537,1.37429,1.37505,5218
08.08.2025 14:00:00.000,1.37507,1.37587,1.37504,1.37569,1810
08.08.2025 15:00:00.000,1.37567,1.37629,1.37519,1.37529,4428
11.08.2025 00:00:00.000,1.37505,1.37531,1.37496,1.3751,2535
11.08.2025 01:00:00.000,1.37512,1.37582,1.37489,1.37567,3195
11.08.2025 02:00:00.000,1.37567,1.37737,1.37567,1.37689,4996
11.08.2025 03:00:00.000,1.37689,1.37707,1.37628,1.3764,4101
11.08.2025 04:00:00.000,1.37642,1.3775,1.37625,1.37737,3183
11.08.2025 05:00:00.000,1.37738,1.37738,1.37654,1.3768,2875
11.08.2025 06:00:00.000,1.3768,1.37834,1.37669,1.37795,3554
11.08.2025 07:00:00.000,1.37796,1.37946,1.37779,1.37885,5334
11.08.2025 08:00:00.000,1.37886,1.37897,1.37733,1.37794,6794
11.08.2025 09:00:00.000,1.37794,1.37941,1.37782,1.37909,6933
11.08.2025 10:00:00.000,1.37909,1.3795,1.37821,1.37841,5645
11.08.2025 11:00:00.000,1.37841,1.37862,1.37803,1.37834,3706
11.08.2025 12:00:00.000,1.37834,1.37865,1.37779,1.37797,3274
11.08.2025 13:00:00.000,1.37796,1.37833,1.37751,1.37777,3511
11.08.2025 14:00:00.000,1.37777,1.3787,1.37765,1.37815,3283
11.08.2025 15:00:00.000,1.37817,1.37844,1.37742,1.37777,1867
11.08.2025 16:00:00.000,1.37774,1.37796,1.37736,1.37791,784
11.08.2025 17:00:00.000,1.37799,1.37799,1.37751,1.37765,1481
11.08.2025 18:00:00.000,1.37766,1.37766,1.37733,1.37743,1476
11.08.2025 19:00:00.000,1.37743,1.37792,1.37736,1.37788,3721
11.08.2025 20:00:00.000,1.37787,1.378,1.3773,1.37758,4682
11.08.2025 21:00:00.000,1.37759,1.37759,1.37713,1.37728,3002
11.08.2025 22:00:00.000,1.37727,1.37771,1.37714,1.37771,2969
11.08.2025 23:00:00.000,1.37772,1.3784,1.37734,1.37739,3830
12.08.2025 00:00:00.000,1.37739,1.37815,1.37733,1.37773,5600
12.08.2025 01:00:00.000,1.37774,1.3785,1.37735,1.37837,6630
12.08.2025 02:00:00.000,1.37836,1.37836,1.37749,1.37789,4847
12.08.2025 03:00:00.000,1.37788,1.37919,1.37758,1.37885,4423
12.08.2025 04:00:00.000,1.37886,1.37923,1.3787,1.37908,3697
12.08.2025 05:00:00.000,1.37909,1.37927,1.37846,1.37922,2769
12.08.2025 06:00:00.000,1.37922,1.38057,1.3792,1.37977,3655
12.08.2025 07:00:00.000,1.37976,1.38034,1.37643,1.37793,12050
12.08.2025 08:00:00.000,1.37797,1.37933,1.37719,1.37846,19916
12.08.2025 09:00:00.000,1.37847,1.37847,1.37703,1.37713,11489
12.08.2025 10:00:00.000,1.37712,1.37726,1.37536,1.37635,10403
12.08.2025 11:00:00.000,1.37634,1.37682,1.37567,1.37618,5705
12.08.2025 12:00:00.000,1.37619,1.37734,1.37617,1.37683,5336
12.08.2025 13:00:00.000,1.3768,1.37795,1.37643,1.37772,3984
12.08.2025 14:00:00.000,1.3777,1.3784,1.37743,1.37767,4452
12.08.2025 15:00:00.000,1.37768,1.37791,1.37708,1.37714,2493
12.08.2025 16:00:00.000,1.37711,1.37725,1.37636,1.37718,1400
12.08.2025 17:00:00.000,1.37718,1.37743,1.3767,1.37676,2298
12.08.2025 18:00:00.000,1.37676,1.37705,1.37646,1.37697,1653
12.08.2025 19:00:00.000,1.37698,1.37801,1.37686,1.3778,2642
12.08.2025 20:00:00.000,1.3778,1.37804,1.37746,1.37788,3554
12.08.2025 21:00:00.000,1.37787,1.37814,1.37728,1.37753,3216
12.08.2025 22:00:00.000,1.37754,1.37766,1.37734,1.37765,3245
12.08.2025 23:00:00.000,1.37765,1.37775,1.37743,1.37756,3010
13.08.2025 00:00:00.000,1.37754,1.37811,1.37748,1.37798,2672
13.08.2025 01:00:00.000,1.37797,1.37797,1.37653,1.37683,5142
13.08.2025 02:00:00.000,1.37681,1.37681,1.37535,1.37619,5694
13.08.2025 03:00:00.000,1.37618,1.37679,1.37571,1.37629,6665
13.08.2025 04:00:00.000,1.37627,1.37629,1.37516,1.37518,6114
13.08.2025 05:00:00.000,1.37519,1.37593,1.3751,1.3757,4484
13.08.2025 06:00:00.000,1.37571,1.37636,1.37525,1.37561,5826
13.08.2025 07:00:00.000,1.3756,1.3771,1.37548,1.37701,4818
13.08.2025 08:00:00.000,1.37702,1.37747,1.37612,1.37621,6510
13.08.2025 09:00:00.000,1.37622,1.37722,1.37555,1.37604,7572
13.08.2025 10:00:00.000,1.37604,1.37712,1.376,1.37656,6192
13.08.2025 11:00:00.000,1.37655,1.37702,1.37631,1.37699,2794
13.08.2025 12:00:00.000,1.37699,1.3771,1.37632,1.37694,3055
13.08.2025 13:00:00.000,1.37693,1.37732,1.37678,1.37699,3737
13.08.2025 14:00:00.000,1.377,1.37715,1.37617,1.37624,3023
13.08.2025 15:00:00.000,1.37624,1.37656,1.37555,1.37571,1808
13.08.2025 16:00:00.000,1.37571,1.37599,1.37538,1.37586,878
13.08.2025 17:00:00.000,1.37606,1.3762,1.37526,1.37531,1745
13.08.2025 18:00:00.000,1.3753,1.37552,1.37509,1.3752,1732
13.08.2025 19:00:00.000,1.3752,1.37533,1.37496,1.37511,3090
13.08.2025 20:00:00.000,1.37512,1.37517,1.3744,1.37471,5597
13.08.2025 21:00:00.000,1.37472,1.37608,1.37472,1.37578,2782
13.08.2025 22:00:00.000,1.37578,1.3764,1.37577,1.37621,3184
13.08.2025 23:00:00.000,1.37622,1.37634,1.37563,1.37577,3112
14.08.2025 00:00:00.000,1.37578,1.37639,1.37574,1.37621,3638
14.08.2025 01:00:00.000,1.37622,1.37699,1.37562,1.37697,6181
14.08.2025 02:00:00.000,1.37697,1.37789,1.37631,1.37735,8299
14.08.2025 03:00:00.000,1.37736,1.37832,1.37711,1.37814,5706
14.08.2025 04:00:00.000,1.37811,1.37817,1.37709,1.37762,4982
14.08.2025 05:00:00.000,1.37761,1.37778,1.37698,1.37749,4787
14.08.2025 06:00:00.000,1.37749,1.37848,1.37736,1.37839,4230
14.08.2025 07:00:00.000,1.37837,1.38012,1.37809,1.37957,8965
14.08.2025 08:00:00.000,1.37957,1.38126,1.37954,1.3812,10331
14.08.2025 09:00:00.000,1.38121,1.38121,1.37893,1.37904,11504
14.08.2025 10:00:00.000,1.37903,1.38112,1.37896,1.38065,8198
14.08.2025 11:00:00.000,1.38064,1.38173,1.38042,1.38143,5369
14.08.2025 12:00:00.000,1.38143,1.38191,1.38083,1.38113,3886
14.08.2025 13:00:00.000,1.38115,1.38186,1.38109,1.38128,5006
14.08.2025 14:00:00.000,1.38129,1.38131,1.3805,1.38121,3925
14.08.2025 15:00:00.000,1.38122,1.38185,1.38107,1.38154,1764
14.08.2025 16:00:00.000,1.38153,1.38155,1.38109,1.38144,769
14.08.2025 17:00:00.000,1.38145,1.38148,1.38126,1.38126,1137
14.08.2025 18:00:00.000,1.38125,1.38139,1.38116,1.38129,1029
14.08.2025 19:00:00.000,1.38128,1.38147,1.38098,1.38111,3931
14.08.2025 20:00:00.000,1.3811,1.38143,1.38071,1.38089,3854
14.08.2025 21:00:00.000,1.38089,1.38132,1.38067,1.38068,3399
14.08.2025 22:00:00.000,1.38069,1.38069,1.38012,1.38032,3132
14.08.2025 23:00:00.000,1.38031,1.38048,1.38012,1.38017,2150
15.08.2025 00:00:00.000,1.38017,1.38042,1.38001,1.38001,2014
15.08.2025 01:00:00.000,1.38002,1.38065,1.37941,1.37963,3799
15.08.2025 02:00:00.000,1.37962,1.37974,1.37907,1.3793,3446
15.08.2025 03:00:00.000,1.37929,1.37997,1.3791,1.37969,3918
15.08.2025 04:00:00.000,1.37969,1.37978,1.37918,1.37934,3388
15.08.2025 05:00:00.000,1.37933,1.37956,1.37872,1.3788,3284
15.08.2025 06:00:00.000,1.3788,1.37944,1.37878,1.37901,2905
15.08.2025 07:00:00.000,1.37902,1.38018,1.37876,1.37931,5431
15.08.2025 08:00:00.000,1.37927,1.38039,1.3789,1.37994,7981
15.08.2025 09:00:00.000,1.37999,1.38084,1.37879,1.38054,8415
15.08.2025 10:00:00.000,1.38054,1.38111,1.37952,1.38087,6003
15.08.2025 11:00:00.000,1.38086,1.3813,1.38076,1.38094,2498
15.08.2025 12:00:00.000,1.38096,1.38154,1.38086,1.38123,2343
15.08.2025 13:00:00.000,1.38122,1.38159,1.38098,1.3813,1923
15.08.2025 14:00:00.000,1.3813,1.38152,1.38094,1.3814,2282
15.08.2025 15:00:00.000,1.3814,1.38188,1.38067,1.38182,2600
18.08.2025 00:00:00.000,1.38003,1.38037,1.37998,1.38019,2347
18.08.2025 01:00:00.000,1.38018,1.38093,1.38004,1.38035,3708
18.08.2025 02:00:00.000,1.38034,1.3804,1.37957,1.38016,4615
18.08.2025 03:00:00.000,1.38017,1.38055,1.37914,1.37933,4707
18.08.2025 04:00:00.000,1.37934,1.37984,1.3792,1.37979,2791
18.08.2025 05:00:00.000,1.37981,1.37981,1.37919,1.3795,2102
18.08.2025 06:00:00.000,1.37947,1.3797,1.37903,1.37932,2439
18.08.2025 07:00:00.000,1.37931,1.37937,1.37825,1.37906,3868
18.08.2025 08:00:00.000,1.37907,1.38087,1.37904,1.38084,4755
18.08.2025 09:00:00.000,1.38085,1.38269,1.38049,1.38235,6060
18.08.2025 10:00:00.000,1.38234,1.38309,1.38132,1.38154,4771
18.08.2025 11:00:00.000,1.38154,1.38163,1.38074,1.38121,3462
18.08.2025 12:00:00.000,1.38123,1.3814,1.38061,1.38107,2807
18.08.2025 13:00:00.000,1.38105,1.38129,1.38047,1.38116,3158
18.08.2025 14:00:00.000,1.38116,1.38125,1.38014,1.38053,2983
18.08.2025 15:00:00.000,1.38053,1.38089,1.37989,1.3802,1877
18.08.2025 16:00:00.000,1.38015,1.38016,1.37948,1.38015,759
18.08.2025 17:00:00.000,1.38013,1.38032,1.37956,1.38,1863
18.08.2025 18:00:00.000,1.37999,1.38047,1.37998,1.38022,2029
18.08.2025 19:00:00.000,1.38021,1.38102,1.38014,1.38088,4158
18.08.2025 20:00:00.000,1.38088,1.38176,1.38076,1.38126,5807
18.08.2025 21:00:00.000,1.38127,1.38144,1.38086,1.38093,5178
18.08.2025 22:00:00.000,1.38091,1.38113,1.38057,1.38107,4818
18.08.2025 23:00:00.000,1.38108,1.3812,1.38065,1.38085,3750
19.08.2025 00:00:00.000,1.38086,1.38135,1.38057,1.38114,3359
19.08.2025 01:00:00.000,1.38113,1.3814,1.38028,1.38032,4414
19.08.2025 02:00:00.000,1.38032,1.38156,1.38008,1.38154,5394
19.08.2025 03:00:00.000,1.38156,1.38212,1.38137,1.38184,6685
19.08.2025 04:00:00.000,1.38183,1.38222,1.38158,1.38185,6061
19.08.2025 05:00:00.000,1.38186,1.38191,1.38103,1.3811,3867
19.08.2025 06:00:00.000,1.38111,1.3813,1.38051,1.38085,4265
19.08.2025 07:00:00.000,1.38087,1.38375,1.38056,1.38331,6547
19.08.2025 08:00:00.000,1.38332,1.38449,1.38324,1.38413,6239
19.08.2025 09:00:00.000,1.38415,1.38565,1.38374,1.38546,7579
19.08.2025 10:00:00.000,1.38544,1.38603,1.38488,1.38593,7365
19.08.2025 11:00:00.000,1.38593,1.38633,1.3853,1.38621,5203
19.08.2025 12:00:00.000,1.3862,1.3863,1.38532,1.38566,3546
19.08.2025 13:00:00.000,1.38565,1.38642,1.38565,1.38638,3216
19.08.2025 14:00:00.000,1.38638,1.38677,1.38588,1.38653,2929
19.08.2025 15:00:00.000,1.38653,1.38696,1.38607,1.38664,1934
19.08.2025 16:00:00.000,1.38664,1.38664,1.3854,1.38622,8276
19.08.2025 17:00:00.000,1.38612,1.38674,1.38596,1.38634,2048
19.08.2025 18:00:00.000,1.38634,1.38677,1.38628,1.38661,2751
19.08.2025 19:00:00.000,1.38662,1.38719,1.38648,1.38689,3705
19.08.2025 20:00:00.000,1.38689,1.38769,1.38643,1.3875,4049
19.08.2025 21:00:00.000,1.38749,1.3883,1.38748,1.38791,6657
19.08.2025 22:00:00.000,1.38792,1.38792,1.38718,1.38739,4983
19.08.2025 23:00:00.000,1.3874,1.3874,1.38687,1.38699,3972
20.08.2025 00:00:00.000,1.38698,1.38749,1.38687,1.38708,3992
20.08.2025 01:00:00.000,1.38708,1.38759,1.3868,1.38706,5876
20.08.2025 02:00:00.000,1.38705,1.38758,1.38678,1.3871,5188
20.08.2025 03:00:00.000,1.38709,1.38808,1.38689,1.3879,4613
20.08.2025 04:00:00.000,1.3879,1.38794,1.38725,1.38757,3435
20.08.2025 05:00:00.000,1.38758,1.38764,1.38698,1.38753,4060
20.08.2025 06:00:00.000,1.38753,1.3876,1.38683,1.38719,2751
20.08.2025 07:00:00.000,1.38718,1.38718,1.38531,1.38573,6269
20.08.2025 08:00:00.000,1.38575,1.38711,1.38569,1.38682,5341
20.08.2025 09:00:00.000,1.38682,1.38726,1.38586,1.38586,9212
20.08.2025 10:00:00.000,1.38586,1.3879,1.3857,1.38748,7353
20.08.2025 11:00:00.000,1.38747,1.38748,1.38664,1.38683,2718
20.08.2025 12:00:00.000,1.38685,1.3872,1.38623,1.38638,2651
20.08.2025 13:00:00.000,1.38635,1.38717,1.38627,1.38712,3399
20.08.2025 14:00:00.000,1.38712,1.38764,1.38635,1.38759,2840
20.08.2025 15:00:00.000,1.38758,1.38795,1.3871,1.38729,2553
20.08.2025 16:00:00.000,1.38725,1.38725,1.38661,1.3869,1164
20.08.2025 17:00:00.000,1.38707,1.38722,1.38678,1.3872,1398
20.08.2025 18:00:00.000,1.3872,1.38742,1.38707,1.38738,1956
20.08.2025 19:00:00.000,1.38737,1.3881,1.38729,1.38779,5331
20.08.2025 20:00:00.000,1.38779,1.38815,1.38721,1.38763,6023
20.08.2025 21:00:00.000,1.38764,1.38806,1.38729,1.388,4128
20.08.2025 22:00:00.000,1.38799,1.38823,1.38778,1.38799,3482
20.08.2025 23:00:00.000,1.38798,1.38808,1.3877,1.38789,2464
21.08.2025 00:00:00.000,1.38787,1.38822,1.38742,1.38747,2266
21.08.2025 01:00:00.000,1.38748,1.38804,1.38732,1.38784,3665
21.08.2025 02:00:00.000,1.38783,1.3885,1.38764,1.38792,5469
21.08.2025 03:00:00.000,1.38794,1.38828,1.38755,1.38779,5532
21.08.2025 04:00:00.000,1.38777,1.38803,1.38733,1.38785,4116
21.08.2025 05:00:00.000,1.38786,1.38829,1.3877,1.38814,4028
21.08.2025 06:00:00.000,1.38815,1.3888,1.3878,1.3886,4806
21.08.2025 07:00:00.000,1.38857,1.38952,1.38805,1.38943,5638
21.08.2025 08:00:00.000,1.38943,1.39022,1.38894,1.38993,8241
21.08.2025 09:00:00.000,1.38991,1.39013,1.38916,1.3897,6770
21.08.2025 10:00:00.000,1.38969,1.39056,1.38914,1.39013,8700
21.08.2025 11:00:00.000,1.39013,1.39074,1.38959,1.38969,5862
21.08.2025 12:00:00.000,1.38967,1.39007,1.38906,1.38943,4659
21.08.2025 13:00:00.000,1.38945,1.38993,1.38915,1.38987,3958
21.08.2025 14:00:00.000,1.38987,1.3906,1.38981,1.39035,3514
21.08.2025 15:00:00.000,1.39035,1.39122,1.39026,1.39094,2053
21.08.2025 16:00:00.000,1.39083,1.39096,1.39052,1.39076,522
21.08.2025 17:00:00.000,1.39085,1.39093,1.39038,1.39042,1160
21.08.2025 18:00:00.000,1.39043,1.39064,1.39,1.39011,1446
21.08.2025 19:00:00.000,1.39013,1.39074,1.38987,1.39071,2390
21.08.2025 20:00:00.000,1.39071,1.39127,1.39032,1.39118,2961
21.08.2025 21:00:00.000,1.39118,1.39124,1.39059,1.39105,3215
21.08.2025 22:00:00.000,1.39105,1.39138,1.39092,1.3913,3380
21.08.2025 23:00:00.000,1.3913,1.39148,1.39117,1.39145,2329
22.08.2025 00:00:00.000,1.39143,1.39153,1.39127,1.39138,2260
22.08.2025 01:00:00.000,1.39139,1.39163,1.39123,1.39149,3915
22.08.2025 02:00:00.000,1.39148,1.39168,1.39096,1.39117,3998
22.08.2025 03:00:00.000,1.39118,1.39139,1.39074,1.39076,3970
22.08.2025 04:00:00.000,1.39076,1.39143,1.39075,1.3913,5178
22.08.2025 05:00:00.000,1.3913,1.39183,1.39125,1.39159,3586
22.08.2025 06:00:00.000,1.3916,1.39166,1.39096,1.39109,4486
22.08.2025 07:00:00.000,1.39107,1.39182,1.3909,1.39163,6129
22.08.2025 08:00:00.000,1.39162,1.39242,1.39133,1.3921,7592
22.08.2025 09:00:00.000,1.39206,1.39207,1.38326,1.38341,25487
22.08.2025 10:00:00.000,1.38343,1.38455,1.38296,1.38455,14488
22.08.2025 11:00:00.000,1.38456,1.38458,1.38302,1.38316,9196
22.08.2025 12:00:00.000,1.38315,1.3832,1.3814,1.38181,6424
22.08.2025 13:00:00.000,1.38181,1.38252,1.38146,1.38242,5148
22.08.2025 14:00:00.000,1.3824,1.38306,1.38231,1.38286,3044
22.08.2025 15:00:00.000,1.38286,1.38302,1.38178,1.38257,3098
25.08.2025 00:00:00.000,1.38344,1.38372,1.38329,1.3836,2365
25.08.2025 01:00:00.000,1.38361,1.38361,1.38206,1.38246,3632
25.08.2025 02:00:00.000,1.38246,1.38367,1.38243,1.38354,3938
25.08.2025 03:00:00.000,1.38354,1.38363,1.38229,1.38269,4221
25.08.2025 04:00:00.000,1.38269,1.3832,1.38257,1.3831,3093
25.08.2025 05:00:00.000,1.38309,1.38355,1.38288,1.38344,3570
25.08.2025 06:00:00.000,1.38344,1.38346,1.38228,1.38234,3711
25.08.2025 07:00:00.000,1.38232,1.38255,1.38169,1.38221,5665
25.08.2025 08:00:00.000,1.38221,1.38284,1.38163,1.38217,7577
25.08.2025 09:00:00.000,1.38218,1.38291,1.38199,1.38239,10169
25.08.2025 10:00:00.000,1.38238,1.38345,1.38237,1.38302,6038
25.08.2025 11:00:00.000,1.38303,1.38382,1.38299,1.38336,4466
25.08.2025 12:00:00.000,1.38335,1.38429,1.38323,1.38422,3156
25.08.2025 13:00:00.000,1.38422,1.38547,1.38402,1.38521,3666
25.08.2025 14:00:00.000,1.38521,1.38635,1.3852,1.38621,4175
25.08.2025 15:00:00.000,1.38622,1.38622,1.38533,1.38573,2349
25.08.2025 16:00:00.000,1.38572,1.38603,1.38504,1.38564,1240
25.08.2025 17:00:00.000,1.38564,1.38576,1.38544,1.38552,1121
25.08.2025 18:00:00.000,1.38552,1.38604,1.38541,1.38584,1376
25.08.2025 19:00:00.000,1.38584,1.38635,1.38409,1.38445,12008
25.08.2025 20:00:00.000,1.38447,1.38584,1.38441,1.38555,5548
25.08.2025 21:00:00.000,1.38555,1.38555,1.38466,1.38492,4998
25.08.2025 22:00:00.000,1.38492,1.38584,1.38492,1.38577,5126
25.08.2025 23:00:00.000,1.38575,1.38594,1.38536,1.38537,3024
26.08.2025 00:00:00.000,1.38537,1.38553,1.38496,1.38506,3510
26.08.2025 01:00:00.000,1.38509,1.3865,1.38499,1.38573,6717
26.08.2025 02:00:00.000,1.38574,1.38674,1.385,1.38553,10806
26.08.2025 03:00:00.000,1.38552,1.38638,1.38546,1.38573,8448
26.08.2025 04:00:00.000,1.38572,1.38574,1.38467,1.38477,7253
26.08.2025 05:00:00.000,1.38476,1.38523,1.38457,1.38503,5165
26.08.2025 06:00:00.000,1.38503,1.38505,1.38403,1.3844,6289
26.08.2025 07:00:00.000,1.38439,1.385,1.38396,1.38449,7552
26.08.2025 08:00:00.000,1.38451,1.38542,1.38423,1.38473,8327
26.08.2025 09:00:00.000,1.38472,1.38502,1.38263,1.38264,11070
26.08.2025 10:00:00.000,1.38263,1.38295,1.38217,1.38244,8364
26.08.2025 11:00:00.000,1.38245,1.38318,1.38239,1.38293,9586
26.08.2025 12:00:00.000,1.38292,1.38399,1.38289,1.38387,7023
26.08.2025 13:00:00.000,1.38386,1.38414,1.38283,1.38342,4514
26.08.2025 14:00:00.000,1.38341,1.38358,1.38288,1.38341,3888
26.08.2025 15:00:00.000,1.38342,1.38392,1.38311,1.3838,1961
26.08.2025 16:00:00.000,1.38374,1.38389,1.38342,1.38362,3915
26.08.2025 17:00:00.000,1.38363,1.38379,1.38335,1.38335,904
26.08.2025 18:00:00.000,1.38335,1.38356,1.38324,1.38344,775
26.08.2025 19:00:00.000,1.38343,1.38356,1.38293,1.38329,2895
26.08.2025 20:00:00.000,1.38328,1.38353,1.38277,1.38309,5012
26.08.2025 21:00:00.000,1.38308,1.38407,1.38307,1.38377,3106
26.08.2025 22:00:00.000,1.38376,1.38407,1.38368,1.38398,2327
26.08.2025 23:00:00.000,1.38399,1.38434,1.38395,1.38426,2402
27.08.2025 00:00:00.000,1.38426,1.38448,1.38386,1.38403,2063
27.08.2025 01:00:00.000,1.38404,1.38409,1.38334,1.38374,3830
27.08.2025 02:00:00.000,1.38375,1.38537,1.38369,1.38458,6833
27.08.2025 03:00:00.000,1.38459,1.38566,1.38457,1.38479,7354
27.08.2025 04:00:00.000,1.38479,1.38544,1.38469,1.38536,5156
27.08.2025 05:00:00.000,1.38535,1.3854,1.38477,1.38519,5402
27.08.2025 06:00:00.000,1.38519,1.3856,1.38442,1.38519,4430
27.08.2025 07:00:00.000,1.38518,1.38543,1.38425,1.38503,6664
27.08.2025 08:00:00.000,1.38504,1.38544,1.38436,1.38521,8901
27.08.2025 09:00:00.000,1.3852,1.38575,1.38285,1.38315,10441
27.08.2025 10:00:00.000,1.38313,1.38328,1.38207,1.38255,9657
27.08.2025 11:00:00.000,1.38255,1.38256,1.37975,1.37977,6150
27.08.2025 12:00:00.000,1.37976,1.38009,1.37824,1.37844,6400
27.08.2025 13:00:00.000,1.37845,1.37957,1.3784,1.37956,11656
27.08.2025 14:00:00.000,1.37958,1.37966,1.37855,1.37878,5343
27.08.2025 15:00:00.000,1.37877,1.37916,1.37831,1.37891,2848
27.08.2025 16:00:00.000,1.37891,1.37898,1.37854,1.37887,893
27.08.2025 17:00:00.000,1.37891,1.37892,1.37825,1.37835,1332
27.08.2025 18:00:00.000,1.37833,1.37843,1.37803,1.37808,1319
27.08.2025 19:00:00.000,1.37808,1.37829,1.37783,1.37818,3868
27.08.2025 20:00:00.000,1.37817,1.37828,1.37774,1.37802,4260
27.08.2025 21:00:00.000,1.37801,1.3781,1.37718,1.37724,4391
27.08.2025 22:00:00.000,1.37724,1.37778,1.37688,1.37767,3582
27.08.2025 23:00:00.000,1.37767,1.37815,1.37767,1.37809,3384
28.08.2025 00:00:00.000,1.37809,1.37874,1.37808,1.37823,2636
28.08.2025 01:00:00.000,1.37822,1.37847,1.37769,1.37826,4351
28.08.2025 02:00:00.000,1.37828,1.3787,1.37769,1.37779,6575
28.08.2025 03:00:00.000,1.37779,1.37849,1.37742,1.37758,6642
28.08.2025 04:00:00.000,1.37756,1.3776,1.37673,1.37709,6701
28.08.2025 05:00:00.000,1.37709,1.37734,1.37609,1.37618,5682
28.08.2025 06:00:00.000,1.37616,1.37669,1.376,1.3764,4775
28.08.2025 07:00:00.000,1.3764,1.37675,1.37522,1.37602,9438
28.08.2025 08:00:00.000,1.37601,1.37848,1.37592,1.37644,10691
28.08.2025 09:00:00.000,1.37642,1.37726,1.37549,1.37656,9857
28.08.2025 10:00:00.000,1.37655,1.37679,1.37504,1.37514,7687
28.08.2025 11:00:00.000,1.37512,1.37528,1.37456,1.37474,4222
28.08.2025 12:00:00.000,1.37472,1.375,1.37425,1.3746,2955
28.08.2025 13:00:00.000,1.37461,1.37478,1.37408,1.37462,2187
28.08.2025 14:00:00.000,1.37463,1.37542,1.37454,1.37537,2675
28.08.2025 15:00:00.000,1.37536,1.3756,1.37457,1.37481,2015
28.08.2025 16:00:00.000,1.37477,1.37515,1.37429,1.37508,970
28.08.2025 17:00:00.000,1.37513,1.37537,1.37493,1.37507,2024
28.08.2025 18:00:00.000,1.37507,1.37524,1.37489,1.37516,1872
28.08.2025 19:00:00.000,1.37514,1.37517,1.37457,1.37457,4970
28.08.2025 20:00:00.000,1.37455,1.37547,1.37443,1.37498,6997
28.08.2025 21:00:00.000,1.37498,1.37542,1.37475,1.37539,4450
28.08.2025 22:00:00.000,1.37538,1.37565,1.37522,1.37538,3088
28.08.2025 23:00:00.000,1.3754,1.37555,1.37509,1.37523,2550
29.08.2025 00:00:00.000,1.37522,1.37554,1.37512,1.37527,3169
29.08.2025 01:00:00.000,1.3753,1.37568,1.37493,1.37544,3808
29.08.2025 02:00:00.000,1.37545,1.37553,1.37395,1.37402,6795
29.08.2025 03:00:00.000,1.37403,1.37443,1.37366,1.37401,6070
29.08.2025 04:00:00.000,1.374,1.37559,1.37393,1.37554,3847
29.08.2025 05:00:00.000,1.37555,1.37566,1.37489,1.37496,5889
29.08.2025 06:00:00.000,1.37494,1.37531,1.37477,1.37511,3872
29.08.2025 07:00:00.000,1.37511,1.37787,1.37489,1.37699,11153
29.08.2025 08:00:00.000,1.37698,1.37787,1.3755,1.37618,11044
29.08.2025 09:00:00.000,1.37618,1.37618,1.37272,1.3729,15420
29.08.2025 10:00:00.000,1.37295,1.37399,1.37268,1.37281,8003
29.08.2025 11:00:00.000,1.37279,1.37352,1.37262,1.37311,3380
29.08.2025 12:00:00.000,1.37312,1.37366,1.37312,1.37329,2405
29.08.2025 13:00:00.000,1.37328,1.37368,1.37271,1.37273,2342
29.08.2025 14:00:00.000,1.37274,1.37368,1.37272,1.37333,3203
29.08.2025 15:00:00.000,1.37331,1.37462,1.37309,1.37407,3276
01.09.2025 00:00:00.000,1.37377,1.37381,1.37336,1.37367,3512
01.09.2025 01:00:00.000,1.37369,1.37493,1.37367,1.37473,5135
01.09.2025 02:00:00.000,1.37474,1.37521,1.37464,1.37471,6846
01.09.2025 03:00:00.000,1.37472,1.37503,1.37378,1.37391,4709
01.09.2025 04:00:00.000,1.37391,1.37405,1.37365,1.37386,5357
01.09.2025 05:00:00.000,1.37386,1.37397,1.37332,1.37389,2721
01.09.2025 06:00:00.000,1.3739,1.37418,1.37358,1.37414,2861
01.09.2025 07:00:00.000,1.37412,1.37518,1.37405,1.37517,7972
01.09.2025 08:00:00.000,1.37518,1.37521,1.37438,1.3748,9525
01.09.2025 09:00:00.000,1.37483,1.37503,1.3743,1.37479,7471
01.09.2025 10:00:00.000,1.37478,1.37617,1.37477,1.37564,4765
01.09.2025 11:00:00.000,1.37563,1.37596,1.37527,1.37541,3448
01.09.2025 12:00:00.000,1.37543,1.37563,1.3754,1.37545,654
01.09.2025 13:00:00.000,1.37546,1.37552,1.37516,1.37518,1040
01.09.2025 14:00:00.000,1.37517,1.37523,1.37494,1.37497,960
01.09.2025 15:00:00.000,1.37498,1.37508,1.37486,1.37492,760
01.09.2025 16:00:00.000,1.37492,1.37502,1.3743,1.37461,973
01.09.2025 17:00:00.000,1.37465,1.37525,1.37465,1.37508,792
01.09.2025 18:00:00.000,1.37507,1.37519,1.37463,1.37479,1357
01.09.2025 19:00:00.000,1.37478,1.37519,1.37453,1.37473,5363
01.09.2025 20:00:00.000,1.37472,1.37511,1.37452,1.37494,6462
01.09.2025 21:00:00.000,1.37494,1.37562,1.3749,1.37534,5211
01.09.2025 22:00:00.000,1.37533,1.37559,1.37515,1.3754,4013
01.09.2025 23:00:00.000,1.37539,1.37587,1.37531,1.37571,1862
02.09.2025 00:00:00.000,1.3757,1.37586,1.37546,1.3755,4061
02.09.2025 01:00:00.000,1.37551,1.37553,1.37459,1.37461,4722
02.09.2025 02:00:00.000,1.3746,1.37792,1.3745,1.37764,12463
02.09.2025 03:00:00.000,1.37765,1.37833,1.37668,1.37692,11599
02.09.2025 04:00:00.000,1.37691,1.37785,1.37664,1.37745,8550
02.09.2025 05:00:00.000,1.37746,1.37785,1.37726,1.37734,8182
02.09.2025 06:00:00.000,1.37735,1.37953,1.377,1.37876,7647
02.09.2025 07:00:00.000,1.37876,1.38143,1.37834,1.38081,12802
02.09.2025 08:00:00.000,1.38082,1.38094,1.37874,1.37881,14491
02.09.2025 09:00:00.000,1.37879,1.37949,1.37773,1.37939,16520
02.09.2025 10:00:00.000,1.37939,1.37999,1.37834,1.37848,9809
02.09.2025 11:00:00.000,1.37848,1.37895,1.37726,1.3773,5237
02.09.2025 12:00:00.000,1.37729,1.378,1.37716,1.37786,4118
02.09.2025 13:00:00.000,1.37787,1.37921,1.3778,1.37856,4499
02.09.2025 14:00:00.000,1.37858,1.37876,1.37779,1.37847,3863
02.09.2025 15:00:00.000,1.37847,1.37853,1.37757,1.37801,2332
02.09.2025 16:00:00.000,1.37801,1.37825,1.37719,1.37796,1096
02.09.2025 17:00:00.000,1.37797,1.3784,1.37785,1.37838,773
02.09.2025 18:00:00.000,1.37837,1.37849,1.37827,1.37842,934
02.09.2025 19:00:00.000,1.37843,1.37919,1.37837,1.37898,4402
02.09.2025 20:00:00.000,1.37897,1.37909,1.37841,1.37867,6111
02.09.2025 21:00:00.000,1.37866,1.37917,1.37833,1.37906,5303
02.09.2025 22:00:00.000,1.37907,1.37956,1.37888,1.37952,4800
02.09.2025 23:00:00.000,1.37953,1.37964,1.37914,1.37916,3438
03.09.2025 00:00:00.000,1.37915,1.37999,1.37913,1.37974,4145
03.09.2025 01:00:00.000,1.37971,1.37993,1.37909,1.3796,6861
03.09.2025 02:00:00.000,1.37962,1.38073,1.37925,1.3797,7813
03.09.2025 03:00:00.000,1.3797,1.38052,1.37876,1.38006,7611
03.09.2025 04:00:00.000,1.38004,1.38007,1.37931,1.37971,7965
03.09.2025 05:00:00.000,1.37972,1.38053,1.37937,1.37988,5295
03.09.2025 06:00:00.000,1.37989,1.38011,1.37957,1.37977,5632
03.09.2025 07:00:00.000,1.37978,1.38057,1.37954,1.37986,6682
03.09.2025 08:00:00.000,1.37988,1.38045,1.37926,1.38027,10334
03.09.2025 09:00:00.000,1.38029,1.38029,1.37824,1.37898,10851
03.09.2025 10:00:00.000,1.37898,1.37931,1.37838,1.37879,7221
03.09.2025 11:00:00.000,1.37877,1.37904,1.37852,1.37864,3088
03.09.2025 12:00:00.000,1.37864,1.37988,1.37852,1.37966,3940
03.09.2025 13:00:00.000,1.37966,1.37981,1.37863,1.3797,4050
03.09.2025 14:00:00.000,1.37969,1.38014,1.37957,1.37983,4019
03.09.2025 15:00:00.000,1.37983,1.37991,1.37874,1.37926,2475
03.09.2025 16:00:00.000,1.3792,1.37933,1.37897,1.37902,548
03.09.2025 17:00:00.000,1.37908,1.37957,1.37907,1.37942,724
03.09.2025 18:00:00.000,1.37943,1.37943,1.37911,1.37927,996
03.09.2025 19:00:00.000,1.37926,1.37981,1.37918,1.37975,4250
03.09.2025 20:00:00.000,1.37976,1.38014,1.3794,1.37994,5427
03.09.2025 21:00:00.000,1.37996,1.38065,1.37989,1.38055,3868
03.09.2025 22:00:00.000,1.38054,1.38064,1.38039,1.38056,2840
03.09.2025 23:00:00.000,1.38056,1.38079,1.38044,1.38071,1602
04.09.2025 00:00:00.000,1.38072,1.38099,1.38071,1.38082,3513
04.09.2025 01:00:00.000,1.38082,1.38141,1.38067,1.38133,3841
04.09.2025 02:00:00.000,1.38134,1.38148,1.38083,1.38117,4353
04.09.2025 03:00:00.000,1.38118,1.38131,1.38083,1.38096,3761
04.09.2025 04:00:00.000,1.38095,1.38223,1.3808,1.38196,3197
04.09.2025 05:00:00.000,1.38196,1.38203,1.38154,1.38198,4172
04.09.2025 06:00:00.000,1.38201,1.38257,1.38195,1.38206,4486
04.09.2025 07:00:00.000,1.38205,1.38268,1.38039,1.38155,8109
04.09.2025 08:00:00.000,1.38154,1.38204,1.38061,1.38125,8420
04.09.2025 09:00:00.000,1.38125,1.38423,1.38117,1.38409,12430
04.09.2025 10:00:00.000,1.38408,1.3845,1.38283,1.38286,7024
04.09.2025 11:00:00.000,1.38286,1.38402,1.38274,1.38318,4174
04.09.2025 12:00:00.000,1.38317,1.38363,1.38292,1.38313,2881
04.09.2025 13:00:00.000,1.38316,1.38319,1.38259,1.38285,3143
04.09.2025 14:00:00.000,1.38285,1.38286,1.38205,1.38253,3275
04.09.2025 15:00:00.000,1.38252,1.38284,1.38154,1.38179,2048
04.09.2025 16:00:00.000,1.38177,1.3818,1.38108,1.3817,1531
04.09.2025 17:00:00.000,1.38175,1.38199,1.38142,1.38196,1959
04.09.2025 18:00:00.000,1.38197,1.382,1.38146,1.38149,1193
04.09.2025 19:00:00.000,1.38149,1.38161,1.38093,1.38095,4013
04.09.2025 20:00:00.000,1.38094,1.38109,1.38062,1.38069,3234
04.09.2025 21:00:00.000,1.38069,1.38075,1.38037,1.38073,2145
04.09.2025 22:00:00.000,1.38073,1.3808,1.38043,1.38068,2524
04.09.2025 23:00:00.000,1.38067,1.38108,1.38057,1.38097,2146
05.09.2025 00:00:00.000,1.38096,1.38104,1.38006,1.38014,2249
05.09.2025 01:00:00.000,1.38015,1.38086,1.3801,1.38053,3397
05.09.2025 02:00:00.000,1.38052,1.38057,1.37933,1.37937,4770
05.09.2025 03:00:00.000,1.3794,1.37944,1.37893,1.37916,5682
05.09.2025 04:00:00.000,1.37916,1.37973,1.37895,1.37947,4274
05.09.2025 05:00:00.000,1.37949,1.37962,1.37886,1.37934,3469
05.09.2025 06:00:00.000,1.37934,1.38052,1.37913,1.3802,3027
05.09.2025 07:00:00.000,1.38021,1.38169,1.37575,1.3804,14928
05.09.2025 08:00:00.000,1.38039,1.38143,1.37952,1.3799,15753
05.09.2025 09:00:00.000,1.37988,1.38371,1.37985,1.38301,13816
05.09.2025 10:00:00.000,1.38302,1.38386,1.38214,1.38244,7879
05.09.2025 11:00:00.000,1.38243,1.38397,1.38174,1.38336,5724
05.09.2025 12:00:00.000,1.38334,1.38474,1.38334,1.38446,4834
05.09.2025 13:00:00.000,1.38445,1.38495,1.38422,1.38474,2619
05.09.2025 14:00:00.000,1.38474,1.38537,1.38449,1.38506,3136
05.09.2025 15:00:00.000,1.38507,1.38507,1.38221,1.38257,3354
08.09.2025 00:00:00.000,1.38328,1.38334,1.38266,1.38286,3749
08.09.2025 01:00:00.000,1.38282,1.3832,1.38234,1.3826,6471
08.09.2025 02:00:00.000,1.3826,1.38269,1.38135,1.38151,9086
08.09.2025 03:00:00.000,1.38151,1.38205,1.38114,1.3816,5550
08.09.2025 04:00:00.000,1.38161,1.38243,1.38142,1.38174,5896
08.09.2025 05:00:00.000,1.38173,1.38174,1.38054,1.38057,6009
08.09.2025 06:00:00.000,1.38058,1.38062,1.37983,1.38009,4461
08.09.2025 07:00:00.000,1.3801,1.38106,1.37882,1.37929,6489
08.09.2025 08:00:00.000,1.37929,1.38184,1.37878,1.38135,9740
08.09.2025 09:00:00.000,1.38136,1.38263,1.38126,1.38222,9499
08.09.2025 10:00:00.000,1.38222,1.38261,1.38181,1.38207,5964
08.09.2025 11:00:00.000,1.38207,1.38334,1.38193,1.38254,4054
08.09.2025 12:00:00.000,1.38254,1.38314,1.38248,1.38284,4046
08.09.2025 13:00:00.000,1.38283,1.38286,1.38101,1.38131,4841
08.09.2025 14:00:00.000,1.3813,1.38142,1.38056,1.38058,3959
08.09.2025 15:00:00.000,1.38058,1.38074,1.38016,1.3802,2518
08.09.2025 16:00:00.000,1.38016,1.38032,1.37976,1.38002,1856
08.09.2025 17:00:00.000,1.3801,1.38014,1.37974,1.37997,1212
08.09.2025 18:00:00.000,1.37997,1.37998,1.37945,1.37952,1861
08.09.2025 19:00:00.000,1.37953,1.38046,1.37953,1.38039,3248
08.09.2025 20:00:00.000,1.38039,1.38108,1.38022,1.3803,4341
08.09.2025 21:00:00.000,1.38031,1.38043,1.37974,1.38035,3040
08.09.2025 22:00:00.000,1.38035,1.38097,1.3803,1.38094,2212
08.09.2025 23:00:00.000,1.38094,1.38097,1.38022,1.38039,2384
09.09.2025 00:00:00.000,1.38039,1.38046,1.37944,1.37954,3539
09.09.2025 01:00:00.000,1.37954,1.38034,1.3793,1.38015,5400
09.09.2025 02:00:00.000,1.38016,1.38126,1.37976,1.38078,5812
09.09.2025 03:00:00.000,1.38078,1.38115,1.37973,1.37973,6175
09.09.2025 04:00:00.000,1.37974,1.38036,1.37938,1.38018,4766
09.09.2025 05:00:00.000,1.38017,1.38109,1.3798,1.38098,4658
09.09.2025 06:00:00.000,1.38096,1.3815,1.38044,1.38145,3741
09.09.2025 07:00:00.000,1.38146,1.38269,1.38077,1.38223,6094
09.09.2025 08:00:00.000,1.38223,1.38268,1.38109,1.38155,8283
09.09.2025 09:00:00.000,1.38153,1.38314,1.38041,1.38202,15490
09.09.2025 10:00:00.000,1.38201,1.38372,1.38195,1.38347,7794
09.09.2025 11:00:00.000,1.38347,1.38424,1.38319,1.3832,4729
09.09.2025 12:00:00.000,1.38321,1.38441,1.38304,1.38435,4308
09.09.2025 13:00:00.000,1.38436,1.38477,1.38411,1.38464,3601
09.09.2025 14:00:00.000,1.38463,1.38579,1.38457,1.38579,3617
09.09.2025 15:00:00.000,1.38579,1.38593,1.38398,1.38417,2824
09.09.2025 16:00:00.000,1.38397,1.38448,1.38356,1.38411,1099
09.09.2025 17:00:00.000,1.38412,1.38459,1.38399,1.38444,882
09.09.2025 18:00:00.000,1.38443,1.38492,1.38434,1.38459,1782
09.09.2025 19:00:00.000,1.38461,1.38571,1.38461,1.38555,5410
09.09.2025 20:00:00.000,1.38554,1.38628,1.38499,1.38552,6645
09.09.2025 21:00:00.000,1.38551,1.38589,1.38516,1.3855,3660
09.09.2025 22:00:00.000,1.3855,1.38553,1.38499,1.38527,2909
09.09.2025 23:00:00.000,1.38525,1.38528,1.38406,1.38407,3252
10.09.2025 00:00:00.000,1.38411,1.38457,1.38411,1.38421,3795
10.09.2025 01:00:00.000,1.38417,1.38548,1.38385,1.38525,5011
10.09.2025 02:00:00.000,1.38524,1.38599,1.38505,1.3854,6346
10.09.2025 03:00:00.000,1.38542,1.38598,1.38517,1.38518,6424
10.09.2025 04:00:00.000,1.38519,1.38524,1.38464,1.3848,4919
10.09.2025 05:00:00.000,1.3848,1.38584,1.38478,1.38576,3787
10.09.2025 06:00:00.000,1.38575,1.38599,1.38545,1.38577,5376
10.09.2025 07:00:00.000,1.38579,1.38617,1.3839,1.38529,13339
10.09.2025 08:00:00.000,1.38529,1.38592,1.38331,1.38379,13783
10.09.2025 09:00:00.000,1.38379,1.38486,1.38301,1.38414,12420
10.09.2025 10:00:00.000,1.38415,1.38535,1.38406,1.38443,8503
10.09.2025 11:00:00.000,1.38446,1.38598,1.38429,1.38566,3766
10.09.2025 12:00:00.000,1.38566,1.38667,1.38517,1.38637,5365
10.09.2025 13:00:00.000,1.38638,1.38658,1.38548,1.38606,6372
10.09.2025 14:00:00.000,1.38607,1.38696,1.38603,1.38638,5173
10.09.2025 15:00:00.000,1.38638,1.3867,1.38585,1.38616,2565
10.09.2025 16:00:00.000,1.38606,1.38633,1.38563,1.38604,1936
10.09.2025 17:00:00.000,1.38612,1.3862,1.38582,1.38584,843
10.09.2025 18:00:00.000,1.38582,1.38621,1.38577,1.38603,1332
10.09.2025 19:00:00.000,1.38603,1.38694,1.38602,1.38693,3611
10.09.2025 20:00:00.000,1.38695,1.38697,1.38639,1.38663,4850
10.09.2025 21:00:00.000,1.38664,1.38731,1.38657,1.38711,2885
10.09.2025 22:00:00.000,1.38713,1.38713,1.38675,1.38698,3818
10.09.2025 23:00:00.000,1.38699,1.38724,1.38697,1.38711,2836
11.09.2025 00:00:00.000,1.3871,1.38774,1.3871,1.38768,3196
11.09.2025 01:00:00.000,1.3877,1.38795,1.38712,1.38731,5543
11.09.2025 02:00:00.000,1.3873,1.38813,1.38717,1.38792,4897
11.09.2025 03:00:00.000,1.3879,1.38814,1.38776,1.38806,4660
11.09.2025 04:00:00.000,1.38807,1.38889,1.38801,1.38824,4799
11.09.2025 05:00:00.000,1.38826,1.38875,1.38799,1.38831,5522
11.09.2025 06:00:00.000,1.38832,1.38886,1.38732,1.38879,5855
11.09.2025 07:00:00.000,1.38882,1.38911,1.38552,1.38571,12645
11.09.2025 08:00:00.000,1.38573,1.38676,1.38471,1.38487,12417
11.09.2025 09:00:00.000,1.38487,1.38508,1.38355,1.38406,11395
11.09.2025 10:00:00.000,1.38408,1.3845,1.38288,1.38308,6638
11.09.2025 11:00:00.000,1.38308,1.38339,1.38256,1.38328,4363
11.09.2025 12:00:00.000,1.38327,1.38391,1.38301,1.3839,3903
11.09.2025 13:00:00.000,1.38391,1.38394,1.3832,1.38368,4034
11.09.2025 14:00:00.000,1.38367,1.38426,1.38292,1.38316,4137
11.09.2025 15:00:00.000,1.38316,1.38378,1.38298,1.38308,3725
11.09.2025 16:00:00.000,1.38307,1.3835,1.38273,1.38332,1505
11.09.2025 17:00:00.000,1.38347,1.38364,1.38299,1.38319,1165
11.09.2025 18:00:00.000,1.38321,1.38348,1.38311,1.38343,1864
11.09.2025 19:00:00.000,1.38343,1.38409,1.38341,1.3838,4772
11.09.2025 20:00:00.000,1.3838,1.38483,1.38359,1.38464,4914
11.09.2025 21:00:00.000,1.38464,1.3847,1.38408,1.38418,3037
11.09.2025 22:00:00.000,1.3842,1.38454,1.38401,1.38425,2648
11.09.2025 23:00:00.000,1.38426,1.38438,1.38403,1.38419,3001
12.09.2025 00:00:00.000,1.38418,1.3842,1.38374,1.38381,3363
12.09.2025 01:00:00.000,1.38381,1.38412,1.38351,1.38359,5315
12.09.2025 02:00:00.000,1.38358,1.38406,1.3832,1.38343,5722
12.09.2025 03:00:00.000,1.38345,1.38488,1.38332,1.38473,7838
12.09.2025 04:00:00.000,1.38474,1.38486,1.38377,1.38395,5566
12.09.2025 05:00:00.000,1.38395,1.38414,1.3835,1.38354,3548
12.09.2025 06:00:00.000,1.38355,1.38446,1.38342,1.38427,4159
12.09.2025 07:00:00.000,1.38425,1.38605,1.38403,1.38427,6453
12.09.2025 08:00:00.000,1.38428,1.38539,1.38414,1.38436,8078
12.09.2025 09:00:00.000,1.38435,1.3852,1.38341,1.38491,8122
12.09.2025 10:00:00.000,1.3849,1.38603,1.38478,1.38583,5851
12.09.2025 11:00:00.000,1.38581,1.38633,1.38474,1.38493,3365
12.09.2025 12:00:00.000,1.38494,1.38517,1.38425,1.38472,3896
12.09.2025 13:00:00.000,1.38472,1.38482,1.38379,1.38382,2708
12.09.2025 14:00:00.000,1.38382,1.38456,1.38382,1.3845,3018
12.09.2025 15:00:00.000,1.38451,1.38532,1.38427,1.3843,3220
15.09.2025 00:00:00.000,1.38345,1.38377,1.38341,1.38366,2185
15.09.2025 01:00:00.000,1.38366,1.3841,1.3834,1.38361,3870
15.09.2025 02:00:00.000,1.38361,1.38392,1.38303,1.38364,5465
15.09.2025 03:00:00.000,1.38367,1.38383,1.3832,1.38342,4495
15.09.2025 04:00:00.000,1.3834,1.38343,1.38297,1.38321,3579
15.09.2025 05:00:00.000,1.38321,1.38322,1.38211,1.38242,2960
15.09.2025 06:00:00.000,1.38241,1.38259,1.38185,1.38241,3262
15.09.2025 07:00:00.000,1.3824,1.3828,1.38146,1.38249,5757
15.09.2025 08:00:00.000,1.38248,1.38361,1.38201,1.38346,5730
15.09.2025 09:00:00.000,1.38346,1.38421,1.38061,1.38079,6987
15.09.2025 10:00:00.000,1.38078,1.38124,1.3793,1.37987,6933
15.09.2025 11:00:00.000,1.37986,1.38042,1.3794,1.37997,4778
15.09.2025 12:00:00.000,1.37997,1.38012,1.37769,1.37811,4139
15.09.2025 13:00:00.000,1.37811,1.3783,1.37705,1.37768,5132
15.09.2025 14:00:00.000,1.37767,1.37769,1.37677,1.37696,4838
15.09.2025 15:00:00.000,1.37697,1.378,1.37664,1.37771,3148
15.09.2025 16:00:00.000,1.37761,1.37819,1.37704,1.37776,1482
15.09.2025 17:00:00.000,1.37772,1.37794,1.37757,1.37759,1068
15.09.2025 18:00:00.000,1.37758,1.37779,1.37732,1.37743,1708
15.09.2025 19:00:00.000,1.37743,1.37776,1.37708,1.37737,2593
15.09.2025 20:00:00.000,1.37737,1.37761,1.37711,1.37719,2934
15.09.2025 21:00:00.000,1.37721,1.37728,1.3769,1.37714,2013
15.09.2025 22:00:00.000,1.37713,1.37725,1.37631,1.37671,1690
15.09.2025 23:00:00.000,1.37671,1.37725,1.3767,1.37715,1885
16.09.2025 00:00:00.000,1.37714,1.3772,1.3767,1.37691,1374
16.09.2025 01:00:00.000,1.37691,1.37699,1.37632,1.3764,4443
16.09.2025 02:00:00.000,1.37639,1.37691,1.37617,1.37682,5237
16.09.2025 03:00:00.000,1.37682,1.37766,1.37663,1.3775,5442
16.09.2025 04:00:00.000,1.37749,1.3775,1.37635,1.3765,5151
16.09.2025 05:00:00.000,1.3765,1.37668,1.37617,1.37627,5435
16.09.2025 06:00:00.000,1.37625,1.37633,1.37474,1.3751,4678
16.09.2025 07:00:00.000,1.37509,1.37638,1.37458,1.37571,7459
16.09.2025 08:00:00.000,1.3757,1.37582,1.37365,1.37452,9721
16.09.2025 09:00:00.000,1.37452,1.37627,1.37389,1.37466,12022
16.09.2025 10:00:00.000,1.37467,1.3762,1.37438,1.37456,7323
16.09.2025 11:00:00.000,1.37455,1.3747,1.37365,1.37412,4700
16.09.2025 12:00:00.000,1.37412,1.37448,1.37367,1.37431,5017
16.09.2025 13:00:00.000,1.37432,1.37506,1.37363,1.37487,3709
16.09.2025 14:00:00.000,1.37489,1.37546,1.37455,1.37493,3148
16.09.2025 15:00:00.000,1.37495,1.37499,1.37338,1.37381,2129
16.09.2025 16:00:00.000,1.37375,1.37398,1.37361,1.37382,617
16.09.2025 17:00:00.000,1.37383,1.37431,1.37375,1.37395,1017
16.09.2025 18:00:00.000,1.37398,1.37412,1.37369,1.37388,1522
16.09.2025 19:00:00.000,1.37385,1.37441,1.37369,1.37426,4880
16.09.2025 20:00:00.000,1.37423,1.37495,1.37418,1.3747,3980
16.09.2025 21:00:00.000,1.37468,1.37502,1.37449,1.37496,3428
16.09.2025 22:00:00.000,1.37497,1.3754,1.37489,1.37533,2274
16.09.2025 23:00:00.000,1.37533,1.37539,1.37496,1.37504,1977
17.09.2025 00:00:00.000,1.37505,1.37515,1.37476,1.375,2968
17.09.2025 01:00:00.000,1.375,1.37551,1.37491,1.37498,5126
17.09.2025 02:00:00.000,1.37498,1.37616,1.37481,1.37599,5033
17.09.2025 03:00:00.000,1.37602,1.37615,1.37524,1.37557,4210
17.09.2025 04:00:00.000,1.37555,1.37565,1.375,1.3753,3956
17.09.2025 05:00:00.000,1.37528,1.37586,1.37514,1.37558,3208
17.09.2025 06:00:00.000,1.37558,1.37558,1.37483,1.37548,2011
17.09.2025 07:00:00.000,1.37546,1.3758,1.37488,1.37528,3969
17.09.2025 08:00:00.000,1.37529,1.37687,1.37479,1.37589,8235
17.09.2025 09:00:00.000,1.37588,1.37692,1.37529,1.37631,8103
17.09.2025 10:00:00.000,1.37629,1.37669,1.37529,1.37623,5720
17.09.2025 11:00:00.000,1.37624,1.37645,1.37556,1.37598,4253
17.09.2025 12:00:00.000,1.37599,1.37671,1.37583,1.37608,2579
17.09.2025 13:00:00.000,1.37603,1.37869,1.37261,1.37707,26038
17.09.2025 14:00:00.000,1.37707,1.3776,1.37562,1.3772,16993
17.09.2025 15:00:00.000,1.37718,1.37778,1.37606,1.37714,3636
17.09.2025 16:00:00.000,1.37689,1.37753,1.37689,1.3773,1106
17.09.2025 17:00:00.000,1.37732,1.37745,1.37668,1.37678,1748
17.09.2025 18:00:00.000,1.37682,1.37719,1.37679,1.37704,2469
17.09.2025 19:00:00.000,1.37704,1.37786,1.37662,1.37673,4837
17.09.2025 20:00:00.000,1.37672,1.37843,1.37652,1.37811,6990
17.09.2025 21:00:00.000,1.37811,1.37818,1.37725,1.37734,4341
17.09.2025 22:00:00.000,1.37736,1.37794,1.37719,1.37791,3931
17.09.2025 23:00:00.000,1.37792,1.37869,1.3778,1.37852,3657
18.09.2025 00:00:00.000,1.37852,1.37944,1.3784,1.37899,3899
18.09.2025 01:00:00.000,1.37899,1.37996,1.37887,1.37948,6007
18.09.2025 02:00:00.000,1.37949,1.37984,1.37738,1.37807,6766
18.09.2025 03:00:00.000,1.37808,1.37862,1.37765,1.37807,5297
18.09.2025 04:00:00.000,1.37806,1.37815,1.37693,1.37754,4521
18.09.2025 05:00:00.000,1.37753,1.37754,1.37667,1.37726,4264
18.09.2025 06:00:00.000,1.37728,1.37786,1.37696,1.37773,4362
18.09.2025 07:00:00.000,1.37771,1.37891,1.3776,1.37858,7581
18.09.2025 08:00:00.000,1.37861,1.38095,1.37859,1.37973,9821
18.09.2025 09:00:00.000,1.37974,1.38047,1.37914,1.38027,14417
18.09.2025 10:00:00.000,1.38027,1.38067,1.37955,1.37963,11321
18.09.2025 11:00:00.000,1.37963,1.38092,1.37947,1.38019,4524
18.09.2025 12:00:00.000,1.38021,1.38027,1.37917,1.37958,3057
18.09.2025 13:00:00.000,1.37959,1.38003,1.37926,1.37957,2723
18.09.2025 14:00:00.000,1.37958,1.37987,1.37866,1.37954,3716
18.09.2025 15:00:00.000,1.37953,1.38018,1.37905,1.37953,2285
18.09.2025 16:00:00.000,1.37945,1.37986,1.3793,1.3797,1863
18.09.2025 17:00:00.000,1.37981,1.3799,1.37932,1.37934,3340
18.09.2025 18:00:00.000,1.37935,1.37956,1.37913,1.37916,1680
18.09.2025 19:00:00.000,1.37915,1.37992,1.37895,1.37954,3651
18.09.2025 20:00:00.000,1.37954,1.38045,1.37943,1.38029,3718
18.09.2025 21:00:00.000,1.3803,1.38039,1.37977,1.38,2377
18.09.2025 22:00:00.000,1.38,1.38001,1.37914,1.37942,4228
18.09.2025 23:00:00.000,1.37942,1.38023,1.37879,1.37971,3208
19.09.2025 00:00:00.000,1.37972,1.38063,1.37941,1.3805,3034
19.09.2025 01:00:00.000,1.38051,1.38192,1.38049,1.38121,5807
19.09.2025 02:00:00.000,1.38121,1.38197,1.38021,1.38121,5610
19.09.2025 03:00:00.000,1.38122,1.38178,1.38074,1.38081,5696
19.09.2025 04:00:00.000,1.38081,1.38134,1.38058,1.38123,3953
19.09.2025 05:00:00.000,1.38122,1.38124,1.38049,1.38069,5101
19.09.2025 06:00:00.000,1.38067,1.38171,1.38048,1.38158,5051
19.09.2025 07:00:00.000,1.38157,1.3825,1.38111,1.38183,6467
19.09.2025 08:00:00.000,1.38183,1.38195,1.38038,1.38068,9332
19.09.2025 09:00:00.000,1.38069,1.38086,1.37712,1.37738,11552
19.09.2025 10:00:00.000,1.37739,1.3785,1.37699,1.37725,6634
19.09.2025 11:00:00.000,1.37724,1.37804,1.37689,1.37766,3350
19.09.2025 12:00:00.000,1.37766,1.37798,1.37707,1.37728,2200
19.09.2025 13:00:00.000,1.37727,1.37767,1.37685,1.37758,2835
19.09.2025 14:00:00.000,1.37757,1.37875,1.37707,1.37872,3618
19.09.2025 15:00:00.000,1.37871,1.37912,1.37733,1.3778,3747
22.09.2025 00:00:00.000,1.37981,1.37991,1.37912,1.37969,2607
22.09.2025 01:00:00.000,1.37969,1.37992,1.37933,1.37979,4272
22.09.2025 02:00:00.000,1.37979,1.38096,1.37978,1.38079,6925
22.09.2025 03:00:00.000,1.38078,1.38081,1.38006,1.38052,5238
22.09.2025 04:00:00.000,1.38052,1.38117,1.38023,1.38087,4894
22.09.2025 05:00:00.000,1.38088,1.38099,1.38021,1.38057,4427
22.09.2025 06:00:00.000,1.38057,1.381,1.38036,1.38064,5042
22.09.2025 07:00:00.000,1.38064,1.38136,1.37968,1.37974,7229
22.09.2025 08:00:00.000,1.37973,1.38149,1.37925,1.38072,8764
22.09.2025 09:00:00.000,1.38072,1.38163,1.38067,1.38092,7133
22.09.2025 10:00:00.000,1.38093,1.38181,1.38081,1.38147,6799
22.09.2025 11:00:00.000,1.38144,1.38284,1.38131,1.38272,4539
22.09.2025 12:00:00.000,1.38273,1.38277,1.38204,1.38216,3452
22.09.2025 13:00:00.000,1.38217,1.38224,1.38161,1.38204,2708
22.09.2025 14:00:00.000,1.38205,1.38238,1.38196,1.38219,3153
22.09.2025 15:00:00.000,1.38218,1.38312,1.38165,1.38173,2796
22.09.2025 16:00:00.000,1.38169,1.38212,1.38142,1.38202,785
22.09.2025 17:00:00.000,1.38211,1.38238,1.38194,1.38229,849
22.09.2025 18:00:00.000,1.38228,1.38256,1.38222,1.38249,1451
22.09.2025 19:00:00.000,1.38249,1.38314,1.38229,1.38271,5129
22.09.2025 20:00:00.000,1.38272,1.38312,1.38231,1.38242,3144
22.09.2025 21:00:00.000,1.38242,1.38312,1.38231,1.38279,2482
22.09.2025 22:00:00.000,1.38279,1.38312,1.38246,1.38262,2775
22.09.2025 23:00:00.000,1.38263,1.38297,1.38242,1.38295,3970
23.09.2025 00:00:00.000,1.38296,1.38307,1.38221,1.38256,5488
23.09.2025 01:00:00.000,1.38256,1.38314,1.3823,1.38307,4594
23.09.2025 02:00:00.000,1.38308,1.38426,1.38303,1.38424,6742
23.09.2025 03:00:00.000,1.38424,1.38439,1.38312,1.38314,7102
23.09.2025 04:00:00.000,1.38313,1.38326,1.38244,1.38292,4790
23.09.2025 05:00:00.000,1.38293,1.38317,1.38241,1.38251,4250
23.09.2025 06:00:00.000,1.38249,1.38306,1.38225,1.38264,4112
23.09.2025 07:00:00.000,1.38264,1.38309,1.38169,1.38172,6028
23.09.2025 08:00:00.000,1.38171,1.38295,1.3811,1.38231,7963
23.09.2025 09:00:00.000,1.38231,1.38364,1.38205,1.38268,9072
23.09.2025 10:00:00.000,1.38269,1.38364,1.38243,1.38351,6020
23.09.2025 11:00:00.000,1.38349,1.38394,1.38237,1.38288,4318
23.09.2025 12:00:00.000,1.38287,1.38416,1.38258,1.38401,5565
23.09.2025 13:00:00.000,1.38401,1.38495,1.38389,1.38491,4305
23.09.2025 14:00:00.000,1.38491,1.38491,1.3838,1.38394,3574
23.09.2025 15:00:00.000,1.38395,1.38415,1.38333,1.38337,1585
23.09.2025 16:00:00.000,1.38319,1.38358,1.38303,1.38345,1766
23.09.2025 17:00:00.000,1.38339,1.38379,1.38327,1.38377,1596
23.09.2025 18:00:00.000,1.38377,1.38391,1.38354,1.38384,1244
23.09.2025 19:00:00.000,1.38383,1.38462,1.38371,1.38426,4059
23.09.2025 20:00:00.000,1.38425,1.38489,1.38382,1.38428,7612
23.09.2025 21:00:00.000,1.38428,1.38436,1.38394,1.38427,4976
23.09.2025 22:00:00.000,1.38426,1.38452,1.38412,1.38451,3640
23.09.2025 23:00:00.000,1.38451,1.38462,1.38433,1.38441,3639
24.09.2025 00:00:00.000,1.38442,1.38476,1.38435,1.38457,3699
24.09.2025 01:00:00.000,1.38455,1.38538,1.38424,1.38535,4733
24.09.2025 02:00:00.000,1.38534,1.38598,1.38498,1.3853,5092
24.09.2025 03:00:00.000,1.3853,1.38639,1.38529,1.386,5399
24.09.2025 04:00:00.000,1.38601,1.38747,1.38584,1.38707,4647
24.09.2025 05:00:00.000,1.3871,1.38753,1.38682,1.38725,3695
24.09.2025 06:00:00.000,1.38724,1.38785,1.38691,1.3871,4986
24.09.2025 07:00:00.000,1.38711,1.38788,1.38655,1.38759,6617
24.09.2025 08:00:00.000,1.3876,1.38852,1.3872,1.38764,10587
24.09.2025 09:00:00.000,1.38766,1.38961,1.38759,1.38885,12428
24.09.2025 10:00:00.000,1.38886,1.38972,1.38847,1.38946,7834
24.09.2025 11:00:00.000,1.38947,1.39062,1.38944,1.39059,4769
24.09.2025 12:00:00.000,1.39058,1.39064,1.38952,1.39003,4280
24.09.2025 13:00:00.000,1.39003,1.3905,1.38979,1.39037,3958
24.09.2025 14:00:00.000,1.39036,1.39064,1.38966,1.39023,4703
24.09.2025 15:00:00.000,1.39021,1.39022,1.38941,1.38944,2663
24.09.2025 16:00:00.000,1.38927,1.38986,1.38905,1.38974,994
24.09.2025 17:00:00.000,1.38981,1.38981,1.38942,1.38954,1728
24.09.2025 18:00:00.000,1.38953,1.38985,1.38949,1.3896,1209
24.09.2025 19:00:00.000,1.38957,1.38966,1.38914,1.38918,5257
24.09.2025 20:00:00.000,1.38917,1.38952,1.38906,1.38911,4772
24.09.2025 21:00:00.000,1.38909,1.38909,1.38864,1.38875,3260
24.09.2025 22:00:00.000,1.38875,1.38884,1.38845,1.38854,2731
24.09.2025 23:00:00.000,1.38854,1.38888,1.38847,1.38865,2209
25.09.2025 00:00:00.000,1.38865,1.38956,1.3886,1.38945,3488
25.09.2025 01:00:00.000,1.38946,1.38988,1.38911,1.38973,4831
25.09.2025 02:00:00.000,1.38973,1.39017,1.38934,1.38993,6431
25.09.2025 03:00:00.000,1.38994,1.39018,1.3892,1.38929,6279
25.09.2025 04:00:00.000,1.38928,1.38962,1.38907,1.38926,4624
25.09.2025 05:00:00.000,1.38926,1.38954,1.38895,1.38946,5645
25.09.2025 06:00:00.000,1.38946,1.38993,1.38908,1.38936,6961
25.09.2025 07:00:00.000,1.38938,1.39126,1.38913,1.39059,9986
25.09.2025 08:00:00.000,1.39059,1.39241,1.39038,1.39172,11253
25.09.2025 09:00:00.000,1.39171,1.39234,1.39117,1.39217,10240
25.09.2025 10:00:00.000,1.39218,1.39297,1.39216,1.39241,7782
25.09.2025 11:00:00.000,1.39243,1.39367,1.39232,1.39349,5433
25.09.2025 12:00:00.000,1.39352,1.39432,1.39349,1.3941,5440
25.09.2025 13:00:00.000,1.3941,1.39491,1.39382,1.39422,4959
25.09.2025 14:00:00.000,1.39422,1.39465,1.39386,1.39421,3478
25.09.2025 15:00:00.000,1.39422,1.39447,1.39362,1.39389,2983
25.09.2025 16:00:00.000,1.39369,1.39377,1.39069,1.39357,1476
25.09.2025 17:00:00.000,1.39359,1.39408,1.39355,1.39402,1245
25.09.2025 18:00:00.000,1.39404,1.39446,1.3939,1.39409,2257
25.09.2025 19:00:00.000,1.39412,1.3945,1.39372,1.39383,5305
25.09.2025 20:00:00.000,1.39383,1.39442,1.39361,1.39429,4685
25.09.2025 21:00:00.000,1.39429,1.39431,1.39359,1.39384,2967
25.09.2025 22:00:00.000,1.39385,1.39396,1.39359,1.39361,2644
25.09.2025 23:00:00.000,1.39361,1.39382,1.39337,1.39348,2998
26.09.2025 00:00:00.000,1.39347,1.39403,1.39345,1.394,3058
26.09.2025 01:00:00.000,1.39402,1.39471,1.39385,1.3942,6203
26.09.2025 02:00:00.000,1.3942,1.39478,1.39389,1.39451,5537
26.09.2025 03:00:00.000,1.39451,1.39473,1.39392,1.39466,4334
26.09.2025 04:00:00.000,1.39466,1.39511,1.39422,1.395,3961
26.09.2025 05:00:00.000,1.395,1.39581,1.39499,1.39569,3586
26.09.2025 06:00:00.000,1.39569,1.39572,1.39451,1.39488,5012
26.09.2025 07:00:00.000,1.39488,1.39502,1.39336,1.39353,8815
26.09.2025 08:00:00.000,1.39352,1.39425,1.39313,1.39398,12214
26.09.2025 09:00:00.000,1.39398,1.39463,1.39323,1.3942,10917
26.09.2025 10:00:00.000,1.39419,1.39518,1.39397,1.39461,9226
26.09.2025 11:00:00.000,1.39461,1.39502,1.39359,1.39363,5297
26.09.2025 12:00:00.000,1.39362,1.394,1.39339,1.39366,4205
26.09.2025 13:00:00.000,1.39367,1.39406,1.39341,1.39364,5389
26.09.2025 14:00:00.000,1.39365,1.39423,1.39348,1.39348,4120
26.09.2025 15:00:00.000,1.39354,1.39445,1.39338,1.39386,3771
29.09.2025 00:00:00.000,1.39211,1.39217,1.39177,1.39208,2797
29.09.2025 01:00:00.000,1.39209,1.39282,1.39209,1.39256,3924
29.09.2025 02:00:00.000,1.39258,1.39291,1.39149,1.39179,3804
29.09.2025 03:00:00.000,1.39179,1.39231,1.3915,1.39167,3560
29.09.2025 04:00:00.000,1.39166,1.39214,1.39153,1.39211,4218
29.09.2025 05:00:00.000,1.39211,1.39259,1.39161,1.39252,4267
29.09.2025 06:00:00.000,1.39252,1.39341,1.39244,1.39286,4389
29.09.2025 07:00:00.000,1.39285,1.39391,1.39263,1.3928,8261
29.09.2025 08:00:00.000,1.39281,1.3937,1.39248,1.39316,9554
29.09.2025 09:00:00.000,1.39317,1.39392,1.39198,1.39232,9970
29.09.2025 10:00:00.000,1.39231,1.39233,1.39028,1.39048,8321
29.09.2025 11:00:00.000,1.39048,1.39155,1.39048,1.39125,4420
29.09.2025 12:00:00.000,1.39125,1.39182,1.39087,1.39161,4190
29.09.2025 13:00:00.000,1.39161,1.3917,1.39106,1.39136,2890
29.09.2025 14:00:00.000,1.39135,1.39224,1.39126,1.39202,2627
29.09.2025 15:00:00.000,1.39201,1.39219,1.3912,1.3912,2464
29.09.2025 16:00:00.000,1.39107,1.39175,1.38991,1.39172,754
29.09.2025 17:00:00.000,1.39173,1.39183,1.39121,1.39131,1413
29.09.2025 18:00:00.000,1.39132,1.39174,1.39121,1.39173,1686
29.09.2025 19:00:00.000,1.39172,1.39237,1.39154,1.39207,4385
29.09.2025 20:00:00.000,1.39207,1.39215,1.39143,1.39203,5761
29.09.2025 21:00:00.000,1.39202,1.39215,1.39123,1.39123,3459
29.09.2025 22:00:00.000,1.39122,1.39165,1.3912,1.39147,2539
29.09.2025 23:00:00.000,1.39148,1.39199,1.39122,1.39136,2843
30.09.2025 00:00:00.000,1.39136,1.39175,1.39125,1.39172,3524
30.09.2025 01:00:00.000,1.39173,1.39196,1.39066,1.39115,4622
30.09.2025 02:00:00.000,1.39117,1.39238,1.39087,1.39147,7178
30.09.2025 03:00:00.000,1.39147,1.39153,1.39058,1.39102,7709
30.09.2025 04:00:00.000,1.39101,1.39156,1.39076,1.39148,5507
30.09.2025 05:00:00.000,1.39149,1.39203,1.39125,1.39196,3902
30.09.2025 06:00:00.000,1.39194,1.39247,1.39163,1.392,3978
30.09.2025 07:00:00.000,1.392,1.39227,1.39148,1.39186,5840
30.09.2025 08:00:00.000,1.39184,1.39289,1.39068,1.39134,7696
30.09.2025 09:00:00.000,1.39135,1.39151,1.38959,1.3914,11794
30.09.2025 10:00:00.000,1.39141,1.3934,1.39128,1.39288,9391
30.09.2025 11:00:00.000,1.39287,1.39356,1.39185,1.3921,5382
30.09.2025 12:00:00.000,1.39211,1.39243,1.39156,1.39176,4393
30.09.2025 13:00:00.000,1.39176,1.39225,1.39132,1.39171,3405
30.09.2025 14:00:00.000,1.39169,1.392,1.39141,1.3915,3513
30.09.2025 15:00:00.000,1.3915,1.39253,1.39137,1.39189,1858
30.09.2025 16:00:00.000,1.39165,1.39194,1.39107,1.39186,3874
30.09.2025 17:00:00.000,1.39187,1.39209,1.39149,1.39192,1322
30.09.2025 18:00:00.000,1.39192,1.39238,1.39176,1.39236,1645
30.09.2025 19:00:00.000,1.39237,1.39276,1.39226,1.39264,3382
30.09.2025 20:00:00.000,1.39265,1.39293,1.39219,1.3923,2839
30.09.2025 21:00:00.000,1.3923,1.39302,1.39229,1.39273,3030
30.09.2025 22:00:00.000,1.39272,1.39323,1.39269,1.39312,2393
30.09.2025 23:00:00.000,1.39308,1.39308,1.39137,1.39137,2552
01.10.2025 00:00:00.000,1.39137,1.39166,1.39105,1.39137,3774
01.10.2025 01:00:00.000,1.39138,1.39176,1.39065,1.39108,6710
01.10.2025 02:00:00.000,1.39108,1.39275,1.39063,1.39203,6949
01.10.2025 03:00:00.000,1.39201,1.39202,1.39123,1.39176,5394
01.10.2025 04:00:00.000,1.39177,1.39287,1.39163,1.39266,4406
01.10.2025 05:00:00.000,1.39266,1.39363,1.39258,1.39339,4870
01.10.2025 06:00:00.000,1.39338,1.39339,1.39247,1.39285,3313
01.10.2025 07:00:00.000,1.39286,1.39361,1.39143,1.39286,13029
01.10.2025 08:00:00.000,1.39287,1.39374,1.39224,1.39281,11577
01.10.2025 09:00:00.000,1.39275,1.39444,1.39247,1.3943,14943
01.10.2025 10:00:00.000,1.39431,1.39548,1.39396,1.3954,10259
01.10.2025 11:00:00.000,1.3954,1.39566,1.39467,1.39477,4204
01.10.2025 12:00:00.000,1.39476,1.3949,1.39424,1.39452,4017
01.10.2025 13:00:00.000,1.39453,1.39465,1.3934,1.39393,4158
01.10.2025 14:00:00.000,1.39393,1.39418,1.39385,1.39416,4053
01.10.2025 15:00:00.000,1.39414,1.39443,1.3934,1.3934,2565
01.10.2025 16:00:00.000,1.39337,1.39394,1.39309,1.39365,576
01.10.2025 17:00:00.000,1.39362,1.39371,1.3933,1.39355,1563
01.10.2025 18:00:00.000,1.39355,1.39408,1.39343,1.39402,1799
01.10.2025 19:00:00.000,1.39402,1.3947,1.39398,1.39435,3231
01.10.2025 20:00:00.000,1.39436,1.39468,1.39346,1.39357,2549
01.10.2025 21:00:00.000,1.39358,1.39382,1.39343,1.39373,1566
01.10.2025 22:00:00.000,1.39372,1.39428,1.39371,1.39412,1739
01.10.2025 23:00:00.000,1.39412,1.39461,1.39411,1.39447,1826
02.10.2025 00:00:00.000,1.39446,1.39481,1.39414,1.39422,3401
02.10.2025 01:00:00.000,1.39423,1.39423,1.39341,1.39361,4357
02.10.2025 02:00:00.000,1.39359,1.39385,1.3932,1.39381,5326
02.10.2025 03:00:00.000,1.39382,1.39388,1.39329,1.39364,5182
02.10.2025 04:00:00.000,1.39366,1.39391,1.39331,1.3936,3814
02.10.2025 05:00:00.000,1.39361,1.39401,1.3935,1.39355,3567
02.10.2025 06:00:00.000,1.39355,1.39455,1.39347,1.39444,4337
02.10.2025 07:00:00.000,1.39444,1.39524,1.394,1.39458,6383
02.10.2025 08:00:00.000,1.39459,1.39589,1.39397,1.39544,10064
02.10.2025 09:00:00.000,1.39547,1.39736,1.39546,1.39734,9779
02.10.2025 10:00:00.000,1.39734,1.39859,1.39712,1.39757,6528
02.10.2025 11:00:00.000,1.39759,1.39774,1.39662,1.39665,4128
02.10.2025 12:00:00.000,1.39665,1.39686,1.39616,1.39681,3297
02.10.2025 13:00:00.000,1.39683,1.39688,1.39614,1.39624,2677
02.10.2025 14:00:00.000,1.39623,1.39635,1.39594,1.39614,3489
02.10.2025 15:00:00.000,1.39612,1.3972,1.39604,1.3966,2106
02.10.2025 16:00:00.000,1.39658,1.39676,1.39633,1.3964,886
02.10.2025 17:00:00.000,1.39641,1.39661,1.39613,1.3962,1219
02.10.2025 18:00:00.000,1.3962,1.39642,1.396,1.39602,1829
02.10.2025 19:00:00.000,1.39603,1.39649,1.39601,1.39638,5026
02.10.2025 20:00:00.000,1.39639,1.3968,1.39604,1.39625,5112
02.10.2025 21:00:00.000,1.39625,1.39676,1.39624,1.39665,3510
02.10.2025 22:00:00.000,1.39668,1.39687,1.39647,1.39656,3629
02.10.2025 23:00:00.000,1.39656,1.39688,1.39642,1.39675,2428
03.10.2025 00:00:00.000,1.39675,1.39678,1.39644,1.39663,4363
03.10.2025 01:00:00.000,1.39662,1.39669,1.39585,1.39655,3246
03.10.2025 02:00:00.000,1.39654,1.39654,1.39573,1.39614,4362
03.10.2025 03:00:00.000,1.39615,1.3966,1.39578,1.39606,5567
03.10.2025 04:00:00.000,1.39607,1.39683,1.39604,1.39633,2871
03.10.2025 05:00:00.000,1.39633,1.39687,1.39628,1.39672,2535
03.10.2025 06:00:00.000,1.39673,1.39678,1.39621,1.39624,4250
03.10.2025 07:00:00.000,1.39625,1.39675,1.39502,1.39502,5440
03.10.2025 08:00:00.000,1.39501,1.39626,1.39491,1.39565,7504
03.10.2025 09:00:00.000,1.39564,1.39578,1.39478,1.39506,10514
03.10.2025 10:00:00.000,1.39506,1.39554,1.39453,1.39466,7060
03.10.2025 11:00:00.000,1.39466,1.39486,1.39392,1.39469,3670
03.10.2025 12:00:00.000,1.39471,1.39587,1.39461,1.39566,4434
03.10.2025 13:00:00.000,1.39566,1.39605,1.39507,1.39524,3751
03.10.2025 14:00:00.000,1.39524,1.39565,1.39486,1.39521,3752
03.10.2025 15:00:00.000,1.39524,1.39604,1.39448,1.39448,4123
06.10.2025 00:00:00.000,1.39521,1.39558,1.39504,1.39528,1977
06.10.2025 01:00:00.000,1.39527,1.39552,1.39465,1.39468,5801
06.10.2025 02:00:00.000,1.3947,1.39534,1.39411,1.39524,9461
06.10.2025 03:00:00.000,1.39523,1.3958,1.39472,1.395,22396
06.10.2025 04:00:00.000,1.395,1.39584,1.39477,1.39547,25224
06.10.2025 05:00:00.000,1.39547,1.39616,1.39533,1.39554,21248
06.10.2025 06:00:00.000,1.39552,1.39636,1.3955,1.39613,13782
06.10.2025 07:00:00.000,1.39613,1.39639,1.39552,1.39614,17600
06.10.2025 08:00:00.000,1.39613,1.39672,1.39597,1.39632,8451
06.10.2025 09:00:00.000,1.3963,1.39646,1.39525,1.39531,8890
06.10.2025 10:00:00.000,1.3953,1.39546,1.39454,1.39459,6064
06.10.2025 11:00:00.000,1.3946,1.39532,1.39455,1.39487,2325
06.10.2025 12:00:00.000,1.3949,1.39538,1.39466,1.39516,2349
06.10.2025 13:00:00.000,1.39515,1.39534,1.39489,1.3951,2632
06.10.2025 14:00:00.000,1.39511,1.39514,1.39456,1.3949,3217
06.10.2025 15:00:00.000,1.3949,1.39521,1.39396,1.39413,2388
06.10.2025 16:00:00.000,1.39411,1.39422,1.39402,1.39404,499
06.10.2025 17:00:00.000,1.39405,1.39447,1.39403,1.39431,2844
06.10.2025 18:00:00.000,1.39432,1.39466,1.39422,1.39446,2166
06.10.2025 19:00:00.000,1.39445,1.39506,1.39435,1.39484,5453
06.10.2025 20:00:00.000,1.39484,1.39521,1.39474,1.39514,4511
06.10.2025 21:00:00.000,1.39515,1.39515,1.39462,1.39488,2370
06.10.2025 22:00:00.000,1.39489,1.39493,1.39459,1.39463,3605
06.10.2025 23:00:00.000,1.39463,1.39491,1.39436,1.39478,2557
07.10.2025 00:00:00.000,1.39478,1.39546,1.39467,1.3952,3308
07.10.2025 01:00:00.000,1.39521,1.39593,1.39521,1.39535,4445
07.10.2025 02:00:00.000,1.3954,1.39618,1.39534,1.39544,4828
07.10.2025 03:00:00.000,1.39545,1.39579,1.39503,1.3956,4343
07.10.2025 04:00:00.000,1.39559,1.39582,1.39537,1.39541,3160
07.10.2025 05:00:00.000,1.3954,1.39552,1.39472,1.39517,3116
07.10.2025 06:00:00.000,1.39517,1.39622,1.39508,1.3958,3514
07.10.2025 07:00:00.000,1.39581,1.39614,1.39526,1.39532,5691
07.10.2025 08:00:00.000,1.39535,1.39559,1.3944,1.39475,8064
07.10.2025 09:00:00.000,1.39477,1.39537,1.3944,1.39466,8159
07.10.2025 10:00:00.000,1.39466,1.39509,1.39383,1.39492,8405
07.10.2025 11:00:00.000,1.39491,1.39564,1.39426,1.39513,5433
07.10.2025 12:00:00.000,1.39517,1.39537,1.39452,1.39497,6026
07.10.2025 13:00:00.000,1.39498,1.39532,1.3945,1.39499,4966
07.10.2025 14:00:00.000,1.39498,1.39601,1.39486,1.39542,5009
07.10.2025 15:00:00.000,1.39542,1.39568,1.39481,1.39487,1884
07.10.2025 16:00:00.000,1.39485,1.39514,1.39463,1.39479,1329
07.10.2025 17:00:00.000,1.39479,1.39506,1.3947,1.39504,1075
07.10.2025 18:00:00.000,1.39504,1.39536,1.395,1.39526,2709
07.10.2025 19:00:00.000,1.39525,1.39586,1.39524,1.39557,4245
07.10.2025 20:00:00.000,1.39556,1.39645,1.39513,1.3964,7899
07.10.2025 21:00:00.000,1.3964,1.39678,1.39611,1.39639,5092
07.10.2025 22:00:00.000,1.3964,1.39642,1.39611,1.39617,3632
07.10.2025 23:00:00.000,1.39616,1.39654,1.39611,1.39637,3215
08.10.2025 00:00:00.000,1.39637,1.39697,1.39637,1.39679,3886
08.10.2025 01:00:00.000,1.39679,1.39706,1.39636,1.3964,5582
08.10.2025 02:00:00.000,1.39641,1.39651,1.39527,1.3955,6331
08.10.2025 03:00:00.000,1.39549,1.39552,1.39507,1.39536,4434
08.10.2025 04:00:00.000,1.39536,1.39587,1.39509,1.39558,4549
08.10.2025 05:00:00.000,1.39558,1.39571,1.39442,1.39459,4748
08.10.2025 06:00:00.000,1.39458,1.39493,1.39438,1.39441,16178
08.10.2025 07:00:00.000,1.39439,1.39446,1.39373,1.39379,17376
08.10.2025 08:00:00.000,1.39377,1.39495,1.39313,1.3947,25989
08.10.2025 09:00:00.000,1.39472,1.39515,1.39426,1.39499,22445
08.10.2025 10:00:00.000,1.39499,1.39585,1.39456,1.39542,13114
08.10.2025 11:00:00.000,1.39541,1.39604,1.39522,1.39583,5308
08.10.2025 12:00:00.000,1.39579,1.39601,1.39526,1.39572,2727
08.10.2025 13:00:00.000,1.39571,1.39623,1.39539,1.39561,7560
08.10.2025 14:00:00.000,1.3956,1.39571,1.39515,1.39565,10805
08.10.2025 15:00:00.000,1.39564,1.39578,1.39487,1.395,2908
08.10.2025 16:00:00.000,1.39501,1.39512,1.39477,1.395,475
08.10.2025 17:00:00.000,1.39504,1.3954,1.39482,1.39494,1536
08.10.2025 18:00:00.000,1.39493,1.39553,1.39493,1.39547,2793
08.10.2025 19:00:00.000,1.39546,1.39552,1.39474,1.39486,3299
08.10.2025 20:00:00.000,1.39485,1.39487,1.39408,1.39433,5136
08.10.2025 21:00:00.000,1.39433,1.39447,1.39378,1.39398,1844
08.10.2025 22:00:00.000,1.39398,1.39403,1.39374,1.3938,1766
08.10.2025 23:00:00.000,1.3938,1.39391,1.39343,1.3935,1828
09.10.2025 00:00:00.000,1.39352,1.39411,1.39328,1.39409,3462
09.10.2025 01:00:00.000,1.3941,1.39633,1.3941,1.39617,5228
09.10.2025 02:00:00.000,1.39616,1.39628,1.39536,1.3956,6502
09.10.2025 03:00:00.000,1.3956,1.3961,1.39528,1.39531,5744
09.10.2025 04:00:00.000,1.3953,1.39531,1.39466,1.39481,5115
09.10.2025 05:00:00.000,1.3948,1.39522,1.3946,1.39483,3214
09.10.2025 06:00:00.000,1.39483,1.39554,1.3947,1.39531,3606
09.10.2025 07:00:00.000,1.3953,1.39543,1.39422,1.39446,6198
09.10.2025 08:00:00.000,1.39443,1.39709,1.39385,1.39703,9546
09.10.2025 09:00:00.000,1.39705,1.40022,1.39705,1.40001,11809
09.10.2025 10:00:00.000,1.40001,1.40203,1.39985,1.40106,9855
09.10.2025 11:00:00.000,1.40105,1.40242,1.40092,1.40219,6416
09.10.2025 12:00:00.000,1.40222,1.40255,1.40135,1.40157,6253
09.10.2025 13:00:00.000,1.40159,1.40333,1.4015,1.40316,3649
09.10.2025 14:00:00.000,1.40314,1.4032,1.40234,1.40244,5204
09.10.2025 15:00:00.000,1.40243,1.40246,1.40151,1.40151,2206
09.10.2025 16:00:00.000,1.40143,1.40176,1.40036,1.4015,1111
09.10.2025 17:00:00.000,1.40153,1.40216,1.40144,1.40194,1701
09.10.2025 18:00:00.000,1.40195,1.40251,1.40177,1.40193,2590
09.10.2025 19:00:00.000,1.40195,1.40243,1.40159,1.40166,5190
09.10.2025 20:00:00.000,1.40166,1.40182,1.40145,1.40155,5155
09.10.2025 21:00:00.000,1.40154,1.40181,1.40132,1.40166,2655
09.10.2025 22:00:00.000,1.40166,1.40182,1.40145,1.40155,3279
09.10.2025 23:00:00.000,1.40157,1.40203,1.4015,1.4015,2424
10.10.2025 00:00:00.000,1.4015,1.40182,1.40127,1.40128,3091
10.10.2025 01:00:00.000,1.40129,1.40336,1.40129,1.40268,6936
10.10.2025 02:00:00.000,1.40265,1.40285,1.40219,1.40247,7313
10.10.2025 03:00:00.000,1.40248,1.4025,1.40141,1.40164,4650
10.10.2025 04:00:00.000,1.40164,1.40203,1.40124,1.40179,3904
10.10.2025 05:00:00.000,1.40179,1.40221,1.40139,1.4019,4613
10.10.2025 06:00:00.000,1.40188,1.40199,1.40127,1.40177,5140
10.10.2025 07:00:00.000,1.40176,1.40204,1.39753,1.39833,10264
10.10.2025 08:00:00.000,1.39833,1.39975,1.39825,1.39893,8487
10.10.2025 09:00:00.000,1.39894,1.40003,1.39875,1.3993,12835
10.10.2025 10:00:00.000,1.39932,1.40097,1.39816,1.39986,17996
10.10.2025 11:00:00.000,1.39986,1.40103,1.39962,1.40088,10178
10.10.2025 12:00:00.000,1.40088,1.40173,1.40036,1.40051,4799
10.10.2025 13:00:00.000,1.40051,1.40096,1.39935,1.39997,4819
10.10.2025 14:00:00.000,1.39996,1.40033,1.39943,1.40005,7705
10.10.2025 15:00:00.000,1.40005,1.40059,1.39955,1.40008,5374
13.10.2025 00:00:00.000,1.39925,1.3999,1.39876,1.3998,5202
13.10.2025 01:00:00.000,1.39981,1.40043,1.39888,1.40033,8380
13.10.2025 02:00:00.000,1.40029,1.40057,1.39983,1.40041,6351
13.10.2025 03:00:00.000,1.40041,1.40103,1.40005,1.40007,6388
13.10.2025 04:00:00.000,1.40007,1.40024,1.39984,1.39996,3070
13.10.2025 05:00:00.000,1.39996,1.40063,1.39987,1.40024,3155
13.10.2025 06:00:00.000,1.40025,1.40085,1.39965,1.40083,6785
13.10.2025 07:00:00.000,1.40082,1.40161,1.40061,1.40124,4897
13.10.2025 08:00:00.000,1.40124,1.40183,1.40122,1.40154,8303
13.10.2025 09:00:00.000,1.40154,1.4033,1.40134,1.40292,9033
13.10.2025 10:00:00.000,1.40294,1.40335,1.40213,1.40284,6923
13.10.2025 11:00:00.000,1.40283,1.40334,1.40266,1.40303,3503
13.10.2025 12:00:00.000,1.40302,1.40335,1.40287,1.40311,3562
13.10.2025 13:00:00.000,1.40309,1.40382,1.40265,1.40368,2362
13.10.2025 14:00:00.000,1.40367,1.40391,1.40351,1.40366,2238
13.10.2025 15:00:00.000,1.40366,1.40377,1.40325,1.40327,2067
13.10.2025 16:00:00.000,1.40327,1.40341,1.40285,1.40325,1043
13.10.2025 17:00:00.000,1.40331,1.40361,1.40309,1.40358,1148
13.10.2025 18:00:00.000,1.40357,1.40397,1.4035,1.40392,2166
13.10.2025 19:00:00.000,1.40391,1.40429,1.4034,1.40369,5833
13.10.2025 20:00:00.000,1.40368,1.40391,1.40324,1.40358,5569
13.10.2025 21:00:00.000,1.40359,1.40416,1.40351,1.40415,3215
13.10.2025 22:00:00.000,1.40415,1.40435,1.40394,1.40403,4108
13.10.2025 23:00:00.000,1.40404,1.40464,1.40392,1.40424,4972
14.10.2025 00:00:00.000,1.40424,1.4046,1.40407,1.40456,3469
14.10.2025 01:00:00.000,1.40456,1.40584,1.40449,1.40548,7055
14.10.2025 02:00:00.000,1.40548,1.40653,1.40496,1.40633,8334
14.10.2025 03:00:00.000,1.40632,1.40657,1.40541,1.40583,5811
14.10.2025 04:00:00.000,1.40581,1.40691,1.40579,1.40686,4694
14.10.2025 05:00:00.000,1.40686,1.40795,1.40685,1.40759,5002
14.10.2025 06:00:00.000,1.40759,1.40763,1.40615,1.40635,5170
14.10.2025 07:00:00.000,1.40634,1.40729,1.4061,1.40708,6458
14.10.2025 08:00:00.000,1.40714,1.40743,1.40407,1.40437,12144
14.10.2025 09:00:00.000,1.40437,1.40446,1.40296,1.40399,10041
14.10.2025 10:00:00.000,1.40399,1.40547,1.40394,1.40431,7237
14.10.2025 11:00:00.000,1.40432,1.40467,1.4035,1.40424,6391
14.10.2025 12:00:00.000,1.40426,1.40514,1.4032,1.40343,5626
14.10.2025 13:00:00.000,1.40343,1.40409,1.40328,1.40354,3502
14.10.2025 14:00:00.000,1.40354,1.40446,1.40331,1.40422,5915
14.10.2025 15:00:00.000,1.40423,1.4049,1.40409,1.40418,2153
14.10.2025 16:00:00.000,1.40408,1.4044,1.40357,1.40405,1284
14.10.2025 17:00:00.000,1.40407,1.40417,1.40363,1.40413,1803
14.10.2025 18:00:00.000,1.40414,1.40455,1.40387,1.40455,2346
14.10.2025 19:00:00.000,1.40457,1.40481,1.4043,1.40443,3582
14.10.2025 20:00:00.000,1.40443,1.40454,1.40336,1.40376,5128
14.10.2025 21:00:00.000,1.40375,1.4038,1.40309,1.40333,5791
14.10.2025 22:00:00.000,1.40334,1.40379,1.40327,1.40359,3910
14.10.2025 23:00:00.000,1.40359,1.40381,1.40335,1.40359,3698
15.10.2025 00:00:00.000,1.40358,1.4037,1.40325,1.40361,4353
15.10.2025 01:00:00.000,1.4036,1.40377,1.4027,1.4029,7231
15.10.2025 02:00:00.000,1.40291,1.40424,1.40282,1.40418,5923
15.10.2025 03:00:00.000,1.40417,1.40444,1.40383,1.40427,4557
15.10.2025 04:00:00.000,1.40427,1.40446,1.40375,1.40382,3379
15.10.2025 05:00:00.000,1.40379,1.40423,1.40365,1.40376,2328
15.10.2025 06:00:00.000,1.40376,1.40438,1.40333,1.4043,3257
15.10.2025 07:00:00.000,1.4043,1.40537,1.40374,1.40503,8425
15.10.2025 08:00:00.000,1.40503,1.40529,1.40388,1.4043,7670
15.10.2025 09:00:00.000,1.4043,1.40481,1.4037,1.40377,6799
15.10.2025 10:00:00.000,1.40377,1.40401,1.40262,1.4034,9314
15.10.2025 11:00:00.000,1.4034,1.40385,1.4032,1.40332,4728
15.10.2025 12:00:00.000,1.40333,1.40592,1.40333,1.4051,7632
15.10.2025 13:00:00.000,1.4051,1.40583,1.40503,1.40515,4051
15.10.2025 14:00:00.000,1.40515,1.40517,1.40445,1.40459,4242
15.10.2025 15:00:00.000,1.40459,1.40473,1.40376,1.40382,2887
15.10.2025 16:00:00.000,1.40381,1.40423,1.40351,1.4041,600
15.10.2025 17:00:00.000,1.40406,1.40473,1.40395,1.40463,1923
15.10.2025 18:00:00.000,1.40463,1.40478,1.40431,1.40458,1727
15.10.2025 19:00:00.000,1.40459,1.40475,1.40353,1.40386,5765
15.10.2025 20:00:00.000,1.40387,1.40389,1.40218,1.40252,5589
15.10.2025 21:00:00.000,1.4025,1.40312,1.40222,1.4026,6177
15.10.2025 22:00:00.000,1.40262,1.40299,1.40256,1.40292,3679
15.10.2025 23:00:00.000,1.40292,1.40352,1.40291,1.40335,2672
16.10.2025 00:00:00.000,1.40335,1.40355,1.40306,1.40325,4400
16.10.2025 01:00:00.000,1.40325,1.40366,1.40263,1.40305,7475
16.10.2025 02:00:00.000,1.40305,1.40394,1.4029,1.40334,9251
16.10.2025 03:00:00.000,1.40334,1.40398,1.40315,1.40378,5843
16.10.2025 04:00:00.000,1.40378,1.40434,1.40353,1.40387,4959
16.10.2025 05:00:00.000,1.40387,1.40431,1.40366,1.40404,5379
16.10.2025 06:00:00.000,1.40405,1.40507,1.40387,1.40477,5085
16.10.2025 07:00:00.000,1.40479,1.40576,1.40453,1.40512,7745
16.10.2025 08:00:00.000,1.4051,1.40549,1.40403,1.40482,10581
16.10.2025 09:00:00.000,1.40479,1.40493,1.40351,1.40378,9441
16.10.2025 10:00:00.000,1.40378,1.40506,1.40365,1.40467,9339
16.10.2025 11:00:00.000,1.40465,1.40606,1.40432,1.40441,9470
16.10.2025 12:00:00.000,1.40441,1.40474,1.40376,1.40419,6210
16.10.2025 13:00:00.000,1.4042,1.40601,1.40411,1.40502,7582
16.10.2025 14:00:00.000,1.40499,1.40572,1.40483,1.40513,5784
16.10.2025 15:00:00.000,1.40515,1.40549,1.40489,1.40534,3272
16.10.2025 16:00:00.000,1.40531,1.40531,1.40445,1.40499,914
16.10.2025 17:00:00.000,1.40498,1.40516,1.40467,1.40472,2194
16.10.2025 18:00:00.000,1.40472,1.40494,1.40449,1.40456,2628
16.10.2025 19:00:00.000,1.40457,1.40482,1.40386,1.40397,3189
16.10.2025 20:00:00.000,1.40397,1.40492,1.4036,1.40481,5586
16.10.2025 21:00:00.000,1.40482,1.40512,1.40443,1.40448,4762
16.10.2025 22:00:00.000,1.40449,1.40455,1.40403,1.40448,3615
16.10.2025 23:00:00.000,1.40445,1.40459,1.40394,1.40396,2814
17.10.2025 00:00:00.000,1.40395,1.40408,1.40356,1.40373,3591
17.10.2025 01:00:00.000,1.40373,1.40508,1.4036,1.40493,6160
17.10.2025 02:00:00.000,1.40494,1.40669,1.40494,1.40528,12764
17.10.2025 03:00:00.000,1.40527,1.40596,1.40494,1.40501,6785
17.10.2025 04:00:00.000,1.40502,1.40519,1.40358,1.4038,5230
17.10.2025 05:00:00.000,1.40379,1.40422,1.40309,1.40329,4476
17.10.2025 06:00:00.000,1.40328,1.40373,1.40268,1.40333,7645
17.10.2025 07:00:00.000,1.40332,1.40469,1.40315,1.40389,9231
17.10.2025 08:00:00.000,1.4039,1.40481,1.40356,1.40446,10841
17.10.2025 09:00:00.000,1.40445,1.40533,1.40382,1.40508,12202
17.10.2025 10:00:00.000,1.40508,1.40531,1.40443,1.40457,8390
17.10.2025 11:00:00.000,1.40458,1.40468,1.40334,1.40388,6700
17.10.2025 12:00:00.000,1.40389,1.40418,1.40266,1.40297,6633
17.10.2025 13:00:00.000,1.40296,1.40306,1.40136,1.40159,5349
17.10.2025 14:00:00.000,1.40158,1.40164,1.40075,1.40126,4947
17.10.2025 15:00:00.000,1.40127,1.40233,1.40099,1.40155,4765
20.10.2025 00:00:00.000,1.40112,1.40143,1.40096,1.40139,2641
20.10.2025 01:00:00.000,1.4014,1.40277,1.4014,1.40261,6077
20.10.2025 02:00:00.000,1.40262,1.40313,1.40204,1.40302,5663
20.10.2025 03:00:00.000,1.40301,1.40325,1.40272,1.4032,5044
20.10.2025 04:00:00.000,1.40318,1.40341,1.40263,1.4032,4729
20.10.2025 05:00:00.000,1.40321,1.40349,1.403,1.40321,3324
20.10.2025 06:00:00.000,1.40321,1.40428,1.40301,1.40381,3440
20.10.2025 07:00:00.000,1.40379,1.4049,1.40364,1.40447,5886
20.10.2025 08:00:00.000,1.40447,1.40507,1.40362,1.40381,8080
20.10.2025 09:00:00.000,1.40382,1.40405,1.40313,1.40333,8297
20.10.2025 10:00:00.000,1.40333,1.40349,1.40254,1.40298,5191
20.10.2025 11:00:00.000,1.40299,1.40329,1.40274,1.40288,3476
20.10.2025 12:00:00.000,1.40287,1.40362,1.40264,1.40357,2420
20.10.2025 13:00:00.000,1.40357,1.40381,1.40347,1.40359,2255
20.10.2025 14:00:00.000,1.40358,1.40381,1.40313,1.40323,4253
20.10.2025 15:00:00.000,1.40323,1.40392,1.40313,1.40349,2067
20.10.2025 16:00:00.000,1.40347,1.40372,1.40274,1.40346,859
20.10.2025 17:00:00.000,1.40345,1.40356,1.40308,1.40317,1225
20.10.2025 18:00:00.000,1.40318,1.40338,1.40309,1.4033,1993
20.10.2025 19:00:00.000,1.40328,1.40345,1.40287,1.40309,4100
20.10.2025 20:00:00.000,1.40309,1.40401,1.40309,1.40399,2550
20.10.2025 21:00:00.000,1.40399,1.40499,1.40399,1.40487,3546
20.10.2025 22:00:00.000,1.40489,1.40512,1.40466,1.4049,1933
20.10.2025 23:00:00.000,1.40489,1.40527,1.40487,1.40487,2000
21.10.2025 00:00:00.000,1.40486,1.40568,1.40483,1.40563,4149
21.10.2025 01:00:00.000,1.40565,1.40609,1.40522,1.40532,5166
21.10.2025 02:00:00.000,1.40532,1.40621,1.40525,1.40578,6558
21.10.2025 03:00:00.000,1.40579,1.40655,1.40579,1.40604,6457
21.10.2025 04:00:00.000,1.40604,1.40605,1.40515,1.4054,3806
21.10.2025 05:00:00.000,1.40541,1.40576,1.40507,1.40513,5289
21.10.2025 06:00:00.000,1.40512,1.40527,1.40419,1.40467,5528
21.10.2025 07:00:00.000,1.40467,1.40477,1.40132,1.40272,10996
21.10.2025 08:00:00.000,1.40274,1.40422,1.40226,1.40388,11855
21.10.2025 09:00:00.000,1.40387,1.40435,1.40189,1.40203,11277
21.10.2025 10:00:00.000,1.40203,1.40208,1.40106,1.40108,7569
21.10.2025 11:00:00.000,1.40106,1.40194,1.40027,1.40163,6854
21.10.2025 12:00:00.000,1.40166,1.40232,1.40132,1.40151,5281
21.10.2025 13:00:00.000,1.40153,1.40198,1.40115,1.40175,2938
21.10.2025 14:00:00.000,1.40176,1.40184,1.40142,1.40158,3608
21.10.2025 15:00:00.000,1.40156,1.40238,1.40155,1.40202,1638
21.10.2025 16:00:00.000,1.402,1.40219,1.40168,1.40202,518
21.10.2025 17:00:00.000,1.40201,1.40229,1.40168,1.40207,1382
21.10.2025 18:00:00.000,1.40207,1.40228,1.40186,1.40193,2014
21.10.2025 19:00:00.000,1.40195,1.40195,1.40108,1.40137,3848
21.10.2025 20:00:00.000,1.40135,1.40144,1.40075,1.40077,3089
21.10.2025 21:00:00.000,1.40079,1.40079,1.4003,1.4004,2731
21.10.2025 22:00:00.000,1.40039,1.40057,1.40021,1.40039,3028
21.10.2025 23:00:00.000,1.4004,1.4004,1.40002,1.40009,2324
22.10.2025 00:00:00.000,1.40008,1.40018,1.39946,1.3998,2613
22.10.2025 01:00:00.000,1.39979,1.40026,1.39927,1.39988,6920
22.10.2025 02:00:00.000,1.39986,1.40083,1.39976,1.40052,5478
22.10.2025 03:00:00.000,1.4005,1.4011,1.40037,1.40073,6408
22.10.2025 04:00:00.000,1.40073,1.40143,1.40071,1.40117,3773
22.10.2025 05:00:00.000,1.40116,1.40218,1.40091,1.40207,3114
22.10.2025 06:00:00.000,1.40207,1.40319,1.40196,1.40276,4714
22.10.2025 07:00:00.000,1.40275,1.403,1.40204,1.40226,8051
22.10.2025 08:00:00.000,1.40225,1.40268,1.40039,1.40055,6905
22.10.2025 09:00:00.000,1.40055,1.40059,1.39825,1.39927,9988
22.10.2025 10:00:00.000,1.39927,1.39936,1.39778,1.39785,10304
22.10.2025 11:00:00.000,1.39785,1.39935,1.39753,1.39785,8990
22.10.2025 12:00:00.000,1.39784,1.39934,1.39783,1.39928,5638
22.10.2025 13:00:00.000,1.39928,1.39957,1.39875,1.39877,5008
22.10.2025 14:00:00.000,1.39877,1.39919,1.39817,1.39846,5003
22.10.2025 15:00:00.000,1.39845,1.39987,1.39845,1.39927,1996
22.10.2025 16:00:00.000,1.39922,1.39933,1.39899,1.39923,395
22.10.2025 17:00:00.000,1.39925,1.39936,1.39884,1.39886,1471
22.10.2025 18:00:00.000,1.39885,1.39909,1.39865,1.39893,2002
22.10.2025 19:00:00.000,1.39892,1.39938,1.39875,1.39894,3037
22.10.2025 20:00:00.000,1.39894,1.39976,1.3988,1.39975,4710
22.10.2025 21:00:00.000,1.39975,1.40042,1.39975,1.40025,3698
22.10.2025 22:00:00.000,1.40025,1.40027,1.39962,1.40003,3710
22.10.2025 23:00:00.000,1.40004,1.4002,1.39975,1.39977,2874
23.10.2025 00:00:00.000,1.39981,1.39988,1.39927,1.39947,2237
23.10.2025 01:00:00.000,1.39946,1.39952,1.39872,1.39926,5019
23.10.2025 02:00:00.000,1.39925,1.39952,1.39862,1.39949,5771
23.10.2025 03:00:00.000,1.39948,1.39961,1.39918,1.39941,4739
23.10.2025 04:00:00.000,1.39943,1.39963,1.39923,1.39958,3263
23.10.2025 05:00:00.000,1.39959,1.39973,1.39927,1.39961,4114
23.10.2025 06:00:00.000,1.39963,1.39992,1.39939,1.39948,3373
23.10.2025 07:00:00.000,1.3995,1.39971,1.39885,1.39932,5548
23.10.2025 08:00:00.000,1.39933,1.3994,1.3984,1.39848,6994
23.10.2025 09:00:00.000,1.39848,1.39911,1.39791,1.39901,8811
23.10.2025 10:00:00.000,1.39902,1.40028,1.39884,1.39922,6151
23.10.2025 11:00:00.000,1.39922,1.39987,1.39886,1.39979,3525
23.10.2025 12:00:00.000,1.39979,1.40028,1.39912,1.39927,3814
23.10.2025 13:00:00.000,1.39926,1.39949,1.39861,1.39882,2967
23.10.2025 14:00:00.000,1.39882,1.39912,1.39854,1.39863,3580
23.10.2025 15:00:00.000,1.39862,1.39919,1.39853,1.39907,1998
23.10.2025 16:00:00.000,1.39904,1.39904,1.39871,1.39891,2488
23.10.2025 17:00:00.000,1.39892,1.39898,1.39728,1.39881,2169
23.10.2025 18:00:00.000,1.39882,1.39894,1.39853,1.39867,2573
23.10.2025 19:00:00.000,1.39867,1.39877,1.39835,1.39876,3624
23.10.2025 20:00:00.000,1.39875,1.39941,1.39869,1.39919,4089
23.10.2025 21:00:00.000,1.39919,1.40289,1.39896,1.40161,6510
23.10.2025 22:00:00.000,1.4016,1.40163,1.4003,1.40054,3587
23.10.2025 23:00:00.000,1.40053,1.4012,1.40053,1.4011,2612
24.10.2025 00:00:00.000,1.4011,1.40159,1.40108,1.40141,2621
24.10.2025 01:00:00.000,1.40139,1.40204,1.40093,1.40106,6422
24.10.2025 02:00:00.000,1.40107,1.40164,1.40033,1.40071,7661
24.10.2025 03:00:00.000,1.4007,1.40213,1.40052,1.40196,5135
24.10.2025 04:00:00.000,1.40197,1.40242,1.40188,1.40194,4095
24.10.2025 05:00:00.000,1.40196,1.40237,1.40178,1.40229,3576
24.10.2025 06:00:00.000,1.40229,1.40317,1.40223,1.40263,5694
24.10.2025 07:00:00.000,1.40262,1.4032,1.39993,1.40193,14189
24.10.2025 08:00:00.000,1.40194,1.40321,1.40114,1.40245,13148
24.10.2025 09:00:00.000,1.40245,1.40385,1.40243,1.4026,10975
24.10.2025 10:00:00.000,1.4026,1.40279,1.40119,1.40125,7331
24.10.2025 11:00:00.000,1.40125,1.40156,1.40053,1.40069,3965
24.10.2025 12:00:00.000,1.40071,1.40106,1.40034,1.40075,2723
24.10.2025 13:00:00.000,1.40076,1.40088,1.39985,1.40006,3308
24.10.2025 14:00:00.000,1.40005,1.4003,1.39966,1.39975,3353
24.10.2025 15:00:00.000,1.39975,1.40021,1.3991,1.39914,3204
27.10.2025 00:00:00.000,1.39895,1.39914,1.39839,1.39847,4498
27.10.2025 01:00:00.000,1.39845,1.39845,1.39725,1.39792,5865
27.10.2025 02:00:00.000,1.3979,1.39808,1.39725,1.39776,6955
27.10.2025 03:00:00.000,1.39778,1.39794,1.39726,1.39774,5709
27.10.2025 04:00:00.000,1.39772,1.39789,1.39697,1.39732,6011
27.10.2025 05:00:00.000,1.39731,1.39796,1.39724,1.39787,5406
27.10.2025 06:00:00.000,1.39787,1.3979,1.39732,1.39778,6300
27.10.2025 07:00:00.000,1.39777,1.39851,1.39756,1.39817,6372
27.10.2025 08:00:00.000,1.39816,1.39975,1.39784,1.3995,7792
27.10.2025 09:00:00.000,1.3995,1.40079,1.39941,1.40011,9566
27.10.2025 10:00:00.000,1.4001,1.4007,1.39943,1.39967,7418
27.10.2025 11:00:00.000,1.39961,1.40005,1.39947,1.39961,3537
27.10.2025 12:00:00.000,1.39961,1.40004,1.39927,1.39974,2824
27.10.2025 13:00:00.000,1.39975,1.40008,1.39895,1.39929,3584
27.10.2025 14:00:00.000,1.39929,1.3995,1.39913,1.39941,3576
27.10.2025 15:00:00.000,1.3994,1.39944,1.39856,1.39893,2042
27.10.2025 16:00:00.000,1.39889,1.39907,1.39883,1.39886,1365
27.10.2025 17:00:00.000,1.39884,1.39884,1.39836,1.39837,1649
27.10.2025 18:00:00.000,1.39837,1.39927,1.39824,1.39913,2965
27.10.2025 19:00:00.000,1.39914,1.39938,1.39824,1.3985,2566
27.10.2025 20:00:00.000,1.39849,1.39891,1.39818,1.39878,5587
27.10.2025 21:00:00.000,1.39878,1.39901,1.39831,1.39896,5356
27.10.2025 22:00:00.000,1.39896,1.39923,1.39849,1.39851,3741
27.10.2025 23:00:00.000,1.39852,1.39857,1.39814,1.39821,4339
28.10.2025 00:00:00.000,1.39821,1.39914,1.39819,1.39895,4285
28.10.2025 01:00:00.000,1.39897,1.40012,1.39896,1.40006,4034
28.10.2025 02:00:00.000,1.40007,1.40034,1.39986,1.40006,5161
28.10.2025 03:00:00.000,1.40005,1.40038,1.39948,1.40033,8806
28.10.2025 04:00:00.000,1.40033,1.4005,1.3995,1.39969,6253
28.10.2025 05:00:00.000,1.39969,1.39975,1.39936,1.39942,5675
28.10.2025 06:00:00.000,1.39942,1.39987,1.39935,1.39976,4550
28.10.2025 07:00:00.000,1.39975,1.40015,1.39915,1.40004,7296
28.10.2025 08:00:00.000,1.40004,1.40019,1.39859,1.39866,8377
28.10.2025 09:00:00.000,1.39866,1.39868,1.39576,1.39585,10181
28.10.2025 10:00:00.000,1.39583,1.39587,1.39365,1.39366,9860
28.10.2025 11:00:00.000,1.39367,1.39487,1.39349,1.39411,7485
28.10.2025 12:00:00.000,1.39411,1.39486,1.39403,1.39435,4312
28.10.2025 13:00:00.000,1.39433,1.39461,1.39376,1.39416,3711
28.10.2025 14:00:00.000,1.39418,1.39425,1.39358,1.39366,3278
28.10.2025 15:00:00.000,1.39365,1.39488,1.39328,1.3945,2742
28.10.2025 16:00:00.000,1.39448,1.39449,1.39419,1.39435,553
28.10.2025 17:00:00.000,1.39437,1.39462,1.39427,1.39456,1724
28.10.2025 18:00:00.000,1.39456,1.39469,1.39386,1.39387,2451
28.10.2025 19:00:00.000,1.39388,1.394,1.39327,1.39385,8114
28.10.2025 20:00:00.000,1.39386,1.3939,1.39315,1.39346,5595
28.10.2025 21:00:00.000,1.39347,1.39413,1.39329,1.39333,3841
28.10.2025 22:00:00.000,1.39331,1.39377,1.39326,1.39371,3268
28.10.2025 23:00:00.000,1.39373,1.3943,1.39371,1.39422,3794
29.10.2025 00:00:00.000,1.39421,1.39447,1.39397,1.39402,4432
29.10.2025 01:00:00.000,1.39402,1.39422,1.3934,1.39342,4364
29.10.2025 02:00:00.000,1.39343,1.39354,1.39235,1.39283,7034
29.10.2025 03:00:00.000,1.39283,1.39458,1.39281,1.39456,5488
29.10.2025 04:00:00.000,1.39456,1.39491,1.39389,1.39428,5295
29.10.2025 05:00:00.000,1.39427,1.39437,1.39337,1.39362,4541
29.10.2025 06:00:00.000,1.39364,1.39455,1.3936,1.39403,4333
29.10.2025 07:00:00.000,1.39401,1.39407,1.39296,1.39304,6074
29.10.2025 08:00:00.000,1.39304,1.39312,1.39143,1.39198,8635
29.10.2025 09:00:00.000,1.39196,1.39235,1.39036,1.39039,8655
29.10.2025 10:00:00.000,1.39039,1.39058,1.38874,1.38943,9923
29.10.2025 11:00:00.000,1.38946,1.38991,1.38887,1.38973,6163
29.10.2025 12:00:00.000,1.38976,1.39021,1.38919,1.38997,3989
29.10.2025 13:00:00.000,1.38989,1.39476,1.38971,1.39321,20820
29.10.2025 14:00:00.000,1.39324,1.39545,1.39295,1.3947,13715
29.10.2025 15:00:00.000,1.39471,1.39531,1.39404,1.39415,3564
29.10.2025 16:00:00.000,1.39413,1.39444,1.39395,1.39401,930
29.10.2025 17:00:00.000,1.39395,1.39455,1.39381,1.39447,2142
29.10.2025 18:00:00.000,1.39448,1.3945,1.39408,1.3941,2888
29.10.2025 19:00:00.000,1.39413,1.39442,1.39342,1.39359,5552
29.10.2025 20:00:00.000,1.39359,1.39399,1.39336,1.39365,5598
29.10.2025 21:00:00.000,1.39368,1.39387,1.39331,1.39372,4842
29.10.2025 22:00:00.000,1.39371,1.39425,1.39335,1.39392,5528
29.10.2025 23:00:00.000,1.39391,1.39426,1.39263,1.39277,9806
30.10.2025 00:00:00.000,1.39283,1.39377,1.39277,1.39341,5360
30.10.2025 01:00:00.000,1.39341,1.39395,1.39306,1.39387,5827
30.10.2025 02:00:00.000,1.39386,1.39434,1.39345,1.39389,6851
30.10.2025 03:00:00.000,1.39389,1.39501,1.39372,1.39449,6223
30.10.2025 04:00:00.000,1.39449,1.39511,1.39433,1.39507,5435
30.10.2025 05:00:00.000,1.39506,1.39556,1.39459,1.39551,3866
30.10.2025 06:00:00.000,1.39552,1.39835,1.39552,1.3982,5569
30.10.2025 07:00:00.000,1.39821,1.40007,1.39791,1.40006,8116
30.10.2025 08:00:00.000,1.40007,1.40137,1.39947,1.39979,16115
30.10.2025 09:00:00.000,1.39978,1.39996,1.39774,1.39864,14213
30.10.2025 10:00:00.000,1.39863,1.39883,1.3977,1.39824,8939
30.10.2025 11:00:00.000,1.39824,1.39879,1.39797,1.39823,4420
30.10.2025 12:00:00.000,1.39823,1.399,1.39772,1.39822,4044
30.10.2025 13:00:00.000,1.39823,1.39856,1.3977,1.39832,3298
30.10.2025 14:00:00.000,1.39831,1.399,1.39822,1.39879,3861
30.10.2025 15:00:00.000,1.3988,1.39888,1.39822,1.39835,3407
30.10.2025 16:00:00.000,1.39834,1.39848,1.39829,1.39834,426
30.10.2025 17:00:00.000,1.39834,1.39858,1.39819,1.3983,1574
30.10.2025 18:00:00.000,1.39831,1.39859,1.39799,1.39809,2540
30.10.2025 19:00:00.000,1.39809,1.39846,1.39795,1.39807,5943
30.10.2025 20:00:00.000,1.39807,1.39856,1.39785,1.39842,6219
30.10.2025 21:00:00.000,1.39845,1.39877,1.39814,1.39861,4811
30.10.2025 22:00:00.000,1.39863,1.39901,1.39852,1.39876,3989
30.10.2025 23:00:00.000,1.39875,1.3988,1.39856,1.39859,2833
31.10.2025 00:00:00.000,1.3986,1.39915,1.3986,1.39904,2865
31.10.2025 01:00:00.000,1.39904,1.40033,1.399,1.40033,4798
31.10.2025 02:00:00.000,1.40032,1.40107,1.40007,1.4001,7144
31.10.2025 03:00:00.000,1.40011,1.40028,1.39947,1.40016,6159
31.10.2025 04:00:00.000,1.40015,1.40092,1.40015,1.40048,4037
31.10.2025 05:00:00.000,1.40048,1.40123,1.40036,1.40111,3781
31.10.2025 06:00:00.000,1.4011,1.40182,1.40054,1.40137,4748
31.10.2025 07:00:00.000,1.40135,1.40337,1.40108,1.40276,6897
31.10.2025 08:00:00.000,1.40281,1.40348,1.40232,1.40237,7429
31.10.2025 09:00:00.000,1.40238,1.40238,1.40059,1.40081,7817
31.10.2025 10:00:00.000,1.40081,1.4023,1.40008,1.40106,9042
31.10.2025 11:00:00.000,1.40107,1.40204,1.40072,1.40181,7823
31.10.2025 12:00:00.000,1.4018,1.40232,1.40149,1.40189,4596
31.10.2025 13:00:00.000,1.4019,1.40199,1.40119,1.4014,4472
31.10.2025 14:00:00.000,1.4014,1.40253,1.4011,1.40253,4972
31.10.2025 15:00:00.000,1.40252,1.40263,1.40064,1.4009,7557
03.11.2025 00:00:00.000,1.40099,1.40117,1.4008,1.40098,3130
03.11.2025 01:00:00.000,1.40097,1.40131,1.40082,1.40103,3187
03.11.2025 02:00:00.000,1.40102,1.40194,1.4008,1.40183,4203
03.11.2025 03:00:00.000,1.40183,1.40296,1.40175,1.40279,4927
03.11.2025 04:00:00.000,1.40279,1.40401,1.40275,1.40388,3746
03.11.2025 05:00:00.000,1.4039,1.40458,1.40369,1.40455,3359
03.11.2025 06:00:00.000,1.40454,1.40471,1.40406,1.40445,3535
03.11.2025 07:00:00.000,1.40444,1.40451,1.40343,1.40363,4383
03.11.2025 08:00:00.000,1.40364,1.40624,1.40364,1.40611,5151
03.11.2025 09:00:00.000,1.40612,1.40684,1.4057,1.40622,6801
03.11.2025 10:00:00.000,1.40616,1.40754,1.4056,1.40683,7370
03.11.2025 11:00:00.000,1.40682,1.40689,1.40488,1.40503,9265
03.11.2025 12:00:00.000,1.40502,1.40554,1.40461,1.40513,4564
03.11.2025 13:00:00.000,1.40512,1.40598,1.40481,1.40569,3829
03.11.2025 14:00:00.000,1.40568,1.40587,1.40514,1.40517,4822
03.11.2025 15:00:00.000,1.40516,1.40562,1.40498,1.40522,3888
03.11.2025 16:00:00.000,1.40521,1.40574,1.40519,1.4055,2343
03.11.2025 17:00:00.000,1.40548,1.4057,1.40529,1.4055,560
03.11.2025 18:00:00.000,1.4055,1.40578,1.40537,1.40551,2213
03.11.2025 19:00:00.000,1.40552,1.40657,1.40552,1.40629,4787
03.11.2025 20:00:00.000,1.40629,1.40694,1.40628,1.40654,5544
03.11.2025 21:00:00.000,1.40655,1.40696,1.40645,1.4067,4169
03.11.2025 22:00:00.000,1.40671,1.4068,1.406,1.40616,4962
03.11.2025 23:00:00.000,1.40615,1.40653,1.40604,1.40653,4458
04.11.2025 00:00:00.000,1.40654,1.40693,1.40645,1.40676,5768
04.11.2025 01:00:00.000,1.40675,1.40732,1.40643,1.40658,6208
04.11.2025 02:00:00.000,1.4066,1.40674,1.40558,1.40564,6676
04.11.2025 03:00:00.000,1.40561,1.4067,1.40536,1.40659,6264
04.11.2025 04:00:00.000,1.40658,1.40711,1.40605,1.40706,5229
04.11.2025 05:00:00.000,1.40706,1.40735,1.40667,1.40716,2973
04.11.2025 06:00:00.000,1.40716,1.40801,1.40688,1.40801,4110
04.11.2025 07:00:00.000,1.40801,1.40824,1.40759,1.40778,6582
04.11.2025 08:00:00.000,1.40782,1.40829,1.40761,1.40802,5231
04.11.2025 09:00:00.000,1.40802,1.40955,1.40776,1.40858,8125
04.11.2025 10:00:00.000,1.40858,1.40914,1.40788,1.40831,9433
04.11.2025 11:00:00.000,1.40832,1.40857,1.40775,1.40822,6883
04.11.2025 12:00:00.000,1.40822,1.40967,1.40795,1.40922,4597
04.11.2025 13:00:00.000,1.40922,1.40993,1.4091,1.40954,4115
04.11.2025 14:00:00.000,1.40955,1.41015,1.40932,1.41007,3990
04.11.2025 15:00:00.000,1.41006,1.41061,1.40938,1.40946,6687
04.11.2025 16:00:00.000,1.40948,1.41072,1.40913,1.41031,3424
04.11.2025 17:00:00.000,1.41021,1.41032,1.40933,1.41004,926
04.11.2025 18:00:00.000,1.41003,1.41036,1.40997,1.41011,2068
04.11.2025 19:00:00.000,1.41013,1.4108,1.4101,1.41032,4587
04.11.2025 20:00:00.000,1.41033,1.41186,1.41031,1.41132,7584
04.11.2025 21:00:00.000,1.41131,1.41174,1.41091,1.41131,5710
04.11.2025 22:00:00.000,1.41131,1.41149,1.41083,1.41108,4909
04.11.2025 23:00:00.000,1.41107,1.4113,1.41086,1.41098,4429
05.11.2025 00:00:00.000,1.41098,1.41121,1.41072,1.41099,5228
05.11.2025 01:00:00.000,1.41099,1.41146,1.41074,1.41136,4113
05.11.2025 02:00:00.000,1.41136,1.41197,1.41099,1.41149,4236
05.11.2025 03:00:00.000,1.41149,1.41182,1.41072,1.41181,4805
05.11.2025 04:00:00.000,1.41182,1.41262,1.41181,1.4126,5841
05.11.2025 05:00:00.000,1.4126,1.41343,1.41259,1.41319,4345
05.11.2025 06:00:00.000,1.4132,1.4135,1.41303,1.41343,2886
05.11.2025 07:00:00.000,1.41341,1.41383,1.41288,1.41312,4610
05.11.2025 08:00:00.000,1.41312,1.41374,1.41257,1.41334,6048
05.11.2025 09:00:00.000,1.41334,1.414,1.41188,1.41208,7155
05.11.2025 10:00:00.000,1.41205,1.41336,1.41195,1.41239,10169
05.11.2025 11:00:00.000,1.41238,1.41311,1.41061,1.41088,5842
05.11.2025 12:00:00.000,1.41087,1.41178,1.41051,1.41165,3689
05.11.2025 13:00:00.000,1.41165,1.41184,1.41119,1.41172,2998
05.11.2025 14:00:00.000,1.41174,1.41186,1.4109,1.41121,2652
05.11.2025 15:00:00.000,1.41121,1.41125,1.41048,1.41084,4044
05.11.2025 16:00:00.000,1.41083,1.41104,1.41037,1.41071,2380
05.11.2025 17:00:00.000,1.41072,1.41092,1.41019,1.41062,5584
05.11.2025 18:00:00.000,1.41063,1.41079,1.41013,1.41022,1743
05.11.2025 19:00:00.000,1.41022,1.41071,1.40993,1.40994,4952
05.11.2025 20:00:00.000,1.40996,1.41077,1.40995,1.41035,6044
05.11.2025 21:00:00.000,1.41035,1.41039,1.40993,1.41027,4325
05.11.2025 22:00:00.000,1.41027,1.41046,1.41012,1.41034,3184
05.11.2025 23:00:00.000,1.41035,1.41044,1.41001,1.41024,4138
06.11.2025 00:00:00.000,1.41024,1.41046,1.41014,1.41021,4373
06.11.2025 01:00:00.000,1.41023,1.41041,1.40985,1.41031,5118
06.11.2025 02:00:00.000,1.41032,1.41032,1.40965,1.41004,4422
06.11.2025 03:00:00.000,1.41005,1.4104,1.40925,1.40926,7551
06.11.2025 04:00:00.000,1.40925,1.4099,1.40895,1.40985,4701
06.11.2025 05:00:00.000,1.40986,1.40996,1.40962,1.40975,7197
06.11.2025 06:00:00.000,1.40974,1.40995,1.40944,1.40962,6924
06.11.2025 07:00:00.000,1.40962,1.40997,1.40921,1.4096,6298
06.11.2025 08:00:00.000,1.40959,1.40979,1.40896,1.40971,7368
06.11.2025 09:00:00.000,1.40972,1.41264,1.4096,1.41254,10628
06.11.2025 10:00:00.000,1.41254,1.41338,1.4116,1.41298,12354
06.11.2025 11:00:00.000,1.41297,1.41396,1.41249,1.41272,11148
06.11.2025 12:00:00.000,1.4127,1.41291,1.41151,1.41169,5687
06.11.2025 13:00:00.000,1.41167,1.41243,1.41073,1.41107,4847
06.11.2025 14:00:00.000,1.41107,1.41148,1.41045,1.41125,4006
06.11.2025 15:00:00.000,1.41125,1.41179,1.41104,1.41167,4314
06.11.2025 16:00:00.000,1.41164,1.4119,1.41121,1.41156,2016
06.11.2025 17:00:00.000,1.41135,1.41207,1.41029,1.41148,1321
06.11.2025 18:00:00.000,1.41152,1.41163,1.41105,1.41117,2517
06.11.2025 19:00:00.000,1.41119,1.41211,1.41115,1.41194,4186
06.11.2025 20:00:00.000,1.41196,1.41256,1.41179,1.41233,5533
06.11.2025 21:00:00.000,1.41233,1.41245,1.41191,1.41228,3873
06.11.2025 22:00:00.000,1.41227,1.41259,1.41216,1.41241,3140
06.11.2025 23:00:00.000,1.41241,1.41255,1.41221,1.41241,2390
07.11.2025 00:00:00.000,1.41242,1.41243,1.41216,1.41231,2214
07.11.2025 01:00:00.000,1.41232,1.41232,1.4118,1.41192,3469
07.11.2025 02:00:00.000,1.41194,1.41201,1.41141,1.4116,3676
07.11.2025 03:00:00.000,1.41159,1.41189,1.41131,1.41144,5676
07.11.2025 04:00:00.000,1.41145,1.41192,1.41138,1.41163,3594
07.11.2025 05:00:00.000,1.41163,1.41183,1.41107,1.41122,3591
07.11.2025 06:00:00.000,1.41121,1.41186,1.41079,1.41086,4590
07.11.2025 07:00:00.000,1.41086,1.41159,1.4104,1.41113,4314
07.11.2025 08:00:00.000,1.41114,1.41114,1.40547,1.40647,12991
07.11.2025 09:00:00.000,1.40648,1.40846,1.40551,1.40722,12196
07.11.2025 10:00:00.000,1.40719,1.40768,1.40606,1.40737,12935
07.11.2025 11:00:00.000,1.40738,1.40792,1.40669,1.40759,7036
07.11.2025 12:00:00.000,1.4076,1.40773,1.40515,1.40543,5693
07.11.2025 13:00:00.000,1.40543,1.40579,1.40447,1.40467,4348
07.11.2025 14:00:00.000,1.40466,1.40481,1.40356,1.40396,5128
07.11.2025 15:00:00.000,1.40398,1.40457,1.40293,1.40298,4319
07.11.2025 16:00:00.000,1.40297,1.40467,1.40267,1.40376,5329
10.11.2025 00:00:00.000,1.40274,1.40277,1.40195,1.40251,10228
10.11.2025 01:00:00.000,1.40251,1.40324,1.40221,1.40309,7030
10.11.2025 02:00:00.000,1.40309,1.4031,1.401,1.40144,7604
10.11.2025 03:00:00.000,1.40142,1.40152,1.40005,1.40116,6839
10.11.2025 04:00:00.000,1.40114,1.40162,1.40075,1.40111,5180
10.11.2025 05:00:00.000,1.40111,1.40182,1.40104,1.40176,6052
10.11.2025 06:00:00.000,1.40176,1.40214,1.4014,1.40146,3836
10.11.2025 07:00:00.000,1.40148,1.40164,1.40091,1.40122,4297
10.11.2025 08:00:00.000,1.40122,1.40155,1.40006,1.40113,5462
10.11.2025 09:00:00.000,1.40114,1.40288,1.40111,1.40199,8217
10.11.2025 10:00:00.000,1.402,1.40283,1.40166,1.40271,8111
10.11.2025 11:00:00.000,1.40272,1.40318,1.40261,1.40295,7332
10.11.2025 12:00:00.000,1.40294,1.4036,1.40153,1.40166,5040
10.11.2025 13:00:00.000,1.40166,1.40197,1.4014,1.40178,3476
10.11.2025 14:00:00.000,1.40178,1.40194,1.40128,1.40177,2592
10.11.2025 15:00:00.000,1.40175,1.40196,1.40126,1.40156,3918
10.11.2025 16:00:00.000,1.40156,1.40208,1.40144,1.40199,3065
10.11.2025 17:00:00.000,1.40174,1.40209,1.40134,1.40183,1798
10.11.2025 18:00:00.000,1.40183,1.40268,1.40183,1.40255,1697
10.11.2025 19:00:00.000,1.40254,1.40268,1.40213,1.40259,4557
10.11.2025 20:00:00.000,1.40259,1.40329,1.40254,1.40304,6187
10.11.2025 21:00:00.000,1.40304,1.40353,1.40279,1.40341,4647
10.11.2025 22:00:00.000,1.40341,1.40343,1.40311,1.40336,5374
10.11.2025 23:00:00.000,1.40335,1.40378,1.40312,1.4036,4946
11.11.2025 00:00:00.000,1.40359,1.40372,1.40313,1.40341,5746
11.11.2025 01:00:00.000,1.40343,1.40402,1.40309,1.40391,4387
11.11.2025 02:00:00.000,1.40392,1.40407,1.40302,1.40312,6798
11.11.2025 03:00:00.000,1.40313,1.40328,1.40255,1.40327,5432
11.11.2025 04:00:00.000,1.40326,1.4035,1.4027,1.40332,4118
11.11.2025 05:00:00.000,1.40332,1.40361,1.40291,1.40301,5483
11.11.2025 06:00:00.000,1.40301,1.40311,1.40257,1.40271,4925
11.11.2025 07:00:00.000,1.4027,1.40307,1.40229,1.40282,3788
11.11.2025 08:00:00.000,1.40282,1.40285,1.40035,1.40057,11071
11.11.2025 09:00:00.000,1.40056,1.40122,1.40033,1.40037,7044
11.11.2025 10:00:00.000,1.40037,1.40158,1.40026,1.40101,8082
11.11.2025 11:00:00.000,1.40101,1.40115,1.40031,1.40088,7498
11.11.2025 12:00:00.000,1.4009,1.40101,1.40017,1.40018,4620
11.11.2025 13:00:00.000,1.40019,1.40074,1.40014,1.40069,3635
11.11.2025 14:00:00.000,1.40068,1.40112,1.40053,1.40095,3025
11.11.2025 15:00:00.000,1.40096,1.40125,1.40075,1.40084,3558
11.11.2025 16:00:00.000,1.40081,1.40189,1.40076,1.40151,2639
11.11.2025 17:00:00.000,1.40148,1.40202,1.39999,1.40182,902
11.11.2025 18:00:00.000,1.40176,1.40179,1.4011,1.40157,1432
11.11.2025 19:00:00.000,1.40157,1.40183,1.4013,1.40182,4686
11.11.2025 20:00:00.000,1.40182,1.40201,1.40145,1.40177,7707
11.11.2025 21:00:00.000,1.40177,1.40188,1.40131,1.40174,5492
11.11.2025 22:00:00.000,1.40175,1.40186,1.40144,1.40154,4497
11.11.2025 23:00:00.000,1.40155,1.40194,1.40145,1.4017,4404
12.11.2025 00:00:00.000,1.4017,1.40185,1.40082,1.40098,5676
12.11.2025 01:00:00.000,1.40099,1.40108,1.40054,1.40059,5034
12.11.2025 02:00:00.000,1.40059,1.40073,1.4003,1.40054,5379
12.11.2025 03:00:00.000,1.40054,1.40109,1.40023,1.40109,7966
12.11.2025 04:00:00.000,1.40108,1.40192,1.40058,1.40182,5748
12.11.2025 05:00:00.000,1.40181,1.40209,1.40146,1.40168,5043
12.11.2025 06:00:00.000,1.40167,1.40185,1.40142,1.40166,3097
12.11.2025 07:00:00.000,1.40166,1.40166,1.4007,1.4008,4229
12.11.2025 08:00:00.000,1.4008,1.40201,1.40061,1.40155,5787
12.11.2025 09:00:00.000,1.40156,1.40213,1.40142,1.40152,7410
12.11.2025 10:00:00.000,1.40152,1.40167,1.39946,1.39959,11293
12.11.2025 11:00:00.000,1.3996,1.40061,1.39931,1.40009,6049
12.11.2025 12:00:00.000,1.40009,1.40019,1.39927,1.39968,4928
12.11.2025 13:00:00.000,1.39966,1.39984,1.39894,1.3993,3971
12.11.2025 14:00:00.000,1.39928,1.40013,1.39908,1.39975,4331
12.11.2025 15:00:00.000,1.39974,1.40025,1.39963,1.40016,3275
12.11.2025 16:00:00.000,1.40016,1.40091,1.40008,1.40043,2789
12.11.2025 17:00:00.000,1.40031,1.40088,1.40002,1.40088,1145
12.11.2025 18:00:00.000,1.40092,1.40104,1.40038,1.40095,1782
12.11.2025 19:00:00.000,1.40095,1.40115,1.40026,1.40111,5521
12.11.2025 20:00:00.000,1.40113,1.4016,1.40086,1.40086,6796
12.11.2025 21:00:00.000,1.40086,1.40092,1.40034,1.40043,4169
12.11.2025 22:00:00.000,1.40044,1.40072,1.40024,1.40058,3836
12.11.2025 23:00:00.000,1.40057,1.401,1.40044,1.40074,3864
13.11.2025 00:00:00.000,1.40073,1.40114,1.40054,1.40108,3840
13.11.2025 01:00:00.000,1.40107,1.40125,1.40077,1.40101,4185
13.11.2025 02:00:00.000,1.40102,1.40127,1.39943,1.39946,5003
13.11.2025 03:00:00.000,1.39946,1.39952,1.39889,1.39893,6768
13.11.2025 04:00:00.000,1.39893,1.39962,1.39846,1.39907,6740
13.11.2025 05:00:00.000,1.39906,1.3995,1.39896,1.39949,3901
13.11.2025 06:00:00.000,1.39948,1.39971,1.39909,1.39964,3430
13.11.2025 07:00:00.000,1.39967,1.40005,1.39931,1.39982,3044
13.11.2025 08:00:00.000,1.39982,1.40087,1.39974,1.40075,6131
13.11.2025 09:00:00.000,1.40072,1.40116,1.39969,1.40091,9517
13.11.2025 10:00:00.000,1.4009,1.40145,1.40049,1.40105,10232
13.11.2025 11:00:00.000,1.40105,1.40166,1.40063,1.40099,9642
13.11.2025 12:00:00.000,1.40104,1.40251,1.40099,1.40226,8012
13.11.2025 13:00:00.000,1.40227,1.40376,1.40198,1.40336,6506
13.11.2025 14:00:00.000,1.40336,1.40352,1.4029,1.40326,4314
13.11.2025 15:00:00.000,1.40325,1.4035,1.40275,1.4028,5102
13.11.2025 16:00:00.000,1.4028,1.40375,1.40272,1.40351,2489
13.11.2025 17:00:00.000,1.40351,1.40352,1.4024,1.40327,1292
13.11.2025 18:00:00.000,1.40328,1.40369,1.40293,1.40364,2206
13.11.2025 19:00:00.000,1.40365,1.40439,1.40334,1.40336,6131
13.11.2025 20:00:00.000,1.40336,1.4034,1.40188,1.4022,6234
13.11.2025 21:00:00.000,1.40221,1.40248,1.40193,1.4023,3881
13.11.2025 22:00:00.000,1.40231,1.40239,1.40173,1.40237,4080
13.11.2025 23:00:00.000,1.40237,1.40293,1.40233,1.40276,3932
14.11.2025 00:00:00.000,1.40277,1.40299,1.40215,1.40243,4885
14.11.2025 01:00:00.000,1.40245,1.40324,1.40235,1.40291,5776
14.11.2025 02:00:00.000,1.40293,1.40379,1.40274,1.40379,5805
14.11.2025 03:00:00.000,1.40378,1.4045,1.40297,1.40322,9087
14.11.2025 04:00:00.000,1.4032,1.40362,1.403,1.40348,5338
14.11.2025 05:00:00.000,1.4035,1.40418,1.40315,1.40406,5854
14.11.2025 06:00:00.000,1.40408,1.40448,1.40367,1.4043,5721
14.11.2025 07:00:00.000,1.40431,1.40444,1.4018,1.40185,10231
14.11.2025 08:00:00.000,1.40184,1.40286,1.40136,1.40254,8710
14.11.2025 09:00:00.000,1.40252,1.40296,1.4014,1.40241,9150
14.11.2025 10:00:00.000,1.40242,1.40338,1.4022,1.40269,11949
14.11.2025 11:00:00.000,1.4027,1.4029,1.40174,1.40237,9288
14.11.2025 12:00:00.000,1.40237,1.40292,1.40221,1.40255,4773
14.11.2025 13:00:00.000,1.40257,1.40325,1.40244,1.40261,5565
14.11.2025 14:00:00.000,1.40263,1.4029,1.40245,1.40252,4531
14.11.2025 15:00:00.000,1.40254,1.40269,1.40201,1.40258,6161
14.11.2025 16:00:00.000,1.40258,1.40272,1.40138,1.40209,4523
17.11.2025 00:00:00.000,1.40305,1.40312,1.40277,1.40296,4268
17.11.2025 01:00:00.000,1.40295,1.40321,1.40239,1.40246,4372
17.11.2025 02:00:00.000,1.40246,1.4027,1.4017,1.40192,5120
17.11.2025 03:00:00.000,1.40193,1.40253,1.40155,1.40231,5622
17.11.2025 04:00:00.000,1.40232,1.40282,1.40216,1.40275,5234
17.11.2025 05:00:00.000,1.40275,1.4032,1.40214,1.40306,6065
17.11.2025 06:00:00.000,1.40307,1.40319,1.40234,1.40267,5637
17.11.2025 07:00:00.000,1.40267,1.4031,1.40232,1.40291,4799
17.11.2025 08:00:00.000,1.40292,1.40397,1.40238,1.40371,6533
17.11.2025 09:00:00.000,1.40374,1.40412,1.40308,1.40323,7554
17.11.2025 10:00:00.000,1.40322,1.40335,1.4024,1.40275,12726
17.11.2025 11:00:00.000,1.40275,1.40355,1.40262,1.40286,10611
17.11.2025 12:00:00.000,1.40285,1.40306,1.40232,1.40259,6093
17.11.2025 13:00:00.000,1.40259,1.40371,1.40252,1.4037,6727
17.11.2025 14:00:00.000,1.40371,1.40547,1.4035,1.40544,7797
17.11.2025 15:00:00.000,1.40544,1.40576,1.40483,1.40502,6208
17.11.2025 16:00:00.000,1.40502,1.40563,1.40483,1.40543,3420
17.11.2025 17:00:00.000,1.40537,1.40537,1.40348,1.40526,894
17.11.2025 18:00:00.000,1.40526,1.40531,1.40494,1.40506,1215
17.11.2025 19:00:00.000,1.4051,1.40563,1.40509,1.4051,3139
17.11.2025 20:00:00.000,1.40509,1.40531,1.40485,1.40497,6526
17.11.2025 21:00:00.000,1.40497,1.40511,1.40467,1.40494,6065
17.11.2025 22:00:00.000,1.40496,1.40554,1.40474,1.40541,5253
17.11.2025 23:00:00.000,1.40541,1.40618,1.40505,1.40507,6814
18.11.2025 00:00:00.000,1.40508,1.40529,1.40475,1.4049,5556
18.11.2025 01:00:00.000,1.4049,1.4054,1.40486,1.40522,5301
18.11.2025 02:00:00.000,1.40524,1.40551,1.40478,1.40506,5393
18.11.2025 03:00:00.000,1.40506,1.40506,1.40363,1.40419,6787
18.11.2025 04:00:00.000,1.40419,1.40425,1.40346,1.40357,6592
18.11.2025 05:00:00.000,1.40357,1.40386,1.40343,1.40349,6083
18.11.2025 06:00:00.000,1.40347,1.40359,1.40288,1.40301,6731
18.11.2025 07:00:00.000,1.40301,1.40361,1.40224,1.40258,6253
18.11.2025 08:00:00.000,1.40257,1.40269,1.40066,1.40105,9190
18.11.2025 09:00:00.000,1.40104,1.40208,1.40078,1.40146,10215
18.11.2025 10:00:00.000,1.40148,1.40188,1.40024,1.40138,16724
18.11.2025 11:00:00.000,1.40137,1.40202,1.39921,1.39968,11850
18.11.2025 12:00:00.000,1.39968,1.40026,1.3977,1.39783,8012
18.11.2025 13:00:00.000,1.39783,1.39804,1.39709,1.39795,6470
18.11.2025 14:00:00.000,1.39795,1.39877,1.39784,1.39788,5740
18.11.2025 15:00:00.000,1.39788,1.39836,1.39773,1.39793,7052
18.11.2025 16:00:00.000,1.39793,1.399,1.39792,1.39877,3240
18.11.2025 17:00:00.000,1.39861,1.39861,1.39802,1.39852,931
18.11.2025 18:00:00.000,1.3985,1.39864,1.39832,1.39851,1671
18.11.2025 19:00:00.000,1.39853,1.39893,1.39845,1.39875,6883
18.11.2025 20:00:00.000,1.39874,1.3998,1.39863,1.39973,8449
18.11.2025 21:00:00.000,1.39971,1.39985,1.39922,1.39945,4680
18.11.2025 22:00:00.000,1.39946,1.39996,1.39929,1.39975,6689
18.11.2025 23:00:00.000,1.39975,1.40006,1.39957,1.3998,2636
19.11.2025 00:00:00.000,1.39978,1.39982,1.39932,1.39945,3337
19.11.2025 01:00:00.000,1.39944,1.39957,1.3988,1.39951,4656
19.11.2025 02:00:00.000,1.39951,1.39959,1.39883,1.39937,7405
19.11.2025 03:00:00.000,1.39937,1.40045,1.39892,1.40038,7619
19.11.2025 04:00:00.000,1.4004,1.4005,1.39975,1.39992,8221
19.11.2025 05:00:00.000,1.39995,1.40058,1.39983,1.40018,7780
19.11.2025 06:00:00.000,1.40018,1.4007,1.40016,1.40035,5740
19.11.2025 07:00:00.000,1.40034,1.40077,1.39997,1.4007,6900
19.11.2025 08:00:00.000,1.40073,1.40196,1.40049,1.40163,7096
19.11.2025 09:00:00.000,1.40162,1.40221,1.40063,1.40073,12708
19.11.2025 10:00:00.000,1.40075,1.40375,1.40073,1.40358,12506
19.11.2025 11:00:00.000,1.40359,1.40526,1.40357,1.40497,12466
19.11.2025 12:00:00.000,1.40498,1.40649,1.40464,1.40557,8308
19.11.2025 13:00:00.000,1.40559,1.40579,1.4043,1.40489,4598
19.11.2025 14:00:00.000,1.40489,1.40591,1.40479,1.40571,6518
19.11.2025 15:00:00.000,1.40571,1.40593,1.40501,1.40582,6176
19.11.2025 16:00:00.000,1.40581,1.40601,1.40448,1.40491,3903
19.11.2025 17:00:00.000,1.40486,1.40486,1.40431,1.40448,680
19.11.2025 18:00:00.000,1.40447,1.40457,1.40409,1.40435,2954
19.11.2025 19:00:00.000,1.40435,1.40495,1.40432,1.40485,4013
19.11.2025 20:00:00.000,1.40485,1.40548,1.40469,1.40542,4917
19.11.2025 21:00:00.000,1.40542,1.40605,1.4054,1.40565,3805
19.11.2025 22:00:00.000,1.40565,1.40595,1.40503,1.40575,5051
19.11.2025 23:00:00.000,1.40576,1.40589,1.4053,1.40545,3151
20.11.2025 00:00:00.000,1.40543,1.40599,1.4054,1.40595,2817
20.11.2025 01:00:00.000,1.40595,1.40606,1.40547,1.40564,3127
20.11.2025 02:00:00.000,1.40565,1.40605,1.40542,1.40569,4115
20.11.2025 03:00:00.000,1.40571,1.40625,1.40558,1.40592,5199
20.11.2025 04:00:00.000,1.40592,1.40617,1.40497,1.40498,5613
20.11.2025 05:00:00.000,1.40498,1.40526,1.40469,1.40507,4619
20.11.2025 06:00:00.000,1.40506,1.40644,1.40499,1.4062,4692
20.11.2025 07:00:00.000,1.40621,1.40684,1.40616,1.4065,5897
20.11.2025 08:00:00.000,1.4065,1.40701,1.40393,1.40494,13052
20.11.2025 09:00:00.000,1.40495,1.4061,1.40429,1.40512,13166
20.11.2025 10:00:00.000,1.4051,1.40711,1.4051,1.40627,12043
20.11.2025 11:00:00.000,1.40629,1.40941,1.40627,1.40917,12951
20.11.2025 12:00:00.000,1.40917,1.41066,1.40872,1.4101,13540
20.11.2025 13:00:00.000,1.41012,1.41042,1.40915,1.41005,8674
20.11.2025 14:00:00.000,1.41008,1.41045,1.40894,1.40905,7200
20.11.2025 15:00:00.000,1.40905,1.41012,1.40898,1.41008,7601
20.11.2025 16:00:00.000,1.41009,1.41028,1.40951,1.40952,2518
20.11.2025 17:00:00.000,1.40928,1.40989,1.40836,1.40963,2584
20.11.2025 18:00:00.000,1.40958,1.40977,1.40901,1.40913,2515
20.11.2025 19:00:00.000,1.40916,1.40956,1.4085,1.40853,6510
20.11.2025 20:00:00.000,1.40854,1.40892,1.40832,1.40883,6874
20.11.2025 21:00:00.000,1.40883,1.4093,1.40861,1.40916,4784
20.11.2025 22:00:00.000,1.40916,1.40928,1.40896,1.40922,4748
20.11.2025 23:00:00.000,1.40922,1.40934,1.40872,1.40898,3915
21.11.2025 00:00:00.000,1.40898,1.40922,1.4086,1.40913,4870
21.11.2025 01:00:00.000,1.40911,1.40917,1.40855,1.40869,4178
21.11.2025 02:00:00.000,1.40874,1.41048,1.40874,1.41027,5598
21.11.2025 03:00:00.000,1.41028,1.41053,1.40817,1.40847,6563
21.11.2025 04:00:00.000,1.40847,1.40945,1.40839,1.40923,5389
21.11.2025 05:00:00.000,1.40924,1.41029,1.40906,1.4093,9829
21.11.2025 06:00:00.000,1.4093,1.4105,1.40893,1.41026,6262
21.11.2025 07:00:00.000,1.41026,1.41128,1.40868,1.40877,11127
21.11.2025 08:00:00.000,1.40878,1.40908,1.40811,1.40886,8988
21.11.2025 09:00:00.000,1.40886,1.41055,1.40877,1.41033,9733
21.11.2025 10:00:00.000,1.41031,1.41269,1.41001,1.41258,14934
21.11.2025 11:00:00.000,1.41257,1.41305,1.40938,1.40968,11060
21.11.2025 12:00:00.000,1.40967,1.41009,1.409,1.40928,7917
21.11.2025 13:00:00.000,1.40928,1.4103,1.40909,1.4097,7000
21.11.2025 14:00:00.000,1.40969,1.40971,1.40911,1.40935,5094
21.11.2025 15:00:00.000,1.40935,1.40976,1.40895,1.4091,5911
21.11.2025 16:00:00.000,1.4091,1.4103,1.4089,1.41001,6651
24.11.2025 00:00:00.000,1.40944,1.40947,1.40913,1.40939,2757
24.11.2025 01:00:00.000,1.4094,1.40997,1.40911,1.40994,2308
24.11.2025 02:00:00.000,1.40994,1.41037,1.40961,1.41036,4119
24.11.2025 03:00:00.000,1.41037,1.41064,1.40945,1.41021,5943
24.11.2025 04:00:00.000,1.41026,1.41142,1.41021,1.41137,5518
24.11.2025 05:00:00.000,1.41136,1.4114,1.41058,1.41099,6461
24.11.2025 06:00:00.000,1.41099,1.41107,1.41057,1.41097,5091
24.11.2025 07:00:00.000,1.41098,1.41177,1.41018,1.41021,4455
24.11.2025 08:00:00.000,1.41021,1.41078,1.40968,1.41019,4654
24.11.2025 09:00:00.000,1.41022,1.41123,1.4098,1.41036,9705
24.11.2025 10:00:00.000,1.41034,1.41141,1.4101,1.41118,11178
24.11.2025 11:00:00.000,1.41118,1.41162,1.41075,1.41123,7160
24.11.2025 12:00:00.000,1.41124,1.41185,1.41099,1.4112,3981
24.11.2025 13:00:00.000,1.41119,1.4113,1.41031,1.41048,2524
24.11.2025 14:00:00.000,1.41048,1.41097,1.41034,1.41068,2333
24.11.2025 15:00:00.000,1.41067,1.41102,1.41038,1.41101,3037
24.11.2025 16:00:00.000,1.411,1.41114,1.41023,1.41065,2014
24.11.2025 17:00:00.000,1.41065,1.41069,1.41017,1.41043,775
24.11.2025 18:00:00.000,1.41049,1.41107,1.4103,1.41096,1796
24.11.2025 19:00:00.000,1.41098,1.41143,1.41084,1.41088,2984
24.11.2025 20:00:00.000,1.41085,1.41107,1.41048,1.41079,4881
24.11.2025 21:00:00.000,1.41079,1.41114,1.41069,1.41073,3679
24.11.2025 22:00:00.000,1.41074,1.41174,1.41056,1.41163,4362
24.11.2025 23:00:00.000,1.41162,1.41192,1.41158,1.41186,3081
25.11.2025 00:00:00.000,1.41186,1.41205,1.4115,1.4117,3237
25.11.2025 01:00:00.000,1.41171,1.41237,1.41168,1.4121,3286
25.11.2025 02:00:00.000,1.4121,1.41214,1.41151,1.41166,3440
25.11.2025 03:00:00.000,1.41165,1.41231,1.41148,1.41202,6363
25.11.2025 04:00:00.000,1.412,1.41212,1.41128,1.41148,4563
25.11.2025 05:00:00.000,1.4115,1.41171,1.41089,1.41128,4705
25.11.2025 06:00:00.000,1.41127,1.41238,1.41126,1.41207,3522
25.11.2025 07:00:00.000,1.41208,1.41243,1.41145,1.41165,6934
25.11.2025 08:00:00.000,1.41167,1.41199,1.41039,1.41061,10664
25.11.2025 09:00:00.000,1.41062,1.41188,1.41036,1.41099,14824
25.11.2025 10:00:00.000,1.41097,1.41104,1.41003,1.41052,11052
25.11.2025 11:00:00.000,1.41053,1.41183,1.41029,1.41162,6694
25.11.2025 12:00:00.000,1.41162,1.41165,1.40904,1.4094,9159
25.11.2025 13:00:00.000,1.40939,1.40955,1.40891,1.4095,4967
25.11.2025 14:00:00.000,1.40954,1.41007,1.40914,1.40917,3561
25.11.2025 15:00:00.000,1.40917,1.41034,1.40903,1.41011,4871
25.11.2025 16:00:00.000,1.41011,1.41012,1.40937,1.40951,1963
25.11.2025 17:00:00.000,1.40939,1.40985,1.40888,1.40953,1945
25.11.2025 18:00:00.000,1.40953,1.41031,1.40932,1.4103,1474
25.11.2025 19:00:00.000,1.41029,1.41045,1.40956,1.40977,3913
25.11.2025 20:00:00.000,1.40977,1.40982,1.40799,1.40849,7010
25.11.2025 21:00:00.000,1.40849,1.40857,1.40749,1.40826,7897
25.11.2025 22:00:00.000,1.40825,1.40826,1.40703,1.40712,4621
25.11.2025 23:00:00.000,1.40711,1.40764,1.407,1.40763,5668
26.11.2025 00:00:00.000,1.40762,1.40773,1.4073,1.40733,4110
26.11.2025 01:00:00.000,1.40733,1.40756,1.40676,1.40741,5761
26.11.2025 02:00:00.000,1.4074,1.40744,1.40671,1.40687,5845
26.11.2025 03:00:00.000,1.40687,1.40797,1.40683,1.40784,3951
26.11.2025 04:00:00.000,1.40785,1.40832,1.40751,1.40816,4107
26.11.2025 05:00:00.000,1.40816,1.40862,1.40778,1.40848,4562
26.11.2025 06:00:00.000,1.40848,1.40892,1.40832,1.4088,6361
26.11.2025 07:00:00.000,1.40881,1.4097,1.40875,1.4091,5795
26.11.2025 08:00:00.000,1.40909,1.40991,1.40799,1.40955,8560
26.11.2025 09:00:00.000,1.40955,1.41004,1.4079,1.4083,7909
26.11.2025 10:00:00.000,1.40831,1.40846,1.40553,1.40563,10552
26.11.2025 11:00:00.000,1.40562,1.40576,1.4048,1.40511,7275
26.11.2025 12:00:00.000,1.40513,1.40522,1.4042,1.40442,3479
26.11.2025 13:00:00.000,1.4044,1.40457,1.40376,1.40386,3268
26.11.2025 14:00:00.000,1.40385,1.40407,1.40341,1.40394,3340
26.11.2025 15:00:00.000,1.40395,1.40414,1.40343,1.40412,3128
26.11.2025 16:00:00.000,1.40411,1.40428,1.40371,1.40417,2437
26.11.2025 17:00:00.000,1.40418,1.4044,1.40319,1.40399,858
26.11.2025 18:00:00.000,1.40391,1.40428,1.40371,1.40389,2561
26.11.2025 19:00:00.000,1.40391,1.40391,1.40357,1.40378,3434
26.11.2025 20:00:00.000,1.40377,1.40399,1.40337,1.40341,5162
26.11.2025 21:00:00.000,1.4034,1.4034,1.40292,1.40321,3306
26.11.2025 22:00:00.000,1.40321,1.40359,1.40315,1.40346,4036
26.11.2025 23:00:00.000,1.40346,1.40366,1.40294,1.40312,3514
27.11.2025 00:00:00.000,1.40311,1.40328,1.40282,1.40325,3951
27.11.2025 01:00:00.000,1.40324,1.40357,1.40295,1.40347,5645
27.11.2025 02:00:00.000,1.40348,1.40378,1.40332,1.40337,3351
27.11.2025 03:00:00.000,1.40335,1.40403,1.40328,1.40347,4063
27.11.2025 04:00:00.000,1.40347,1.40486,1.40347,1.4048,4190
27.11.2025 05:00:00.000,1.40477,1.40498,1.40434,1.40445,3969
27.11.2025 06:00:00.000,1.40447,1.40477,1.4043,1.40455,3804
27.11.2025 07:00:00.000,1.40456,1.40456,1.40394,1.40426,2320
27.11.2025 08:00:00.000,1.40429,1.40455,1.4039,1.40443,3274
27.11.2025 09:00:00.000,1.40442,1.40461,1.40377,1.40384,3071
27.11.2025 10:00:00.000,1.40386,1.40389,1.40278,1.40328,5354
27.11.2025 11:00:00.000,1.40328,1.40374,1.40299,1.403,3544
27.11.2025 12:00:00.000,1.403,1.40334,1.40278,1.40296,1194
27.11.2025 13:00:00.000,1.40293,1.40322,1.40279,1.40316,821
27.11.2025 14:00:00.000,1.40317,1.40324,1.40283,1.40292,754
27.11.2025 15:00:00.000,1.40292,1.40307,1.4028,1.40305,2437
27.11.2025 16:00:00.000,1.40305,1.40305,1.40273,1.40286,1500
27.11.2025 17:00:00.000,1.40273,1.40302,1.40263,1.40289,858
27.11.2025 18:00:00.000,1.4029,1.40322,1.40241,1.40261,1618
27.11.2025 19:00:00.000,1.4026,1.4033,1.4025,1.40318,5366
27.11.2025 20:00:00.000,1.4032,1.4034,1.40276,1.40334,6329
27.11.2025 21:00:00.000,1.40335,1.40335,1.40273,1.40313,28030
27.11.2025 22:00:00.000,1.40314,1.40325,1.40272,1.40325,27602
27.11.2025 23:00:00.000,1.40326,1.40367,1.40281,1.4035,27585
28.11.2025 00:00:00.000,1.4035,1.40407,1.40321,1.40345,21090
28.11.2025 01:00:00.000,1.40343,1.40403,1.40329,1.40382,14920
28.11.2025 02:00:00.000,1.40381,1.40424,1.40332,1.40404,35111
28.11.2025 03:00:00.000,1.40405,1.40441,1.40352,1.40361,26425
28.11.2025 04:00:00.000,1.40362,1.404,1.4033,1.40391,26489
28.11.2025 05:00:00.000,1.4039,1.40485,1.4038,1.40482,14643
28.11.2025 06:00:00.000,1.40481,1.4051,1.40328,1.40354,31881
28.11.2025 07:00:00.000,1.40351,1.40401,1.40178,1.40187,13939
28.11.2025 08:00:00.000,1.40186,1.40188,1.39916,1.39963,18590
28.11.2025 09:00:00.000,1.39964,1.39981,1.39789,1.39798,8176
28.11.2025 10:00:00.000,1.39798,1.39801,1.39381,1.39403,10737
28.11.2025 11:00:00.000,1.39403,1.39762,1.39377,1.39754,6822
28.11.2025 12:00:00.000,1.39753,1.39857,1.39716,1.39744,4456
28.11.2025 13:00:00.000,1.39745,1.39818,1.39726,1.39732,3514
28.11.2025 14:00:00.000,1.39733,1.39763,1.39704,1.39727,4024
28.11.2025 15:00:00.000,1.39725,1.39754,1.397,1.39723,9388
28.11.2025 16:00:00.000,1.39723,1.39764,1.39627,1.39752,10671
01.12.2025 00:00:00.000,1.39818,1.39893,1.39817,1.39861,5312
01.12.2025 01:00:00.000,1.3986,1.39891,1.39843,1.39862,4447
01.12.2025 02:00:00.000,1.39861,1.39865,1.39698,1.39778,4920
01.12.2025 03:00:00.000,1.39779,1.39888,1.39752,1.39839,6159
01.12.2025 04:00:00.000,1.39838,1.39911,1.39804,1.39846,6342
01.12.2025 05:00:00.000,1.39847,1.39866,1.39822,1.39835,5127
01.12.2025 06:00:00.000,1.39835,1.3984,1.39745,1.39748,4563
01.12.2025 07:00:00.000,1.39747,1.39752,1.39547,1.39582,6501
01.12.2025 08:00:00.000,1.39582,1.39647,1.39544,1.39629,5758
01.12.2025 09:00:00.000,1.39629,1.39668,1.39584,1.39627,9037
01.12.2025 10:00:00.000,1.39625,1.39733,1.39554,1.39647,12707
01.12.2025 11:00:00.000,1.39646,1.39848,1.39639,1.39814,9953
01.12.2025 12:00:00.000,1.39815,1.39842,1.39763,1.39817,5043
01.12.2025 13:00:00.000,1.39817,1.39936,1.39813,1.39909,4095
01.12.2025 14:00:00.000,1.39909,1.39995,1.39909,1.39966,5528
01.12.2025 15:00:00.000,1.39967,1.40007,1.39946,1.40005,4603
01.12.2025 16:00:00.000,1.40005,1.40012,1.39956,1.39976,1818
01.12.2025 17:00:00.000,1.39937,1.39986,1.39899,1.39972,957
01.12.2025 18:00:00.000,1.39971,1.40014,1.3995,1.40012,1468
01.12.2025 19:00:00.000,1.40011,1.40024,1.39988,1.40006,3227
01.12.2025 20:00:00.000,1.40007,1.40069,1.39998,1.40006,5034
01.12.2025 21:00:00.000,1.40005,1.40026,1.39984,1.39999,2827
01.12.2025 22:00:00.000,1.4,1.40023,1.39973,1.39981,2839
01.12.2025 23:00:00.000,1.39981,1.3999,1.39952,1.39985,1881
02.12.2025 00:00:00.000,1.39983,1.4,1.39963,1.39974,1859
02.12.2025 01:00:00.000,1.39974,1.40014,1.39964,1.39974,3922
02.12.2025 02:00:00.000,1.39973,1.39987,1.39936,1.39971,4245
02.12.2025 03:00:00.000,1.39972,1.39998,1.3992,1.39975,5046
02.12.2025 04:00:00.000,1.39976,1.40094,1.39953,1.40077,5358
02.12.2025 05:00:00.000,1.40076,1.40132,1.40059,1.40065,4775
02.12.2025 06:00:00.000,1.40064,1.4014,1.40059,1.40124,4767
02.12.2025 07:00:00.000,1.40124,1.40137,1.40014,1.40016,5009
02.12.2025 08:00:00.000,1.40015,1.40048,1.39968,1.39973,7079
02.12.2025 09:00:00.000,1.39972,1.39983,1.39846,1.39849,8758
02.12.2025 10:00:00.000,1.39845,1.39901,1.39751,1.39803,10877
02.12.2025 11:00:00.000,1.39803,1.39946,1.39769,1.39891,8183
02.12.2025 12:00:00.000,1.3989,1.39897,1.39827,1.39854,7134
02.12.2025 13:00:00.000,1.39855,1.39865,1.39806,1.39811,5226
02.12.2025 14:00:00.000,1.3981,1.39817,1.39673,1.39716,6673
02.12.2025 15:00:00.000,1.39715,1.39782,1.39682,1.39782,3039
02.12.2025 16:00:00.000,1.39783,1.39822,1.39668,1.39674,1717
02.12.2025 17:00:00.000,1.39652,1.39731,1.3964,1.39679,1056
02.12.2025 18:00:00.000,1.39677,1.3973,1.39663,1.39693,1648
02.12.2025 19:00:00.000,1.39694,1.39748,1.39678,1.39684,5375
02.12.2025 20:00:00.000,1.39685,1.39689,1.39619,1.39653,5266
02.12.2025 21:00:00.000,1.39654,1.39687,1.39648,1.39666,4066
02.12.2025 22:00:00.000,1.39666,1.39688,1.39662,1.39685,2804
02.12.2025 23:00:00.000,1.39685,1.39698,1.39673,1.39685,2738
03.12.2025 00:00:00.000,1.39684,1.3974,1.39655,1.39716,3138
03.12.2025 01:00:00.000,1.39717,1.39726,1.39674,1.39685,3751
03.12.2025 02:00:00.000,1.39683,1.39732,1.39616,1.39704,4630
03.12.2025 03:00:00.000,1.39704,1.39705,1.39599,1.3961,6531
03.12.2025 04:00:00.000,1.3961,1.39629,1.39543,1.39547,7201
03.12.2025 05:00:00.000,1.39548,1.3955,1.39394,1.39468,6165
03.12.2025 06:00:00.000,1.39469,1.39472,1.39395,1.39452,5217
03.12.2025 07:00:00.000,1.39451,1.39466,1.39379,1.39462,4218
03.12.2025 08:00:00.000,1.39463,1.39512,1.39388,1.39453,7410
03.12.2025 09:00:00.000,1.39454,1.39648,1.39436,1.39595,11410
03.12.2025 10:00:00.000,1.39595,1.3969,1.39418,1.39491,12212
03.12.2025 11:00:00.000,1.39491,1.39539,1.39405,1.39511,9851
03.12.2025 12:00:00.000,1.39512,1.39533,1.3942,1.39436,5342
03.12.2025 13:00:00.000,1.39437,1.39497,1.39414,1.39473,3839
03.12.2025 14:00:00.000,1.39474,1.395,1.39443,1.3947,4541
03.12.2025 15:00:00.000,1.39472,1.39514,1.39467,1.39512,3889
03.12.2025 16:00:00.000,1.39512,1.39543,1.39484,1.39493,1595
03.12.2025 17:00:00.000,1.39472,1.39496,1.39387,1.39474,494
03.12.2025 18:00:00.000,1.39477,1.39532,1.39471,1.3953,1886
03.12.2025 19:00:00.000,1.3953,1.39571,1.39521,1.39557,4493
03.12.2025 20:00:00.000,1.39556,1.39626,1.39556,1.39611,6154
03.12.2025 21:00:00.000,1.39611,1.39643,1.39591,1.3963,5051
03.12.2025 22:00:00.000,1.39631,1.39681,1.39622,1.39624,5159
03.12.2025 23:00:00.000,1.39623,1.39631,1.39577,1.39593,3013
04.12.2025 00:00:00.000,1.39592,1.39625,1.39591,1.39606,4548
04.12.2025 01:00:00.000,1.39606,1.39691,1.39597,1.39652,3984
04.12.2025 02:00:00.000,1.39651,1.39707,1.3961,1.39627,2941
04.12.2025 03:00:00.000,1.39626,1.39663,1.39567,1.39652,5753
04.12.2025 04:00:00.000,1.39652,1.39683,1.39587,1.39594,5451
04.12.2025 05:00:00.000,1.39596,1.39682,1.39573,1.39675,7043
04.12.2025 06:00:00.000,1.39674,1.39744,1.39639,1.397,5651
04.12.2025 07:00:00.000,1.39699,1.39749,1.39665,1.3972,4734
04.12.2025 08:00:00.000,1.39719,1.3977,1.39636,1.39672,7277
04.12.2025 09:00:00.000,1.39671,1.39681,1.39495,1.39521,8353
04.12.2025 10:00:00.000,1.39521,1.39544,1.39247,1.39324,12199
04.12.2025 11:00:00.000,1.39325,1.39484,1.39322,1.39397,11931
04.12.2025 12:00:00.000,1.39397,1.39489,1.39383,1.39452,4997
04.12.2025 13:00:00.000,1.39452,1.39523,1.39438,1.39493,6158
04.12.2025 14:00:00.000,1.39495,1.39571,1.39485,1.39514,7556
04.12.2025 15:00:00.000,1.39515,1.39588,1.39515,1.39574,4528
04.12.2025 16:00:00.000,1.3957,1.39602,1.39544,1.39573,2272
04.12.2025 17:00:00.000,1.39552,1.39562,1.39476,1.39525,1285
04.12.2025 18:00:00.000,1.39526,1.39604,1.39514,1.39593,1045
04.12.2025 19:00:00.000,1.39595,1.39595,1.39533,1.39547,1919
04.12.2025 20:00:00.000,1.39547,1.39547,1.39502,1.39503,2772
04.12.2025 21:00:00.000,1.39505,1.39534,1.39497,1.39511,1853
04.12.2025 22:00:00.000,1.39511,1.3957,1.3951,1.39547,1478
04.12.2025 23:00:00.000,1.39548,1.39551,1.39515,1.3953,2284
05.12.2025 00:00:00.000,1.39529,1.39529,1.39486,1.39489,2329
05.12.2025 01:00:00.000,1.39488,1.39504,1.39451,1.3947,3248
05.12.2025 02:00:00.000,1.3947,1.39474,1.39397,1.39465,4015
05.12.2025 03:00:00.000,1.39463,1.39496,1.39402,1.39444,5969
05.12.2025 04:00:00.000,1.39443,1.39467,1.39424,1.39433,3915
05.12.2025 05:00:00.000,1.39432,1.39493,1.39413,1.39449,3334
05.12.2025 06:00:00.000,1.39449,1.39521,1.39404,1.39409,3902
05.12.2025 07:00:00.000,1.3941,1.3944,1.39295,1.39306,4524
05.12.2025 08:00:00.000,1.39305,1.39385,1.38844,1.38871,10480
05.12.2025 09:00:00.000,1.38872,1.38931,1.38727,1.38737,11415
05.12.2025 10:00:00.000,1.38734,1.3881,1.38528,1.3854,12475
05.12.2025 11:00:00.000,1.38541,1.38701,1.38532,1.38593,10257
05.12.2025 12:00:00.000,1.38593,1.3862,1.38331,1.38345,6148
05.12.2025 13:00:00.000,1.38346,1.38454,1.38326,1.38357,4982
05.12.2025 14:00:00.000,1.38356,1.38418,1.38323,1.38364,3519
05.12.2025 15:00:00.000,1.38364,1.38423,1.38254,1.38267,4301
05.12.2025 16:00:00.000,1.38267,1.38335,1.38102,1.3811,5584
08.12.2025 00:00:00.000,1.38241,1.38241,1.38192,1.38196,2897
08.12.2025 01:00:00.000,1.38197,1.38241,1.3813,1.38212,4694
08.12.2025 02:00:00.000,1.38211,1.38286,1.38161,1.38245,4315
08.12.2025 03:00:00.000,1.38246,1.38255,1.38142,1.38187,6095
08.12.2025 04:00:00.000,1.38187,1.38266,1.38155,1.38236,6052
08.12.2025 05:00:00.000,1.38236,1.38247,1.38176,1.38235,5407
08.12.2025 06:00:00.000,1.38236,1.38265,1.38133,1.38149,5733
08.12.2025 07:00:00.000,1.38149,1.38152,1.37993,1.38066,5245
08.12.2025 08:00:00.000,1.38066,1.38118,1.38023,1.38095,8369
08.12.2025 09:00:00.000,1.38096,1.38207,1.37996,1.38206,8938
08.12.2025 10:00:00.000,1.38206,1.38447,1.38187,1.38444,11847
08.12.2025 11:00:00.000,1.38444,1.38525,1.38389,1.38464,9797
08.12.2025 12:00:00.000,1.38465,1.38523,1.38399,1.38415,8832
08.12.2025 13:00:00.000,1.38414,1.38583,1.38397,1.3858,5302
08.12.2025 14:00:00.000,1.38581,1.3859,1.38458,1.38498,5431
08.12.2025 15:00:00.000,1.38498,1.38561,1.38473,1.38559,3615
08.12.2025 16:00:00.000,1.38558,1.38592,1.38542,1.38566,1542
08.12.2025 17:00:00.000,1.38559,1.38559,1.3849,1.38536,964
08.12.2025 18:00:00.000,1.38534,1.38546,1.38481,1.38485,1385
08.12.2025 19:00:00.000,1.38485,1.38525,1.38461,1.38517,2869
08.12.2025 20:00:00.000,1.38518,1.38543,1.3848,1.38485,5040
08.12.2025 21:00:00.000,1.38485,1.3852,1.38481,1.38502,3124
08.12.2025 22:00:00.000,1.38501,1.38524,1.38461,1.38467,3808
08.12.2025 23:00:00.000,1.38467,1.38493,1.38441,1.38452,3932
09.12.2025 00:00:00.000,1.38452,1.38513,1.38441,1.38494,3554
09.12.2025 01:00:00.000,1.38494,1.38574,1.38491,1.38547,5796
09.12.2025 02:00:00.000,1.38549,1.38566,1.38519,1.38556,5698
09.12.2025 03:00:00.000,1.38556,1.38574,1.38528,1.38539,6151
09.12.2025 04:00:00.000,1.38539,1.38541,1.38383,1.38393,7798
09.12.2025 05:00:00.000,1.38391,1.38453,1.38376,1.38426,6624
09.12.2025 06:00:00.000,1.38425,1.38456,1.38388,1.38432,4964
09.12.2025 07:00:00.000,1.38432,1.38493,1.38418,1.38477,4906
09.12.2025 08:00:00.000,1.38476,1.38486,1.38374,1.38399,6579
09.12.2025 09:00:00.000,1.38399,1.38432,1.38232,1.38273,7237
09.12.2025 10:00:00.000,1.38272,1.38482,1.38269,1.38407,11814
09.12.2025 11:00:00.000,1.38406,1.38417,1.38289,1.38335,8190
09.12.2025 12:00:00.000,1.38333,1.38573,1.38296,1.38547,5323
09.12.2025 13:00:00.000,1.38546,1.38605,1.38509,1.38522,4786
09.12.2025 14:00:00.000,1.38521,1.38554,1.38433,1.38475,3917
09.12.2025 15:00:00.000,1.38475,1.3851,1.38459,1.38504,2079
09.12.2025 16:00:00.000,1.38504,1.38539,1.38438,1.38451,1849
09.12.2025 17:00:00.000,1.38442,1.38481,1.38404,1.38443,1277
09.12.2025 18:00:00.000,1.38443,1.38479,1.38427,1.38455,1995
09.12.2025 19:00:00.000,1.38455,1.38488,1.38443,1.38467,5194
09.12.2025 20:00:00.000,1.38468,1.38542,1.38462,1.38536,6356
09.12.2025 21:00:00.000,1.38534,1.38569,1.38523,1.38557,4959
09.12.2025 22:00:00.000,1.38556,1.38566,1.38528,1.38544,3003
09.12.2025 23:00:00.000,1.38545,1.38556,1.38526,1.38544,2674
10.12.2025 00:00:00.000,1.38543,1.38557,1.38515,1.38528,2099
10.12.2025 01:00:00.000,1.38526,1.38529,1.38477,1.38483,3242
10.12.2025 02:00:00.000,1.38483,1.38558,1.38447,1.38538,3061
10.12.2025 03:00:00.000,1.38537,1.38582,1.38468,1.3848,8448
10.12.2025 04:00:00.000,1.38481,1.38569,1.38466,1.38549,6972
10.12.2025 05:00:00.000,1.38549,1.38562,1.38488,1.38535,4805
10.12.2025 06:00:00.000,1.38535,1.38544,1.38464,1.38466,5930
10.12.2025 07:00:00.000,1.38465,1.38483,1.38373,1.3841,3937
10.12.2025 08:00:00.000,1.38411,1.38524,1.38405,1.38439,6489
10.12.2025 09:00:00.000,1.38439,1.38715,1.38381,1.3862,9264
10.12.2025 10:00:00.000,1.3862,1.38644,1.38507,1.38509,10701
10.12.2025 11:00:00.000,1.3851,1.3856,1.38343,1.38349,8137
10.12.2025 12:00:00.000,1.38349,1.38369,1.38251,1.38302,4821
10.12.2025 13:00:00.000,1.383,1.38377,1.38257,1.38321,4305
10.12.2025 14:00:00.000,1.38321,1.38408,1.38076,1.38098,21521
10.12.2025 15:00:00.000,1.38098,1.38141,1.37834,1.37946,9724
10.12.2025 16:00:00.000,1.37947,1.37999,1.37904,1.37917,3476
10.12.2025 17:00:00.000,1.37911,1.37936,1.37858,1.37928,1076
10.12.2025 18:00:00.000,1.37933,1.37952,1.37891,1.37892,2336
10.12.2025 19:00:00.000,1.37891,1.37986,1.37842,1.37982,7901
10.12.2025 20:00:00.000,1.37984,1.37987,1.37926,1.37942,7953
10.12.2025 21:00:00.000,1.37942,1.38069,1.37918,1.38061,6117
10.12.2025 22:00:00.000,1.38062,1.38157,1.38049,1.38135,7462
10.12.2025 23:00:00.000,1.38135,1.38169,1.38102,1.38151,5476
11.12.2025 00:00:00.000,1.38152,1.38165,1.38117,1.38122,6276
11.12.2025 01:00:00.000,1.38122,1.38196,1.38117,1.3817,5009
11.12.2025 02:00:00.000,1.38171,1.38224,1.38137,1.38212,3936
11.12.2025 03:00:00.000,1.3821,1.38211,1.38065,1.38076,8246
11.12.2025 04:00:00.000,1.38077,1.38166,1.38064,1.38067,7833
11.12.2025 05:00:00.000,1.38066,1.38102,1.38035,1.38042,5387
11.12.2025 06:00:00.000,1.38042,1.38052,1.37927,1.37956,7465
11.12.2025 07:00:00.000,1.37955,1.38027,1.37932,1.37948,5016
11.12.2025 08:00:00.000,1.37949,1.37992,1.37803,1.37862,9173
11.12.2025 09:00:00.000,1.37863,1.37874,1.37647,1.37744,11854
11.12.2025 10:00:00.000,1.37746,1.37767,1.37568,1.37591,11222
11.12.2025 11:00:00.000,1.37591,1.37801,1.37564,1.37688,8088
11.12.2025 12:00:00.000,1.37689,1.37767,1.37627,1.37724,5140
11.12.2025 13:00:00.000,1.37724,1.37746,1.37675,1.37699,4761
11.12.2025 14:00:00.000,1.37699,1.37805,1.37697,1.37786,3740
11.12.2025 15:00:00.000,1.37787,1.3779,1.37691,1.37698,4916
11.12.2025 16:00:00.000,1.37698,1.37739,1.37665,1.37703,2846
11.12.2025 17:00:00.000,1.37683,1.37745,1.37626,1.37714,1773
11.12.2025 18:00:00.000,1.37707,1.37765,1.37697,1.37753,1770
11.12.2025 19:00:00.000,1.37755,1.37756,1.37684,1.37721,7055
11.12.2025 20:00:00.000,1.37721,1.37742,1.37666,1.3773,6332
11.12.2025 21:00:00.000,1.37729,1.37755,1.37704,1.37741,5459
11.12.2025 22:00:00.000,1.37742,1.37755,1.37713,1.37748,3585
11.12.2025 23:00:00.000,1.37747,1.37783,1.37745,1.37762,3935
12.12.2025 00:00:00.000,1.37762,1.37762,1.37711,1.37716,3993
12.12.2025 01:00:00.000,1.37716,1.37746,1.37685,1.37715,4112
12.12.2025 02:00:00.000,1.3772,1.37746,1.37641,1.37651,6040
12.12.2025 03:00:00.000,1.37651,1.37666,1.37547,1.3759,7158
12.12.2025 04:00:00.000,1.3759,1.37647,1.37576,1.37604,6074
12.12.2025 05:00:00.000,1.37606,1.37632,1.37575,1.37581,5289
12.12.2025 06:00:00.000,1.3758,1.37617,1.37554,1.37559,6510
12.12.2025 07:00:00.000,1.37558,1.37694,1.37548,1.37622,5659
12.12.2025 08:00:00.000,1.37621,1.37636,1.37538,1.37609,9137
12.12.2025 09:00:00.000,1.37608,1.37629,1.37529,1.37558,10740
12.12.2025 10:00:00.000,1.37559,1.37836,1.37559,1.37808,14094
12.12.2025 11:00:00.000,1.37809,1.37944,1.37793,1.3784,13994
12.12.2025 12:00:00.000,1.37841,1.37845,1.37644,1.37658,7108
12.12.2025 13:00:00.000,1.37658,1.37694,1.37596,1.37685,5478
12.12.2025 14:00:00.000,1.37685,1.37742,1.37646,1.37659,4312
12.12.2025 15:00:00.000,1.3766,1.37714,1.37621,1.37658,4235
12.12.2025 16:00:00.000,1.37656,1.37718,1.37626,1.37694,4568
15.12.2025 00:00:00.000,1.37653,1.37666,1.37633,1.37644,4256
15.12.2025 01:00:00.000,1.37646,1.37678,1.37633,1.37637,4011
15.12.2025 02:00:00.000,1.37637,1.37643,1.37595,1.37626,3589
15.12.2025 03:00:00.000,1.37624,1.37673,1.37576,1.37607,4608
15.12.2025 04:00:00.000,1.37606,1.37664,1.37571,1.3765,4181
15.12.2025 05:00:00.000,1.37651,1.37762,1.3763,1.37735,3586
15.12.2025 06:00:00.000,1.37735,1.37764,1.37633,1.37653,3974
15.12.2025 07:00:00.000,1.37652,1.37663,1.37511,1.37513,4409
15.12.2025 08:00:00.000,1.37512,1.37683,1.37472,1.37683,7961
15.12.2025 09:00:00.000,1.37686,1.37716,1.37565,1.3757,9972
15.12.2025 10:00:00.000,1.3757,1.37719,1.37544,1.37612,10641
15.12.2025 11:00:00.000,1.37612,1.37738,1.37598,1.37656,8091
15.12.2025 12:00:00.000,1.37658,1.37755,1.37635,1.37746,6037
15.12.2025 13:00:00.000,1.37744,1.3788,1.37729,1.37798,6402
15.12.2025 14:00:00.000,1.37803,1.37822,1.37711,1.37718,3120
15.12.2025 15:00:00.000,1.37724,1.37747,1.37696,1.37698,4316
15.12.2025 16:00:00.000,1.37698,1.37732,1.37664,1.37674,3274
15.12.2025 17:00:00.000,1.37648,1.37705,1.3763,1.37665,1032
15.12.2025 18:00:00.000,1.37667,1.37701,1.37654,1.37691,2130
15.12.2025 19:00:00.000,1.3769,1.37763,1.37662,1.3774,7153
15.12.2025 20:00:00.000,1.3774,1.37807,1.37719,1.37776,7026
15.12.2025 21:00:00.000,1.37774,1.37793,1.37708,1.37713,6260
15.12.2025 22:00:00.000,1.37713,1.37728,1.37675,1.37694,4770
15.12.2025 23:00:00.000,1.37693,1.37698,1.37654,1.37671,4826
16.12.2025 00:00:00.000,1.37671,1.37698,1.37644,1.37693,5111
16.12.2025 01:00:00.000,1.37693,1.37719,1.37644,1.37647,4854
16.12.2025 02:00:00.000,1.37646,1.37714,1.37637,1.37698,4782
16.12.2025 03:00:00.000,1.37698,1.37744,1.37634,1.37738,7562
16.12.2025 04:00:00.000,1.37737,1.37778,1.37684,1.3775,6639
16.12.2025 05:00:00.000,1.37749,1.37792,1.37709,1.37764,4990
16.12.2025 06:00:00.000,1.37764,1.37795,1.37735,1.37737,4367
16.12.2025 07:00:00.000,1.37737,1.37737,1.37594,1.37595,6280
16.12.2025 08:00:00.000,1.37594,1.37641,1.37373,1.37532,13772
16.12.2025 09:00:00.000,1.37531,1.37538,1.37298,1.37361,13522
16.12.2025 10:00:00.000,1.37361,1.37633,1.37349,1.37474,15002
16.12.2025 11:00:00.000,1.37473,1.37552,1.37446,1.375,8380
16.12.2025 12:00:00.000,1.37498,1.37499,1.37356,1.37456,6278
16.12.2025 13:00:00.000,1.37455,1.3757,1.3737,1.37416,6954
16.12.2025 14:00:00.000,1.37418,1.37618,1.3741,1.37451,6105
16.12.2025 15:00:00.000,1.37453,1.37561,1.3742,1.37553,6824
16.12.2025 16:00:00.000,1.37555,1.37604,1.37493,1.37518,2475
16.12.2025 17:00:00.000,1.37502,1.37562,1.37412,1.37537,2529
16.12.2025 18:00:00.000,1.37537,1.37562,1.37519,1.3755,2689
16.12.2025 19:00:00.000,1.37551,1.37636,1.3755,1.37634,5034
16.12.2025 20:00:00.000,1.37634,1.37634,1.37584,1.37589,7472
16.12.2025 21:00:00.000,1.37588,1.37696,1.37585,1.37679,5473
16.12.2025 22:00:00.000,1.37678,1.37707,1.37638,1.37661,4182
16.12.2025 23:00:00.000,1.3766,1.37757,1.3766,1.37751,3860
17.12.2025 00:00:00.000,1.37749,1.37772,1.37718,1.37743,4004
17.12.2025 01:00:00.000,1.37743,1.37805,1.37723,1.37798,4248
17.12.2025 02:00:00.000,1.37799,1.37836,1.37756,1.37801,4549
17.12.2025 03:00:00.000,1.37802,1.37851,1.37733,1.37748,7414
17.12.2025 04:00:00.000,1.37747,1.37766,1.3771,1.37765,5824
17.12.2025 05:00:00.000,1.37765,1.37842,1.37735,1.37826,3649
17.12.2025 06:00:00.000,1.37824,1.37954,1.37813,1.379,5437
17.12.2025 07:00:00.000,1.379,1.37911,1.37838,1.37842,6420
17.12.2025 08:00:00.000,1.37842,1.37915,1.37761,1.37768,8595
17.12.2025 09:00:00.000,1.37768,1.37806,1.3769,1.37719,10487
17.12.2025 10:00:00.000,1.37718,1.37844,1.37617,1.378,12193
17.12.2025 11:00:00.000,1.37802,1.37978,1.37735,1.37937,9829
17.12.2025 12:00:00.000,1.37939,1.37941,1.37821,1.37827,7272
17.12.2025 13:00:00.000,1.37828,1.3792,1.37781,1.37897,5933
17.12.2025 14:00:00.000,1.37897,1.37913,1.37843,1.37887,3652
17.12.2025 15:00:00.000,1.3789,1.37893,1.37752,1.37825,4093
17.12.2025 16:00:00.000,1.37825,1.37884,1.37808,1.37865,1992
17.12.2025 17:00:00.000,1.37838,1.37876,1.37753,1.37834,1357
17.12.2025 18:00:00.000,1.37833,1.37854,1.37814,1.37832,1851
17.12.2025 19:00:00.000,1.37833,1.37859,1.37822,1.37826,3568
17.12.2025 20:00:00.000,1.37827,1.37885,1.37779,1.3786,5292
17.12.2025 21:00:00.000,1.37859,1.37879,1.3781,1.37857,4297
17.12.2025 22:00:00.000,1.37858,1.37869,1.37828,1.37856,3357
17.12.2025 23:00:00.000,1.37858,1.37862,1.37791,1.37792,3006
18.12.2025 00:00:00.000,1.37792,1.37809,1.37763,1.37767,3396
18.12.2025 01:00:00.000,1.37767,1.37798,1.37715,1.37724,4767
18.12.2025 02:00:00.000,1.37723,1.37734,1.37677,1.37722,4581
18.12.2025 03:00:00.000,1.37722,1.37813,1.37718,1.37746,5316
18.12.2025 04:00:00.000,1.37745,1.37831,1.37744,1.37815,5154
18.12.2025 05:00:00.000,1.37816,1.37823,1.37757,1.37788,3432
18.12.2025 06:00:00.000,1.37788,1.37876,1.37774,1.37819,3506
18.12.2025 07:00:00.000,1.37824,1.37935,1.378,1.37918,5480
18.12.2025 08:00:00.000,1.37917,1.37955,1.37617,1.37763,13840
18.12.2025 09:00:00.000,1.37766,1.37808,1.37673,1.37764,14655
18.12.2025 10:00:00.000,1.37764,1.37807,1.37646,1.37657,13142
18.12.2025 11:00:00.000,1.37657,1.37678,1.37556,1.37626,8091
18.12.2025 12:00:00.000,1.37627,1.37805,1.37611,1.37719,7782
18.12.2025 13:00:00.000,1.37717,1.37768,1.37656,1.37758,7029
18.12.2025 14:00:00.000,1.37758,1.37824,1.37735,1.37801,5861
18.12.2025 15:00:00.000,1.37802,1.37832,1.3777,1.37796,6156
18.12.2025 16:00:00.000,1.37798,1.37835,1.37732,1.37732,2821
18.12.2025 17:00:00.000,1.37732,1.37787,1.3769,1.37757,1678
18.12.2025 18:00:00.000,1.37749,1.37792,1.37711,1.3777,2125
18.12.2025 19:00:00.000,1.3777,1.37776,1.37713,1.37715,4051
18.12.2025 20:00:00.000,1.37714,1.37805,1.37694,1.37779,5865
18.12.2025 21:00:00.000,1.3778,1.37837,1.37748,1.37831,4352
18.12.2025 22:00:00.000,1.37833,1.37858,1.37805,1.37828,5659
18.12.2025 23:00:00.000,1.37828,1.37884,1.3782,1.37862,2822
19.12.2025 00:00:00.000,1.37861,1.37886,1.37844,1.3788,2634
19.12.2025 01:00:00.000,1.3788,1.37941,1.37873,1.3791,4686
19.12.2025 02:00:00.000,1.3791,1.37962,1.37869,1.37946,5469
19.12.2025 03:00:00.000,1.37945,1.37945,1.37855,1.37881,5664
19.12.2025 04:00:00.000,1.37884,1.37966,1.37866,1.37938,4648
19.12.2025 05:00:00.000,1.37937,1.37969,1.37909,1.37927,3097
19.12.2025 06:00:00.000,1.37926,1.38005,1.37921,1.37961,3987
19.12.2025 07:00:00.000,1.37961,1.3799,1.37833,1.37921,4826
19.12.2025 08:00:00.000,1.37921,1.37951,1.37799,1.37816,6260
19.12.2025 09:00:00.000,1.37817,1.37817,1.37546,1.37594,7467
19.12.2025 10:00:00.000,1.37592,1.37863,1.37573,1.37841,8612
19.12.2025 11:00:00.000,1.37841,1.37876,1.37731,1.37802,5530
19.12.2025 12:00:00.000,1.37802,1.37856,1.37744,1.37788,3866
19.12.2025 13:00:00.000,1.3779,1.37819,1.37728,1.3781,4169
19.12.2025 14:00:00.000,1.37814,1.37865,1.378,1.37858,4089
19.12.2025 15:00:00.000,1.3786,1.38054,1.37852,1.37992,3041
19.12.2025 16:00:00.000,1.37992,1.38053,1.37921,1.38,3922
22.12.2025 00:00:00.000,1.37939,1.37943,1.37915,1.37917,2623
22.12.2025 01:00:00.000,1.37917,1.37955,1.37907,1.37939,2253
22.12.2025 02:00:00.000,1.37939,1.3794,1.37801,1.37813,3449
22.12.2025 03:00:00.000,1.37813,1.3784,1.37762,1.37769,5672
22.12.2025 04:00:00.000,1.37767,1.37789,1.37692,1.37708,6102
22.12.2025 05:00:00.000,1.37708,1.37721,1.37662,1.37675,5520
22.12.2025 06:00:00.000,1.37676,1.37697,1.37647,1.37664,4975
22.12.2025 07:00:00.000,1.37664,1.3773,1.37644,1.37672,5955
22.12.2025 08:00:00.000,1.37673,1.37685,1.37545,1.37548,9140
22.12.2025 09:00:00.000,1.37548,1.37638,1.37425,1.37448,12611
22.12.2025 10:00:00.000,1.37447,1.37483,1.37394,1.37416,11275
22.12.2025 11:00:00.000,1.37419,1.37457,1.37354,1.37451,7157
22.12.2025 12:00:00.000,1.37451,1.37468,1.37359,1.37377,3968
22.12.2025 13:00:00.000,1.37379,1.37435,1.37353,1.37428,3845
22.12.2025 14:00:00.000,1.37427,1.37482,1.37419,1.37467,3271
22.12.2025 15:00:00.000,1.37469,1.37534,1.37449,1.37524,2838
22.12.2025 16:00:00.000,1.37526,1.37529,1.37418,1.37462,2675
22.12.2025 17:00:00.000,1.37452,1.375,1.37445,1.37484,1370
22.12.2025 18:00:00.000,1.37489,1.37492,1.37432,1.37491,2481
22.12.2025 19:00:00.000,1.37491,1.37491,1.37418,1.37443,3236
22.12.2025 20:00:00.000,1.37442,1.37449,1.37386,1.37402,4406
22.12.2025 21:00:00.000,1.37403,1.37403,1.37338,1.37352,3925
22.12.2025 22:00:00.000,1.37351,1.37395,1.37332,1.37335,3972
22.12.2025 23:00:00.000,1.37334,1.37377,1.37328,1.37365,3604
23.12.2025 00:00:00.000,1.37366,1.37392,1.37348,1.37392,4552
23.12.2025 01:00:00.000,1.3739,1.37427,1.3737,1.3741,2794
23.12.2025 02:00:00.000,1.37409,1.37419,1.37319,1.37346,3802
23.12.2025 03:00:00.000,1.37345,1.37354,1.37203,1.37204,5160
23.12.2025 04:00:00.000,1.37203,1.37203,1.37045,1.37046,6141
23.12.2025 05:00:00.000,1.37046,1.37068,1.36974,1.36983,3353
23.12.2025 06:00:00.000,1.36981,1.37107,1.36963,1.37082,3184
23.12.2025 07:00:00.000,1.37082,1.37093,1.36983,1.37002,4606
23.12.2025 08:00:00.000,1.37001,1.37011,1.36878,1.36983,10708
23.12.2025 09:00:00.000,1.36984,1.37204,1.36956,1.3719,14652
23.12.2025 10:00:00.000,1.3719,1.37266,1.37069,1.37099,14647
23.12.2025 11:00:00.000,1.37099,1.37162,1.37057,1.37124,8644
23.12.2025 12:00:00.000,1.37124,1.37141,1.37,1.37087,6317
23.12.2025 13:00:00.000,1.37088,1.37128,1.3694,1.36945,5435
23.12.2025 14:00:00.000,1.36945,1.36951,1.36897,1.36935,4309
23.12.2025 15:00:00.000,1.36936,1.36977,1.36906,1.36924,3239
23.12.2025 16:00:00.000,1.36923,1.36934,1.36853,1.3686,2298
23.12.2025 17:00:00.000,1.36848,1.36894,1.36836,1.36891,830
23.12.2025 18:00:00.000,1.36891,1.36896,1.36849,1.36853,3652
23.12.2025 19:00:00.000,1.36847,1.36888,1.36837,1.36855,3235
23.12.2025 20:00:00.000,1.36855,1.36879,1.36767,1.36769,4706
23.12.2025 21:00:00.000,1.36768,1.36802,1.36743,1.36784,3682
23.12.2025 22:00:00.000,1.36783,1.3681,1.36765,1.36802,3200
23.12.2025 23:00:00.000,1.36801,1.36837,1.36787,1.36834,3282
24.12.2025 00:00:00.000,1.36833,1.36833,1.36777,1.36797,2433
24.12.2025 01:00:00.000,1.36794,1.36798,1.36751,1.36786,3874
24.12.2025 02:00:00.000,1.36786,1.3684,1.36759,1.36832,3086
24.12.2025 03:00:00.000,1.36833,1.36878,1.36782,1.36782,4579
24.12.2025 04:00:00.000,1.36782,1.36787,1.3672,1.36739,4824
24.12.2025 05:00:00.000,1.3674,1.36766,1.36716,1.36718,3624
24.12.2025 06:00:00.000,1.36718,1.36735,1.36683,1.36686,4363
24.12.2025 07:00:00.000,1.36688,1.36815,1.36657,1.368,5415
24.12.2025 08:00:00.000,1.368,1.36849,1.36734,1.36745,8787
24.12.2025 09:00:00.000,1.36745,1.36783,1.36646,1.3673,8653
24.12.2025 10:00:00.000,1.3673,1.36768,1.3666,1.36675,9960
24.12.2025 11:00:00.000,1.36675,1.36788,1.3665,1.36728,6413
24.12.2025 12:00:00.000,1.36729,1.36798,1.36688,1.36706,4699
24.12.2025 13:00:00.000,1.36708,1.3676,1.36667,1.36702,4800
24.12.2025 14:00:00.000,1.36701,1.36752,1.36683,1.36752,1758
24.12.2025 15:00:00.000,1.36753,1.36764,1.36719,1.3673,2373
24.12.2025 16:00:00.000,1.36729,1.36762,1.36698,1.3671,2060
24.12.2025 17:00:00.000,1.3661,1.36648,1.3661,1.36638,35
24.12.2025 18:00:00.000,1.36637,1.36667,1.36637,1.36667,46
24.12.2025 19:00:00.000,1.36667,1.36686,1.36629,1.36659,74
24.12.2025 20:00:00.000,1.36657,1.36662,1.36651,1.36654,51
24.12.2025 21:00:00.000,1.36655,1.36665,1.36655,1.3666,52
24.12.2025 22:00:00.000,1.3666,1.36666,1.36658,1.36662,50
24.12.2025 23:00:00.000,1.36663,1.36668,1.36661,1.36662,20
25.12.2025 00:00:00.000,1.36663,1.36669,1.36656,1.36657,38
25.12.2025 01:00:00.000,1.36658,1.36821,1.36628,1.36629,109
25.12.2025 02:00:00.000,1.36653,1.36653,1.36629,1.36629,2
25.12.2025 17:00:00.000,1.36642,1.36769,1.36606,1.36722,1074
25.12.2025 18:00:00.000,1.36722,1.3675,1.36692,1.36734,6672
25.12.2025 19:00:00.000,1.36732,1.36752,1.36694,1.36719,5705
25.12.2025 20:00:00.000,1.36717,1.36761,1.36689,1.36752,8062
25.12.2025 21:00:00.000,1.3675,1.36759,1.36695,1.36713,8599
25.12.2025 22:00:00.000,1.36714,1.36794,1.36708,1.36787,6273
25.12.2025 23:00:00.000,1.36788,1.36814,1.36779,1.36791,3763
26.12.2025 00:00:00.000,1.36791,1.36813,1.3674,1.3675,3234
26.12.2025 01:00:00.000,1.36751,1.36756,1.36693,1.36723,8088
26.12.2025 02:00:00.000,1.36722,1.3676,1.36653,1.36757,7946
26.12.2025 03:00:00.000,1.36759,1.36801,1.36716,1.36723,3607
26.12.2025 04:00:00.000,1.36724,1.36819,1.3672,1.36819,2312
26.12.2025 05:00:00.000,1.3682,1.36846,1.36783,1.3683,2799
26.12.2025 06:00:00.000,1.36828,1.3683,1.36781,1.36795,2549
26.12.2025 07:00:00.000,1.36795,1.36846,1.36783,1.36824,2670
26.12.2025 08:00:00.000,1.36822,1.36823,1.36487,1.36541,7325
26.12.2025 09:00:00.000,1.36541,1.36554,1.36447,1.36524,6709
26.12.2025 10:00:00.000,1.36523,1.36583,1.3642,1.36569,7908
26.12.2025 11:00:00.000,1.36569,1.36725,1.3654,1.36647,9608
26.12.2025 12:00:00.000,1.36647,1.36718,1.36627,1.36679,7211
26.12.2025 13:00:00.000,1.36679,1.36718,1.36659,1.36699,9122
26.12.2025 14:00:00.000,1.367,1.36743,1.36685,1.36711,5944
26.12.2025 15:00:00.000,1.36709,1.36718,1.36667,1.3669,5391
26.12.2025 16:00:00.000,1.36689,1.36753,1.36676,1.36717,6748
29.12.2025 00:00:00.000,1.36662,1.36732,1.36662,1.3673,3682
29.12.2025 01:00:00.000,1.36731,1.36817,1.36708,1.36794,4100
29.12.2025 02:00:00.000,1.3679,1.36873,1.36763,1.36867,5473
29.12.2025 03:00:00.000,1.36867,1.36961,1.36791,1.36834,7299
29.12.2025 04:00:00.000,1.36835,1.36897,1.36762,1.36872,5422
29.12.2025 05:00:00.000,1.36872,1.36896,1.36799,1.36896,3243
29.12.2025 06:00:00.000,1.36897,1.36947,1.36891,1.36943,2785
29.12.2025 07:00:00.000,1.36942,1.37007,1.36925,1.36947,3647
29.12.2025 08:00:00.000,1.36947,1.36958,1.36801,1.36868,5418
29.12.2025 09:00:00.000,1.36868,1.36968,1.36628,1.36773,8032
29.12.2025 10:00:00.000,1.36773,1.36979,1.36693,1.36694,10919
29.12.2025 11:00:00.000,1.36695,1.36837,1.36649,1.36817,7792
29.12.2025 12:00:00.000,1.36817,1.36938,1.36807,1.36904,4627
29.12.2025 13:00:00.000,1.36905,1.36945,1.36882,1.36902,4555
29.12.2025 14:00:00.000,1.36903,1.3692,1.36821,1.36833,5196
29.12.2025 15:00:00.000,1.36833,1.36977,1.36822,1.3696,3785
29.12.2025 16:00:00.000,1.3696,1.36984,1.36855,1.36894,3248
29.12.2025 17:00:00.000,1.36898,1.36898,1.368,1.36866,1117
29.12.2025 18:00:00.000,1.3687,1.369,1.36856,1.36875,2512
29.12.2025 19:00:00.000,1.36875,1.36952,1.36875,1.36905,2481
29.12.2025 20:00:00.000,1.36909,1.36923,1.3684,1.36841,3123
29.12.2025 21:00:00.000,1.36841,1.369,1.3683,1.36873,2885
29.12.2025 22:00:00.000,1.36873,1.36894,1.36842,1.36873,2016
29.12.2025 23:00:00.000,1.36872,1.36885,1.36837,1.36849,2501
30.12.2025 00:00:00.000,1.36849,1.3687,1.36825,1.36859,3398
30.12.2025 01:00:00.000,1.3686,1.36871,1.36821,1.36837,2370
30.12.2025 02:00:00.000,1.36841,1.36871,1.36829,1.36829,2973
30.12.2025 03:00:00.000,1.3683,1.36911,1.36809,1.36865,3734
30.12.2025 04:00:00.000,1.36868,1.36895,1.36786,1.36841,2970
30.12.2025 05:00:00.000,1.36841,1.36875,1.36821,1.36867,2415
30.12.2025 06:00:00.000,1.36866,1.36988,1.36864,1.3698,3638
30.12.2025 07:00:00.000,1.3698,1.37079,1.36972,1.3704,4339
30.12.2025 08:00:00.000,1.37039,1.37047,1.3692,1.37037,6553
30.12.2025 09:00:00.000,1.37038,1.37063,1.36965,1.37007,7418
30.12.2025 10:00:00.000,1.37007,1.37083,1.3681,1.36824,10051
30.12.2025 11:00:00.000,1.36826,1.36873,1.36798,1.36804,7680
30.12.2025 12:00:00.000,1.36803,1.36877,1.36791,1.36855,3058
30.12.2025 13:00:00.000,1.36854,1.36924,1.36824,1.36907,2161
30.12.2025 14:00:00.000,1.36906,1.3698,1.36888,1.36959,2892
30.12.2025 15:00:00.000,1.3696,1.36988,1.3691,1.36982,3361
30.12.2025 16:00:00.000,1.36983,1.36988,1.36935,1.36952,2097
30.12.2025 17:00:00.000,1.36952,1.36956,1.36912,1.36944,267
30.12.2025 18:00:00.000,1.36943,1.36975,1.36935,1.36952,1283
30.12.2025 19:00:00.000,1.36952,1.36988,1.36928,1.36954,1773
30.12.2025 20:00:00.000,1.36953,1.3698,1.36917,1.36957,2734
30.12.2025 21:00:00.000,1.36957,1.37008,1.36953,1.36973,3110
30.12.2025 22:00:00.000,1.36975,1.36998,1.3695,1.36965,1805
30.12.2025 23:00:00.000,1.36965,1.36979,1.36954,1.36973,1401
31.12.2025 00:00:00.000,1.36973,1.37038,1.36956,1.3701,2563
31.12.2025 01:00:00.000,1.37009,1.3705,1.36996,1.37001,3128
31.12.2025 02:00:00.000,1.37001,1.37096,1.37001,1.37034,2631
31.12.2025 03:00:00.000,1.37035,1.37092,1.37013,1.37078,3144
31.12.2025 04:00:00.000,1.37079,1.37081,1.36991,1.37026,2889
31.12.2025 05:00:00.000,1.37026,1.37119,1.36986,1.37096,2804
31.12.2025 06:00:00.000,1.37094,1.37101,1.3703,1.37043,2048
31.12.2025 07:00:00.000,1.37044,1.37044,1.3693,1.36931,3438
31.12.2025 08:00:00.000,1.36931,1.37019,1.36878,1.36974,6182
31.12.2025 09:00:00.000,1.36976,1.37036,1.36919,1.36969,9663
31.12.2025 10:00:00.000,1.36969,1.37262,1.36969,1.37069,13122
31.12.2025 11:00:00.000,1.37068,1.37199,1.3705,1.37136,10133
31.12.2025 12:00:00.000,1.37135,1.37242,1.37123,1.37201,7055
31.12.2025 13:00:00.000,1.372,1.37276,1.37187,1.37237,6831
31.12.2025 14:00:00.000,1.37237,1.37237,1.37148,1.372,6404
31.12.2025 15:00:00.000,1.37199,1.37265,1.37138,1.37251,5122
31.12.2025 16:00:00.000,1.37254,1.37276,1.37185,1.37241,12140
01.01.2026 17:00:00.000,1.37172,1.37221,1.37156,1.37195,675
01.01.2026 18:00:00.000,1.37196,1.37217,1.37163,1.37171,1542
01.01.2026 19:00:00.000,1.37169,1.37184,1.37104,1.37113,2953
01.01.2026 20:00:00.000,1.37113,1.37113,1.37062,1.37078,4735
01.01.2026 21:00:00.000,1.37079,1.37093,1.37038,1.37081,3433
01.01.2026 22:00:00.000,1.37081,1.37095,1.37058,1.37084,3414
01.01.2026 23:00:00.000,1.37081,1.37162,1.37077,1.37149,3783
02.01.2026 00:00:00.000,1.37149,1.37173,1.37122,1.37159,3401
02.01.2026 01:00:00.000,1.37158,1.3718,1.37138,1.37146,3663
02.01.2026 02:00:00.000,1.37149,1.37153,1.36998,1.37014,5426
02.01.2026 03:00:00.000,1.37014,1.37174,1.37009,1.37143,7423
02.01.2026 04:00:00.000,1.37143,1.37216,1.37127,1.37206,6198
02.01.2026 05:00:00.000,1.37207,1.37248,1.37191,1.37208,5147
02.01.2026 06:00:00.000,1.3721,1.3729,1.37169,1.37259,4929
02.01.2026 07:00:00.000,1.3726,1.3736,1.3722,1.37339,3326
02.01.2026 08:00:00.000,1.37338,1.3741,1.37226,1.37394,4524
02.01.2026 09:00:00.000,1.37392,1.37469,1.37355,1.37417,5658
02.01.2026 10:00:00.000,1.37417,1.37427,1.37203,1.37236,9626
02.01.2026 11:00:00.000,1.37238,1.37403,1.37228,1.37386,8227
02.01.2026 12:00:00.000,1.37388,1.37416,1.37239,1.37396,9359
02.01.2026 13:00:00.000,1.37397,1.37473,1.37383,1.37443,5929
02.01.2026 14:00:00.000,1.37443,1.37448,1.37319,1.37331,5785
02.01.2026 15:00:00.000,1.37329,1.37371,1.37308,1.37325,4061
02.01.2026 16:00:00.000,1.37324,1.37349,1.37261,1.37261,3839
05.01.2026 00:00:00.000,1.377,1.37724,1.37665,1.37679,5271
05.01.2026 01:00:00.000,1.3768,1.3772,1.37643,1.3766,5931
05.01.2026 02:00:00.000,1.37657,1.37809,1.37639,1.37775,7367
05.01.2026 03:00:00.000,1.37778,1.37838,1.37704,1.37828,9107
05.01.2026 04:00:00.000,1.37826,1.37881,1.37771,1.37773,5789
05.01.2026 05:00:00.000,1.37772,1.37774,1.3766,1.3767,6840
05.01.2026 06:00:00.000,1.37671,1.37691,1.37621,1.37664,6169
05.01.2026 07:00:00.000,1.37665,1.37834,1.37616,1.37822,6130
05.01.2026 08:00:00.000,1.37826,1.3815,1.37821,1.37982,13963
05.01.2026 09:00:00.000,1.3798,1.37996,1.37779,1.37862,15913
05.01.2026 10:00:00.000,1.3786,1.37866,1.3745,1.37479,14829
05.01.2026 11:00:00.000,1.37479,1.37581,1.37447,1.37573,10965
05.01.2026 12:00:00.000,1.37573,1.37646,1.37554,1.37609,6702
05.01.2026 13:00:00.000,1.3761,1.37638,1.37546,1.37605,5107
05.01.2026 14:00:00.000,1.37605,1.37623,1.37546,1.37559,6452
05.01.2026 15:00:00.000,1.3756,1.37663,1.37559,1.37622,4029
05.01.2026 16:00:00.000,1.37621,1.37734,1.37601,1.37688,3959
05.01.2026 17:00:00.000,1.37688,1.37706,1.37632,1.37683,564
05.01.2026 18:00:00.000,1.37682,1.37731,1.3768,1.37728,3538
05.01.2026 19:00:00.000,1.37729,1.37758,1.37713,1.37715,4727
05.01.2026 20:00:00.000,1.37715,1.37741,1.37636,1.37638,6654
05.01.2026 21:00:00.000,1.37638,1.37697,1.37608,1.37612,5014
05.01.2026 22:00:00.000,1.37612,1.37658,1.37601,1.37656,3974
05.01.2026 23:00:00.000,1.37657,1.37667,1.37597,1.37634,2275
06.01.2026 00:00:00.000,1.37635,1.37661,1.37598,1.37634,3340
06.01.2026 01:00:00.000,1.37634,1.37652,1.37547,1.37561,3872
06.01.2026 02:00:00.000,1.37562,1.37653,1.3751,1.37623,5376
06.01.2026 03:00:00.000,1.37625,1.3765,1.37533,1.37618,7174
06.01.2026 04:00:00.000,1.37622,1.37695,1.3761,1.37679,6894
06.01.2026 05:00:00.000,1.37681,1.3771,1.37599,1.3762,6105
06.01.2026 06:00:00.000,1.37621,1.37735,1.37621,1.37701,4680
06.01.2026 07:00:00.000,1.377,1.37851,1.37643,1.37806,4475
06.01.2026 08:00:00.000,1.37804,1.37818,1.37702,1.3771,8402
06.01.2026 09:00:00.000,1.3771,1.3773,1.37562,1.37655,9654
06.01.2026 10:00:00.000,1.37654,1.37925,1.3765,1.37853,12034
06.01.2026 11:00:00.000,1.37854,1.37963,1.37822,1.37902,7160
06.01.2026 12:00:00.000,1.37902,1.37949,1.37862,1.37899,3999
06.01.2026 13:00:00.000,1.37898,1.37988,1.37881,1.3797,4290
06.01.2026 14:00:00.000,1.37971,1.38071,1.37961,1.38042,4005
06.01.2026 15:00:00.000,1.38043,1.38094,1.38008,1.38093,3710
06.01.2026 16:00:00.000,1.38096,1.38163,1.38064,1.38131,1747
06.01.2026 17:00:00.000,1.38124,1.3814,1.38044,1.38105,862
06.01.2026 18:00:00.000,1.38108,1.38165,1.38108,1.38156,1779
06.01.2026 19:00:00.000,1.38155,1.38239,1.38145,1.38179,6465
06.01.2026 20:00:00.000,1.38179,1.38247,1.38146,1.38194,6932
06.01.2026 21:00:00.000,1.38194,1.382,1.38098,1.38141,4623
06.01.2026 22:00:00.000,1.3814,1.3816,1.38117,1.38158,3823
06.01.2026 23:00:00.000,1.38155,1.38158,1.3811,1.38117,7011
07.01.2026 00:00:00.000,1.38118,1.38157,1.38099,1.38128,3756
07.01.2026 01:00:00.000,1.38128,1.38169,1.3811,1.38129,3267
07.01.2026 02:00:00.000,1.38128,1.38256,1.38127,1.38249,4312
07.01.2026 03:00:00.000,1.38249,1.38265,1.38165,1.38167,5908
07.01.2026 04:00:00.000,1.38167,1.38194,1.38117,1.3813,4738
07.01.2026 05:00:00.000,1.38132,1.38137,1.38048,1.38048,4708
07.01.2026 06:00:00.000,1.38048,1.38074,1.38022,1.38056,4151
07.01.2026 07:00:00.000,1.38058,1.38124,1.38034,1.38073,3284
07.01.2026 08:00:00.000,1.38075,1.38091,1.37939,1.37953,6358
07.01.2026 09:00:00.000,1.37954,1.38043,1.37895,1.38029,10207
07.01.2026 10:00:00.000,1.38016,1.38177,1.38015,1.3812,13076
07.01.2026 11:00:00.000,1.38119,1.38323,1.38108,1.38292,7525
07.01.2026 12:00:00.000,1.38291,1.38312,1.38242,1.38308,4801
07.01.2026 13:00:00.000,1.38307,1.38387,1.38292,1.38384,3736
07.01.2026 14:00:00.000,1.38384,1.38461,1.38372,1.38448,3532
07.01.2026 15:00:00.000,1.38448,1.38555,1.38437,1.38539,5087
07.01.2026 16:00:00.000,1.38539,1.38612,1.38533,1.38603,5007
07.01.2026 17:00:00.000,1.38596,1.38596,1.38515,1.38546,787
07.01.2026 18:00:00.000,1.38546,1.38613,1.38528,1.38578,1509
07.01.2026 19:00:00.000,1.38578,1.38615,1.38568,1.38598,3166
07.01.2026 20:00:00.000,1.38598,1.38655,1.38579,1.38627,4766
07.01.2026 21:00:00.000,1.38628,1.38657,1.38599,1.38654,5709
07.01.2026 22:00:00.000,1.38656,1.38663,1.38578,1.38601,4999
07.01.2026 23:00:00.000,1.38602,1.38651,1.386,1.38649,3163
08.01.2026 00:00:00.000,1.3865,1.38697,1.38648,1.38664,5544
08.01.2026 01:00:00.000,1.38664,1.3879,1.38662,1.38671,5267
08.01.2026 02:00:00.000,1.38673,1.38792,1.38671,1.38786,4277
08.01.2026 03:00:00.000,1.38785,1.3888,1.38712,1.38851,4429
08.01.2026 04:00:00.000,1.38852,1.38869,1.38781,1.38782,6155
08.01.2026 05:00:00.000,1.38782,1.38813,1.38694,1.38698,5332
08.01.2026 06:00:00.000,1.38702,1.38746,1.38654,1.38656,4799
08.01.2026 07:00:00.000,1.38657,1.3871,1.38596,1.38596,3821
08.01.2026 08:00:00.000,1.38596,1.38663,1.3853,1.3863,5374
08.01.2026 09:00:00.000,1.38632,1.38726,1.38502,1.38597,9575
08.01.2026 10:00:00.000,1.38597,1.38642,1.38532,1.38584,9187
08.01.2026 11:00:00.000,1.38583,1.38689,1.38581,1.38637,8904
08.01.2026 12:00:00.000,1.38642,1.38752,1.38628,1.38683,5105
08.01.2026 13:00:00.000,1.38684,1.38764,1.38681,1.38755,4266
08.01.2026 14:00:00.000,1.38753,1.38757,1.38672,1.38674,3897
08.01.2026 15:00:00.000,1.38675,1.38676,1.38598,1.38612,4484
08.01.2026 16:00:00.000,1.38611,1.38662,1.38545,1.38609,4882
08.01.2026 17:00:00.000,1.38602,1.38651,1.38566,1.38631,639
08.01.2026 18:00:00.000,1.3863,1.38651,1.38606,1.3864,1763
08.01.2026 19:00:00.000,1.38641,1.38692,1.3864,1.38681,3526
08.01.2026 20:00:00.000,1.38681,1.38723,1.38649,1.38715,5587
08.01.2026 21:00:00.000,1.38715,1.38755,1.38695,1.38708,4809
08.01.2026 22:00:00.000,1.38708,1.3875,1.38689,1.38694,3513
08.01.2026 23:00:00.000,1.38694,1.38706,1.38672,1.38683,3226
09.01.2026 00:00:00.000,1.38681,1.3873,1.38679,1.38699,3875
09.01.2026 01:00:00.000,1.38697,1.38721,1.38641,1.38691,4190
09.01.2026 02:00:00.000,1.38691,1.38763,1.38677,1.38685,3714
09.01.2026 03:00:00.000,1.38683,1.38785,1.38677,1.38698,5537
09.01.2026 04:00:00.000,1.38698,1.38765,1.38664,1.3874,4974
09.01.2026 05:00:00.000,1.38739,1.38739,1.3868,1.38713,3212
09.01.2026 06:00:00.000,1.38713,1.38726,1.3868,1.38707,3231
09.01.2026 07:00:00.000,1.38707,1.38822,1.38703,1.38813,3145
09.01.2026 08:00:00.000,1.38813,1.38885,1.38667,1.38774,12179
09.01.2026 09:00:00.000,1.38775,1.38871,1.38738,1.38814,13042
09.01.2026 10:00:00.000,1.38811,1.39058,1.38798,1.389,14270
09.01.2026 11:00:00.000,1.389,1.38975,1.38807,1.38936,12199
09.01.2026 12:00:00.000,1.38937,1.39016,1.38923,1.3901,5340
09.01.2026 13:00:00.000,1.3901,1.3908,1.39004,1.3907,5480
09.01.2026 14:00:00.000,1.39069,1.39127,1.3906,1.3909,3531
09.01.2026 15:00:00.000,1.3909,1.39122,1.39079,1.3912,2719
09.01.2026 16:00:00.000,1.39123,1.39195,1.39087,1.39094,4455
12.01.2026 00:00:00.000,1.38956,1.38967,1.38878,1.38898,4204
12.01.2026 01:00:00.000,1.389,1.38932,1.38871,1.38906,4069
12.01.2026 02:00:00.000,1.38906,1.38928,1.38754,1.38764,6168
12.01.2026 03:00:00.000,1.38765,1.38776,1.38667,1.38722,6906
12.01.2026 04:00:00.000,1.3872,1.38811,1.3872,1.388,5112
12.01.2026 05:00:00.000,1.38799,1.38833,1.38726,1.38759,5157
12.01.2026 06:00:00.000,1.3876,1.38804,1.38723,1.38786,5074
12.01.2026 07:00:00.000,1.38786,1.38843,1.38724,1.38767,5657
12.01.2026 08:00:00.000,1.3877,1.38793,1.38678,1.38701,8883
12.01.2026 09:00:00.000,1.38702,1.38942,1.38698,1.38821,12257
12.01.2026 10:00:00.000,1.38819,1.38843,1.38686,1.3873,9145
12.01.2026 11:00:00.000,1.38729,1.38771,1.38683,1.38766,7629
12.01.2026 12:00:00.000,1.38767,1.38805,1.38709,1.38718,5505
12.01.2026 13:00:00.000,1.38718,1.38787,1.38718,1.38777,3910
12.01.2026 14:00:00.000,1.38778,1.38791,1.38679,1.38704,3929
12.01.2026 15:00:00.000,1.38704,1.38794,1.38684,1.38777,4004
12.01.2026 16:00:00.000,1.38775,1.38803,1.38676,1.38757,3358
12.01.2026 17:00:00.000,1.38752,1.3878,1.38719,1.38739,594
12.01.2026 18:00:00.000,1.3874,1.38773,1.38732,1.38759,2630
12.01.2026 19:00:00.000,1.38759,1.38834,1.38737,1.38792,3945
12.01.2026 20:00:00.000,1.38791,1.3881,1.38756,1.38797,5240
12.01.2026 21:00:00.000,1.38798,1.38801,1.38719,1.38733,3707
12.01.2026 22:00:00.000,1.38734,1.38746,1.38683,1.38719,3322
12.01.2026 23:00:00.000,1.38719,1.38724,1.3868,1.38692,2876
13.01.2026 00:00:00.000,1.38691,1.38715,1.38666,1.38713,3857
13.01.2026 01:00:00.000,1.38712,1.38761,1.38691,1.38734,3785
13.01.2026 02:00:00.000,1.38736,1.38822,1.38726,1.38772,3347
13.01.2026 03:00:00.000,1.38771,1.38873,1.38768,1.38792,5688
13.01.2026 04:00:00.000,1.38794,1.38794,1.38713,1.38752,4431
13.01.2026 05:00:00.000,1.38753,1.38823,1.38739,1.38817,4150
13.01.2026 06:00:00.000,1.38818,1.38841,1.38752,1.38753,2682
13.01.2026 07:00:00.000,1.38755,1.38833,1.38747,1.38803,3592
13.01.2026 08:00:00.000,1.38803,1.38832,1.38544,1.38704,12678
13.01.2026 09:00:00.000,1.38706,1.3886,1.38626,1.38769,11091
13.01.2026 10:00:00.000,1.3877,1.38937,1.38739,1.38789,10729
13.01.2026 11:00:00.000,1.38788,1.38945,1.38767,1.38859,8302
13.01.2026 12:00:00.000,1.3886,1.38977,1.38835,1.38942,5918
13.01.2026 13:00:00.000,1.38943,1.38967,1.38847,1.38869,5218
13.01.2026 14:00:00.000,1.38869,1.38961,1.38855,1.38865,5901
13.01.2026 15:00:00.000,1.38865,1.38892,1.38809,1.38814,4999
13.01.2026 16:00:00.000,1.38816,1.38924,1.388,1.38881,1645
13.01.2026 17:00:00.000,1.38869,1.38897,1.38818,1.38848,711
13.01.2026 18:00:00.000,1.38851,1.38869,1.38831,1.38866,1832
13.01.2026 19:00:00.000,1.38868,1.38945,1.38863,1.38934,3885
13.01.2026 20:00:00.000,1.38933,1.38968,1.38901,1.38949,5986
13.01.2026 21:00:00.000,1.38948,1.38973,1.38888,1.3889,4595
13.01.2026 22:00:00.000,1.38889,1.38889,1.38831,1.38846,3707
13.01.2026 23:00:00.000,1.38846,1.38871,1.38826,1.3886,1929
14.01.2026 00:00:00.000,1.38861,1.38875,1.38848,1.38866,2644
14.01.2026 01:00:00.000,1.38865,1.38874,1.38803,1.38803,3993
14.01.2026 02:00:00.000,1.38803,1.38869,1.38795,1.38855,4187
14.01.2026 03:00:00.000,1.38854,1.38961,1.38844,1.38905,7944
14.01.2026 04:00:00.000,1.38903,1.38955,1.38844,1.38911,5984
14.01.2026 05:00:00.000,1.38912,1.38933,1.38843,1.38867,6135
14.01.2026 06:00:00.000,1.38869,1.38875,1.3881,1.38814,5326
14.01.2026 07:00:00.000,1.38814,1.38818,1.38717,1.38718,5033
14.01.2026 08:00:00.000,1.38718,1.38805,1.387,1.38783,7714
14.01.2026 09:00:00.000,1.38782,1.38813,1.38658,1.38746,11938
14.01.2026 10:00:00.000,1.38748,1.38844,1.38729,1.38798,11897
14.01.2026 11:00:00.000,1.38798,1.38805,1.38697,1.38713,9247
14.01.2026 12:00:00.000,1.38714,1.38812,1.38704,1.38779,6096
14.01.2026 13:00:00.000,1.38779,1.38831,1.38748,1.38766,4973
14.01.2026 14:00:00.000,1.38766,1.38786,1.38707,1.38736,4403
14.01.2026 15:00:00.000,1.38736,1.3886,1.38717,1.38837,5671
14.01.2026 16:00:00.000,1.38836,1.3885,1.38788,1.38788,3147
14.01.2026 17:00:00.000,1.38787,1.38813,1.38733,1.3879,767
14.01.2026 18:00:00.000,1.38789,1.38871,1.38763,1.38864,3022
14.01.2026 19:00:00.000,1.38864,1.38916,1.38843,1.38876,4169
14.01.2026 20:00:00.000,1.38874,1.38926,1.38858,1.38889,6637
14.01.2026 21:00:00.000,1.38888,1.38924,1.38879,1.38923,3092
14.01.2026 22:00:00.000,1.3892,1.38978,1.38918,1.38963,3422
14.01.2026 23:00:00.000,1.38963,1.39022,1.38959,1.39012,2663
15.01.2026 00:00:00.000,1.39013,1.39021,1.38956,1.38995,3090
15.01.2026 01:00:00.000,1.38996,1.3901,1.38958,1.38998,3745
15.01.2026 02:00:00.000,1.39,1.39035,1.38966,1.38997,4091
15.01.2026 03:00:00.000,1.38995,1.39074,1.38995,1.39053,4894
15.01.2026 04:00:00.000,1.39055,1.39072,1.3903,1.39043,3563
15.01.2026 05:00:00.000,1.39043,1.39066,1.38995,1.39016,2244
15.01.2026 06:00:00.000,1.39016,1.39036,1.38965,1.39002,2952
15.01.2026 07:00:00.000,1.39002,1.39042,1.38956,1.39019,3114
15.01.2026 08:00:00.000,1.39019,1.39129,1.38971,1.39105,6836
15.01.2026 09:00:00.000,1.39108,1.39193,1.3902,1.39096,10656
15.01.2026 10:00:00.000,1.39095,1.39096,1.38909,1.3891,7322
15.01.2026 11:00:00.000,1.38911,1.39003,1.38893,1.38971,6928
15.01.2026 12:00:00.000,1.38971,1.38991,1.38918,1.38965,4666
15.01.2026 13:00:00.000,1.38966,1.38979,1.38866,1.38908,4323
15.01.2026 14:00:00.000,1.38907,1.38959,1.38897,1.38922,4602
15.01.2026 15:00:00.000,1.3892,1.38991,1.38909,1.38975,3906
15.01.2026 16:00:00.000,1.38974,1.3899,1.38846,1.38862,3284
15.01.2026 17:00:00.000,1.3886,1.3892,1.38798,1.38895,1066
15.01.2026 18:00:00.000,1.3889,1.3891,1.38861,1.38896,2714
15.01.2026 19:00:00.000,1.38897,1.38974,1.38893,1.38966,4653
15.01.2026 20:00:00.000,1.38966,1.38977,1.38924,1.38949,9210
15.01.2026 21:00:00.000,1.38949,1.38966,1.38869,1.38886,8712
15.01.2026 22:00:00.000,1.38886,1.38888,1.3884,1.38855,5060
15.01.2026 23:00:00.000,1.38854,1.3887,1.38839,1.38869,4534
16.01.2026 00:00:00.000,1.38869,1.38921,1.38865,1.38912,4466
16.01.2026 01:00:00.000,1.3891,1.38944,1.38902,1.38907,5362
16.01.2026 02:00:00.000,1.38906,1.38943,1.38879,1.38939,4207
16.01.2026 03:00:00.000,1.38939,1.3897,1.38918,1.38955,11217
16.01.2026 04:00:00.000,1.38958,1.3896,1.38897,1.38947,6699
16.01.2026 05:00:00.000,1.38948,1.38957,1.38896,1.38928,6307
16.01.2026 06:00:00.000,1.3893,1.3893,1.38839,1.38875,9947
16.01.2026 07:00:00.000,1.38877,1.38927,1.38841,1.38885,8036
16.01.2026 08:00:00.000,1.38885,1.39001,1.38862,1.38991,10259
16.01.2026 09:00:00.000,1.38991,1.39101,1.3898,1.39039,16233
16.01.2026 10:00:00.000,1.39039,1.39195,1.38898,1.39144,16006
16.01.2026 11:00:00.000,1.39142,1.39245,1.3903,1.39209,15988
16.01.2026 12:00:00.000,1.39208,1.39282,1.39169,1.39242,9536
16.01.2026 13:00:00.000,1.39244,1.39282,1.39226,1.39234,6297
16.01.2026 14:00:00.000,1.39236,1.39255,1.3915,1.3916,7214
16.01.2026 15:00:00.000,1.3916,1.39172,1.39136,1.39146,3904
16.01.2026 16:00:00.000,1.39146,1.39185,1.391,1.391,5678
19.01.2026 00:00:00.000,1.38924,1.38951,1.38888,1.38923,6311
19.01.2026 01:00:00.000,1.38923,1.38931,1.38894,1.38903,5418
19.01.2026 02:00:00.000,1.38903,1.38979,1.3884,1.38976,8720
19.01.2026 03:00:00.000,1.38974,1.38975,1.38864,1.38899,11376
19.01.2026 04:00:00.000,1.38898,1.38954,1.38842,1.38859,11427
19.01.2026 05:00:00.000,1.3886,1.38908,1.38834,1.38866,8252
19.01.2026 06:00:00.000,1.38865,1.3893,1.38853,1.38898,5893
19.01.2026 07:00:00.000,1.38898,1.38918,1.38841,1.38863,7386
19.01.2026 08:00:00.000,1.38863,1.38873,1.38765,1.38832,10462
19.01.2026 09:00:00.000,1.38833,1.38838,1.38677,1.38678,12510
19.01.2026 10:00:00.000,1.38678,1.38717,1.38598,1.38648,9221
19.01.2026 11:00:00.000,1.38649,1.3868,1.38593,1.38599,6689
19.01.2026 12:00:00.000,1.38599,1.38682,1.38597,1.38659,4443
19.01.2026 13:00:00.000,1.3866,1.38694,1.38631,1.3869,1476
19.01.2026 14:00:00.000,1.38692,1.38695,1.38648,1.38682,1486
19.01.2026 15:00:00.000,1.38682,1.38711,1.38667,1.38675,1785
19.01.2026 16:00:00.000,1.38674,1.38735,1.38653,1.38653,1068
19.01.2026 17:00:00.000,1.38652,1.38704,1.38551,1.38644,1096
19.01.2026 18:00:00.000,1.38644,1.38771,1.38644,1.38739,1792
19.01.2026 19:00:00.000,1.38739,1.38784,1.38729,1.38746,9116
19.01.2026 20:00:00.000,1.38745,1.38763,1.3868,1.38681,9573
19.01.2026 21:00:00.000,1.38681,1.38731,1.38649,1.38666,5213
19.01.2026 22:00:00.000,1.38666,1.38667,1.38534,1.38542,7050
19.01.2026 23:00:00.000,1.38541,1.38557,1.38471,1.38507,5485
20.01.2026 00:00:00.000,1.38508,1.38523,1.38441,1.38521,7385
20.01.2026 01:00:00.000,1.38522,1.38648,1.38494,1.3857,7211
20.01.2026 02:00:00.000,1.38571,1.3858,1.3837,1.38376,9926
20.01.2026 03:00:00.000,1.38377,1.38394,1.38282,1.38316,14704
20.01.2026 04:00:00.000,1.38315,1.38354,1.38239,1.38271,12485
20.01.2026 05:00:00.000,1.38271,1.38315,1.38237,1.38256,7768
20.01.2026 06:00:00.000,1.38256,1.38292,1.38147,1.38187,7996
20.01.2026 07:00:00.000,1.38188,1.38305,1.38137,1.38262,9018
20.01.2026 08:00:00.000,1.38262,1.38378,1.38165,1.38275,17304
20.01.2026 09:00:00.000,1.38275,1.38403,1.38197,1.38365,22092
20.01.2026 10:00:00.000,1.38367,1.38392,1.38197,1.38294,16174
20.01.2026 11:00:00.000,1.38294,1.38312,1.38197,1.38219,13372
20.01.2026 12:00:00.000,1.38219,1.38328,1.38176,1.3831,9554
20.01.2026 13:00:00.000,1.3831,1.38331,1.38248,1.383,6946
20.01.2026 14:00:00.000,1.38298,1.3835,1.38273,1.3834,7097
20.01.2026 15:00:00.000,1.38339,1.38367,1.38289,1.38321,12070
20.01.2026 16:00:00.000,1.3832,1.3843,1.38291,1.38348,6042
20.01.2026 17:00:00.000,1.38322,1.38355,1.38285,1.38348,904
20.01.2026 18:00:00.000,1.38346,1.38375,1.38321,1.38329,2371
20.01.2026 19:00:00.000,1.38332,1.384,1.38332,1.38352,5204
20.01.2026 20:00:00.000,1.38351,1.38351,1.38233,1.38259,9388
20.01.2026 21:00:00.000,1.38259,1.38319,1.38251,1.38318,4392
20.01.2026 22:00:00.000,1.38314,1.38381,1.38296,1.38354,4195
20.01.2026 23:00:00.000,1.38355,1.38399,1.38353,1.38375,2580
21.01.2026 00:00:00.000,1.38375,1.38378,1.38329,1.38362,3114
21.01.2026 01:00:00.000,1.38361,1.38371,1.38277,1.38305,4065
21.01.2026 02:00:00.000,1.38306,1.38382,1.38279,1.38321,7175
21.01.2026 03:00:00.000,1.38322,1.38381,1.38302,1.38364,10715
21.01.2026 04:00:00.000,1.38364,1.38424,1.38311,1.38403,7941
21.01.2026 05:00:00.000,1.38403,1.38416,1.38342,1.38364,9959
21.01.2026 06:00:00.000,1.38365,1.38382,1.38243,1.38295,9771
21.01.2026 07:00:00.000,1.38294,1.38297,1.37956,1.37958,4929
21.01.2026 08:00:00.000,1.37958,1.38048,1.37905,1.37937,6828
21.01.2026 09:00:00.000,1.37936,1.38051,1.37851,1.37978,12021
21.01.2026 10:00:00.000,1.37976,1.38165,1.37871,1.37974,12800
21.01.2026 11:00:00.000,1.37972,1.38214,1.37958,1.38154,7978
21.01.2026 12:00:00.000,1.38152,1.38284,1.38134,1.38156,9140
21.01.2026 13:00:00.000,1.38156,1.3827,1.38155,1.38211,4873
21.01.2026 14:00:00.000,1.38212,1.38373,1.38185,1.38295,12490
21.01.2026 15:00:00.000,1.38295,1.38384,1.38266,1.38308,7687
21.01.2026 16:00:00.000,1.38308,1.38397,1.38283,1.38324,2458
21.01.2026 17:00:00.000,1.38327,1.38341,1.38294,1.38321,963
21.01.2026 18:00:00.000,1.38316,1.38437,1.3831,1.38437,2515
21.01.2026 19:00:00.000,1.38436,1.38446,1.38266,1.38288,7412
21.01.2026 20:00:00.000,1.38289,1.38311,1.38258,1.38264,10049
21.01.2026 21:00:00.000,1.38262,1.38308,1.38216,1.38269,4398
21.01.2026 22:00:00.000,1.3827,1.38271,1.38229,1.38235,5554
21.01.2026 23:00:00.000,1.38236,1.38236,1.3816,1.38206,5233
22.01.2026 00:00:00.000,1.38206,1.38253,1.38204,1.38206,6246
22.01.2026 01:00:00.000,1.38204,1.38246,1.38182,1.38215,5285
22.01.2026 02:00:00.000,1.38216,1.38232,1.38177,1.382,8345
22.01.2026 03:00:00.000,1.38199,1.38302,1.38192,1.38217,7890
22.01.2026 04:00:00.000,1.38215,1.38273,1.38143,1.38251,6710
22.01.2026 05:00:00.000,1.38251,1.38328,1.38223,1.38229,4548
22.01.2026 06:00:00.000,1.38229,1.38291,1.38214,1.38277,5834
22.01.2026 07:00:00.000,1.38278,1.38282,1.38106,1.38154,4715
22.01.2026 08:00:00.000,1.38153,1.38162,1.38034,1.38077,8675
22.01.2026 09:00:00.000,1.38076,1.38166,1.37961,1.38106,7509
22.01.2026 10:00:00.000,1.3811,1.38206,1.37964,1.38018,10061
22.01.2026 11:00:00.000,1.38021,1.38057,1.37908,1.37995,8852
22.01.2026 12:00:00.000,1.37996,1.38079,1.37839,1.3785,8445
22.01.2026 13:00:00.000,1.37851,1.37917,1.37825,1.37851,3855
22.01.2026 14:00:00.000,1.37851,1.37914,1.37836,1.37912,4107
22.01.2026 15:00:00.000,1.3791,1.37928,1.37857,1.37875,4475
22.01.2026 16:00:00.000,1.37876,1.37897,1.37833,1.37844,2190
22.01.2026 17:00:00.000,1.37839,1.37874,1.3783,1.3784,810
22.01.2026 18:00:00.000,1.37837,1.37858,1.37813,1.37842,1505
22.01.2026 19:00:00.000,1.37844,1.37921,1.37844,1.37887,2524
22.01.2026 20:00:00.000,1.37885,1.37894,1.37835,1.37873,4840
22.01.2026 21:00:00.000,1.37873,1.37957,1.37873,1.37923,2597
22.01.2026 22:00:00.000,1.37924,1.37952,1.37892,1.37941,3802
22.01.2026 23:00:00.000,1.37941,1.37958,1.37881,1.37892,1912
23.01.2026 00:00:00.000,1.37891,1.379,1.3783,1.37884,3686
23.01.2026 01:00:00.000,1.37884,1.37929,1.37871,1.37903,6288
23.01.2026 02:00:00.000,1.37901,1.37966,1.37852,1.37938,5703
23.01.2026 03:00:00.000,1.37939,1.37991,1.37851,1.37861,5691
23.01.2026 04:00:00.000,1.37862,1.37922,1.37835,1.3792,3887
23.01.2026 05:00:00.000,1.37918,1.37953,1.37814,1.37814,4763
23.01.2026 06:00:00.000,1.37814,1.37861,1.37778,1.37791,6673
23.01.2026 07:00:00.000,1.3779,1.378,1.37676,1.37677,3560
23.01.2026 08:00:00.000,1.37676,1.37676,1.37585,1.37656,4816
23.01.2026 09:00:00.000,1.37657,1.37698,1.37494,1.37526,5490
23.01.2026 10:00:00.000,1.3752,1.37529,1.37344,1.37347,7221
23.01.2026 11:00:00.000,1.37346,1.37452,1.37233,1.37259,6739
23.01.2026 12:00:00.000,1.37259,1.37276,1.37033,1.37132,13192
23.01.2026 13:00:00.000,1.37131,1.37254,1.37125,1.37133,8579
23.01.2026 14:00:00.000,1.37132,1.37143,1.37031,1.37065,6679
23.01.2026 15:00:00.000,1.37063,1.37086,1.36943,1.36967,7603
23.01.2026 16:00:00.000,1.36969,1.37056,1.36932,1.36972,5017
26.01.2026 00:00:00.000,1.36805,1.36826,1.36747,1.36805,5009
26.01.2026 01:00:00.000,1.36804,1.36853,1.36747,1.36815,5728
26.01.2026 02:00:00.000,1.36816,1.36959,1.36803,1.36958,5952
26.01.2026 03:00:00.000,1.36957,1.36958,1.36791,1.36836,6805
26.01.2026 04:00:00.000,1.36835,1.36848,1.36741,1.3676,5474
26.01.2026 05:00:00.000,1.36759,1.36792,1.36711,1.36791,3695
26.01.2026 06:00:00.000,1.3679,1.36872,1.36788,1.36843,3551
26.01.2026 07:00:00.000,1.3684,1.36988,1.36822,1.36979,3069
26.01.2026 08:00:00.000,1.36979,1.37124,1.36973,1.3703,6423
26.01.2026 09:00:00.000,1.37027,1.37062,1.36816,1.36883,9015
26.01.2026 10:00:00.000,1.36884,1.37005,1.36785,1.36795,10739
26.01.2026 11:00:00.000,1.36796,1.36994,1.36753,1.36935,7371
26.01.2026 12:00:00.000,1.36934,1.37114,1.36932,1.3703,7979
26.01.2026 13:00:00.000,1.37028,1.37063,1.36993,1.37042,6471
26.01.2026 14:00:00.000,1.37043,1.37197,1.37043,1.37159,6150
26.01.2026 15:00:00.000,1.37162,1.37173,1.37101,1.37125,5531
26.01.2026 16:00:00.000,1.37125,1.37151,1.37073,1.3708,2733
26.01.2026 17:00:00.000,1.37042,1.37106,1.37011,1.37099,916
26.01.2026 18:00:00.000,1.37101,1.37142,1.37074,1.37141,1430
26.01.2026 19:00:00.000,1.37141,1.37172,1.37125,1.37146,5807
26.01.2026 20:00:00.000,1.37146,1.37199,1.37144,1.3718,6448
26.01.2026 21:00:00.000,1.3718,1.37198,1.37079,1.37147,5191
26.01.2026 22:00:00.000,1.37149,1.3724,1.37149,1.37233,5911
26.01.2026 23:00:00.000,1.37234,1.37352,1.37216,1.3732,4029
27.01.2026 00:00:00.000,1.3732,1.37388,1.37308,1.37346,3931
27.01.2026 01:00:00.000,1.37346,1.37387,1.37323,1.3736,3703
27.01.2026 02:00:00.000,1.3736,1.37387,1.37232,1.37317,4994
27.01.2026 03:00:00.000,1.37316,1.37379,1.37257,1.37262,6537
27.01.2026 04:00:00.000,1.37263,1.37279,1.37058,1.37072,5308
27.01.2026 05:00:00.000,1.37072,1.37139,1.37056,1.37072,5469
27.01.2026 06:00:00.000,1.37073,1.37109,1.37046,1.37058,3956
27.01.2026 07:00:00.000,1.3706,1.37068,1.36799,1.36808,6727
27.01.2026 08:00:00.000,1.36807,1.36807,1.36574,1.36707,10711
27.01.2026 09:00:00.000,1.36706,1.36726,1.36313,1.36393,14570
27.01.2026 10:00:00.000,1.36394,1.36394,1.36052,1.36099,14728
27.01.2026 11:00:00.000,1.361,1.36111,1.35908,1.35994,10255
27.01.2026 12:00:00.000,1.35993,1.36087,1.35961,1.35976,9716
27.01.2026 13:00:00.000,1.35976,1.36144,1.35953,1.36097,7163
27.01.2026 14:00:00.000,1.36097,1.36172,1.36065,1.36149,6800
27.01.2026 15:00:00.000,1.3615,1.36228,1.35585,1.35808,16640
27.01.2026 16:00:00.000,1.35808,1.35932,1.35725,1.35725,9950
27.01.2026 17:00:00.000,1.35642,1.35744,1.35632,1.35687,3665
27.01.2026 18:00:00.000,1.35687,1.35937,1.35685,1.35926,3502
27.01.2026 19:00:00.000,1.35923,1.36059,1.35916,1.36024,9497
27.01.2026 20:00:00.000,1.36025,1.36128,1.36005,1.36118,7348
27.01.2026 21:00:00.000,1.36117,1.36144,1.36039,1.36058,4279
27.01.2026 22:00:00.000,1.36058,1.36061,1.35957,1.36003,4846
27.01.2026 23:00:00.000,1.36002,1.36041,1.35899,1.35936,4496
28.01.2026 00:00:00.000,1.35936,1.36001,1.35837,1.35843,5154
28.01.2026 01:00:00.000,1.35842,1.35861,1.35761,1.35848,5394
28.01.2026 02:00:00.000,1.35848,1.35859,1.35667,1.35832,6511
28.01.2026 03:00:00.000,1.3583,1.3583,1.35604,1.3577,8730
28.01.2026 04:00:00.000,1.35769,1.35773,1.35605,1.35639,8147
28.01.2026 05:00:00.000,1.35638,1.35656,1.3556,1.3558,6808
28.01.2026 06:00:00.000,1.35579,1.35773,1.35577,1.35737,8312
28.01.2026 07:00:00.000,1.35737,1.3574,1.35505,1.35581,6733
28.01.2026 08:00:00.000,1.35579,1.3571,1.35528,1.35576,9582
28.01.2026 09:00:00.000,1.35574,1.35574,1.35351,1.35543,12236
28.01.2026 10:00:00.000,1.35544,1.35911,1.35416,1.35596,26406
28.01.2026 11:00:00.000,1.35596,1.35866,1.35572,1.35772,11840
28.01.2026 12:00:00.000,1.35773,1.35864,1.35703,1.3573,5656
28.01.2026 13:00:00.000,1.35732,1.36022,1.35725,1.35904,5605
28.01.2026 14:00:00.000,1.35903,1.36075,1.35682,1.35687,15246
28.01.2026 15:00:00.000,1.35684,1.35701,1.35494,1.35575,10007
28.01.2026 16:00:00.000,1.35573,1.3561,1.35458,1.3555,2878
28.01.2026 17:00:00.000,1.35547,1.35688,1.35504,1.35593,2117
28.01.2026 18:00:00.000,1.35592,1.3564,1.35362,1.35376,6710
28.01.2026 19:00:00.000,1.35376,1.3546,1.35303,1.35391,10946
28.01.2026 20:00:00.000,1.35392,1.35539,1.35392,1.35511,9430
28.01.2026 21:00:00.000,1.35511,1.35578,1.35357,1.35387,7384
28.01.2026 22:00:00.000,1.35389,1.35394,1.35201,1.35206,6327
28.01.2026 23:00:00.000,1.35205,1.35272,1.35189,1.35211,5485
29.01.2026 00:00:00.000,1.35212,1.35271,1.35156,1.35256,6231
29.01.2026 01:00:00.000,1.35257,1.35278,1.35162,1.35181,9575
29.01.2026 02:00:00.000,1.35182,1.35329,1.35089,1.35266,6211
29.01.2026 03:00:00.000,1.35265,1.35364,1.35175,1.35299,7608
29.01.2026 04:00:00.000,1.353,1.35404,1.35242,1.35347,6871
29.01.2026 05:00:00.000,1.35346,1.35615,1.35328,1.35598,5984
29.01.2026 06:00:00.000,1.35596,1.35622,1.35469,1.35488,6597
29.01.2026 07:00:00.000,1.35486,1.35518,1.35228,1.35236,6792
29.01.2026 08:00:00.000,1.35235,1.35275,1.35065,1.35197,12193
29.01.2026 09:00:00.000,1.35194,1.35206,1.34913,1.35037,17256
29.01.2026 10:00:00.000,1.35036,1.35774,1.35028,1.35542,41402
29.01.2026 11:00:00.000,1.35544,1.35573,1.35087,1.35198,19095
29.01.2026 12:00:00.000,1.35197,1.35206,1.35011,1.35147,11048
29.01.2026 13:00:00.000,1.35148,1.35213,1.34909,1.34996,8760
29.01.2026 14:00:00.000,1.34996,1.35056,1.34926,1.34978,9445
29.01.2026 15:00:00.000,1.34977,1.35046,1.34868,1.34893,6005
29.01.2026 16:00:00.000,1.34899,1.34976,1.34842,1.34885,5011
29.01.2026 17:00:00.000,1.34884,1.34933,1.34842,1.34853,824
29.01.2026 18:00:00.000,1.34849,1.35056,1.34811,1.34911,3230
29.01.2026 19:00:00.000,1.3491,1.35152,1.34839,1.35147,6915
29.01.2026 20:00:00.000,1.35147,1.35287,1.35112,1.35283,7934
29.01.2026 21:00:00.000,1.35282,1.35451,1.35215,1.35216,15165
29.01.2026 22:00:00.000,1.35214,1.35269,1.35163,1.35194,8893
29.01.2026 23:00:00.000,1.35195,1.35218,1.35109,1.35178,5393
30.01.2026 00:00:00.000,1.35178,1.35243,1.35091,1.35166,8020
30.01.2026 01:00:00.000,1.35167,1.35294,1.35106,1.35274,6879
30.01.2026 02:00:00.000,1.35274,1.35278,1.35078,1.3513,6662
30.01.2026 03:00:00.000,1.35128,1.35299,1.35069,1.35191,8439
30.01.2026 04:00:00.000,1.35192,1.35527,1.35164,1.35447,11161
30.01.2026 05:00:00.000,1.3545,1.35468,1.35304,1.35366,7102
30.01.2026 06:00:00.000,1.35365,1.35369,1.35044,1.3505,10164
30.01.2026 07:00:00.000,1.35051,1.35299,1.34926,1.35286,6241
30.01.2026 08:00:00.000,1.35287,1.35552,1.35211,1.35453,12566
30.01.2026 09:00:00.000,1.35453,1.35453,1.3511,1.35245,13687
30.01.2026 10:00:00.000,1.35244,1.35436,1.35161,1.35418,17133
30.01.2026 11:00:00.000,1.35419,1.35648,1.35413,1.35562,20386
30.01.2026 12:00:00.000,1.35563,1.35885,1.35552,1.35827,14382
30.01.2026 13:00:00.000,1.35828,1.36169,1.35741,1.35786,22581
30.01.2026 14:00:00.000,1.35786,1.35943,1.35708,1.35879,18467
30.01.2026 15:00:00.000,1.35877,1.36174,1.35875,1.36166,10828
30.01.2026 16:00:00.000,1.36165,1.36247,1.36091,1.36139,6723
02.02.2026 00:00:00.000,1.36437,1.36716,1.36434,1.36614,12128
02.02.2026 01:00:00.000,1.36615,1.36745,1.36558,1.36589,12067
02.02.2026 02:00:00.000,1.36587,1.36618,1.36491,1.36518,7713
02.02.2026 03:00:00.000,1.36518,1.36544,1.36266,1.36431,7402
02.02.2026 04:00:00.000,1.36434,1.36543,1.36303,1.36312,8387
02.02.2026 05:00:00.000,1.36313,1.36401,1.36271,1.36332,5815
02.02.2026 06:00:00.000,1.36331,1.36363,1.36245,1.36322,5010
02.02.2026 07:00:00.000,1.36321,1.36416,1.36267,1.36366,7277
02.02.2026 08:00:00.000,1.36363,1.36659,1.36362,1.36626,10565
02.02.2026 09:00:00.000,1.36634,1.36707,1.3637,1.36546,14679
02.02.2026 10:00:00.000,1.36553,1.36928,1.36526,1.36915,17875
02.02.2026 11:00:00.000,1.36914,1.36927,1.36712,1.36764,17955
02.02.2026 12:00:00.000,1.36766,1.36859,1.36724,1.36848,7703
02.02.2026 13:00:00.000,1.3685,1.37022,1.36838,1.36935,7026
02.02.2026 14:00:00.000,1.36935,1.3696,1.36798,1.36841,4984
02.02.2026 15:00:00.000,1.3684,1.3689,1.367,1.36722,8519
02.02.2026 16:00:00.000,1.36722,1.36826,1.3667,1.36799,4006
02.02.2026 17:00:00.000,1.36798,1.36816,1.36738,1.36786,817
02.02.2026 18:00:00.000,1.36784,1.36831,1.36727,1.36727,3196
02.02.2026 19:00:00.000,1.36727,1.36733,1.36627,1.36632,5750
02.02.2026 20:00:00.000,1.3663,1.36679,1.36583,1.36607,9054
02.02.2026 21:00:00.000,1.36607,1.36798,1.36592,1.36766,7916
02.02.2026 22:00:00.000,1.36767,1.36801,1.36545,1.36569,11134
02.02.2026 23:00:00.000,1.36569,1.36664,1.36545,1.36621,6689
03.02.2026 00:00:00.000,1.36623,1.36672,1.36581,1.36646,6778
03.02.2026 01:00:00.000,1.36646,1.36654,1.36537,1.36616,8390
03.02.2026 02:00:00.000,1.36616,1.36638,1.36509,1.36554,5145
03.02.2026 03:00:00.000,1.36559,1.36724,1.36541,1.3672,7133
03.02.2026 04:00:00.000,1.3672,1.36851,1.36694,1.36837,6498
03.02.2026 05:00:00.000,1.36837,1.36853,1.36767,1.36813,4368
03.02.2026 06:00:00.000,1.36813,1.36852,1.36748,1.36776,5265
03.02.2026 07:00:00.000,1.36776,1.36788,1.3656,1.3656,4734
03.02.2026 08:00:00.000,1.3656,1.36658,1.36464,1.36656,7709
03.02.2026 09:00:00.000,1.36657,1.36801,1.36573,1.36691,10922
03.02.2026 10:00:00.000,1.3669,1.36774,1.36449,1.36516,13971
03.02.2026 11:00:00.000,1.36517,1.36534,1.36358,1.36454,10161
03.02.2026 12:00:00.000,1.36454,1.36524,1.36361,1.3649,9203
03.02.2026 13:00:00.000,1.3649,1.36529,1.36395,1.36529,8816
03.02.2026 14:00:00.000,1.36534,1.36585,1.36433,1.36508,8190
03.02.2026 15:00:00.000,1.3651,1.36537,1.36328,1.36371,6312
03.02.2026 16:00:00.000,1.3637,1.36429,1.36321,1.36382,3627
03.02.2026 17:00:00.000,1.36383,1.36383,1.36288,1.36372,517
03.02.2026 18:00:00.000,1.36361,1.36424,1.36352,1.36398,1440
03.02.2026 19:00:00.000,1.36398,1.36452,1.36397,1.36448,2474
03.02.2026 20:00:00.000,1.36451,1.36452,1.3633,1.36371,5679
03.02.2026 21:00:00.000,1.36372,1.36481,1.3632,1.36468,5287
03.02.2026 22:00:00.000,1.36467,1.36503,1.36435,1.36441,3920
03.02.2026 23:00:00.000,1.36442,1.3646,1.36365,1.36371,2641
04.02.2026 00:00:00.000,1.3637,1.36387,1.36328,1.36343,3440
04.02.2026 01:00:00.000,1.36341,1.36366,1.363,1.36354,4411
04.02.2026 02:00:00.000,1.36354,1.36387,1.36314,1.36351,4940
04.02.2026 03:00:00.000,1.3635,1.3642,1.36284,1.36345,4705
04.02.2026 04:00:00.000,1.36347,1.3649,1.36327,1.36467,3950
04.02.2026 05:00:00.000,1.36468,1.36637,1.36455,1.36625,4462
04.02.2026 06:00:00.000,1.36625,1.36739,1.3661,1.36643,4332
04.02.2026 07:00:00.000,1.36645,1.36653,1.36468,1.36531,4186
04.02.2026 08:00:00.000,1.36532,1.3658,1.36436,1.36489,6021
04.02.2026 09:00:00.000,1.36489,1.36672,1.36483,1.36637,11680
04.02.2026 10:00:00.000,1.36636,1.36798,1.3654,1.36717,14182
04.02.2026 11:00:00.000,1.36716,1.36829,1.36652,1.36668,9245
04.02.2026 12:00:00.000,1.36669,1.36783,1.36585,1.36719,9168
04.02.2026 13:00:00.000,1.36719,1.36791,1.36683,1.36767,7006
04.02.2026 14:00:00.000,1.36767,1.36838,1.36641,1.36673,7023
04.02.2026 15:00:00.000,1.36672,1.36743,1.3665,1.3666,3365
04.02.2026 16:00:00.000,1.3666,1.36713,1.36573,1.36596,2998
04.02.2026 17:00:00.000,1.36588,1.36651,1.36523,1.36637,1094
04.02.2026 18:00:00.000,1.36631,1.36717,1.36619,1.36708,3245
04.02.2026 19:00:00.000,1.36708,1.36708,1.36597,1.36626,4392
04.02.2026 20:00:00.000,1.36627,1.36678,1.36601,1.36672,7905
04.02.2026 21:00:00.000,1.36671,1.36927,1.36659,1.36908,11218
04.02.2026 22:00:00.000,1.3691,1.36925,1.36824,1.3686,8308
04.02.2026 23:00:00.000,1.3686,1.36869,1.36796,1.36824,5873
05.02.2026 00:00:00.000,1.36824,1.36896,1.3682,1.3684,6459
05.02.2026 01:00:00.000,1.3684,1.36887,1.36811,1.36839,5930
05.02.2026 02:00:00.000,1.3684,1.36879,1.36763,1.36869,4088
05.02.2026 03:00:00.000,1.3687,1.36919,1.36772,1.36861,6696
05.02.2026 04:00:00.000,1.36862,1.36997,1.36857,1.36992,4202
05.02.2026 05:00:00.000,1.36992,1.36998,1.36885,1.3692,3312
05.02.2026 06:00:00.000,1.36919,1.36931,1.36822,1.36833,4129
05.02.2026 07:00:00.000,1.36835,1.36922,1.36795,1.36832,8791
05.02.2026 08:00:00.000,1.36832,1.36872,1.3662,1.36675,11365
05.02.2026 09:00:00.000,1.36676,1.36712,1.3655,1.36581,21268
05.02.2026 10:00:00.000,1.36583,1.36856,1.36521,1.36841,19200
05.02.2026 11:00:00.000,1.3684,1.36935,1.36673,1.36713,13770
05.02.2026 12:00:00.000,1.36714,1.36815,1.36659,1.36736,16122
05.02.2026 13:00:00.000,1.36736,1.36821,1.36693,1.36786,7206
05.02.2026 14:00:00.000,1.36787,1.3683,1.36748,1.36813,6673
05.02.2026 15:00:00.000,1.36812,1.36961,1.36766,1.36961,5637
05.02.2026 16:00:00.000,1.36961,1.37109,1.36932,1.3709,2902
05.02.2026 17:00:00.000,1.3709,1.37096,1.36931,1.37033,1386
05.02.2026 18:00:00.000,1.37035,1.37137,1.3703,1.37116,2037
05.02.2026 19:00:00.000,1.37116,1.3724,1.37046,1.37048,6098
05.02.2026 20:00:00.000,1.37048,1.37139,1.3701,1.37037,9266
05.02.2026 21:00:00.000,1.37037,1.3704,1.3693,1.37004,7726
05.02.2026 22:00:00.000,1.37005,1.37045,1.36956,1.37013,3527
05.02.2026 23:00:00.000,1.37012,1.37016,1.36925,1.36942,2942
06.02.2026 00:00:00.000,1.36941,1.36975,1.36885,1.36904,4633
06.02.2026 01:00:00.000,1.36903,1.36922,1.36832,1.36872,5062
06.02.2026 02:00:00.000,1.36872,1.36942,1.36859,1.36882,2774
06.02.2026 03:00:00.000,1.36884,1.36913,1.36775,1.36807,4797
06.02.2026 04:00:00.000,1.36808,1.36857,1.36775,1.36827,3723
06.02.2026 05:00:00.000,1.36826,1.36902,1.36776,1.36864,2912
06.02.2026 06:00:00.000,1.36866,1.36888,1.36761,1.36767,3715
06.02.2026 07:00:00.000,1.36769,1.36828,1.36697,1.367,3013
06.02.2026 08:00:00.000,1.36698,1.36718,1.36467,1.36565,6241
06.02.2026 09:00:00.000,1.36564,1.36575,1.3626,1.36286,8289
06.02.2026 10:00:00.000,1.36287,1.36438,1.36241,1.36352,10747
06.02.2026 11:00:00.000,1.36353,1.36496,1.36298,1.36453,6334
06.02.2026 12:00:00.000,1.36453,1.36481,1.36397,1.36442,4962
06.02.2026 13:00:00.000,1.36441,1.3651,1.36394,1.36504,3995
06.02.2026 14:00:00.000,1.36505,1.36592,1.36489,1.36575,2604
06.02.2026 15:00:00.000,1.36576,1.36595,1.36528,1.36545,2280
06.02.2026 16:00:00.000,1.36546,1.36763,1.3645,1.36706,10057
09.02.2026 00:00:00.000,1.36565,1.36582,1.3652,1.36547,4613
09.02.2026 01:00:00.000,1.36546,1.36573,1.36416,1.36434,10403
09.02.2026 02:00:00.000,1.36435,1.36478,1.36397,1.36423,8535
09.02.2026 03:00:00.000,1.36424,1.3649,1.36387,1.36397,8183
09.02.2026 04:00:00.000,1.36396,1.36443,1.36329,1.36437,6464
09.02.2026 05:00:00.000,1.36438,1.36553,1.36417,1.36474,5831
09.02.2026 06:00:00.000,1.36474,1.36519,1.36315,1.36339,6409
09.02.2026 07:00:00.000,1.36338,1.36338,1.36045,1.36083,9481
09.02.2026 08:00:00.000,1.36081,1.36133,1.36017,1.36029,12919
09.02.2026 09:00:00.000,1.36031,1.36079,1.35787,1.35805,12918
09.02.2026 10:00:00.000,1.35806,1.35887,1.3571,1.35718,16816
09.02.2026 11:00:00.000,1.35716,1.3578,1.35669,1.35706,8425
09.02.2026 12:00:00.000,1.35705,1.35778,1.35686,1.35701,3944
09.02.2026 13:00:00.000,1.35702,1.35747,1.35583,1.35637,8805
09.02.2026 14:00:00.000,1.35635,1.35657,1.35558,1.356,2759
09.02.2026 15:00:00.000,1.356,1.35632,1.35543,1.35588,4707
09.02.2026 16:00:00.000,1.35588,1.35598,1.35524,1.35563,3490
09.02.2026 17:00:00.000,1.35537,1.35623,1.35527,1.35595,1044
09.02.2026 18:00:00.000,1.35594,1.35644,1.35574,1.35607,2429
09.02.2026 19:00:00.000,1.35607,1.35676,1.35598,1.35635,4804
09.02.2026 20:00:00.000,1.35635,1.35679,1.35564,1.35582,6620
09.02.2026 21:00:00.000,1.35582,1.35584,1.35483,1.35496,5823
09.02.2026 22:00:00.000,1.35496,1.3554,1.35477,1.35516,5402
09.02.2026 23:00:00.000,1.35517,1.35557,1.35497,1.35556,2739
10.02.2026 00:00:00.000,1.35555,1.35585,1.35535,1.35564,2474
10.02.2026 01:00:00.000,1.35566,1.35613,1.35536,1.35578,3251
10.02.2026 02:00:00.000,1.35578,1.35659,1.35542,1.35601,2171
10.02.2026 03:00:00.000,1.356,1.35682,1.35598,1.35648,3586
10.02.2026 04:00:00.000,1.35647,1.35658,1.35572,1.35637,5144
10.02.2026 05:00:00.000,1.35637,1.35673,1.3559,1.35608,2700
10.02.2026 06:00:00.000,1.35607,1.35669,1.35582,1.35625,2363
10.02.2026 07:00:00.000,1.35622,1.35761,1.35601,1.35711,3179
10.02.2026 08:00:00.000,1.35709,1.35729,1.35481,1.35484,7808
10.02.2026 09:00:00.000,1.35483,1.35539,1.35293,1.35311,14040
10.02.2026 10:00:00.000,1.35312,1.35425,1.35236,1.35246,11898
10.02.2026 11:00:00.000,1.35245,1.35412,1.35228,1.3533,7795
10.02.2026 12:00:00.000,1.35329,1.3544,1.3532,1.35422,4520
10.02.2026 13:00:00.000,1.35424,1.35548,1.35413,1.35517,3906
10.02.2026 14:00:00.000,1.35515,1.35549,1.35424,1.35425,3433
10.02.2026 15:00:00.000,1.35427,1.3556,1.35426,1.35553,4730
10.02.2026 16:00:00.000,1.35553,1.35577,1.35461,1.35518,3236
10.02.2026 17:00:00.000,1.35442,1.35485,1.35394,1.35481,614
10.02.2026 18:00:00.000,1.35481,1.35551,1.35456,1.35534,1847
10.02.2026 19:00:00.000,1.35531,1.3554,1.35437,1.35465,7761
10.02.2026 20:00:00.000,1.35464,1.35467,1.3539,1.35392,8221
10.02.2026 21:00:00.000,1.35392,1.35393,1.35239,1.35252,9461
10.02.2026 22:00:00.000,1.35252,1.35257,1.35184,1.3519,5297
10.02.2026 23:00:00.000,1.3519,1.35257,1.35166,1.35257,4865
11.02.2026 00:00:00.000,1.35257,1.35262,1.35182,1.35207,4177
11.02.2026 01:00:00.000,1.35206,1.35255,1.35166,1.35247,3955
11.02.2026 02:00:00.000,1.35247,1.35313,1.35201,1.35216,3037
11.02.2026 03:00:00.000,1.35216,1.35263,1.3514,1.35146,3180
11.02.2026 04:00:00.000,1.35145,1.3519,1.35085,1.35111,3242
11.02.2026 05:00:00.000,1.35111,1.35132,1.35038,1.35078,2771
11.02.2026 06:00:00.000,1.3508,1.35519,1.3508,1.35361,5657
11.02.2026 07:00:00.000,1.35359,1.35574,1.35345,1.35529,5815
11.02.2026 08:00:00.000,1.35531,1.36068,1.35523,1.35829,22810
11.02.2026 09:00:00.000,1.35832,1.35889,1.35645,1.3581,18576
11.02.2026 10:00:00.000,1.35811,1.36187,1.3577,1.36059,21056
11.02.2026 11:00:00.000,1.36059,1.36131,1.3569,1.35694,10450
11.02.2026 12:00:00.000,1.35697,1.35757,1.35513,1.35548,7967
11.02.2026 13:00:00.000,1.35549,1.35642,1.355,1.35558,5302
11.02.2026 14:00:00.000,1.3556,1.3568,1.35558,1.35653,3960
11.02.2026 15:00:00.000,1.35652,1.35737,1.35642,1.35732,2219
11.02.2026 16:00:00.000,1.35732,1.35842,1.35712,1.35744,3416
11.02.2026 17:00:00.000,1.35744,1.35744,1.35605,1.35698,399
11.02.2026 18:00:00.000,1.35693,1.35798,1.35687,1.35756,1855
11.02.2026 19:00:00.000,1.35755,1.35846,1.35712,1.35746,5582
11.02.2026 20:00:00.000,1.35748,1.35796,1.35679,1.35686,5812
11.02.2026 21:00:00.000,1.35686,1.35737,1.35644,1.35702,5502
11.02.2026 22:00:00.000,1.35702,1.35763,1.35651,1.35721,4532
11.02.2026 23:00:00.000,1.35721,1.35858,1.35679,1.35836,5396
12.02.2026 00:00:00.000,1.35836,1.35851,1.35794,1.35796,4422
12.02.2026 01:00:00.000,1.35795,1.35961,1.35771,1.35904,5668
12.02.2026 02:00:00.000,1.35906,1.35913,1.35752,1.35781,3587
12.02.2026 03:00:00.000,1.35782,1.3581,1.35699,1.35702,4002
12.02.2026 04:00:00.000,1.35701,1.35731,1.35627,1.35638,3187
12.02.2026 05:00:00.000,1.35637,1.35713,1.35626,1.35662,3876
12.02.2026 06:00:00.000,1.35662,1.35699,1.35566,1.35567,4266
12.02.2026 07:00:00.000,1.35567,1.35804,1.35549,1.35734,7127
12.02.2026 08:00:00.000,1.35736,1.3582,1.35656,1.35665,6582
12.02.2026 09:00:00.000,1.35664,1.35911,1.35588,1.35831,9004
12.02.2026 10:00:00.000,1.35832,1.36062,1.35809,1.35972,11166
12.02.2026 11:00:00.000,1.35972,1.36354,1.35966,1.36227,18814
12.02.2026 12:00:00.000,1.36228,1.36334,1.36189,1.36253,11264
12.02.2026 13:00:00.000,1.36253,1.36342,1.3619,1.36206,13970
12.02.2026 14:00:00.000,1.36206,1.36223,1.36074,1.36104,5162
12.02.2026 15:00:00.000,1.36108,1.36161,1.36083,1.36133,5898
12.02.2026 16:00:00.000,1.36133,1.36147,1.36055,1.36082,1673
12.02.2026 17:00:00.000,1.3607,1.36118,1.36059,1.36073,495
12.02.2026 18:00:00.000,1.36074,1.36121,1.36063,1.36111,1533
12.02.2026 19:00:00.000,1.36114,1.36157,1.36083,1.36114,4660
12.02.2026 20:00:00.000,1.36114,1.36166,1.36073,1.36137,6522
12.02.2026 21:00:00.000,1.36137,1.36166,1.36101,1.36122,5047
12.02.2026 22:00:00.000,1.36122,1.3617,1.3611,1.36165,3789
12.02.2026 23:00:00.000,1.36166,1.36221,1.36127,1.3618,3599
13.02.2026 00:00:00.000,1.36179,1.36269,1.36115,1.36249,7041
13.02.2026 01:00:00.000,1.36246,1.36312,1.3621,1.36291,4486
13.02.2026 02:00:00.000,1.36292,1.3637,1.36235,1.36252,4050
13.02.2026 03:00:00.000,1.36254,1.36259,1.36015,1.36021,6045
13.02.2026 04:00:00.000,1.36024,1.36055,1.3597,1.36042,2877
13.02.2026 05:00:00.000,1.36043,1.36183,1.36039,1.36168,3970
13.02.2026 06:00:00.000,1.36169,1.36239,1.36145,1.36198,7551
13.02.2026 07:00:00.000,1.362,1.36314,1.36192,1.36244,3673
13.02.2026 08:00:00.000,1.36243,1.36355,1.35997,1.36015,14076
13.02.2026 09:00:00.000,1.36017,1.36265,1.36002,1.36218,14743
13.02.2026 10:00:00.000,1.36219,1.36331,1.36091,1.36325,16981
13.02.2026 11:00:00.000,1.36327,1.36361,1.36141,1.36194,10128
13.02.2026 12:00:00.000,1.36192,1.36196,1.3593,1.36039,7882
13.02.2026 13:00:00.000,1.36037,1.36064,1.35984,1.36044,3311
13.02.2026 14:00:00.000,1.36044,1.3622,1.36019,1.36208,4340
13.02.2026 15:00:00.000,1.36207,1.36256,1.36146,1.36179,5821
13.02.2026 16:00:00.000,1.36178,1.36226,1.36133,1.36133,5030
16.02.2026 00:00:00.000,1.36164,1.36188,1.36146,1.36162,1999
16.02.2026 01:00:00.000,1.36164,1.36169,1.36065,1.36112,3053
16.02.2026 02:00:00.000,1.36113,1.36141,1.36066,1.36078,2020
16.02.2026 03:00:00.000,1.36077,1.36155,1.3603,1.36082,3959
16.02.2026 04:00:00.000,1.36083,1.36195,1.36035,1.36181,2875
16.02.2026 05:00:00.000,1.36182,1.36198,1.36092,1.36158,3336
16.02.2026 06:00:00.000,1.3616,1.36257,1.36155,1.36227,2233
16.02.2026 07:00:00.000,1.36225,1.36289,1.36172,1.36277,2406
16.02.2026 08:00:00.000,1.36278,1.36327,1.36237,1.36261,2521
16.02.2026 09:00:00.000,1.36266,1.36325,1.36185,1.36285,4359
16.02.2026 10:00:00.000,1.36286,1.36342,1.36264,1.36282,3878
16.02.2026 11:00:00.000,1.36281,1.36345,1.36267,1.36345,2595
16.02.2026 12:00:00.000,1.36343,1.36386,1.36325,1.36378,941
16.02.2026 13:00:00.000,1.3638,1.36385,1.36342,1.36356,571
16.02.2026 14:00:00.000,1.36357,1.36359,1.36339,1.36344,262
16.02.2026 15:00:00.000,1.36344,1.36363,1.36335,1.36343,333
16.02.2026 16:00:00.000,1.36345,1.36383,1.36336,1.36338,710
16.02.2026 17:00:00.000,1.36338,1.36338,1.36244,1.36289,378
16.02.2026 18:00:00.000,1.36296,1.36382,1.36275,1.36359,767
16.02.2026 19:00:00.000,1.36356,1.36413,1.36337,1.36408,2196
16.02.2026 20:00:00.000,1.36406,1.36437,1.36385,1.36423,3939
16.02.2026 21:00:00.000,1.36423,1.36452,1.36364,1.3642,3998
16.02.2026 22:00:00.000,1.3642,1.36467,1.364,1.36432,3678
16.02.2026 23:00:00.000,1.36432,1.36446,1.36364,1.36375,3168
17.02.2026 00:00:00.000,1.36376,1.36475,1.36374,1.36401,4656
17.02.2026 01:00:00.000,1.364,1.36404,1.36375,1.3639,2909
17.02.2026 02:00:00.000,1.36392,1.36526,1.36392,1.36476,3503
17.02.2026 03:00:00.000,1.36477,1.36486,1.36396,1.36462,3632
17.02.2026 04:00:00.000,1.36461,1.36484,1.36411,1.36435,2718
17.02.2026 05:00:00.000,1.36436,1.36474,1.36369,1.36425,3206
17.02.2026 06:00:00.000,1.36424,1.36478,1.36364,1.36456,4090
17.02.2026 07:00:00.000,1.36454,1.36546,1.36423,1.36517,4490
17.02.2026 08:00:00.000,1.36517,1.36711,1.36478,1.36708,11320
17.02.2026 09:00:00.000,1.36707,1.36789,1.36605,1.36773,13923
17.02.2026 10:00:00.000,1.36776,1.36925,1.36706,1.36838,13795
17.02.2026 11:00:00.000,1.36837,1.36837,1.36497,1.36529,11157
17.02.2026 12:00:00.000,1.36529,1.36598,1.36457,1.3648,8658
17.02.2026 13:00:00.000,1.36481,1.36504,1.36345,1.36382,5993
17.02.2026 14:00:00.000,1.36384,1.36437,1.36357,1.36382,3777
17.02.2026 15:00:00.000,1.36382,1.36405,1.36353,1.36379,3144
17.02.2026 16:00:00.000,1.3638,1.36414,1.36325,1.36353,1902
17.02.2026 17:00:00.000,1.36337,1.36356,1.36318,1.36343,871
17.02.2026 18:00:00.000,1.36338,1.36406,1.36313,1.36385,2084
17.02.2026 19:00:00.000,1.36389,1.36425,1.36375,1.36407,2674
17.02.2026 20:00:00.000,1.36408,1.36476,1.36404,1.36453,3442
17.02.2026 21:00:00.000,1.36451,1.36506,1.36438,1.36469,3320
17.02.2026 22:00:00.000,1.36468,1.36516,1.36438,1.36515,4039
17.02.2026 23:00:00.000,1.36516,1.3653,1.36497,1.36516,2364
18.02.2026 00:00:00.000,1.36516,1.36543,1.36505,1.36521,1970
18.02.2026 01:00:00.000,1.3652,1.36554,1.36489,1.36502,4847
18.02.2026 02:00:00.000,1.36503,1.36652,1.36494,1.36635,3365
18.02.2026 03:00:00.000,1.36635,1.36678,1.36583,1.36663,5208
18.02.2026 04:00:00.000,1.36662,1.3667,1.36513,1.36553,4873
18.02.2026 05:00:00.000,1.36554,1.36591,1.36475,1.36556,3980
18.02.2026 06:00:00.000,1.36554,1.36562,1.36411,1.36416,3119
18.02.2026 07:00:00.000,1.36416,1.36479,1.36368,1.36479,2874
18.02.2026 08:00:00.000,1.36482,1.36684,1.36401,1.36678,5584
18.02.2026 09:00:00.000,1.36678,1.36783,1.36627,1.36666,9586
18.02.2026 10:00:00.000,1.36668,1.36732,1.36602,1.36655,9609
18.02.2026 11:00:00.000,1.36653,1.36778,1.3659,1.36756,6483
18.02.2026 12:00:00.000,1.36755,1.36874,1.36728,1.36795,5301
18.02.2026 13:00:00.000,1.36795,1.36968,1.36772,1.36896,5537
18.02.2026 14:00:00.000,1.36892,1.36999,1.36873,1.36972,8553
18.02.2026 15:00:00.000,1.36972,1.36986,1.36912,1.36977,5149
18.02.2026 16:00:00.000,1.36978,1.36996,1.36942,1.36947,2181
18.02.2026 17:00:00.000,1.36949,1.36949,1.36876,1.36914,875
18.02.2026 18:00:00.000,1.36913,1.36973,1.36913,1.36965,966
18.02.2026 19:00:00.000,1.36965,1.37007,1.3694,1.36983,3275
18.02.2026 20:00:00.000,1.36982,1.36983,1.36886,1.36889,5574
18.02.2026 21:00:00.000,1.3689,1.36921,1.36864,1.36899,4357
18.02.2026 22:00:00.000,1.36899,1.36977,1.3688,1.36966,2985
18.02.2026 23:00:00.000,1.36967,1.37038,1.36958,1.37022,2721
19.02.2026 00:00:00.000,1.37022,1.3704,1.37013,1.37015,2406
19.02.2026 01:00:00.000,1.37015,1.3702,1.3685,1.36874,5457
19.02.2026 02:00:00.000,1.36873,1.36899,1.36769,1.36807,3548
19.02.2026 03:00:00.000,1.3681,1.36856,1.36754,1.36759,3425
19.02.2026 04:00:00.000,1.36758,1.3678,1.36711,1.36733,3482
19.02.2026 05:00:00.000,1.36734,1.36904,1.36672,1.36809,5252
19.02.2026 06:00:00.000,1.36809,1.36926,1.36789,1.3691,2780
19.02.2026 07:00:00.000,1.36911,1.36962,1.36826,1.36932,2660
19.02.2026 08:00:00.000,1.3693,1.37062,1.36851,1.36852,7060
19.02.2026 09:00:00.000,1.36853,1.37143,1.36847,1.37059,13333
19.02.2026 10:00:00.000,1.3706,1.37102,1.36756,1.36828,12225
19.02.2026 11:00:00.000,1.36828,1.37035,1.3679,1.37014,8470
19.02.2026 12:00:00.000,1.37012,1.37019,1.36903,1.36957,6080
19.02.2026 13:00:00.000,1.36958,1.36986,1.36888,1.36927,4317
19.02.2026 14:00:00.000,1.36925,1.37069,1.36904,1.37014,3784
19.02.2026 15:00:00.000,1.37012,1.37015,1.36928,1.36949,4285
19.02.2026 16:00:00.000,1.36951,1.36953,1.36785,1.36787,2375
19.02.2026 17:00:00.000,1.36787,1.36828,1.36769,1.36801,715
19.02.2026 18:00:00.000,1.36786,1.36877,1.36777,1.36876,2641
19.02.2026 19:00:00.000,1.36875,1.36914,1.3685,1.36866,3482
19.02.2026 20:00:00.000,1.36866,1.37019,1.36856,1.36972,9126
19.02.2026 21:00:00.000,1.36971,1.37022,1.36949,1.36989,8997
19.02.2026 22:00:00.000,1.36991,1.36991,1.36891,1.36919,4275
19.02.2026 23:00:00.000,1.36918,1.36942,1.36873,1.36935,2618
20.02.2026 00:00:00.000,1.36934,1.36935,1.36836,1.36854,3704
20.02.2026 01:00:00.000,1.36854,1.36893,1.36844,1.3686,3148
20.02.2026 02:00:00.000,1.36858,1.3698,1.36802,1.36973,3068
20.02.2026 03:00:00.000,1.36974,1.37024,1.36873,1.36912,5612
20.02.2026 04:00:00.000,1.36914,1.36917,1.36818,1.36892,3188
20.02.2026 05:00:00.000,1.36891,1.36941,1.36838,1.3688,3531
20.02.2026 06:00:00.000,1.3688,1.36914,1.36809,1.36855,3445
20.02.2026 07:00:00.000,1.36853,1.36938,1.36819,1.36911,3550
20.02.2026 08:00:00.000,1.3691,1.3698,1.36826,1.36888,7080
20.02.2026 09:00:00.000,1.36888,1.37052,1.36865,1.37001,7452
20.02.2026 10:00:00.000,1.37002,1.37103,1.36693,1.36758,32301
20.02.2026 11:00:00.000,1.36758,1.36991,1.36734,1.36888,15224
20.02.2026 12:00:00.000,1.36887,1.37037,1.36825,1.36861,11786
20.02.2026 13:00:00.000,1.3686,1.36928,1.36707,1.36779,10192
20.02.2026 14:00:00.000,1.3678,1.36915,1.36762,1.36878,7068
20.02.2026 15:00:00.000,1.36875,1.36903,1.36805,1.36834,5740
20.02.2026 16:00:00.000,1.36832,1.36847,1.36687,1.36774,6438
23.02.2026 00:00:00.000,1.367,1.3674,1.36674,1.36686,4626
23.02.2026 01:00:00.000,1.36688,1.36712,1.36615,1.36661,4180
23.02.2026 02:00:00.000,1.3666,1.36731,1.36653,1.36682,3814
23.02.2026 03:00:00.000,1.36684,1.36724,1.36617,1.36634,5177
23.02.2026 04:00:00.000,1.36634,1.36712,1.36617,1.36701,3088
23.02.2026 05:00:00.000,1.36701,1.36766,1.36701,1.36744,3838
23.02.2026 06:00:00.000,1.36744,1.36871,1.36731,1.36854,3980
23.02.2026 07:00:00.000,1.36858,1.36997,1.36858,1.36908,7293
23.02.2026 08:00:00.000,1.36909,1.3698,1.36777,1.36778,14121
23.02.2026 09:00:00.000,1.36777,1.36827,1.3667,1.3675,14307
23.02.2026 10:00:00.000,1.3675,1.36893,1.36706,1.36872,11341
23.02.2026 11:00:00.000,1.36872,1.36941,1.36798,1.36856,11184
23.02.2026 12:00:00.000,1.36855,1.36964,1.3682,1.36898,7051
23.02.2026 13:00:00.000,1.36896,1.36955,1.3687,1.36915,5318
23.02.2026 14:00:00.000,1.36918,1.36987,1.36888,1.36957,4326
23.02.2026 15:00:00.000,1.36958,1.37017,1.36945,1.37015,3067
23.02.2026 16:00:00.000,1.37016,1.37038,1.36946,1.36961,1924
23.02.2026 17:00:00.000,1.36951,1.36956,1.36835,1.36916,895
23.02.2026 18:00:00.000,1.36923,1.36972,1.36914,1.36937,1730
23.02.2026 19:00:00.000,1.36938,1.37001,1.36912,1.36988,3387
23.02.2026 20:00:00.000,1.36989,1.37171,1.36988,1.3706,6983
23.02.2026 21:00:00.000,1.37057,1.37074,1.3699,1.36994,5207
23.02.2026 22:00:00.000,1.36994,1.37056,1.36957,1.3705,4604
23.02.2026 23:00:00.000,1.3705,1.37092,1.37033,1.37069,3669
24.02.2026 00:00:00.000,1.37068,1.3708,1.36976,1.36983,5387
24.02.2026 01:00:00.000,1.36984,1.37012,1.36958,1.36974,3494
24.02.2026 02:00:00.000,1.36976,1.37074,1.36976,1.37033,5111
24.02.2026 03:00:00.000,1.37034,1.37077,1.36967,1.37036,4724
24.02.2026 04:00:00.000,1.37037,1.37037,1.36956,1.36975,2985
24.02.2026 05:00:00.000,1.36974,1.37037,1.36956,1.37034,3279
24.02.2026 06:00:00.000,1.37033,1.3713,1.37022,1.37111,2443
24.02.2026 07:00:00.000,1.37111,1.37172,1.37079,1.37122,3805
24.02.2026 08:00:00.000,1.37124,1.37164,1.37051,1.37137,8553
24.02.2026 09:00:00.000,1.37137,1.37245,1.37118,1.37163,12955
24.02.2026 10:00:00.000,1.37161,1.37214,1.37098,1.37147,9800
24.02.2026 11:00:00.000,1.37147,1.37164,1.37007,1.37034,6227
24.02.2026 12:00:00.000,1.37033,1.37085,1.37003,1.37046,3478
24.02.2026 13:00:00.000,1.37046,1.37054,1.37005,1.37034,2559
24.02.2026 14:00:00.000,1.37035,1.37063,1.36967,1.37031,2450
24.02.2026 15:00:00.000,1.37033,1.37048,1.36939,1.37027,2208
24.02.2026 16:00:00.000,1.37025,1.37057,1.36972,1.3698,1630
24.02.2026 17:00:00.000,1.3698,1.37009,1.36887,1.36943,413
24.02.2026 18:00:00.000,1.36998,1.37028,1.36979,1.37027,1314
24.02.2026 19:00:00.000,1.37028,1.37054,1.3695,1.3696,5205
24.02.2026 20:00:00.000,1.3696,1.36991,1.36923,1.36985,4729
24.02.2026 21:00:00.000,1.36986,1.36989,1.36835,1.36839,6146
24.02.2026 22:00:00.000,1.36838,1.36916,1.36806,1.36881,6817
24.02.2026 23:00:00.000,1.36885,1.36902,1.36838,1.36846,3501
25.02.2026 00:00:00.000,1.36846,1.36852,1.36753,1.36767,5398
25.02.2026 01:00:00.000,1.36765,1.36821,1.36747,1.36749,4876
25.02.2026 02:00:00.000,1.36751,1.36832,1.36738,1.36831,3166
25.02.2026 03:00:00.000,1.3683,1.36913,1.36796,1.36904,2667
25.02.2026 04:00:00.000,1.36906,1.36968,1.3689,1.36916,3779
25.02.2026 05:00:00.000,1.36916,1.36982,1.36881,1.36963,4614
25.02.2026 06:00:00.000,1.36966,1.37063,1.36965,1.37024,4313
25.02.2026 07:00:00.000,1.37025,1.37027,1.36886,1.36896,3163
25.02.2026 08:00:00.000,1.36898,1.37012,1.36842,1.37,5359
25.02.2026 09:00:00.000,1.37,1.37044,1.36902,1.36981,6343
25.02.2026 10:00:00.000,1.36984,1.36984,1.36783,1.36806,8689
25.02.2026 11:00:00.000,1.36807,1.36872,1.36743,1.36855,4804
25.02.2026 12:00:00.000,1.36852,1.36862,1.36763,1.36835,4933
25.02.2026 13:00:00.000,1.36834,1.36854,1.36742,1.36808,2727
25.02.2026 14:00:00.000,1.36808,1.36832,1.3675,1.36773,1799
25.02.2026 15:00:00.000,1.36774,1.36847,1.36763,1.3679,2577
25.02.2026 16:00:00.000,1.36791,1.36823,1.36724,1.36743,1795
25.02.2026 17:00:00.000,1.36738,1.36757,1.36699,1.36732,938
25.02.2026 18:00:00.000,1.36736,1.36766,1.36725,1.36756,1524
25.02.2026 19:00:00.000,1.36755,1.36763,1.367,1.36713,2741
25.02.2026 20:00:00.000,1.36715,1.36722,1.36611,1.36616,5288
25.02.2026 21:00:00.000,1.36616,1.36722,1.36585,1.36698,4480
25.02.2026 22:00:00.000,1.36697,1.36729,1.36667,1.36724,4758
25.02.2026 23:00:00.000,1.36723,1.36751,1.36691,1.36697,3338
26.02.2026 00:00:00.000,1.36699,1.36714,1.36633,1.36649,5048
26.02.2026 01:00:00.000,1.3665,1.36693,1.3659,1.36624,5271
26.02.2026 02:00:00.000,1.36627,1.36721,1.36596,1.36607,4616
26.02.2026 03:00:00.000,1.36607,1.36784,1.36602,1.36762,5879
26.02.2026 04:00:00.000,1.36761,1.36783,1.36725,1.36772,2596
26.02.2026 05:00:00.000,1.36773,1.36834,1.36752,1.36803,1905
26.02.2026 06:00:00.000,1.36802,1.36861,1.36745,1.36848,2198
26.02.2026 07:00:00.000,1.3685,1.36881,1.36763,1.36774,2711
26.02.2026 08:00:00.000,1.36773,1.36911,1.36716,1.36868,4116
26.02.2026 09:00:00.000,1.36874,1.36935,1.36826,1.36878,7874
26.02.2026 10:00:00.000,1.36879,1.37117,1.36827,1.36841,16007
26.02.2026 11:00:00.000,1.36841,1.36898,1.3679,1.36842,5401
26.02.2026 12:00:00.000,1.36839,1.37008,1.36817,1.36989,4818
26.02.2026 13:00:00.000,1.36988,1.37025,1.36848,1.36884,5430
26.02.2026 14:00:00.000,1.3688,1.36896,1.36801,1.36816,2799
26.02.2026 15:00:00.000,1.36816,1.36857,1.36777,1.368,2260
26.02.2026 16:00:00.000,1.368,1.36846,1.36784,1.36801,2023
26.02.2026 17:00:00.000,1.36798,1.36812,1.36682,1.36766,1227
26.02.2026 18:00:00.000,1.3677,1.36806,1.36757,1.3676,1559
26.02.2026 19:00:00.000,1.36761,1.36811,1.36729,1.36787,4470
26.02.2026 20:00:00.000,1.36787,1.36815,1.36741,1.36794,5820
26.02.2026 21:00:00.000,1.36792,1.36792,1.36715,1.3672,5462
26.02.2026 22:00:00.000,1.36721,1.36727,1.36686,1.36703,4145
26.02.2026 23:00:00.000,1.36703,1.36711,1.36636,1.36652,4242
27.02.2026 00:00:00.000,1.36654,1.36681,1.36622,1.36632,4095
27.02.2026 01:00:00.000,1.3663,1.36699,1.36617,1.36681,4232
27.02.2026 02:00:00.000,1.36682,1.36741,1.3667,1.36705,3259
27.02.2026 03:00:00.000,1.36704,1.36737,1.36648,1.36717,3978
27.02.2026 04:00:00.000,1.36717,1.36771,1.36662,1.36687,4221
27.02.2026 05:00:00.000,1.36686,1.36769,1.36668,1.36732,4128
27.02.2026 06:00:00.000,1.36732,1.36773,1.36693,1.36721,2976
27.02.2026 07:00:00.000,1.36721,1.36742,1.36639,1.36724,2435
27.02.2026 08:00:00.000,1.36725,1.36844,1.36621,1.3674,9206
27.02.2026 09:00:00.000,1.36735,1.36748,1.36507,1.36617,9354
27.02.2026 10:00:00.000,1.36615,1.36659,1.36272,1.36375,12888
27.02.2026 11:00:00.000,1.36374,1.36406,1.36284,1.36332,8037
27.02.2026 12:00:00.000,1.36331,1.36351,1.36248,1.36296,6034
27.02.2026 13:00:00.000,1.36295,1.36331,1.36252,1.36291,4815
27.02.2026 14:00:00.000,1.36292,1.36347,1.36265,1.36318,5084
27.02.2026 15:00:00.000,1.36318,1.36402,1.36297,1.36397,3736
27.02.2026 16:00:00.000,1.36396,1.36514,1.36393,1.36402,5980
02.03.2026 00:00:00.000,1.36486,1.36589,1.36486,1.36585,6307
02.03.2026 01:00:00.000,1.36585,1.36629,1.36526,1.36598,8277
02.03.2026 02:00:00.000,1.36598,1.3667,1.36567,1.36573,6053
02.03.2026 03:00:00.000,1.36574,1.36862,1.36547,1.36674,6714
02.03.2026 04:00:00.000,1.36674,1.36693,1.36416,1.36522,4696
02.03.2026 05:00:00.000,1.36522,1.3653,1.36401,1.36504,4560
02.03.2026 06:00:00.000,1.36503,1.36604,1.36498,1.36576,3791
02.03.2026 07:00:00.000,1.36578,1.36674,1.36498,1.36652,5359
02.03.2026 08:00:00.000,1.3665,1.3685,1.36603,1.36834,8037
02.03.2026 09:00:00.000,1.36835,1.36882,1.36651,1.36746,13032
02.03.2026 10:00:00.000,1.36741,1.37037,1.36717,1.37003,11667
02.03.2026 11:00:00.000,1.37006,1.37184,1.37002,1.37068,10627
02.03.2026 12:00:00.000,1.37069,1.37152,1.36976,1.37018,6494
02.03.2026 13:00:00.000,1.37018,1.37113,1.36931,1.36966,4044
02.03.2026 14:00:00.000,1.36967,1.36973,1.36597,1.36615,4699
02.03.2026 15:00:00.000,1.36615,1.36892,1.36607,1.36733,9991
02.03.2026 16:00:00.000,1.36734,1.36812,1.36655,1.36722,2894
02.03.2026 17:00:00.000,1.36712,1.36738,1.36698,1.36721,2764
02.03.2026 18:00:00.000,1.3672,1.36762,1.36696,1.36718,1110
02.03.2026 19:00:00.000,1.36717,1.3676,1.3668,1.3669,3349
02.03.2026 20:00:00.000,1.3669,1.36709,1.36604,1.36685,6053
02.03.2026 21:00:00.000,1.36685,1.36763,1.36597,1.36635,12539
02.03.2026 22:00:00.000,1.36633,1.36701,1.3662,1.36672,5282
02.03.2026 23:00:00.000,1.36671,1.3673,1.36638,1.36714,7299
03.03.2026 00:00:00.000,1.36715,1.36794,1.36635,1.36757,6621
03.03.2026 01:00:00.000,1.36757,1.36832,1.36701,1.36718,4675
03.03.2026 02:00:00.000,1.36716,1.36807,1.36668,1.36786,5460
03.03.2026 03:00:00.000,1.36792,1.36992,1.36771,1.36944,8071
03.03.2026 04:00:00.000,1.36942,1.37104,1.36863,1.36996,13320
03.03.2026 05:00:00.000,1.36996,1.37113,1.36921,1.37108,7235
03.03.2026 06:00:00.000,1.37108,1.37217,1.37025,1.37025,7354
03.03.2026 07:00:00.000,1.37025,1.37044,1.36817,1.36856,7467
03.03.2026 08:00:00.000,1.36859,1.37092,1.36827,1.37075,9461
03.03.2026 09:00:00.000,1.37076,1.37356,1.3696,1.37327,13733
03.03.2026 10:00:00.000,1.37328,1.37526,1.3696,1.37032,22005
03.03.2026 11:00:00.000,1.37031,1.37052,1.36585,1.3664,17461
03.03.2026 12:00:00.000,1.36641,1.36792,1.36639,1.36761,11450
03.03.2026 13:00:00.000,1.3676,1.36764,1.36528,1.36686,7658
03.03.2026 14:00:00.000,1.36685,1.36749,1.36568,1.36701,9194
03.03.2026 15:00:00.000,1.36699,1.36713,1.36591,1.36695,12020
03.03.2026 16:00:00.000,1.36695,1.36855,1.36669,1.3678,3900
03.03.2026 17:00:00.000,1.36775,1.36793,1.36645,1.36746,631
03.03.2026 18:00:00.000,1.36746,1.36809,1.36715,1.36747,3929
03.03.2026 19:00:00.000,1.36748,1.36836,1.36707,1.36826,8570
03.03.2026 20:00:00.000,1.36824,1.36995,1.36797,1.36891,9737
03.03.2026 21:00:00.000,1.36891,1.36905,1.36792,1.36859,11886
03.03.2026 22:00:00.000,1.3686,1.36928,1.36797,1.36803,11270
03.03.2026 23:00:00.000,1.36802,1.36943,1.36769,1.36911,10075
04.03.2026 00:00:00.000,1.36913,1.36945,1.36855,1.36886,10226
04.03.2026 01:00:00.000,1.36886,1.36943,1.36706,1.36738,8077
04.03.2026 02:00:00.000,1.36738,1.36762,1.36479,1.36593,9810
04.03.2026 03:00:00.000,1.36592,1.36796,1.36568,1.36778,10401
04.03.2026 04:00:00.000,1.36776,1.36811,1.36669,1.3675,8202
04.03.2026 05:00:00.000,1.3675,1.36768,1.36471,1.36696,12248
04.03.2026 06:00:00.000,1.36697,1.36723,1.3658,1.3664,4160
04.03.2026 07:00:00.000,1.3664,1.36752,1.36437,1.36731,5720
04.03.2026 08:00:00.000,1.36732,1.36786,1.36531,1.36709,12023
04.03.2026 09:00:00.000,1.3671,1.36901,1.36698,1.36814,11217
04.03.2026 10:00:00.000,1.36812,1.36838,1.36551,1.36591,11606
04.03.2026 11:00:00.000,1.36589,1.36723,1.36509,1.36622,7829
04.03.2026 12:00:00.000,1.36621,1.36722,1.36581,1.36633,4678
04.03.2026 13:00:00.000,1.36632,1.36727,1.36627,1.36681,3229
04.03.2026 14:00:00.000,1.36681,1.36681,1.36341,1.36345,4173
04.03.2026 15:00:00.000,1.36346,1.36438,1.36266,1.36432,6189
04.03.2026 16:00:00.000,1.36432,1.36447,1.36299,1.36418,2651
04.03.2026 17:00:00.000,1.36417,1.36462,1.36348,1.36432,986
04.03.2026 18:00:00.000,1.36431,1.3646,1.36363,1.36434,2438
04.03.2026 19:00:00.000,1.36435,1.36462,1.36328,1.36343,4599
04.03.2026 20:00:00.000,1.36344,1.36459,1.36299,1.36448,10971
04.03.2026 21:00:00.000,1.36449,1.36474,1.36396,1.36433,7794
04.03.2026 22:00:00.000,1.36433,1.36561,1.36404,1.36532,8245
04.03.2026 23:00:00.000,1.36534,1.3657,1.36457,1.36496,7375
05.03.2026 00:00:00.000,1.36499,1.36636,1.36477,1.36633,7048
05.03.2026 01:00:00.000,1.36631,1.36673,1.36527,1.36538,8359
05.03.2026 02:00:00.000,1.36536,1.36538,1.36396,1.36446,7792
05.03.2026 03:00:00.000,1.36447,1.36703,1.36447,1.36589,8938
05.03.2026 04:00:00.000,1.36589,1.36604,1.36268,1.3646,12182
05.03.2026 05:00:00.000,1.36462,1.36502,1.36395,1.36421,4896
05.03.2026 06:00:00.000,1.36418,1.36447,1.36287,1.3632,4512
05.03.2026 07:00:00.000,1.36318,1.3636,1.36212,1.36212,5103
05.03.2026 08:00:00.000,1.36213,1.36485,1.3615,1.36476,10077
05.03.2026 09:00:00.000,1.36478,1.36573,1.36378,1.36404,15793
05.03.2026 10:00:00.000,1.36403,1.36922,1.36344,1.36814,15054
05.03.2026 11:00:00.000,1.36815,1.37157,1.36788,1.36937,13178
05.03.2026 12:00:00.000,1.36935,1.37104,1.36895,1.37009,13195
05.03.2026 13:00:00.000,1.3701,1.37049,1.36865,1.36881,10954
05.03.2026 14:00:00.000,1.3688,1.37016,1.36833,1.36914,7085
05.03.2026 15:00:00.000,1.36913,1.3695,1.36648,1.36691,12651
05.03.2026 16:00:00.000,1.36692,1.36775,1.36648,1.36724,2728
05.03.2026 17:00:00.000,1.36698,1.36766,1.36694,1.36729,2196
05.03.2026 18:00:00.000,1.36732,1.36739,1.36674,1.36714,2378
05.03.2026 19:00:00.000,1.36713,1.36713,1.36584,1.36642,4400
05.03.2026 20:00:00.000,1.3664,1.36653,1.36563,1.3657,6667
05.03.2026 21:00:00.000,1.3657,1.36621,1.36527,1.36612,9005
05.03.2026 22:00:00.000,1.36613,1.36621,1.36563,1.3657,7319
05.03.2026 23:00:00.000,1.3657,1.36615,1.3654,1.36599,4695
06.03.2026 00:00:00.000,1.366,1.36643,1.36562,1.36636,5523
06.03.2026 01:00:00.000,1.36636,1.3665,1.36569,1.36596,6850
06.03.2026 02:00:00.000,1.36597,1.36608,1.36475,1.36505,3170
06.03.2026 03:00:00.000,1.36504,1.3654,1.36442,1.36528,4622
06.03.2026 04:00:00.000,1.36527,1.36724,1.36523,1.3669,8333
06.03.2026 05:00:00.000,1.36693,1.36716,1.36575,1.36602,4158
06.03.2026 06:00:00.000,1.36601,1.36698,1.36533,1.36678,4578
06.03.2026 07:00:00.000,1.36676,1.36696,1.36509,1.36579,4124
06.03.2026 08:00:00.000,1.36583,1.36595,1.36284,1.36484,15345
06.03.2026 09:00:00.000,1.36484,1.36741,1.36464,1.36487,16680
06.03.2026 10:00:00.000,1.36488,1.36489,1.36158,1.36252,20707
06.03.2026 11:00:00.000,1.36253,1.36276,1.35967,1.35985,12493
06.03.2026 12:00:00.000,1.35988,1.36128,1.35947,1.35983,11128
06.03.2026 13:00:00.000,1.3598,1.36008,1.35805,1.35879,9142
06.03.2026 14:00:00.000,1.35878,1.35899,1.35795,1.35853,5376
06.03.2026 15:00:00.000,1.35852,1.35895,1.35754,1.35856,7258
06.03.2026 16:00:00.000,1.35856,1.35888,1.35605,1.35664,7104
09.03.2026 00:00:00.000,1.35522,1.35556,1.35453,1.35519,11539
09.03.2026 01:00:00.000,1.35518,1.35584,1.35474,1.35568,6150
09.03.2026 02:00:00.000,1.35567,1.35634,1.35486,1.35515,6531
09.03.2026 03:00:00.000,1.35514,1.35809,1.3549,1.3574,9561
09.03.2026 04:00:00.000,1.35739,1.3578,1.35462,1.35495,8319
09.03.2026 05:00:00.000,1.35494,1.35515,1.3535,1.35384,7122
09.03.2026 06:00:00.000,1.35382,1.35425,1.35252,1.35372,5321
09.03.2026 07:00:00.000,1.35371,1.35705,1.35371,1.35679,7116
09.03.2026 08:00:00.000,1.35677,1.35782,1.35527,1.35724,13162
09.03.2026 09:00:00.000,1.35724,1.35829,1.35643,1.35785,22026
09.03.2026 10:00:00.000,1.35783,1.35901,1.35693,1.35744,12633
09.03.2026 11:00:00.000,1.35744,1.35782,1.35632,1.35701,6876
09.03.2026 12:00:00.000,1.35699,1.35855,1.35699,1.35842,6041
09.03.2026 13:00:00.000,1.35843,1.35911,1.35757,1.35799,5089
09.03.2026 14:00:00.000,1.35797,1.35873,1.356,1.35816,18608
09.03.2026 15:00:00.000,1.35817,1.35981,1.35799,1.35856,5322
09.03.2026 16:00:00.000,1.35846,1.35874,1.35734,1.35745,742
09.03.2026 17:00:00.000,1.35745,1.35865,1.35718,1.35798,1769
09.03.2026 18:00:00.000,1.35798,1.35889,1.35772,1.35868,2585
09.03.2026 19:00:00.000,1.35868,1.35944,1.3584,1.35909,6967
09.03.2026 20:00:00.000,1.35907,1.36011,1.35885,1.35952,9822
09.03.2026 21:00:00.000,1.35951,1.35983,1.35928,1.35968,10001
09.03.2026 22:00:00.000,1.35966,1.35986,1.35938,1.35969,7561
09.03.2026 23:00:00.000,1.3597,1.36003,1.35883,1.35887,6897
10.03.2026 00:00:00.000,1.35887,1.35923,1.35838,1.35838,6133
10.03.2026 01:00:00.000,1.35835,1.35845,1.35726,1.35745,5546
10.03.2026 02:00:00.000,1.35745,1.35767,1.35652,1.35694,5057
10.03.2026 03:00:00.000,1.35695,1.3586,1.35693,1.35835,9607
10.03.2026 04:00:00.000,1.35833,1.35844,1.3569,1.35818,5575
10.03.2026 05:00:00.000,1.35819,1.3585,1.35718,1.35722,4540
10.03.2026 06:00:00.000,1.35723,1.35727,1.35579,1.35636,5279
10.03.2026 07:00:00.000,1.35638,1.35727,1.35417,1.35491,11867
10.03.2026 08:00:00.000,1.35491,1.35785,1.35459,1.35759,11698
10.03.2026 09:00:00.000,1.35757,1.35798,1.35458,1.35518,11169
10.03.2026 10:00:00.000,1.35517,1.35691,1.35475,1.35626,9155
10.03.2026 11:00:00.000,1.35627,1.35742,1.35627,1.35703,5919
10.03.2026 12:00:00.000,1.35702,1.3575,1.35655,1.35689,7730
10.03.2026 13:00:00.000,1.35689,1.35813,1.35673,1.35774,11655
10.03.2026 14:00:00.000,1.35774,1.35835,1.35734,1.35802,8564
10.03.2026 15:00:00.000,1.35802,1.35853,1.35771,1.35784,4088
10.03.2026 16:00:00.000,1.35785,1.35808,1.35719,1.35749,846
10.03.2026 17:00:00.000,1.3576,1.35841,1.3576,1.35819,1191
10.03.2026 18:00:00.000,1.35819,1.35847,1.35809,1.35828,1804
10.03.2026 19:00:00.000,1.35827,1.35845,1.35754,1.35785,3827
10.03.2026 20:00:00.000,1.35784,1.35803,1.35688,1.35714,3439
10.03.2026 21:00:00.000,1.35712,1.35725,1.3555,1.35594,4340
10.03.2026 22:00:00.000,1.35596,1.35609,1.3555,1.35573,4431
10.03.2026 23:00:00.000,1.35572,1.35612,1.35556,1.35585,3568
11.03.2026 00:00:00.000,1.35585,1.3561,1.35563,1.356,3169
11.03.2026 01:00:00.000,1.35598,1.35672,1.35543,1.35646,4705
11.03.2026 02:00:00.000,1.35648,1.35729,1.35621,1.35629,5466
11.03.2026 03:00:00.000,1.35629,1.35728,1.35597,1.35636,7004
11.03.2026 04:00:00.000,1.35634,1.35743,1.35608,1.35723,5547
11.03.2026 05:00:00.000,1.35725,1.3576,1.35673,1.35688,3428
11.03.2026 06:00:00.000,1.3569,1.35741,1.35598,1.35666,4340
11.03.2026 07:00:00.000,1.35665,1.35929,1.35619,1.35919,7921
11.03.2026 08:00:00.000,1.35919,1.35958,1.35842,1.35868,7599
11.03.2026 09:00:00.000,1.35865,1.35893,1.35731,1.35798,13509
11.03.2026 10:00:00.000,1.35798,1.36036,1.35756,1.36025,7457
11.03.2026 11:00:00.000,1.36026,1.36047,1.35832,1.35834,5780
11.03.2026 12:00:00.000,1.35833,1.35902,1.35744,1.35843,5917
11.03.2026 13:00:00.000,1.35842,1.35931,1.35831,1.35905,5033
11.03.2026 14:00:00.000,1.35906,1.35952,1.35837,1.35844,3651
11.03.2026 15:00:00.000,1.35844,1.35939,1.35831,1.35917,2326
11.03.2026 16:00:00.000,1.35917,1.3593,1.35831,1.35858,688
11.03.2026 17:00:00.000,1.35857,1.35989,1.35847,1.35985,2300
11.03.2026 18:00:00.000,1.35986,1.36039,1.35964,1.36024,6693
11.03.2026 19:00:00.000,1.36025,1.36044,1.35857,1.35868,6185
11.03.2026 20:00:00.000,1.35868,1.35918,1.3578,1.35817,7067
11.03.2026 21:00:00.000,1.35816,1.35917,1.35777,1.35878,8365
11.03.2026 22:00:00.000,1.35877,1.3591,1.35867,1.35887,3826
11.03.2026 23:00:00.000,1.35887,1.35926,1.35862,1.35918,3710
12.03.2026 00:00:00.000,1.35917,1.35938,1.35859,1.35929,4131
12.03.2026 01:00:00.000,1.35931,1.35931,1.35828,1.35865,4719
12.03.2026 02:00:00.000,1.35865,1.35912,1.35815,1.35863,3689
12.03.2026 03:00:00.000,1.35863,1.35895,1.35763,1.35872,5100
12.03.2026 04:00:00.000,1.35871,1.35897,1.35836,1.35856,5092
12.03.2026 05:00:00.000,1.35857,1.35931,1.35854,1.35914,5442
12.03.2026 06:00:00.000,1.35914,1.3595,1.35864,1.35918,3577
12.03.2026 07:00:00.000,1.35916,1.3604,1.3591,1.36003,4235
12.03.2026 08:00:00.000,1.36002,1.3611,1.35939,1.36079,12770
12.03.2026 09:00:00.000,1.36077,1.36144,1.35971,1.3612,13401
12.03.2026 10:00:00.000,1.36121,1.36336,1.36102,1.36189,16257
12.03.2026 11:00:00.000,1.3619,1.36308,1.3611,1.36278,9104
12.03.2026 12:00:00.000,1.36279,1.36318,1.36191,1.36253,8888
12.03.2026 13:00:00.000,1.36253,1.36279,1.36187,1.36221,5894
12.03.2026 14:00:00.000,1.36221,1.36295,1.36205,1.3629,4403
12.03.2026 15:00:00.000,1.36289,1.36423,1.3626,1.36371,4302
12.03.2026 16:00:00.000,1.3637,1.36423,1.36273,1.36339,703
12.03.2026 17:00:00.000,1.3635,1.36451,1.36338,1.36348,1661
12.03.2026 18:00:00.000,1.36351,1.36362,1.36293,1.36322,3196
12.03.2026 19:00:00.000,1.36323,1.36326,1.36222,1.36256,6432
12.03.2026 20:00:00.000,1.36257,1.36331,1.36205,1.3631,5190
12.03.2026 21:00:00.000,1.3631,1.36391,1.36257,1.36365,6761
12.03.2026 22:00:00.000,1.36366,1.36421,1.3635,1.3638,6848
12.03.2026 23:00:00.000,1.36381,1.36467,1.36379,1.36445,3765
13.03.2026 00:00:00.000,1.36446,1.36473,1.36426,1.3646,3178
13.03.2026 01:00:00.000,1.36459,1.36543,1.36429,1.36524,6310
13.03.2026 02:00:00.000,1.36526,1.36652,1.3651,1.36601,5871
13.03.2026 03:00:00.000,1.366,1.36714,1.36596,1.36628,6534
13.03.2026 04:00:00.000,1.36628,1.36705,1.36597,1.36697,4729
13.03.2026 05:00:00.000,1.36697,1.36793,1.36641,1.36776,4177
13.03.2026 06:00:00.000,1.36777,1.36832,1.36649,1.36658,5379
13.03.2026 07:00:00.000,1.36657,1.37032,1.36546,1.37017,11748
13.03.2026 08:00:00.000,1.37019,1.37153,1.36803,1.36849,10482
13.03.2026 09:00:00.000,1.3685,1.37142,1.36829,1.37128,9372
13.03.2026 10:00:00.000,1.37129,1.37366,1.37118,1.37362,12467
13.03.2026 11:00:00.000,1.37362,1.37412,1.37288,1.3733,10033
13.03.2026 12:00:00.000,1.3733,1.37384,1.37271,1.37319,7345
13.03.2026 13:00:00.000,1.37319,1.37345,1.37182,1.3722,6607
13.03.2026 14:00:00.000,1.37219,1.37327,1.37211,1.37283,3857
13.03.2026 15:00:00.000,1.37284,1.37334,1.37127,1.37143,6916
16.03.2026 00:00:00.000,1.37163,1.37184,1.37136,1.37164,5611
16.03.2026 01:00:00.000,1.37166,1.37225,1.37109,1.37184,4467
16.03.2026 02:00:00.000,1.37185,1.37194,1.37032,1.37069,5189
16.03.2026 03:00:00.000,1.37067,1.37084,1.36976,1.36982,6933
16.03.2026 04:00:00.000,1.36983,1.37041,1.36974,1.36992,7475
16.03.2026 05:00:00.000,1.36992,1.37019,1.36905,1.36925,4311
16.03.2026 06:00:00.000,1.36926,1.3693,1.36786,1.36826,4910
16.03.2026 07:00:00.000,1.36828,1.3694,1.36735,1.36918,6272
16.03.2026 08:00:00.000,1.36918,1.36918,1.3658,1.3661,7762
16.03.2026 09:00:00.000,1.36614,1.36759,1.36525,1.36666,8462
16.03.2026 10:00:00.000,1.36664,1.36873,1.36608,1.36836,7738
16.03.2026 11:00:00.000,1.36838,1.36885,1.36736,1.36783,7267
16.03.2026 12:00:00.000,1.36782,1.36837,1.36705,1.36795,6313
16.03.2026 13:00:00.000,1.36793,1.36793,1.36685,1.36743,5434
16.03.2026 14:00:00.000,1.36741,1.36866,1.36714,1.36799,5781
16.03.2026 15:00:00.000,1.36797,1.36854,1.36776,1.3685,3116
16.03.2026 16:00:00.000,1.36848,1.36872,1.36791,1.36794,10703
16.03.2026 17:00:00.000,1.36788,1.36875,1.36783,1.36866,724
16.03.2026 18:00:00.000,1.36866,1.36885,1.3685,1.36864,1670
16.03.2026 19:00:00.000,1.36865,1.36901,1.36848,1.36861,4319
16.03.2026 20:00:00.000,1.3686,1.36894,1.36819,1.36825,7441
16.03.2026 21:00:00.000,1.36824,1.36866,1.36811,1.36863,4246
16.03.2026 22:00:00.000,1.3686,1.3688,1.36796,1.36864,7060
16.03.2026 23:00:00.000,1.36866,1.36887,1.36812,1.36843,4339
17.03.2026 00:00:00.000,1.3684,1.36984,1.36828,1.36974,4598
17.03.2026 01:00:00.000,1.36973,1.37009,1.36933,1.3694,5674
17.03.2026 02:00:00.000,1.36941,1.36955,1.36843,1.36894,5019
17.03.2026 03:00:00.000,1.36892,1.36961,1.36862,1.36886,6508
17.03.2026 04:00:00.000,1.36885,1.36986,1.36858,1.36954,5332
17.03.2026 05:00:00.000,1.36956,1.37018,1.36911,1.37013,3355
17.03.2026 06:00:00.000,1.37013,1.37063,1.3695,1.37061,3921
17.03.2026 07:00:00.000,1.37063,1.37094,1.36947,1.37023,7398
17.03.2026 08:00:00.000,1.37022,1.3709,1.36868,1.36894,10974
17.03.2026 09:00:00.000,1.36893,1.37016,1.368,1.37007,10627
17.03.2026 10:00:00.000,1.37007,1.37223,1.36983,1.37068,14148
17.03.2026 11:00:00.000,1.37068,1.37132,1.36992,1.37002,7317
17.03.2026 12:00:00.000,1.37001,1.3701,1.36892,1.3691,4112
17.03.2026 13:00:00.000,1.36909,1.36991,1.36901,1.36963,2292
17.03.2026 14:00:00.000,1.36961,1.36991,1.3694,1.3697,2177
17.03.2026 15:00:00.000,1.36969,1.36969,1.36886,1.36898,3142
17.03.2026 16:00:00.000,1.36897,1.36914,1.36871,1.36877,485
17.03.2026 17:00:00.000,1.36871,1.36927,1.36871,1.3692,1489
17.03.2026 18:00:00.000,1.36923,1.36933,1.36892,1.36894,2054
17.03.2026 19:00:00.000,1.36894,1.36962,1.36871,1.36921,9642
17.03.2026 20:00:00.000,1.36921,1.36964,1.36867,1.36924,4696
17.03.2026 21:00:00.000,1.36923,1.36982,1.36898,1.36972,5645
17.03.2026 22:00:00.000,1.36973,1.37,1.3695,1.36986,4292
17.03.2026 23:00:00.000,1.36986,1.37011,1.36968,1.36997,3566
18.03.2026 00:00:00.000,1.36996,1.37003,1.36971,1.36983,4287
18.03.2026 01:00:00.000,1.36983,1.37089,1.36979,1.37054,3853
18.03.2026 02:00:00.000,1.37055,1.37123,1.3704,1.37092,3362
18.03.2026 03:00:00.000,1.37092,1.37105,1.36945,1.36958,9388
18.03.2026 04:00:00.000,1.36959,1.36993,1.36902,1.36914,5708
18.03.2026 05:00:00.000,1.36916,1.37002,1.36883,1.36974,2024
18.03.2026 06:00:00.000,1.36974,1.36983,1.36877,1.36882,6302
18.03.2026 07:00:00.000,1.36881,1.37081,1.36876,1.3708,10933
18.03.2026 08:00:00.000,1.37082,1.37237,1.37068,1.37107,14308
18.03.2026 09:00:00.000,1.37108,1.3715,1.36968,1.36968,13163
18.03.2026 10:00:00.000,1.36969,1.37071,1.36934,1.3697,7624
18.03.2026 11:00:00.000,1.36971,1.37028,1.36874,1.36975,6397
18.03.2026 12:00:00.000,1.36975,1.3707,1.36939,1.36979,6861
18.03.2026 13:00:00.000,1.36979,1.37173,1.36912,1.37172,10463
18.03.2026 14:00:00.000,1.37171,1.37256,1.37132,1.37249,5795
18.03.2026 15:00:00.000,1.37249,1.37373,1.37243,1.37303,3383
18.03.2026 16:00:00.000,1.37303,1.37314,1.37194,1.37202,854
18.03.2026 17:00:00.000,1.37202,1.37375,1.37202,1.37346,1806
18.03.2026 18:00:00.000,1.37348,1.37356,1.37282,1.37301,4308
18.03.2026 19:00:00.000,1.373,1.37311,1.37193,1.37194,7483
18.03.2026 20:00:00.000,1.37195,1.37212,1.37141,1.3721,6255
18.03.2026 21:00:00.000,1.37211,1.37253,1.37135,1.37228,7502
18.03.2026 22:00:00.000,1.37227,1.37263,1.37193,1.37262,3960
18.03.2026 23:00:00.000,1.37263,1.37294,1.37257,1.3727,3186
19.03.2026 00:00:00.000,1.37273,1.37311,1.37244,1.37296,4271
19.03.2026 01:00:00.000,1.37296,1.37309,1.3722,1.37227,6579
19.03.2026 02:00:00.000,1.37227,1.37384,1.3721,1.3736,7529
19.03.2026 03:00:00.000,1.37358,1.37469,1.37304,1.3744,8292
19.03.2026 04:00:00.000,1.37441,1.37441,1.37273,1.37338,6405
19.03.2026 05:00:00.000,1.37338,1.37421,1.37317,1.37342,4221
19.03.2026 06:00:00.000,1.37344,1.37436,1.37305,1.37357,5570
19.03.2026 07:00:00.000,1.3736,1.3748,1.37258,1.37259,10502
19.03.2026 08:00:00.000,1.37259,1.37374,1.37145,1.3718,20432
19.03.2026 09:00:00.000,1.37182,1.37401,1.37053,1.37285,16820
19.03.2026 10:00:00.000,1.37287,1.37323,1.37143,1.37225,12190
19.03.2026 11:00:00.000,1.37225,1.37352,1.371,1.3728,12011
19.03.2026 12:00:00.000,1.3728,1.37342,1.37144,1.37268,7512
19.03.2026 13:00:00.000,1.37271,1.37372,1.37248,1.37248,9594
19.03.2026 14:00:00.000,1.37247,1.37391,1.37043,1.37378,12959
19.03.2026 15:00:00.000,1.37376,1.37446,1.37339,1.37377,2780
19.03.2026 16:00:00.000,1.37377,1.37377,1.37291,1.37334,621
19.03.2026 17:00:00.000,1.37334,1.37404,1.37328,1.37362,1537
19.03.2026 18:00:00.000,1.37363,1.37376,1.37316,1.37371,2502
19.03.2026 19:00:00.000,1.37372,1.37422,1.37354,1.37369,2721
19.03.2026 20:00:00.000,1.37371,1.37389,1.37287,1.37325,8041
19.03.2026 21:00:00.000,1.37324,1.37342,1.37245,1.37252,5526
19.03.2026 22:00:00.000,1.37252,1.37323,1.37246,1.37308,4796
19.03.2026 23:00:00.000,1.37307,1.37328,1.37287,1.37316,3172
20.03.2026 00:00:00.000,1.37316,1.37391,1.37289,1.3739,6448
20.03.2026 01:00:00.000,1.37389,1.37394,1.3733,1.37373,4701
20.03.2026 02:00:00.000,1.37373,1.37403,1.37197,1.3721,5264
20.03.2026 03:00:00.000,1.37209,1.37246,1.37125,1.37156,6470
20.03.2026 04:00:00.000,1.37157,1.372,1.37106,1.37189,6634
20.03.2026 05:00:00.000,1.3719,1.37285,1.3719,1.37248,9550
20.03.2026 06:00:00.000,1.37248,1.37256,1.3709,1.3709,8051
20.03.2026 07:00:00.000,1.3709,1.37205,1.36991,1.37138,8048
20.03.2026 08:00:00.000,1.37136,1.37242,1.37034,1.3724,10039
20.03.2026 09:00:00.000,1.37244,1.37416,1.37154,1.37296,12403
20.03.2026 10:00:00.000,1.37298,1.37474,1.37169,1.37319,14255
20.03.2026 11:00:00.000,1.37323,1.37343,1.37124,1.37138,9765
20.03.2026 12:00:00.000,1.37138,1.37193,1.3704,1.37073,10233
20.03.2026 13:00:00.000,1.3707,1.37282,1.37036,1.37255,7921
20.03.2026 14:00:00.000,1.37257,1.37273,1.37082,1.37186,9289
20.03.2026 15:00:00.000,1.37187,1.37251,1.3714,1.37219,8733
23.03.2026 00:00:00.000,1.37157,1.37317,1.37146,1.37311,5706
23.03.2026 01:00:00.000,1.37311,1.37361,1.37286,1.37311,9398
23.03.2026 02:00:00.000,1.37313,1.37388,1.37236,1.37296,6745
23.03.2026 03:00:00.000,1.37298,1.37338,1.3724,1.37338,5834
23.03.2026 04:00:00.000,1.37338,1.37515,1.37331,1.37493,4366
23.03.2026 05:00:00.000,1.37494,1.37544,1.37471,1.37524,5334
23.03.2026 06:00:00.000,1.37522,1.37522,1.3683,1.37315,44883
23.03.2026 07:00:00.000,1.37315,1.3744,1.36904,1.36969,19073
23.03.2026 08:00:00.000,1.36969,1.37274,1.36951,1.3709,21247
23.03.2026 09:00:00.000,1.37089,1.37094,1.36695,1.36988,17196
23.03.2026 10:00:00.000,1.36988,1.37234,1.36905,1.37183,15091
23.03.2026 11:00:00.000,1.37183,1.37289,1.37115,1.37238,10132
23.03.2026 12:00:00.000,1.37235,1.37301,1.37141,1.37275,7557
23.03.2026 13:00:00.000,1.37273,1.37352,1.37131,1.37164,6993
23.03.2026 14:00:00.000,1.37165,1.37285,1.37151,1.37218,4868
23.03.2026 15:00:00.000,1.37218,1.37307,1.3721,1.37248,3041
23.03.2026 16:00:00.000,1.37246,1.37254,1.37129,1.37198,712
23.03.2026 17:00:00.000,1.37198,1.37279,1.37186,1.37228,1155
23.03.2026 18:00:00.000,1.37229,1.37313,1.3722,1.37302,2390
23.03.2026 19:00:00.000,1.37302,1.37423,1.37289,1.37417,6266
23.03.2026 20:00:00.000,1.37415,1.37496,1.37392,1.37489,5723
23.03.2026 21:00:00.000,1.37488,1.37521,1.37455,1.37515,9372
23.03.2026 22:00:00.000,1.37514,1.37547,1.37495,1.37542,5819
23.03.2026 23:00:00.000,1.37541,1.37588,1.37534,1.37561,5090
24.03.2026 00:00:00.000,1.3756,1.37598,1.3753,1.37558,8017
24.03.2026 01:00:00.000,1.37558,1.37614,1.37497,1.37503,11385
24.03.2026 02:00:00.000,1.37506,1.37514,1.3725,1.37401,11145
24.03.2026 03:00:00.000,1.37403,1.37535,1.37395,1.37472,10270
24.03.2026 04:00:00.000,1.37471,1.37528,1.37381,1.37406,5127
24.03.2026 05:00:00.000,1.37404,1.37433,1.37298,1.37327,7049
24.03.2026 06:00:00.000,1.37327,1.37471,1.37282,1.37461,5807
24.03.2026 07:00:00.000,1.37462,1.37562,1.37358,1.37434,6620
24.03.2026 08:00:00.000,1.37435,1.37612,1.37366,1.37425,16042
24.03.2026 09:00:00.000,1.37426,1.37573,1.37292,1.37497,17286
24.03.2026 10:00:00.000,1.37498,1.37652,1.37464,1.37648,13175
24.03.2026 11:00:00.000,1.37648,1.37743,1.37578,1.3772,8199
24.03.2026 12:00:00.000,1.37721,1.3785,1.37715,1.37784,9719
24.03.2026 13:00:00.000,1.37787,1.3783,1.37623,1.37697,8441
24.03.2026 14:00:00.000,1.37698,1.37698,1.37605,1.37639,5474
24.03.2026 15:00:00.000,1.3764,1.37684,1.3741,1.37621,9979
24.03.2026 16:00:00.000,1.37607,1.37631,1.37535,1.37544,1483
24.03.2026 17:00:00.000,1.37555,1.37663,1.37555,1.37609,1856
24.03.2026 18:00:00.000,1.3761,1.37653,1.37572,1.37577,2331
24.03.2026 19:00:00.000,1.37578,1.37631,1.37496,1.37557,5508
24.03.2026 20:00:00.000,1.3756,1.37666,1.37539,1.37665,7167
24.03.2026 21:00:00.000,1.37663,1.37739,1.37652,1.3772,6855
24.03.2026 22:00:00.000,1.3772,1.37738,1.37683,1.37688,5749
24.03.2026 23:00:00.000,1.37689,1.37726,1.37684,1.37724,5308
25.03.2026 00:00:00.000,1.37725,1.37775,1.37721,1.37774,8187
25.03.2026 01:00:00.000,1.37774,1.37801,1.37753,1.37772,5690
25.03.2026 02:00:00.000,1.37774,1.37844,1.3771,1.37827,5242
25.03.2026 03:00:00.000,1.37826,1.37867,1.37772,1.37863,7562
25.03.2026 04:00:00.000,1.37865,1.37951,1.37844,1.37934,5494
25.03.2026 05:00:00.000,1.37934,1.3798,1.37912,1.37933,5854
25.03.2026 06:00:00.000,1.37932,1.37997,1.37882,1.37951,5792
25.03.2026 07:00:00.000,1.37949,1.37998,1.37845,1.37855,9072
25.03.2026 08:00:00.000,1.37857,1.37926,1.37724,1.37894,9344
25.03.2026 09:00:00.000,1.37894,1.37975,1.37817,1.37939,9978
25.03.2026 10:00:00.000,1.37938,1.38072,1.37913,1.37985,12975
25.03.2026 11:00:00.000,1.37985,1.38094,1.37966,1.38088,9714
25.03.2026 12:00:00.000,1.38088,1.38098,1.37989,1.38092,6653
25.03.2026 13:00:00.000,1.38094,1.38153,1.38054,1.38105,6283
25.03.2026 14:00:00.000,1.38106,1.3819,1.38106,1.3816,4779
25.03.2026 15:00:00.000,1.38162,1.38165,1.38061,1.38099,3484
25.03.2026 16:00:00.000,1.38096,1.38109,1.37998,1.38064,713
25.03.2026 17:00:00.000,1.38064,1.38152,1.38063,1.3812,882
25.03.2026 18:00:00.000,1.38119,1.38159,1.38112,1.38143,2805
25.03.2026 19:00:00.000,1.38147,1.38244,1.38137,1.38222,3542
25.03.2026 20:00:00.000,1.38222,1.3824,1.38172,1.38227,7364
25.03.2026 21:00:00.000,1.38226,1.38313,1.38226,1.38275,5174
25.03.2026 22:00:00.000,1.38274,1.38282,1.38163,1.38192,5883
25.03.2026 23:00:00.000,1.38193,1.38211,1.3817,1.38198,4047
26.03.2026 00:00:00.000,1.38199,1.38261,1.38192,1.38251,5492
26.03.2026 01:00:00.000,1.38256,1.38265,1.38169,1.38174,8984
26.03.2026 02:00:00.000,1.38174,1.38313,1.38174,1.38298,5660
26.03.2026 03:00:00.000,1.38297,1.3838,1.38287,1.38311,5583
26.03.2026 04:00:00.000,1.38313,1.38341,1.38265,1.38281,7819
26.03.2026 05:00:00.000,1.38281,1.3832,1.38241,1.38309,5264
26.03.2026 06:00:00.000,1.38308,1.38495,1.38283,1.38462,3190
26.03.2026 07:00:00.000,1.38461,1.3849,1.38328,1.38348,8453
26.03.2026 08:00:00.000,1.3835,1.3837,1.38208,1.38277,10449
26.03.2026 09:00:00.000,1.38275,1.38404,1.38247,1.38358,10978
26.03.2026 10:00:00.000,1.38358,1.38574,1.38342,1.38505,9591
26.03.2026 11:00:00.000,1.38505,1.38544,1.38407,1.3843,7903
26.03.2026 12:00:00.000,1.38431,1.38549,1.38428,1.38544,5814
26.03.2026 13:00:00.000,1.38544,1.38557,1.38454,1.38463,6308
26.03.2026 14:00:00.000,1.38462,1.38572,1.38453,1.38572,5174
26.03.2026 15:00:00.000,1.38569,1.38655,1.38362,1.38586,9284
26.03.2026 16:00:00.000,1.38586,1.38597,1.38532,1.3857,1272
26.03.2026 17:00:00.000,1.38603,1.38603,1.38493,1.3851,734
26.03.2026 18:00:00.000,1.3851,1.38534,1.38445,1.38532,1550
26.03.2026 19:00:00.000,1.38531,1.38615,1.38492,1.38582,6315
26.03.2026 20:00:00.000,1.38582,1.38603,1.38464,1.38471,11363
26.03.2026 21:00:00.000,1.38471,1.38525,1.38447,1.38525,5363
26.03.2026 22:00:00.000,1.38523,1.38558,1.38517,1.38546,5003
26.03.2026 23:00:00.000,1.38547,1.38557,1.38497,1.38509,5098
27.03.2026 00:00:00.000,1.38509,1.38547,1.38473,1.38543,6558
27.03.2026 01:00:00.000,1.38545,1.38556,1.38475,1.38524,7297
27.03.2026 02:00:00.000,1.38525,1.38535,1.38473,1.38506,4054
27.03.2026 03:00:00.000,1.38507,1.38528,1.38455,1.38511,4201
27.03.2026 04:00:00.000,1.38511,1.38555,1.38466,1.38526,4437
27.03.2026 05:00:00.000,1.38527,1.38541,1.38473,1.38502,5291
27.03.2026 06:00:00.000,1.38502,1.38665,1.38466,1.38646,4022
27.03.2026 07:00:00.000,1.38647,1.38702,1.386,1.38679,6668
27.03.2026 08:00:00.000,1.38681,1.38705,1.38558,1.38628,9850
27.03.2026 09:00:00.000,1.38627,1.38678,1.38504,1.38646,10481
27.03.2026 10:00:00.000,1.38647,1.38805,1.38588,1.38805,11759
27.03.2026 11:00:00.000,1.38805,1.38838,1.38714,1.388,8372
27.03.2026 12:00:00.000,1.38801,1.38903,1.38754,1.38862,6259
27.03.2026 13:00:00.000,1.38867,1.38914,1.38812,1.38857,8836
27.03.2026 14:00:00.000,1.38857,1.38904,1.38784,1.38816,7072
27.03.2026 15:00:00.000,1.38819,1.38951,1.38817,1.38922,5049
30.03.2026 00:00:00.000,1.38929,1.38937,1.38855,1.38883,7971
30.03.2026 01:00:00.000,1.38883,1.38994,1.38875,1.38915,4052
30.03.2026 02:00:00.000,1.38917,1.39099,1.38916,1.39091,3922
30.03.2026 03:00:00.000,1.39091,1.39187,1.39078,1.39179,6276
30.03.2026 04:00:00.000,1.39179,1.39189,1.3911,1.3914,5090
30.03.2026 05:00:00.000,1.3914,1.39157,1.39067,1.39112,4662
30.03.2026 06:00:00.000,1.39112,1.3922,1.39109,1.39215,7290
30.03.2026 07:00:00.000,1.39211,1.3926,1.39165,1.39252,6235
30.03.2026 08:00:00.000,1.39251,1.39312,1.39216,1.39308,8550
30.03.2026 09:00:00.000,1.39307,1.39449,1.39192,1.39207,12445
30.03.2026 10:00:00.000,1.39201,1.39293,1.39143,1.39224,9641
30.03.2026 11:00:00.000,1.39223,1.39276,1.39165,1.39236,7287
30.03.2026 12:00:00.000,1.39236,1.3927,1.39176,1.39219,6931
30.03.2026 13:00:00.000,1.39219,1.39275,1.39164,1.39263,5458
30.03.2026 14:00:00.000,1.39263,1.39307,1.39236,1.39294,5146
30.03.2026 15:00:00.000,1.39296,1.39304,1.39216,1.39216,3575
30.03.2026 16:00:00.000,1.39198,1.39248,1.39146,1.39246,716
30.03.2026 17:00:00.000,1.39239,1.39286,1.39228,1.39274,714
30.03.2026 18:00:00.000,1.39276,1.39304,1.39254,1.39283,3244
30.03.2026 19:00:00.000,1.39282,1.39353,1.39205,1.39215,9899
30.03.2026 20:00:00.000,1.39214,1.39265,1.39162,1.39211,12338
30.03.2026 21:00:00.000,1.39211,1.39255,1.39205,1.39251,8443
30.03.2026 22:00:00.000,1.39251,1.39316,1.39244,1.39307,5226
30.03.2026 23:00:00.000,1.39306,1.39318,1.39266,1.39307,5963
31.03.2026 00:00:00.000,1.39305,1.39334,1.39253,1.39282,11118
31.03.2026 01:00:00.000,1.39282,1.39374,1.3928,1.39336,5211
31.03.2026 02:00:00.000,1.39336,1.39389,1.39314,1.39329,4856
31.03.2026 03:00:00.000,1.39333,1.39414,1.39324,1.39396,4663
31.03.2026 04:00:00.000,1.39396,1.39434,1.39377,1.39418,3966
31.03.2026 05:00:00.000,1.39421,1.39444,1.39414,1.39437,3388
31.03.2026 06:00:00.000,1.39438,1.39446,1.39307,1.39352,6574
31.03.2026 07:00:00.000,1.39351,1.39417,1.39308,1.39392,7366
31.03.2026 08:00:00.000,1.39391,1.39416,1.39237,1.39295,8782
31.03.2026 09:00:00.000,1.3929,1.39665,1.39259,1.39552,14438
31.03.2026 10:00:00.000,1.39549,1.39662,1.39487,1.39538,15069
31.03.2026 11:00:00.000,1.39539,1.39565,1.39257,1.39341,18392
31.03.2026 12:00:00.000,1.39339,1.39392,1.39281,1.39364,12159
31.03.2026 13:00:00.000,1.39365,1.39375,1.39313,1.39342,6761
31.03.2026 14:00:00.000,1.39344,1.39376,1.3909,1.39134,7426
31.03.2026 15:00:00.000,1.39133,1.39165,1.39056,1.3913,5364
31.03.2026 16:00:00.000,1.39139,1.39139,1.39064,1.39067,861
31.03.2026 17:00:00.000,1.39066,1.39179,1.39064,1.3911,854
31.03.2026 18:00:00.000,1.3911,1.39121,1.39022,1.39031,2367
31.03.2026 19:00:00.000,1.39032,1.39067,1.38963,1.38982,7803
31.03.2026 20:00:00.000,1.3898,1.3911,1.38976,1.39073,5948
31.03.2026 21:00:00.000,1.39072,1.39089,1.38991,1.39017,6487
31.03.2026 22:00:00.000,1.39018,1.39116,1.39009,1.39102,3771
31.03.2026 23:00:00.000,1.391,1.3911,1.3907,1.39087,2891
01.04.2026 00:00:00.000,1.39086,1.39101,1.38979,1.39051,5539
01.04.2026 01:00:00.000,1.3905,1.39109,1.38923,1.38925,5938
01.04.2026 02:00:00.000,1.38924,1.39102,1.38919,1.39079,7388
01.04.2026 03:00:00.000,1.39079,1.39092,1.38861,1.38897,6597
01.04.2026 04:00:00.000,1.38894,1.38968,1.38855,1.38885,5039
01.04.2026 05:00:00.000,1.38885,1.38961,1.38872,1.38935,3585
01.04.2026 06:00:00.000,1.38936,1.38986,1.38885,1.38909,3749
01.04.2026 07:00:00.000,1.38908,1.38983,1.38827,1.38948,9083
01.04.2026 08:00:00.000,1.38947,1.38993,1.38766,1.38957,13518
01.04.2026 09:00:00.000,1.38959,1.39042,1.38859,1.38867,11742
01.04.2026 10:00:00.000,1.38866,1.38926,1.38759,1.38762,10689
01.04.2026 11:00:00.000,1.38763,1.38863,1.38734,1.38743,7524
01.04.2026 12:00:00.000,1.38744,1.38872,1.38718,1.38869,6547
01.04.2026 13:00:00.000,1.38867,1.38953,1.38854,1.38944,9195
01.04.2026 14:00:00.000,1.38944,1.38947,1.38788,1.38843,7230
01.04.2026 15:00:00.000,1.38846,1.38847,1.3872,1.38721,3704
01.04.2026 16:00:00.000,1.3871,1.3879,1.38682,1.38734,7168
01.04.2026 17:00:00.000,1.38742,1.38765,1.38715,1.38741,1669
01.04.2026 18:00:00.000,1.3874,1.38774,1.38723,1.38773,2286
01.04.2026 19:00:00.000,1.38773,1.38791,1.38702,1.38722,7188
01.04.2026 20:00:00.000,1.3872,1.38997,1.38686,1.38946,16634
01.04.2026 21:00:00.000,1.38945,1.39011,1.38904,1.39002,11733
01.04.2026 22:00:00.000,1.39002,1.39106,1.38989,1.39094,5798
01.04.2026 23:00:00.000,1.39095,1.39146,1.39091,1.39111,3792
02.04.2026 00:00:00.000,1.3911,1.39183,1.39091,1.39169,7034
02.04.2026 01:00:00.000,1.39167,1.3917,1.39086,1.39129,7706
02.04.2026 02:00:00.000,1.39129,1.39169,1.39055,1.39098,4635
02.04.2026 03:00:00.000,1.39099,1.39212,1.39092,1.39203,3871
02.04.2026 04:00:00.000,1.39203,1.39209,1.39124,1.3917,4037
02.04.2026 05:00:00.000,1.39171,1.39287,1.39153,1.39287,2855
02.04.2026 06:00:00.000,1.39285,1.3933,1.39161,1.39178,3214
02.04.2026 07:00:00.000,1.39173,1.3922,1.39063,1.3918,5524
02.04.2026 08:00:00.000,1.39179,1.39233,1.39146,1.39182,9051
02.04.2026 09:00:00.000,1.39181,1.3926,1.39086,1.39234,10751
02.04.2026 10:00:00.000,1.39233,1.39249,1.39111,1.39167,10103
02.04.2026 11:00:00.000,1.39167,1.39241,1.39111,1.39135,7242
02.04.2026 12:00:00.000,1.39135,1.39176,1.39093,1.39144,3374
02.04.2026 13:00:00.000,1.39142,1.39213,1.39132,1.39171,2821
02.04.2026 14:00:00.000,1.39171,1.39223,1.39143,1.39178,3081
02.04.2026 15:00:00.000,1.39177,1.39207,1.39138,1.39155,2875
02.04.2026 16:00:00.000,1.39152,1.39181,1.39069,1.39143,1454
02.04.2026 17:00:00.000,1.39143,1.39216,1.3914,1.39188,282
02.04.2026 18:00:00.000,1.39189,1.39192,1.39161,1.39174,497
02.04.2026 19:00:00.000,1.39173,1.39219,1.39147,1.39203,1118
02.04.2026 20:00:00.000,1.39204,1.39235,1.39201,1.39231,1281
02.04.2026 21:00:00.000,1.39231,1.39251,1.39213,1.39238,1672
02.04.2026 22:00:00.000,1.39237,1.39252,1.39225,1.39242,1339
02.04.2026 23:00:00.000,1.39242,1.39247,1.39232,1.39246,2320
03.04.2026 00:00:00.000,1.39247,1.39264,1.39212,1.39213,1464
03.04.2026 01:00:00.000,1.39214,1.39245,1.39194,1.39206,827
03.04.2026 02:00:00.000,1.39207,1.39225,1.3918,1.39201,1319
03.04.2026 03:00:00.000,1.39202,1.39243,1.39191,1.39192,1490
03.04.2026 04:00:00.000,1.39193,1.39207,1.39173,1.392,2601
03.04.2026 05:00:00.000,1.39199,1.39237,1.39192,1.39233,1583
03.04.2026 06:00:00.000,1.39235,1.39263,1.39221,1.39257,1550
03.04.2026 07:00:00.000,1.39256,1.39423,1.39254,1.39393,4907
03.04.2026 08:00:00.000,1.39393,1.39424,1.39347,1.39374,4418
03.04.2026 09:00:00.000,1.39373,1.39488,1.39371,1.39446,3431
03.04.2026 10:00:00.000,1.39446,1.39448,1.39398,1.39418,4923
03.04.2026 11:00:00.000,1.3942,1.39448,1.39402,1.39415,2350
03.04.2026 12:00:00.000,1.39415,1.39439,1.39402,1.39435,6125
03.04.2026 13:00:00.000,1.39434,1.39442,1.39426,1.39436,2235
03.04.2026 14:00:00.000,1.39437,1.39476,1.3942,1.39457,1017
03.04.2026 15:00:00.000,1.39461,1.39471,1.39308,1.39423,2505
06.04.2026 00:00:00.000,1.39374,1.39392,1.39351,1.39391,3933
06.04.2026 01:00:00.000,1.39391,1.3942,1.3935,1.3935,1905
06.04.2026 02:00:00.000,1.39348,1.39419,1.39175,1.39194,3926
06.04.2026 03:00:00.000,1.39192,1.39226,1.39158,1.39217,4106
06.04.2026 04:00:00.000,1.39216,1.39227,1.39157,1.39207,2717
06.04.2026 05:00:00.000,1.39206,1.39289,1.3917,1.39236,2151
06.04.2026 06:00:00.000,1.39236,1.39255,1.39182,1.39187,2829
06.04.2026 07:00:00.000,1.39186,1.39242,1.39087,1.39108,6784
06.04.2026 08:00:00.000,1.39108,1.39128,1.39019,1.39059,6159
06.04.2026 09:00:00.000,1.39058,1.39168,1.39022,1.39144,13771
06.04.2026 10:00:00.000,1.39144,1.39234,1.39141,1.39151,11859
06.04.2026 11:00:00.000,1.39151,1.39189,1.39104,1.39165,6414
06.04.2026 12:00:00.000,1.39166,1.39232,1.39146,1.39177,6989
06.04.2026 13:00:00.000,1.39178,1.39198,1.39113,1.39174,7832
06.04.2026 14:00:00.000,1.39175,1.39188,1.39133,1.39166,5588
06.04.2026 15:00:00.000,1.39167,1.39178,1.39072,1.39072,2662
06.04.2026 16:00:00.000,1.39053,1.39152,1.39014,1.39062,396
06.04.2026 17:00:00.000,1.39051,1.39114,1.39044,1.39104,481
06.04.2026 18:00:00.000,1.39113,1.39137,1.39086,1.39118,746
06.04.2026 19:00:00.000,1.39119,1.39185,1.39117,1.39185,4206
06.04.2026 20:00:00.000,1.39184,1.39288,1.39156,1.3926,5654
06.04.2026 21:00:00.000,1.39259,1.39294,1.39242,1.39248,4173
06.04.2026 22:00:00.000,1.39247,1.3925,1.3919,1.392,3907
06.04.2026 23:00:00.000,1.392,1.39204,1.39149,1.39174,4497
07.04.2026 00:00:00.000,1.39173,1.39237,1.39167,1.39191,8492
07.04.2026 01:00:00.000,1.3919,1.39238,1.39154,1.39204,3125
07.04.2026 02:00:00.000,1.39202,1.39262,1.39178,1.39219,5676
07.04.2026 03:00:00.000,1.3922,1.3922,1.39087,1.39099,9921
07.04.2026 04:00:00.000,1.391,1.39242,1.39081,1.3918,3061
07.04.2026 05:00:00.000,1.39178,1.39282,1.39173,1.39207,3837
07.04.2026 06:00:00.000,1.39207,1.39232,1.39099,1.39111,2788
07.04.2026 07:00:00.000,1.39109,1.39173,1.39058,1.39143,4728
07.04.2026 08:00:00.000,1.39142,1.39249,1.39138,1.39158,5507
07.04.2026 09:00:00.000,1.39159,1.39208,1.38906,1.39091,10469
07.04.2026 10:00:00.000,1.39091,1.39192,1.39053,1.39057,7585
07.04.2026 11:00:00.000,1.39058,1.39079,1.38988,1.39014,5420
07.04.2026 12:00:00.000,1.39015,1.39036,1.38929,1.39011,4089
07.04.2026 13:00:00.000,1.3901,1.39044,1.38965,1.39023,3722
07.04.2026 14:00:00.000,1.39022,1.39054,1.38886,1.38948,5979
07.04.2026 15:00:00.000,1.38951,1.38958,1.3882,1.38822,4553
07.04.2026 16:00:00.000,1.38831,1.38886,1.38808,1.38855,6641
07.04.2026 17:00:00.000,1.38886,1.38993,1.38553,1.38604,8967
07.04.2026 18:00:00.000,1.38605,1.38613,1.384,1.3842,9455
07.04.2026 19:00:00.000,1.38419,1.38519,1.38337,1.38485,10270
07.04.2026 20:00:00.000,1.38486,1.38497,1.38317,1.38413,9748
07.04.2026 21:00:00.000,1.38413,1.3843,1.38348,1.38389,6050
07.04.2026 22:00:00.000,1.38388,1.38427,1.38364,1.38391,5207
07.04.2026 23:00:00.000,1.3839,1.38418,1.38327,1.38339,6471
08.04.2026 00:00:00.000,1.38339,1.38364,1.38233,1.3832,10538
08.04.2026 01:00:00.000,1.38325,1.38471,1.38321,1.38433,5189
08.04.2026 02:00:00.000,1.38432,1.38568,1.38415,1.38457,5000
08.04.2026 03:00:00.000,1.38458,1.38659,1.38418,1.38657,5362
08.04.2026 04:00:00.000,1.38658,1.38716,1.38608,1.38713,4302
08.04.2026 05:00:00.000,1.38713,1.38743,1.38623,1.38681,3488
08.04.2026 06:00:00.000,1.38681,1.38715,1.38541,1.38627,5178
08.04.2026 07:00:00.000,1.38628,1.38733,1.38347,1.38409,8636
08.04.2026 08:00:00.000,1.38409,1.3869,1.38391,1.38571,9999
08.04.2026 09:00:00.000,1.38573,1.38598,1.38393,1.38394,10468
08.04.2026 10:00:00.000,1.38395,1.38555,1.38393,1.38539,7138
08.04.2026 11:00:00.000,1.38541,1.38594,1.38416,1.38417,5420
08.04.2026 12:00:00.000,1.38416,1.38526,1.38388,1.38413,6692
08.04.2026 13:00:00.000,1.38418,1.38597,1.38387,1.38557,6025
08.04.2026 14:00:00.000,1.38558,1.38605,1.38365,1.38388,6717
08.04.2026 15:00:00.000,1.38386,1.38453,1.38351,1.38443,3482
08.04.2026 16:00:00.000,1.38407,1.3848,1.38343,1.38417,1444
08.04.2026 17:00:00.000,1.38413,1.38494,1.38409,1.38458,972
08.04.2026 18:00:00.000,1.38459,1.38511,1.38453,1.38508,1638
08.04.2026 19:00:00.000,1.38506,1.38552,1.38498,1.38528,2833
08.04.2026 20:00:00.000,1.38528,1.38589,1.38513,1.3852,4354
08.04.2026 21:00:00.000,1.3852,1.38548,1.38482,1.38492,6033
08.04.2026 22:00:00.000,1.38492,1.38521,1.3848,1.38491,5164
08.04.2026 23:00:00.000,1.38491,1.38492,1.38446,1.38487,3721
09.04.2026 00:00:00.000,1.38487,1.3854,1.38447,1.38509,5900
09.04.2026 01:00:00.000,1.38508,1.3858,1.38507,1.3853,3257
09.04.2026 02:00:00.000,1.38529,1.38601,1.38524,1.38556,3496
09.04.2026 03:00:00.000,1.38557,1.3857,1.38485,1.38489,5971
09.04.2026 04:00:00.000,1.3849,1.38564,1.3849,1.38558,2452
09.04.2026 05:00:00.000,1.38559,1.38569,1.3851,1.38535,2016
09.04.2026 06:00:00.000,1.38536,1.38538,1.38333,1.38354,3870
09.04.2026 07:00:00.000,1.38354,1.38442,1.38301,1.38341,6506
09.04.2026 08:00:00.000,1.38342,1.38345,1.38161,1.3829,7100
09.04.2026 09:00:00.000,1.3829,1.38329,1.38094,1.38236,11002
09.04.2026 10:00:00.000,1.38236,1.38342,1.38057,1.3808,10097
09.04.2026 11:00:00.000,1.38081,1.38189,1.3804,1.38168,5351
09.04.2026 12:00:00.000,1.38171,1.38178,1.38126,1.38134,3561
09.04.2026 13:00:00.000,1.38133,1.38243,1.38128,1.38188,5757
09.04.2026 14:00:00.000,1.38189,1.382,1.38087,1.38129,6013
09.04.2026 15:00:00.000,1.38128,1.38206,1.38116,1.38122,3637
09.04.2026 16:00:00.000,1.38123,1.38153,1.381,1.38112,1784
09.04.2026 17:00:00.000,1.38111,1.38183,1.38111,1.38163,877
09.04.2026 18:00:00.000,1.38164,1.38233,1.3816,1.38224,1670
09.04.2026 19:00:00.000,1.38222,1.38264,1.38222,1.3824,3047
09.04.2026 20:00:00.000,1.38241,1.38272,1.38178,1.38201,3654
09.04.2026 21:00:00.000,1.382,1.38264,1.38193,1.38235,3542
09.04.2026 22:00:00.000,1.38235,1.38244,1.38213,1.38233,2274
09.04.2026 23:00:00.000,1.38231,1.38253,1.38203,1.38247,2291
10.04.2026 00:00:00.000,1.38246,1.38281,1.38243,1.38259,2603
10.04.2026 01:00:00.000,1.38261,1.38311,1.38231,1.38308,3090
10.04.2026 02:00:00.000,1.38307,1.38431,1.38301,1.38428,2341
10.04.2026 03:00:00.000,1.38427,1.38437,1.38351,1.38367,3971
10.04.2026 04:00:00.000,1.38365,1.38411,1.38296,1.38344,6793
10.04.2026 05:00:00.000,1.38342,1.38396,1.38341,1.38377,1953
10.04.2026 06:00:00.000,1.38378,1.38384,1.38223,1.38233,2759
10.04.2026 07:00:00.000,1.38231,1.38267,1.38118,1.38197,8592
10.04.2026 08:00:00.000,1.38199,1.38232,1.38057,1.3816,10266
10.04.2026 09:00:00.000,1.3816,1.38311,1.37987,1.38305,6908
10.04.2026 10:00:00.000,1.38306,1.38352,1.38225,1.3828,4689
10.04.2026 11:00:00.000,1.38282,1.38386,1.3828,1.38335,3646
10.04.2026 12:00:00.000,1.38337,1.38368,1.38281,1.38299,2890
10.04.2026 13:00:00.000,1.383,1.38362,1.38211,1.38272,6390
10.04.2026 14:00:00.000,1.38273,1.38361,1.3826,1.38359,3009
10.04.2026 15:00:00.000,1.3836,1.38427,1.38338,1.38361,6473
13.04.2026 00:00:00.000,1.38589,1.38632,1.38585,1.38608,4969
13.04.2026 01:00:00.000,1.38608,1.38608,1.38529,1.38544,7829
13.04.2026 02:00:00.000,1.38544,1.38568,1.38429,1.38443,5775
13.04.2026 03:00:00.000,1.38444,1.38475,1.38416,1.3842,4025
13.04.2026 04:00:00.000,1.38418,1.38466,1.384,1.38435,4214
13.04.2026 05:00:00.000,1.38434,1.38452,1.38386,1.3841,2611
13.04.2026 06:00:00.000,1.38407,1.38471,1.3834,1.38464,4202
13.04.2026 07:00:00.000,1.38465,1.38516,1.38389,1.38418,6552
13.04.2026 08:00:00.000,1.38418,1.38421,1.38245,1.38321,7231
13.04.2026 09:00:00.000,1.38323,1.38325,1.38043,1.38106,8031
13.04.2026 10:00:00.000,1.38105,1.38165,1.38054,1.38116,6445
13.04.2026 11:00:00.000,1.38115,1.38154,1.37966,1.3797,8979
13.04.2026 12:00:00.000,1.37971,1.37984,1.37901,1.37965,5994
13.04.2026 13:00:00.000,1.37966,1.37992,1.37895,1.37902,5925
13.04.2026 14:00:00.000,1.37903,1.3794,1.37856,1.37871,6391
13.04.2026 15:00:00.000,1.3787,1.37938,1.37861,1.37902,2743
13.04.2026 16:00:00.000,1.37892,1.37923,1.37856,1.379,258
13.04.2026 17:00:00.000,1.379,1.379,1.37853,1.37875,1045
13.04.2026 18:00:00.000,1.37875,1.3788,1.37856,1.3786,2112
13.04.2026 19:00:00.000,1.37858,1.37889,1.37847,1.37855,4502
13.04.2026 20:00:00.000,1.37855,1.37896,1.37845,1.37889,3887
13.04.2026 21:00:00.000,1.37889,1.3789,1.37859,1.37862,2420
13.04.2026 22:00:00.000,1.37862,1.3787,1.37818,1.37822,2292
13.04.2026 23:00:00.000,1.37823,1.37831,1.37813,1.37824,2344
14.04.2026 00:00:00.000,1.37827,1.37882,1.37821,1.37857,6408
14.04.2026 01:00:00.000,1.37857,1.37873,1.37735,1.37737,4369
14.04.2026 02:00:00.000,1.37735,1.37744,1.3764,1.37694,6798
14.04.2026 03:00:00.000,1.37693,1.37717,1.3761,1.37626,5673
14.04.2026 04:00:00.000,1.37628,1.37662,1.37596,1.37614,4377
14.04.2026 05:00:00.000,1.37615,1.3762,1.37534,1.37551,5976
14.04.2026 06:00:00.000,1.37551,1.3757,1.37463,1.3751,4682
14.04.2026 07:00:00.000,1.3751,1.37589,1.37367,1.37368,6987
14.04.2026 08:00:00.000,1.3737,1.37485,1.37305,1.3744,8853
14.04.2026 09:00:00.000,1.37439,1.37479,1.37364,1.37477,6830
14.04.2026 10:00:00.000,1.37477,1.3762,1.37471,1.37584,7534
14.04.2026 11:00:00.000,1.37585,1.37629,1.37559,1.37612,4784
14.04.2026 12:00:00.000,1.37612,1.37639,1.37563,1.37637,4268
14.04.2026 13:00:00.000,1.37637,1.37772,1.37615,1.3776,5557
14.04.2026 14:00:00.000,1.37764,1.37779,1.37678,1.37701,4746
14.04.2026 15:00:00.000,1.377,1.37704,1.37633,1.37642,2465
14.04.2026 16:00:00.000,1.37617,1.37655,1.37585,1.37651,552
14.04.2026 17:00:00.000,1.37652,1.37675,1.3758,1.37658,2195
14.04.2026 18:00:00.000,1.37659,1.37692,1.37649,1.37661,4190
14.04.2026 19:00:00.000,1.37662,1.377,1.37647,1.37672,4388
14.04.2026 20:00:00.000,1.37671,1.37715,1.37642,1.37708,4881
14.04.2026 21:00:00.000,1.37708,1.37816,1.37703,1.37781,4926
14.04.2026 22:00:00.000,1.3778,1.37807,1.3774,1.37751,3183
14.04.2026 23:00:00.000,1.37751,1.3777,1.37742,1.37747,2387
15.04.2026 00:00:00.000,1.37747,1.37753,1.37684,1.37713,5372
15.04.2026 01:00:00.000,1.37713,1.37759,1.37683,1.37756,4044
15.04.2026 02:00:00.000,1.37755,1.37756,1.37613,1.37678,5391
15.04.2026 03:00:00.000,1.37678,1.37697,1.37606,1.37655,4812
15.04.2026 04:00:00.000,1.37656,1.37763,1.37647,1.37721,5109
15.04.2026 05:00:00.000,1.37722,1.37802,1.37663,1.37802,6412
15.04.2026 06:00:00.000,1.37801,1.37879,1.37754,1.37848,3819
15.04.2026 07:00:00.000,1.37849,1.37856,1.37667,1.37739,5662
15.04.2026 08:00:00.000,1.37739,1.37756,1.37618,1.37619,7957
15.04.2026 09:00:00.000,1.37618,1.37621,1.37389,1.37477,7996
15.04.2026 10:00:00.000,1.37478,1.37494,1.37333,1.37409,9992
15.04.2026 11:00:00.000,1.37409,1.37433,1.37337,1.37339,5332
15.04.2026 12:00:00.000,1.37338,1.37373,1.37312,1.37327,3754
15.04.2026 13:00:00.000,1.37326,1.37337,1.37263,1.37296,3524
15.04.2026 14:00:00.000,1.37297,1.37333,1.37272,1.37307,3634
15.04.2026 15:00:00.000,1.37306,1.37424,1.37304,1.37386,3026
15.04.2026 16:00:00.000,1.37383,1.37387,1.37279,1.37321,398
15.04.2026 17:00:00.000,1.37339,1.37389,1.37332,1.37333,1359
15.04.2026 18:00:00.000,1.37332,1.37347,1.37307,1.37312,2378
15.04.2026 19:00:00.000,1.37315,1.37338,1.37279,1.37279,4214
15.04.2026 20:00:00.000,1.3728,1.37339,1.3726,1.37283,8495
15.04.2026 21:00:00.000,1.37282,1.37285,1.37184,1.37196,6216
15.04.2026 22:00:00.000,1.37196,1.37197,1.37125,1.37155,6667
15.04.2026 23:00:00.000,1.37155,1.37187,1.37146,1.37181,3146
16.04.2026 00:00:00.000,1.37181,1.37238,1.37176,1.37233,4070
16.04.2026 01:00:00.000,1.37234,1.37308,1.37166,1.37168,5669
16.04.2026 02:00:00.000,1.37166,1.3727,1.37138,1.37253,4816
16.04.2026 03:00:00.000,1.37252,1.37341,1.37195,1.37281,7757
16.04.2026 04:00:00.000,1.3728,1.37344,1.37267,1.37288,3814
16.04.2026 05:00:00.000,1.37289,1.37376,1.37282,1.37332,3452
16.04.2026 06:00:00.000,1.37331,1.37331,1.3722,1.37238,4321
16.04.2026 07:00:00.000,1.37239,1.37349,1.37199,1.37227,4780
16.04.2026 08:00:00.000,1.37227,1.37248,1.3711,1.37162,7890
16.04.2026 09:00:00.000,1.37162,1.37199,1.3707,1.37143,9490
16.04.2026 10:00:00.000,1.37142,1.37178,1.37054,1.37054,5336
16.04.2026 11:00:00.000,1.37055,1.37115,1.37014,1.37024,5879
16.04.2026 12:00:00.000,1.37023,1.37083,1.37005,1.37053,3180
16.04.2026 13:00:00.000,1.37055,1.37058,1.36993,1.37013,4177
16.04.2026 14:00:00.000,1.37012,1.37044,1.36949,1.37043,3373
16.04.2026 15:00:00.000,1.37042,1.37061,1.36975,1.37007,3312
16.04.2026 16:00:00.000,1.36991,1.37057,1.36989,1.37015,1189
16.04.2026 17:00:00.000,1.3702,1.3702,1.36976,1.36977,725
16.04.2026 18:00:00.000,1.36978,1.37005,1.36975,1.37004,1480
16.04.2026 19:00:00.000,1.37003,1.3703,1.36993,1.37004,5463
16.04.2026 20:00:00.000,1.37005,1.37031,1.36994,1.37012,5816
16.04.2026 21:00:00.000,1.37013,1.37017,1.36972,1.36977,2666
16.04.2026 22:00:00.000,1.36977,1.36992,1.36927,1.36936,1873
16.04.2026 23:00:00.000,1.36936,1.3694,1.3687,1.36873,2149
17.04.2026 00:00:00.000,1.36872,1.36881,1.36806,1.36821,3359
17.04.2026 01:00:00.000,1.36822,1.36866,1.36784,1.36864,3263
17.04.2026 02:00:00.000,1.36864,1.36883,1.36804,1.36816,3086
17.04.2026 03:00:00.000,1.36816,1.36816,1.36696,1.36722,2956
17.04.2026 04:00:00.000,1.36723,1.36805,1.36715,1.36772,2107
17.04.2026 05:00:00.000,1.36773,1.36834,1.36771,1.36827,1482
17.04.2026 06:00:00.000,1.36828,1.36828,1.367,1.3672,2591
17.04.2026 07:00:00.000,1.3672,1.36794,1.36598,1.36605,12377
17.04.2026 08:00:00.000,1.36604,1.36746,1.36489,1.36681,14086
17.04.2026 09:00:00.000,1.36683,1.36728,1.36503,1.36658,12842
17.04.2026 10:00:00.000,1.3666,1.36739,1.36621,1.36678,8413
17.04.2026 11:00:00.000,1.36678,1.36758,1.36665,1.36677,4706
17.04.2026 12:00:00.000,1.36677,1.36794,1.36672,1.36707,7388
17.04.2026 13:00:00.000,1.36707,1.36853,1.36705,1.36788,4881
17.04.2026 14:00:00.000,1.36788,1.36946,1.36744,1.36923,5433
17.04.2026 15:00:00.000,1.36921,1.36939,1.36796,1.3688,6953
20.04.2026 00:00:00.000,1.36941,1.37027,1.36936,1.37001,4834
20.04.2026 01:00:00.000,1.37003,1.37009,1.36946,1.36963,4291
20.04.2026 02:00:00.000,1.36959,1.36966,1.36867,1.36933,5594
20.04.2026 03:00:00.000,1.36932,1.36961,1.36891,1.36927,3336
20.04.2026 04:00:00.000,1.36926,1.36933,1.36892,1.36894,1993
20.04.2026 05:00:00.000,1.36894,1.3695,1.36869,1.36916,2454
20.04.2026 06:00:00.000,1.36914,1.36917,1.36825,1.36897,2643
20.04.2026 07:00:00.000,1.36898,1.37005,1.3688,1.36916,3585
20.04.2026 08:00:00.000,1.36915,1.36981,1.36736,1.3678,5435
20.04.2026 09:00:00.000,1.3678,1.36814,1.36605,1.36612,8071
20.04.2026 10:00:00.000,1.36613,1.36656,1.36415,1.36498,9846
20.04.2026 11:00:00.000,1.36497,1.36499,1.36393,1.36445,5108
20.04.2026 12:00:00.000,1.36445,1.36479,1.36411,1.36411,5419
20.04.2026 13:00:00.000,1.36411,1.36445,1.36346,1.36433,3906
20.04.2026 14:00:00.000,1.36435,1.36471,1.36392,1.36467,2818
20.04.2026 15:00:00.000,1.36467,1.36506,1.36411,1.36411,2371
20.04.2026 16:00:00.000,1.36403,1.3649,1.36371,1.3648,801
20.04.2026 17:00:00.000,1.36484,1.36497,1.36377,1.36377,682
20.04.2026 18:00:00.000,1.36378,1.3645,1.36378,1.3644,855
20.04.2026 19:00:00.000,1.36441,1.36453,1.36402,1.36426,4313
20.04.2026 20:00:00.000,1.36426,1.3645,1.36406,1.36427,3926
20.04.2026 21:00:00.000,1.36428,1.36473,1.36426,1.36458,3784
20.04.2026 22:00:00.000,1.36457,1.36509,1.3645,1.36478,3273
20.04.2026 23:00:00.000,1.36478,1.36484,1.36465,1.36475,2224
21.04.2026 00:00:00.000,1.36475,1.36489,1.36429,1.36487,4216
21.04.2026 01:00:00.000,1.36486,1.36514,1.36452,1.36472,4410
21.04.2026 02:00:00.000,1.36476,1.36551,1.36433,1.3655,6595
21.04.2026 03:00:00.000,1.3655,1.36633,1.36535,1.36571,6631
21.04.2026 04:00:00.000,1.36571,1.3662,1.36554,1.36602,4725
21.04.2026 05:00:00.000,1.36602,1.36608,1.36533,1.36595,2777
21.04.2026 06:00:00.000,1.36596,1.36604,1.36534,1.36548,2770
21.04.2026 07:00:00.000,1.36547,1.36591,1.36506,1.36507,4670
21.04.2026 08:00:00.000,1.36509,1.36528,1.36366,1.36385,7923
21.04.2026 09:00:00.000,1.36384,1.365,1.36312,1.36491,8319
21.04.2026 10:00:00.000,1.36491,1.3653,1.36385,1.36431,6992
21.04.2026 11:00:00.000,1.3643,1.36588,1.36396,1.36586,4861
21.04.2026 12:00:00.000,1.36586,1.36766,1.36489,1.36597,15892
21.04.2026 13:00:00.000,1.36598,1.36685,1.36571,1.36588,9417
21.04.2026 14:00:00.000,1.36589,1.36754,1.36542,1.36715,18540
21.04.2026 15:00:00.000,1.36715,1.36727,1.36508,1.36625,9480
21.04.2026 16:00:00.000,1.36616,1.36662,1.36591,1.36603,1005
21.04.2026 17:00:00.000,1.36612,1.36634,1.36598,1.36619,1902
21.04.2026 18:00:00.000,1.3662,1.36627,1.36566,1.36579,2232
21.04.2026 19:00:00.000,1.3658,1.36581,1.36537,1.36559,4861
21.04.2026 20:00:00.000,1.36559,1.36631,1.36555,1.36591,5535
21.04.2026 21:00:00.000,1.3659,1.36599,1.36558,1.36592,4232
21.04.2026 22:00:00.000,1.36592,1.36608,1.36566,1.36599,3162
21.04.2026 23:00:00.000,1.36602,1.36606,1.36556,1.3656,3462
22.04.2026 00:00:00.000,1.36559,1.36567,1.36452,1.365,6452
22.04.2026 01:00:00.000,1.36501,1.36606,1.36497,1.3655,3354
22.04.2026 02:00:00.000,1.36548,1.36588,1.36513,1.36519,2646
22.04.2026 03:00:00.000,1.36518,1.36519,1.36428,1.36464,2617
22.04.2026 04:00:00.000,1.36464,1.36545,1.36443,1.36532,4555
22.04.2026 05:00:00.000,1.36531,1.36559,1.3651,1.36532,4042
22.04.2026 06:00:00.000,1.3653,1.36651,1.3653,1.36634,2518
22.04.2026 07:00:00.000,1.36636,1.3672,1.36611,1.36674,3760
22.04.2026 08:00:00.000,1.36674,1.3669,1.36487,1.36502,7842
22.04.2026 09:00:00.000,1.36502,1.3667,1.3646,1.36655,6940
22.04.2026 10:00:00.000,1.36655,1.3668,1.36572,1.36607,5973
22.04.2026 11:00:00.000,1.36605,1.36632,1.36559,1.36569,4324
22.04.2026 12:00:00.000,1.36572,1.36624,1.36539,1.36624,3425
22.04.2026 13:00:00.000,1.36626,1.36674,1.3662,1.36651,2833
22.04.2026 14:00:00.000,1.36653,1.36733,1.36611,1.3672,4228
22.04.2026 15:00:00.000,1.3672,1.36744,1.36687,1.367,3312
22.04.2026 16:00:00.000,1.36678,1.36731,1.3661,1.36697,933
22.04.2026 17:00:00.000,1.36671,1.36708,1.3667,1.36689,579
22.04.2026 18:00:00.000,1.3669,1.36711,1.36682,1.36697,1635
22.04.2026 19:00:00.000,1.36697,1.36792,1.36637,1.36651,11206
22.04.2026 20:00:00.000,1.36651,1.36684,1.36645,1.36665,9763
22.04.2026 21:00:00.000,1.36665,1.3674,1.36658,1.36723,8285
22.04.2026 22:00:00.000,1.36723,1.36762,1.36699,1.36753,6309
22.04.2026 23:00:00.000,1.36754,1.36763,1.36703,1.36707,4131
23.04.2026 00:00:00.000,1.36708,1.36737,1.36676,1.36689,3347
23.04.2026 01:00:00.000,1.36688,1.3672,1.36659,1.367,2133
23.04.2026 02:00:00.000,1.36701,1.36739,1.36652,1.36669,3545
23.04.2026 03:00:00.000,1.36667,1.36679,1.36599,1.36633,2869
23.04.2026 04:00:00.000,1.36635,1.3671,1.3662,1.36671,5112
23.04.2026 05:00:00.000,1.3667,1.36799,1.3667,1.36779,3601
23.04.2026 06:00:00.000,1.36779,1.36793,1.36633,1.36672,3580
23.04.2026 07:00:00.000,1.36673,1.36841,1.36655,1.36795,6179
23.04.2026 08:00:00.000,1.36794,1.36876,1.36766,1.36826,6087
23.04.2026 09:00:00.000,1.36824,1.36869,1.36668,1.36762,7474
23.04.2026 10:00:00.000,1.36761,1.36892,1.36744,1.36827,8387
23.04.2026 11:00:00.000,1.36827,1.36952,1.36819,1.36932,6715
23.04.2026 12:00:00.000,1.36931,1.3714,1.36922,1.36949,17899
23.04.2026 13:00:00.000,1.36947,1.36963,1.36887,1.36944,13415
23.04.2026 14:00:00.000,1.36945,1.36997,1.36927,1.36944,4721
23.04.2026 15:00:00.000,1.36944,1.37006,1.36938,1.36997,2968
23.04.2026 16:00:00.000,1.36985,1.37077,1.36907,1.36921,806
23.04.2026 17:00:00.000,1.3692,1.37,1.36917,1.36963,793
23.04.2026 18:00:00.000,1.36963,1.37,1.3696,1.36983,2217
23.04.2026 19:00:00.000,1.36984,1.36998,1.36959,1.3698,7670
23.04.2026 20:00:00.000,1.36979,1.36996,1.36962,1.36977,6856
23.04.2026 21:00:00.000,1.36977,1.37083,1.36974,1.37071,5940
23.04.2026 22:00:00.000,1.37071,1.37139,1.37066,1.37099,4555
23.04.2026 23:00:00.000,1.37101,1.37119,1.37081,1.37094,4568
24.04.2026 00:00:00.000,1.37093,1.37112,1.37033,1.37046,4235
24.04.2026 01:00:00.000,1.37045,1.37121,1.37041,1.37096,3888
24.04.2026 02:00:00.000,1.37097,1.37133,1.36967,1.3697,3762
24.04.2026 03:00:00.000,1.36971,1.37017,1.36865,1.36888,5084
24.04.2026 04:00:00.000,1.36887,1.36913,1.36864,1.36883,4011
24.04.2026 05:00:00.000,1.36882,1.36913,1.36807,1.3681,4330
24.04.2026 06:00:00.000,1.3681,1.36905,1.36785,1.36797,5333
24.04.2026 07:00:00.000,1.36795,1.3686,1.36779,1.36808,3871
24.04.2026 08:00:00.000,1.36807,1.36975,1.36807,1.36921,6532
24.04.2026 09:00:00.000,1.36921,1.36991,1.36825,1.36853,7720
24.04.2026 10:00:00.000,1.36852,1.36867,1.36749,1.36756,5898
24.04.2026 11:00:00.000,1.36755,1.36805,1.36722,1.36735,5494
24.04.2026 12:00:00.000,1.36734,1.36739,1.36667,1.3669,6751
24.04.2026 13:00:00.000,1.36691,1.3673,1.36628,1.3666,3557
24.04.2026 14:00:00.000,1.36659,1.36668,1.36626,1.36653,3500
24.04.2026 15:00:00.000,1.36652,1.36706,1.36634,1.36652,7604
27.04.2026 00:00:00.000,1.36636,1.36668,1.36623,1.36636,4535
27.04.2026 01:00:00.000,1.36636,1.36649,1.36558,1.36559,2883
27.04.2026 02:00:00.000,1.36559,1.36559,1.36343,1.36356,4572
27.04.2026 03:00:00.000,1.36354,1.36363,1.36105,1.36165,4854
27.04.2026 04:00:00.000,1.36164,1.36173,1.3608,1.36083,2996
27.04.2026 05:00:00.000,1.36082,1.3612,1.3606,1.3608,3162
27.04.2026 06:00:00.000,1.3608,1.36159,1.36053,1.36097,4222
27.04.2026 07:00:00.000,1.36096,1.36099,1.35973,1.36022,8761
27.04.2026 08:00:00.000,1.3602,1.36113,1.35983,1.36089,6585
27.04.2026 09:00:00.000,1.36092,1.36215,1.36007,1.36142,8204
27.04.2026 10:00:00.000,1.36142,1.36219,1.3614,1.36156,5603
27.04.2026 11:00:00.000,1.36158,1.3619,1.36142,1.3617,4633
27.04.2026 12:00:00.000,1.36173,1.36231,1.36164,1.36203,3374
27.04.2026 13:00:00.000,1.36204,1.36275,1.36145,1.36268,3177
27.04.2026 14:00:00.000,1.36268,1.36345,1.36244,1.36337,3096
27.04.2026 15:00:00.000,1.36336,1.36356,1.36227,1.36257,2562
27.04.2026 16:00:00.000,1.36241,1.36264,1.36153,1.36224,482
27.04.2026 17:00:00.000,1.36226,1.36264,1.36217,1.36227,831
27.04.2026 18:00:00.000,1.36229,1.36239,1.36215,1.36215,2519
27.04.2026 19:00:00.000,1.36215,1.36245,1.36123,1.36244,6123
27.04.2026 20:00:00.000,1.36244,1.36359,1.36241,1.36353,5583
27.04.2026 21:00:00.000,1.36353,1.364,1.36346,1.36382,5141
27.04.2026 22:00:00.000,1.36382,1.36388,1.36312,1.36313,4616
27.04.2026 23:00:00.000,1.36313,1.36347,1.36305,1.36327,3969
28.04.2026 00:00:00.000,1.36326,1.36383,1.36321,1.36371,6155
28.04.2026 01:00:00.000,1.36371,1.36473,1.36327,1.36465,5168
28.04.2026 02:00:00.000,1.36467,1.36467,1.36297,1.36382,4761
28.04.2026 03:00:00.000,1.36381,1.36481,1.36372,1.36466,5405
28.04.2026 04:00:00.000,1.36465,1.36575,1.36447,1.3654,4263
28.04.2026 05:00:00.000,1.36541,1.36664,1.36511,1.36647,4308
28.04.2026 06:00:00.000,1.36648,1.36741,1.36596,1.36726,5034
28.04.2026 07:00:00.000,1.36727,1.36794,1.3668,1.36742,6164
28.04.2026 08:00:00.000,1.36742,1.36788,1.36633,1.36652,7647
28.04.2026 09:00:00.000,1.36652,1.36913,1.36639,1.36894,9886
28.04.2026 10:00:00.000,1.36895,1.36898,1.36713,1.36714,8801
28.04.2026 11:00:00.000,1.36714,1.36844,1.36707,1.36811,6128
28.04.2026 12:00:00.000,1.3681,1.36835,1.36736,1.36768,5319
28.04.2026 13:00:00.000,1.36771,1.36856,1.36746,1.36841,3729
28.04.2026 14:00:00.000,1.3684,1.36868,1.36803,1.3685,3469
28.04.2026 15:00:00.000,1.36848,1.36875,1.36789,1.36827,4308
28.04.2026 16:00:00.000,1.36814,1.36831,1.36697,1.36783,631
28.04.2026 17:00:00.000,1.36784,1.36822,1.36775,1.36807,454
28.04.2026 18:00:00.000,1.36808,1.36822,1.36798,1.36799,1414
28.04.2026 19:00:00.000,1.36799,1.36805,1.36761,1.36804,2934
28.04.2026 20:00:00.000,1.36804,1.36889,1.36794,1.36826,6000
28.04.2026 21:00:00.000,1.36823,1.36858,1.36781,1.36841,5711
28.04.2026 22:00:00.000,1.3684,1.36882,1.36814,1.3686,6497
28.04.2026 23:00:00.000,1.3686,1.36871,1.3684,1.36852,3444
29.04.2026 00:00:00.000,1.36852,1.36906,1.3685,1.36888,4922
29.04.2026 01:00:00.000,1.36888,1.36917,1.36859,1.36888,3415
29.04.2026 02:00:00.000,1.3689,1.3689,1.36775,1.36795,7142
29.04.2026 03:00:00.000,1.36798,1.36842,1.36758,1.3684,9088
29.04.2026 04:00:00.000,1.36843,1.36917,1.36816,1.36917,5136
29.04.2026 05:00:00.000,1.36917,1.36929,1.36833,1.36833,6412
29.04.2026 06:00:00.000,1.36832,1.36853,1.36767,1.36792,4309
29.04.2026 07:00:00.000,1.36792,1.36795,1.36727,1.36767,5720
29.04.2026 08:00:00.000,1.36766,1.37105,1.36711,1.36981,10387
29.04.2026 09:00:00.000,1.36981,1.37047,1.36729,1.36769,11573
29.04.2026 10:00:00.000,1.3677,1.36838,1.36693,1.36723,8638
29.04.2026 11:00:00.000,1.36725,1.36765,1.36669,1.36755,5405
29.04.2026 12:00:00.000,1.36755,1.36826,1.36737,1.36738,4214
29.04.2026 13:00:00.000,1.36735,1.36915,1.36735,1.36859,10960
29.04.2026 14:00:00.000,1.36858,1.3689,1.36793,1.36824,6964
29.04.2026 15:00:00.000,1.36824,1.36865,1.36774,1.36835,5798
29.04.2026 16:00:00.000,1.36824,1.36869,1.36772,1.36795,1289
29.04.2026 17:00:00.000,1.36794,1.36839,1.36762,1.36809,1151
29.04.2026 18:00:00.000,1.3681,1.36813,1.36706,1.36712,3113
29.04.2026 19:00:00.000,1.36712,1.36755,1.36666,1.36752,9017
29.04.2026 20:00:00.000,1.36753,1.3679,1.36737,1.3676,6986
29.04.2026 21:00:00.000,1.3676,1.36836,1.36748,1.36802,8282
29.04.2026 22:00:00.000,1.36803,1.36806,1.36756,1.36783,6084
29.04.2026 23:00:00.000,1.36783,1.36884,1.36778,1.36855,6838
30.04.2026 00:00:00.000,1.36854,1.36868,1.36786,1.36863,14326
30.04.2026 01:00:00.000,1.36863,1.36883,1.36777,1.36797,6122
30.04.2026 02:00:00.000,1.36799,1.36804,1.36653,1.36686,9234
30.04.2026 03:00:00.000,1.36686,1.3674,1.36637,1.36705,4597
30.04.2026 04:00:00.000,1.36705,1.36719,1.36616,1.36629,7352
30.04.2026 05:00:00.000,1.3663,1.36681,1.36514,1.36527,9121
30.04.2026 06:00:00.000,1.36526,1.36659,1.36468,1.36622,6923
30.04.2026 07:00:00.000,1.36622,1.3676,1.36596,1.36706,6776
30.04.2026 08:00:00.000,1.36707,1.36709,1.36591,1.36615,8508
30.04.2026 09:00:00.000,1.36615,1.36617,1.36096,1.36114,15718
30.04.2026 10:00:00.000,1.36115,1.36172,1.36032,1.36109,12149
30.04.2026 11:00:00.000,1.3611,1.3613,1.36052,1.3612,6238
30.04.2026 12:00:00.000,1.36119,1.36152,1.36075,1.36108,4453
30.04.2026 13:00:00.000,1.36108,1.36108,1.35848,1.35859,4735
30.04.2026 14:00:00.000,1.35859,1.359,1.35802,1.35833,5088
30.04.2026 15:00:00.000,1.35833,1.35852,1.35798,1.35801,3928
30.04.2026 16:00:00.000,1.35793,1.35848,1.35772,1.35841,1251
30.04.2026 17:00:00.000,1.35839,1.35839,1.35793,1.35799,1286
30.04.2026 18:00:00.000,1.358,1.35815,1.35763,1.35796,2427
30.04.2026 19:00:00.000,1.35793,1.35812,1.35718,1.3579,6937
30.04.2026 20:00:00.000,1.3579,1.35826,1.35755,1.35759,4256
30.04.2026 21:00:00.000,1.35759,1.35781,1.35722,1.35751,2804
30.04.2026 22:00:00.000,1.3575,1.35799,1.35722,1.35796,2840
30.04.2026 23:00:00.000,1.35796,1.35864,1.35795,1.35859,2947
01.05.2026 00:00:00.000,1.35861,1.35877,1.35844,1.35854,6449
01.05.2026 01:00:00.000,1.35856,1.35872,1.35699,1.35777,5816
01.05.2026 02:00:00.000,1.35778,1.35818,1.35751,1.35776,7891
01.05.2026 03:00:00.000,1.35775,1.35818,1.35712,1.35722,5982
01.05.2026 04:00:00.000,1.35721,1.358,1.357,1.35788,5421
01.05.2026 05:00:00.000,1.35788,1.358,1.35687,1.35705,4472
01.05.2026 06:00:00.000,1.35703,1.35703,1.35611,1.35675,7202
01.05.2026 07:00:00.000,1.35677,1.35693,1.35496,1.35634,13925
01.05.2026 08:00:00.000,1.35636,1.35716,1.35537,1.35627,11437
01.05.2026 09:00:00.000,1.35626,1.35764,1.35591,1.35733,12290
01.05.2026 10:00:00.000,1.35734,1.35799,1.35658,1.35741,8944
01.05.2026 11:00:00.000,1.35742,1.35877,1.35732,1.35874,6080
01.05.2026 12:00:00.000,1.35875,1.3589,1.3584,1.35864,3898
01.05.2026 13:00:00.000,1.35864,1.35929,1.35846,1.35848,3163
01.05.2026 14:00:00.000,1.35847,1.35913,1.35835,1.35911,2316
01.05.2026 15:00:00.000,1.3591,1.35927,1.35811,1.35811,13916
04.05.2026 00:00:00.000,1.35897,1.35915,1.35877,1.35892,5062
04.05.2026 01:00:00.000,1.35892,1.35985,1.35889,1.35958,4045
04.05.2026 02:00:00.000,1.35958,1.36066,1.35957,1.3605,4060
04.05.2026 03:00:00.000,1.36054,1.36071,1.36002,1.36011,5266
04.05.2026 04:00:00.000,1.3601,1.36047,1.35975,1.36036,3743
04.05.2026 05:00:00.000,1.36037,1.36191,1.36012,1.36034,6507
04.05.2026 06:00:00.000,1.36033,1.3618,1.3601,1.36163,3402
04.05.2026 07:00:00.000,1.36164,1.36172,1.36076,1.36167,4903
04.05.2026 08:00:00.000,1.36166,1.36191,1.3608,1.3608,7037
04.05.2026 09:00:00.000,1.36079,1.36111,1.36023,1.36075,6568
04.05.2026 10:00:00.000,1.36077,1.3616,1.36008,1.36096,17379
04.05.2026 11:00:00.000,1.36099,1.36172,1.36081,1.36154,14141
04.05.2026 12:00:00.000,1.36154,1.36156,1.36085,1.36108,5400
04.05.2026 13:00:00.000,1.36108,1.36109,1.36032,1.36036,6065
04.05.2026 14:00:00.000,1.36036,1.36135,1.36034,1.36129,4902
04.05.2026 15:00:00.000,1.3613,1.36259,1.3613,1.36232,2320
04.05.2026 16:00:00.000,1.36231,1.36238,1.36159,1.36185,419
04.05.2026 17:00:00.000,1.36189,1.36255,1.36174,1.3624,1069
04.05.2026 18:00:00.000,1.36239,1.36241,1.362,1.36203,1434
04.05.2026 19:00:00.000,1.36203,1.36268,1.36171,1.36258,4175
04.05.2026 20:00:00.000,1.36257,1.36278,1.362,1.36212,6520
04.05.2026 21:00:00.000,1.36211,1.36219,1.36187,1.36219,3949
04.05.2026 22:00:00.000,1.36221,1.36244,1.362,1.36241,3718
04.05.2026 23:00:00.000,1.36242,1.36281,1.36203,1.36277,4578
05.05.2026 00:00:00.000,1.36277,1.36295,1.36233,1.36244,5047
05.05.2026 01:00:00.000,1.36244,1.36257,1.36164,1.36186,4539
05.05.2026 02:00:00.000,1.36185,1.36212,1.36122,1.36193,6348
05.05.2026 03:00:00.000,1.36192,1.36198,1.36113,1.36168,5856
05.05.2026 04:00:00.000,1.36169,1.362,1.36104,1.36111,3414
05.05.2026 05:00:00.000,1.36114,1.36137,1.36038,1.36119,4852
05.05.2026 06:00:00.000,1.36121,1.36192,1.36075,1.36127,4276
05.05.2026 07:00:00.000,1.36129,1.36268,1.36117,1.36219,7581
05.05.2026 08:00:00.000,1.36221,1.36221,1.36077,1.36115,7521
05.05.2026 09:00:00.000,1.36114,1.36179,1.36065,1.36173,9008
05.05.2026 10:00:00.000,1.36172,1.36204,1.36065,1.36091,6615
05.05.2026 11:00:00.000,1.3609,1.36214,1.36063,1.36197,4189
05.05.2026 12:00:00.000,1.362,1.3626,1.36173,1.36188,4020
05.05.2026 13:00:00.000,1.36189,1.36197,1.36157,1.36166,2304
05.05.2026 14:00:00.000,1.36165,1.36244,1.36161,1.36233,3380
05.05.2026 15:00:00.000,1.36233,1.36245,1.36165,1.36165,3502
05.05.2026 16:00:00.000,1.36152,1.3621,1.36103,1.36156,2435
05.05.2026 17:00:00.000,1.36141,1.36212,1.36079,1.36091,2028
05.05.2026 18:00:00.000,1.3609,1.36106,1.35955,1.36042,4029
05.05.2026 19:00:00.000,1.3604,1.36076,1.35963,1.35968,8207
05.05.2026 20:00:00.000,1.3597,1.36002,1.3595,1.35971,7556
05.05.2026 21:00:00.000,1.35973,1.36029,1.35958,1.36011,4977
05.05.2026 22:00:00.000,1.36011,1.36018,1.35968,1.36001,5380
05.05.2026 23:00:00.000,1.36,1.36008,1.35827,1.35867,8695
06.05.2026 00:00:00.000,1.35867,1.35927,1.35849,1.35891,6999
06.05.2026 01:00:00.000,1.35892,1.35991,1.35853,1.35864,6470
06.05.2026 02:00:00.000,1.35864,1.35968,1.35826,1.35915,5314
06.05.2026 03:00:00.000,1.35916,1.35973,1.35774,1.35848,6819
06.05.2026 04:00:00.000,1.35848,1.35958,1.3583,1.35903,6320
06.05.2026 05:00:00.000,1.35901,1.36026,1.35827,1.35888,9515
06.05.2026 06:00:00.000,1.35888,1.36045,1.35888,1.35955,6433
06.05.2026 07:00:00.000,1.35954,1.36133,1.35948,1.36104,9927
06.05.2026 08:00:00.000,1.36105,1.36181,1.36066,1.3618,8273
06.05.2026 09:00:00.000,1.36181,1.36237,1.36123,1.36156,9963
06.05.2026 10:00:00.000,1.36156,1.36255,1.36152,1.36221,7212
06.05.2026 11:00:00.000,1.3622,1.36354,1.3622,1.36342,5832
06.05.2026 12:00:00.000,1.36343,1.36412,1.36324,1.36381,5635
06.05.2026 13:00:00.000,1.3638,1.3641,1.36336,1.36361,3027
06.05.2026 14:00:00.000,1.36359,1.36368,1.36302,1.36355,4706
06.05.2026 15:00:00.000,1.36357,1.36384,1.36284,1.36313,2397
06.05.2026 16:00:00.000,1.36306,1.36347,1.36214,1.36314,1335
06.05.2026 17:00:00.000,1.36313,1.36338,1.36304,1.36324,827
06.05.2026 18:00:00.000,1.36323,1.36378,1.36308,1.36365,1636
06.05.2026 19:00:00.000,1.36365,1.36413,1.36346,1.36378,4683
06.05.2026 20:00:00.000,1.36378,1.36397,1.36273,1.36317,7654
06.05.2026 21:00:00.000,1.36317,1.36414,1.36305,1.36363,6394
06.05.2026 22:00:00.000,1.36364,1.36394,1.36353,1.36391,6430
06.05.2026 23:00:00.000,1.36393,1.36394,1.36318,1.36347,5531
07.05.2026 00:00:00.000,1.36347,1.3639,1.36336,1.36372,3399
07.05.2026 01:00:00.000,1.36372,1.36431,1.36306,1.36364,5021
07.05.2026 02:00:00.000,1.36363,1.36386,1.36241,1.36258,9885
07.05.2026 03:00:00.000,1.36257,1.36295,1.36229,1.36254,6206
07.05.2026 04:00:00.000,1.36253,1.36294,1.36198,1.36242,6155
07.05.2026 05:00:00.000,1.36243,1.36286,1.362,1.36261,4433
07.05.2026 06:00:00.000,1.3626,1.3632,1.3621,1.36291,3259
07.05.2026 07:00:00.000,1.3629,1.36354,1.36237,1.3634,5947
07.05.2026 08:00:00.000,1.3634,1.36411,1.36299,1.3639,5995
07.05.2026 09:00:00.000,1.3639,1.36446,1.36282,1.36344,9198
07.05.2026 10:00:00.000,1.36344,1.36426,1.3631,1.36371,6958
07.05.2026 11:00:00.000,1.36369,1.36417,1.36289,1.36311,6527
07.05.2026 12:00:00.000,1.36311,1.36387,1.3626,1.36353,5605
07.05.2026 13:00:00.000,1.36351,1.36436,1.36339,1.36365,5846
07.05.2026 14:00:00.000,1.36363,1.36536,1.36309,1.36536,6001
07.05.2026 15:00:00.000,1.36535,1.36649,1.36459,1.36618,4253
07.05.2026 16:00:00.000,1.36613,1.36641,1.36492,1.36581,2021
07.05.2026 17:00:00.000,1.36571,1.36636,1.36571,1.36624,1396
07.05.2026 18:00:00.000,1.36626,1.3664,1.36589,1.36607,1517
07.05.2026 19:00:00.000,1.36605,1.36626,1.3656,1.36593,6330
07.05.2026 20:00:00.000,1.36593,1.36593,1.36554,1.36571,6826
07.05.2026 21:00:00.000,1.36571,1.36638,1.36569,1.36591,5394
07.05.2026 22:00:00.000,1.36591,1.36602,1.36552,1.36584,3646
07.05.2026 23:00:00.000,1.36583,1.36599,1.36542,1.36554,3232
08.05.2026 00:00:00.000,1.36555,1.3656,1.36512,1.36545,6123
08.05.2026 01:00:00.000,1.36545,1.36549,1.36497,1.36531,3283
08.05.2026 02:00:00.000,1.36531,1.36564,1.36515,1.3656,4704
08.05.2026 03:00:00.000,1.3656,1.36588,1.36505,1.36508,5434
08.05.2026 04:00:00.000,1.36507,1.3651,1.36448,1.3645,3784
08.05.2026 05:00:00.000,1.3645,1.36527,1.36432,1.36507,3426
08.05.2026 06:00:00.000,1.36507,1.3652,1.36421,1.36433,3656
08.05.2026 07:00:00.000,1.36433,1.36927,1.36429,1.369,11712
08.05.2026 08:00:00.000,1.36903,1.37093,1.36903,1.37061,9916
08.05.2026 09:00:00.000,1.37059,1.37097,1.36878,1.36905,8841
08.05.2026 10:00:00.000,1.36905,1.36951,1.36767,1.36795,8648
08.05.2026 11:00:00.000,1.36796,1.36906,1.36784,1.36889,3439
08.05.2026 12:00:00.000,1.36892,1.36896,1.36827,1.36846,2793
08.05.2026 13:00:00.000,1.36845,1.36853,1.36783,1.36802,3732
08.05.2026 14:00:00.000,1.36804,1.36849,1.36753,1.36814,5207
08.05.2026 15:00:00.000,1.36814,1.36825,1.36697,1.36738,6267
11.05.2026 00:00:00.000,1.36938,1.36939,1.369,1.36918,5548
11.05.2026 01:00:00.000,1.36918,1.36918,1.36756,1.36791,6095
11.05.2026 02:00:00.000,1.36791,1.36791,1.36666,1.36714,6403
11.05.2026 03:00:00.000,1.36714,1.36727,1.36661,1.36688,4138
11.05.2026 04:00:00.000,1.36688,1.36728,1.36675,1.36687,2977
11.05.2026 05:00:00.000,1.36689,1.36708,1.36604,1.36612,3660
11.05.2026 06:00:00.000,1.36613,1.36698,1.36609,1.36667,3275
11.05.2026 07:00:00.000,1.36667,1.36822,1.36636,1.36668,5429
11.05.2026 08:00:00.000,1.36666,1.36697,1.36575,1.36586,5093
11.05.2026 09:00:00.000,1.36585,1.36675,1.36478,1.36644,9566
11.05.2026 10:00:00.000,1.36643,1.36689,1.36628,1.36651,7482
11.05.2026 11:00:00.000,1.36649,1.3669,1.366,1.36636,5602
11.05.2026 12:00:00.000,1.36636,1.36686,1.36621,1.36651,3284
11.05.2026 13:00:00.000,1.36652,1.3675,1.36629,1.3672,4924
11.05.2026 14:00:00.000,1.36722,1.36796,1.36699,1.36772,3798
11.05.2026 15:00:00.000,1.36772,1.36813,1.36766,1.3677,3388
11.05.2026 16:00:00.000,1.36751,1.36751,1.36683,1.36735,663
11.05.2026 17:00:00.000,1.36737,1.36767,1.36709,1.36762,836
11.05.2026 18:00:00.000,1.36762,1.36794,1.36757,1.36785,2302
11.05.2026 19:00:00.000,1.36786,1.36881,1.36786,1.36876,4818
11.05.2026 20:00:00.000,1.36876,1.36935,1.36865,1.36887,10198
11.05.2026 21:00:00.000,1.36887,1.36922,1.3687,1.36886,5866
11.05.2026 22:00:00.000,1.36888,1.36941,1.36875,1.36932,4384
11.05.2026 23:00:00.000,1.36932,1.36937,1.36903,1.36922,4016
12.05.2026 00:00:00.000,1.36921,1.36932,1.36864,1.36868,7624
12.05.2026 01:00:00.000,1.36869,1.36959,1.36834,1.36927,6031
12.05.2026 02:00:00.000,1.36928,1.37056,1.36912,1.37033,5250
12.05.2026 03:00:00.000,1.37033,1.37091,1.37016,1.3704,6227
12.05.2026 04:00:00.000,1.3704,1.37105,1.36997,1.37094,4578
12.05.2026 05:00:00.000,1.37095,1.37108,1.3705,1.37089,4860
12.05.2026 06:00:00.000,1.37089,1.3712,1.37009,1.37031,4343
12.05.2026 07:00:00.000,1.3703,1.37119,1.37003,1.3701,6150
12.05.2026 08:00:00.000,1.37009,1.37187,1.36982,1.37155,8133
12.05.2026 09:00:00.000,1.37154,1.37179,1.37072,1.37083,11110
12.05.2026 10:00:00.000,1.37083,1.37242,1.37075,1.37129,8149
12.05.2026 11:00:00.000,1.37131,1.37165,1.37092,1.3713,5737
12.05.2026 12:00:00.000,1.37132,1.37156,1.37096,1.37112,5921
12.05.2026 13:00:00.000,1.37113,1.37136,1.36998,1.37001,5329
12.05.2026 14:00:00.000,1.37001,1.37013,1.36932,1.36989,4527
12.05.2026 15:00:00.000,1.36988,1.37013,1.36921,1.36953,3276
12.05.2026 16:00:00.000,1.36922,1.36966,1.36906,1.36941,2514
12.05.2026 17:00:00.000,1.36943,1.36964,1.36933,1.36944,1080
12.05.2026 18:00:00.000,1.36944,1.36979,1.36928,1.36976,2368
12.05.2026 19:00:00.000,1.36976,1.3699,1.36942,1.36943,6712
12.05.2026 20:00:00.000,1.36942,1.36973,1.36864,1.36877,8170
12.05.2026 21:00:00.000,1.36877,1.3688,1.36837,1.3687,5673
12.05.2026 22:00:00.000,1.36871,1.36927,1.3687,1.36896,5166
12.05.2026 23:00:00.000,1.36897,1.36956,1.36896,1.36942,4348
13.05.2026 00:00:00.000,1.36943,1.36983,1.36933,1.36959,4833
13.05.2026 01:00:00.000,1.36958,1.37043,1.36941,1.37025,4918
13.05.2026 02:00:00.000,1.37024,1.37102,1.37023,1.37046,6011
13.05.2026 03:00:00.000,1.37046,1.37091,1.36991,1.36991,5320
13.05.2026 04:00:00.000,1.36991,1.37083,1.36984,1.36985,6199
13.05.2026 05:00:00.000,1.36986,1.36989,1.36899,1.36906,5978
13.05.2026 06:00:00.000,1.36905,1.3696,1.36892,1.3694,3382
13.05.2026 07:00:00.000,1.36941,1.37035,1.36894,1.36954,9422
13.05.2026 08:00:00.000,1.36954,1.37119,1.36925,1.3708,9392
13.05.2026 09:00:00.000,1.37075,1.37111,1.36926,1.37042,10796
13.05.2026 10:00:00.000,1.37043,1.37047,1.36918,1.37026,6773
13.05.2026 11:00:00.000,1.37026,1.37055,1.36956,1.3705,5171
13.05.2026 12:00:00.000,1.3705,1.37094,1.37018,1.37081,4072
13.05.2026 13:00:00.000,1.37083,1.37183,1.37054,1.37132,7986
13.05.2026 14:00:00.000,1.37132,1.37133,1.37023,1.37048,4843
13.05.2026 15:00:00.000,1.37049,1.37076,1.37029,1.37061,2510
13.05.2026 16:00:00.000,1.3706,1.37076,1.36999,1.37036,954
13.05.2026 17:00:00.000,1.37027,1.37055,1.37009,1.37038,993
13.05.2026 18:00:00.000,1.37037,1.37054,1.37028,1.37047,1415
13.05.2026 19:00:00.000,1.37047,1.37072,1.37037,1.3705,6437
13.05.2026 20:00:00.000,1.37051,1.37086,1.37034,1.37076,8537
13.05.2026 21:00:00.000,1.37078,1.37087,1.37057,1.37065,4621
13.05.2026 22:00:00.000,1.37063,1.37084,1.37057,1.3708,3475
13.05.2026 23:00:00.000,1.37081,1.37089,1.37017,1.3704,6681
14.05.2026 00:00:00.000,1.3704,1.37071,1.37024,1.37054,7544
14.05.2026 01:00:00.000,1.37054,1.37084,1.37012,1.37026,6061
14.05.2026 02:00:00.000,1.37027,1.37156,1.37024,1.37147,8912
14.05.2026 03:00:00.000,1.37148,1.3715,1.3704,1.3705,5532
14.05.2026 04:00:00.000,1.37051,1.37092,1.37037,1.37082,4658
14.05.2026 05:00:00.000,1.3708,1.37174,1.37068,1.37169,10676
14.05.2026 06:00:00.000,1.37168,1.37216,1.37164,1.37211,2913
14.05.2026 07:00:00.000,1.37212,1.37272,1.37192,1.37244,4837
14.05.2026 08:00:00.000,1.37243,1.37279,1.37176,1.37272,7510
14.05.2026 09:00:00.000,1.37274,1.37311,1.37129,1.37299,8064
14.05.2026 10:00:00.000,1.37301,1.37375,1.37226,1.37247,8059
14.05.2026 11:00:00.000,1.37248,1.37299,1.37216,1.37219,6914
14.05.2026 12:00:00.000,1.37218,1.37283,1.37191,1.37243,6212
14.05.2026 13:00:00.000,1.37245,1.37299,1.37219,1.37237,7351
14.05.2026 14:00:00.000,1.37237,1.3729,1.37225,1.3724,5485
14.05.2026 15:00:00.000,1.37238,1.37264,1.37173,1.37189,3395
14.05.2026 16:00:00.000,1.37181,1.37208,1.37156,1.37159,1198
14.05.2026 17:00:00.000,1.3716,1.37177,1.37145,1.37156,1023
14.05.2026 18:00:00.000,1.37155,1.37243,1.37155,1.37237,2482
14.05.2026 19:00:00.000,1.37237,1.37368,1.37234,1.37348,6829
14.05.2026 20:00:00.000,1.3735,1.37425,1.37347,1.37411,12954
14.05.2026 21:00:00.000,1.37412,1.37419,1.37354,1.37377,8369
14.05.2026 22:00:00.000,1.37376,1.37401,1.37365,1.37396,7277
14.05.2026 23:00:00.000,1.37394,1.37461,1.37393,1.37456,4974
15.05.2026 00:00:00.000,1.37456,1.37568,1.3745,1.37528,10481
15.05.2026 01:00:00.000,1.37529,1.37531,1.37386,1.37519,7730
15.05.2026 02:00:00.000,1.3752,1.3755,1.37388,1.37467,9198
15.05.2026 03:00:00.000,1.37466,1.37537,1.37446,1.37473,7213
15.05.2026 04:00:00.000,1.37473,1.37576,1.37469,1.37531,6935
15.05.2026 05:00:00.000,1.3753,1.37538,1.37343,1.37422,7617
15.05.2026 06:00:00.000,1.37424,1.3754,1.37411,1.37516,3528
15.05.2026 07:00:00.000,1.37516,1.37594,1.37506,1.37533,5821
15.05.2026 08:00:00.000,1.37534,1.37667,1.3751,1.3758,10420
15.05.2026 09:00:00.000,1.3758,1.37647,1.37509,1.37592,10296
15.05.2026 10:00:00.000,1.37592,1.37642,1.37506,1.37508,9450
15.05.2026 11:00:00.000,1.37506,1.37533,1.37328,1.37346,8710
15.05.2026 12:00:00.000,1.37347,1.37429,1.37305,1.37411,4873
15.05.2026 13:00:00.000,1.37409,1.37574,1.37407,1.37526,6522
15.05.2026 14:00:00.000,1.37525,1.37583,1.37499,1.37533,6833
15.05.2026 15:00:00.000,1.37533,1.37579,1.37463,1.37471,7077
18.05.2026 00:00:00.000,1.37532,1.37557,1.37496,1.37517,7178
18.05.2026 01:00:00.000,1.37517,1.37531,1.37406,1.3743,7048
18.05.2026 02:00:00.000,1.37431,1.37491,1.37383,1.37452,5057
18.05.2026 03:00:00.000,1.37451,1.37464,1.37329,1.37367,5092
18.05.2026 04:00:00.000,1.37367,1.37436,1.37358,1.37434,4723
18.05.2026 05:00:00.000,1.37434,1.37459,1.37391,1.37448,4250
18.05.2026 06:00:00.000,1.37451,1.37533,1.37397,1.37465,7046
18.05.2026 07:00:00.000,1.37464,1.37481,1.3732,1.37388,8148
18.05.2026 08:00:00.000,1.37388,1.37449,1.37339,1.37442,7044
18.05.2026 09:00:00.000,1.37443,1.37513,1.37373,1.37413,7496
18.05.2026 10:00:00.000,1.37413,1.37504,1.37406,1.37429,6479
18.05.2026 11:00:00.000,1.37431,1.37466,1.37375,1.37409,6160
18.05.2026 12:00:00.000,1.37411,1.37425,1.37386,1.37394,3192
18.05.2026 13:00:00.000,1.37392,1.37502,1.37387,1.375,5280
18.05.2026 14:00:00.000,1.37499,1.37502,1.37357,1.37387,5218
18.05.2026 15:00:00.000,1.37388,1.37399,1.37352,1.37375,1711
18.05.2026 16:00:00.000,1.37371,1.37428,1.37277,1.37397,1020
18.05.2026 17:00:00.000,1.37401,1.37401,1.37354,1.37368,941
18.05.2026 18:00:00.000,1.37369,1.37385,1.37358,1.37384,1329
18.05.2026 19:00:00.000,1.37382,1.37477,1.37367,1.37474,5464
18.05.2026 20:00:00.000,1.37475,1.37503,1.37436,1.37479,8651
18.05.2026 21:00:00.000,1.3748,1.37513,1.37455,1.3746,9555
18.05.2026 22:00:00.000,1.37461,1.37476,1.37431,1.3746,6014
18.05.2026 23:00:00.000,1.3746,1.37525,1.37458,1.37517,8060
19.05.2026 00:00:00.000,1.37518,1.37534,1.37454,1.37459,8348
19.05.2026 01:00:00.000,1.37459,1.37478,1.37425,1.37462,5023
19.05.2026 02:00:00.000,1.37465,1.37495,1.37434,1.3749,4353
19.05.2026 03:00:00.000,1.3749,1.376,1.37489,1.37596,4552
19.05.2026 04:00:00.000,1.37598,1.37658,1.37592,1.37634,5554
19.05.2026 05:00:00.000,1.37634,1.37715,1.37594,1.37615,5751
19.05.2026 06:00:00.000,1.37614,1.37623,1.37433,1.37521,5139
19.05.2026 07:00:00.000,1.37522,1.37737,1.37479,1.37647,7152
19.05.2026 08:00:00.000,1.37649,1.37699,1.37589,1.37643,7385
19.05.2026 09:00:00.000,1.37646,1.37718,1.37576,1.37702,9001
19.05.2026 10:00:00.000,1.37701,1.37711,1.37552,1.37555,5532
19.05.2026 11:00:00.000,1.37555,1.37612,1.37465,1.37486,5094
19.05.2026 12:00:00.000,1.37485,1.37529,1.37475,1.37515,3663
19.05.2026 13:00:00.000,1.37515,1.37515,1.37461,1.37488,4526
19.05.2026 14:00:00.000,1.37488,1.37519,1.3743,1.37493,4636
19.05.2026 15:00:00.000,1.37494,1.37531,1.37428,1.37431,4032
19.05.2026 16:00:00.000,1.37423,1.37442,1.37418,1.37434,309
19.05.2026 17:00:00.000,1.37435,1.37458,1.37431,1.37432,1028
19.05.2026 18:00:00.000,1.37433,1.37489,1.37417,1.37487,2952
19.05.2026 19:00:00.000,1.37491,1.37579,1.37491,1.37572,15091
19.05.2026 20:00:00.000,1.37572,1.37608,1.37516,1.3755,12571
19.05.2026 21:00:00.000,1.3755,1.37572,1.37515,1.37551,11133
19.05.2026 22:00:00.000,1.37551,1.37566,1.37516,1.37545,8436
19.05.2026 23:00:00.000,1.37545,1.37595,1.37512,1.37589,8497
20.05.2026 00:00:00.000,1.37587,1.37597,1.37555,1.37576,7592
20.05.2026 01:00:00.000,1.37576,1.37658,1.37563,1.37645,4832
20.05.2026 02:00:00.000,1.37646,1.37723,1.37597,1.3772,7873
20.05.2026 03:00:00.000,1.3772,1.37723,1.37643,1.37721,5686
20.05.2026 04:00:00.000,1.37722,1.3778,1.37686,1.3777,4846
20.05.2026 05:00:00.000,1.37771,1.3778,1.3767,1.37682,3874
20.05.2026 06:00:00.000,1.37683,1.37701,1.37528,1.37532,5846
20.05.2026 07:00:00.000,1.37535,1.37662,1.37521,1.37616,5599
20.05.2026 08:00:00.000,1.37616,1.37736,1.37561,1.37724,7195
20.05.2026 09:00:00.000,1.37725,1.37758,1.37384,1.37404,13910
20.05.2026 10:00:00.000,1.37405,1.37533,1.37306,1.37472,12042
20.05.2026 11:00:00.000,1.37472,1.37492,1.37371,1.37474,6439
20.05.2026 12:00:00.000,1.37472,1.37549,1.37458,1.3753,5343
20.05.2026 13:00:00.000,1.37529,1.37547,1.37428,1.3748,4795
20.05.2026 14:00:00.000,1.37481,1.37489,1.37414,1.37428,3861
20.05.2026 15:00:00.000,1.37427,1.37459,1.37399,1.37436,2746
20.05.2026 16:00:00.000,1.37417,1.37436,1.37239,1.37422,2171
20.05.2026 17:00:00.000,1.37424,1.37465,1.37414,1.37451,505
20.05.2026 18:00:00.000,1.37451,1.37487,1.37446,1.37478,687
20.05.2026 19:00:00.000,1.37477,1.37509,1.37464,1.37489,5185
20.05.2026 20:00:00.000,1.37488,1.37587,1.37454,1.37568,8263
20.05.2026 21:00:00.000,1.37566,1.37661,1.3755,1.37641,7943
20.05.2026 22:00:00.000,1.37641,1.37647,1.37607,1.37634,4817
20.05.2026 23:00:00.000,1.37631,1.37639,1.37604,1.37622,5088
21.05.2026 00:00:00.000,1.37623,1.37669,1.37609,1.37631,6751
21.05.2026 01:00:00.000,1.37631,1.37646,1.3759,1.37636,6936
21.05.2026 02:00:00.000,1.37636,1.37738,1.37626,1.37733,7777
21.05.2026 03:00:00.000,1.37736,1.37761,1.37618,1.37675,8729
21.05.2026 04:00:00.000,1.37674,1.37697,1.37612,1.37665,3681
21.05.2026 05:00:00.000,1.37667,1.37734,1.37627,1.37651,7831
21.05.2026 06:00:00.000,1.37652,1.37692,1.37603,1.37687,4774
21.05.2026 07:00:00.000,1.37688,1.37748,1.37653,1.37746,6017
21.05.2026 08:00:00.000,1.37749,1.37889,1.3773,1.37846,8159
21.05.2026 09:00:00.000,1.37845,1.37999,1.37831,1.37886,8236
21.05.2026 10:00:00.000,1.37887,1.37946,1.3784,1.37884,8838
21.05.2026 11:00:00.000,1.37886,1.37925,1.37837,1.37853,7579
21.05.2026 12:00:00.000,1.37853,1.37878,1.37737,1.37774,10018
21.05.2026 13:00:00.000,1.37774,1.37847,1.37669,1.37823,7172
21.05.2026 14:00:00.000,1.37825,1.37834,1.37764,1.37788,5301
21.05.2026 15:00:00.000,1.37788,1.37805,1.3776,1.37765,2688
21.05.2026 16:00:00.000,1.37765,1.37765,1.37704,1.37738,1589
21.05.2026 17:00:00.000,1.37751,1.3777,1.37717,1.3775,659
21.05.2026 18:00:00.000,1.37751,1.37774,1.37739,1.3776,1470
21.05.2026 19:00:00.000,1.37758,1.37875,1.37758,1.37829,9501
21.05.2026 20:00:00.000,1.37831,1.37889,1.37826,1.37885,9758
21.05.2026 21:00:00.000,1.37885,1.37896,1.37853,1.37878,6821
21.05.2026 22:00:00.000,1.37878,1.37921,1.37874,1.37912,5188
21.05.2026 23:00:00.000,1.37914,1.37923,1.3787,1.37886,4815
22.05.2026 00:00:00.000,1.37885,1.37929,1.37833,1.37925,8111
22.05.2026 01:00:00.000,1.37927,1.37948,1.37896,1.37897,5035
22.05.2026 02:00:00.000,1.37896,1.37951,1.37892,1.37901,4254
22.05.2026 03:00:00.000,1.379,1.37911,1.37832,1.37843,6104
22.05.2026 04:00:00.000,1.37845,1.37933,1.37837,1.37912,3970
22.05.2026 05:00:00.000,1.3791,1.37988,1.37905,1.37971,2816
22.05.2026 06:00:00.000,1.37974,1.38018,1.37948,1.38006,3430
22.05.2026 07:00:00.000,1.38006,1.38065,1.37967,1.38034,6238
22.05.2026 08:00:00.000,1.38032,1.38043,1.37904,1.37973,8556
22.05.2026 09:00:00.000,1.37973,1.38193,1.37973,1.38188,8173
22.05.2026 10:00:00.000,1.38187,1.38219,1.38137,1.38179,5737
22.05.2026 11:00:00.000,1.38179,1.38219,1.38076,1.38077,4442
22.05.2026 12:00:00.000,1.38077,1.38136,1.38046,1.38104,5305
22.05.2026 13:00:00.000,1.38102,1.38122,1.38039,1.38087,2427
22.05.2026 14:00:00.000,1.38088,1.3814,1.38052,1.3814,4017
22.05.2026 15:00:00.000,1.3814,1.38237,1.38109,1.38169,4345
25.05.2026 00:00:00.000,1.38055,1.38105,1.38034,1.38093,3298
25.05.2026 01:00:00.000,1.38094,1.38133,1.38076,1.38093,4111
25.05.2026 02:00:00.000,1.38093,1.382,1.38093,1.38153,4160
25.05.2026 03:00:00.000,1.38152,1.38202,1.38116,1.38121,4139
25.05.2026 04:00:00.000,1.38121,1.38156,1.38106,1.38137,3579
25.05.2026 05:00:00.000,1.38138,1.38157,1.38119,1.38141,1364
25.05.2026 06:00:00.000,1.38139,1.38178,1.38068,1.38111,1841
25.05.2026 07:00:00.000,1.3811,1.38136,1.38042,1.38063,3120
25.05.2026 08:00:00.000,1.38063,1.38102,1.38016,1.38087,2803
25.05.2026 09:00:00.000,1.38086,1.38092,1.37982,1.38004,2198
25.05.2026 10:00:00.000,1.38005,1.38025,1.37943,1.37968,2793
25.05.2026 11:00:00.000,1.37967,1.38038,1.37961,1.38027,2261
25.05.2026 12:00:00.000,1.38025,1.38049,1.38005,1.38029,722
25.05.2026 13:00:00.000,1.38027,1.38048,1.38012,1.3804,352
25.05.2026 14:00:00.000,1.3804,1.38045,1.37993,1.37996,499
25.05.2026 15:00:00.000,1.37997,1.38026,1.37987,1.38018,955
25.05.2026 16:00:00.000,1.38017,1.38037,1.37965,1.38035,355
25.05.2026 17:00:00.000,1.38033,1.38046,1.38019,1.38022,303
25.05.2026 18:00:00.000,1.38023,1.38066,1.38017,1.38057,1564
25.05.2026 19:00:00.000,1.38057,1.38084,1.38027,1.3803,3310
25.05.2026 20:00:00.000,1.38031,1.38092,1.3802,1.38075,10326
25.05.2026 21:00:00.000,1.38076,1.38106,1.38066,1.38087,5487
25.05.2026 22:00:00.000,1.38087,1.3809,1.3806,1.38061,7608
25.05.2026 23:00:00.000,1.3806,1.38106,1.38058,1.38105,5657
26.05.2026 00:00:00.000,1.38105,1.38138,1.38104,1.38136,7192
26.05.2026 01:00:00.000,1.38137,1.38147,1.38069,1.38111,10448
26.05.2026 02:00:00.000,1.38112,1.38145,1.3802,1.38042,9623
26.05.2026 03:00:00.000,1.38042,1.3806,1.37983,1.38027,8648
26.05.2026 04:00:00.000,1.38026,1.38058,1.37989,1.37991,5008
26.05.2026 05:00:00.000,1.37991,1.38053,1.37987,1.37999,4559
26.05.2026 06:00:00.000,1.38,1.38121,1.37996,1.38118,3756
26.05.2026 07:00:00.000,1.3812,1.38209,1.38112,1.38175,5274
26.05.2026 08:00:00.000,1.38174,1.38185,1.38039,1.38061,8071
26.05.2026 09:00:00.000,1.38058,1.38117,1.37994,1.38063,12520
26.05.2026 10:00:00.000,1.38063,1.38143,1.38039,1.38042,10213
26.05.2026 11:00:00.000,1.38039,1.38131,1.38004,1.38119,6104
26.05.2026 12:00:00.000,1.3812,1.38193,1.38081,1.38176,5052
26.05.2026 13:00:00.000,1.38178,1.38184,1.38116,1.38125,4483
26.05.2026 14:00:00.000,1.38126,1.38165,1.38096,1.38096,3887
26.05.2026 15:00:00.000,1.38097,1.38139,1.38081,1.38113,2756
26.05.2026 16:00:00.000,1.38077,1.38118,1.38048,1.38067,806
26.05.2026 17:00:00.000,1.38067,1.38126,1.38065,1.38089,1419
26.05.2026 18:00:00.000,1.38089,1.38106,1.38032,1.38077,2299
26.05.2026 19:00:00.000,1.38078,1.38097,1.38031,1.3807,6258
26.05.2026 20:00:00.000,1.38069,1.38145,1.3806,1.38129,6122
26.05.2026 21:00:00.000,1.38129,1.38131,1.38078,1.38107,9388
26.05.2026 22:00:00.000,1.38107,1.3812,1.38072,1.38116,7717
26.05.2026 23:00:00.000,1.38113,1.38117,1.38084,1.38088,6394
27.05.2026 00:00:00.000,1.38088,1.3814,1.38078,1.38136,6284
27.05.2026 01:00:00.000,1.38137,1.38194,1.38123,1.38186,6635
27.05.2026 02:00:00.000,1.38185,1.38277,1.38152,1.38274,5732
27.05.2026 03:00:00.000,1.38273,1.38291,1.38217,1.38278,5851
27.05.2026 04:00:00.000,1.38277,1.38286,1.38204,1.38235,5454
27.05.2026 05:00:00.000,1.38235,1.38364,1.38231,1.38349,3532
27.05.2026 06:00:00.000,1.38349,1.38391,1.38311,1.38326,5374
27.05.2026 07:00:00.000,1.38325,1.38362,1.38197,1.38278,11782
27.05.2026 08:00:00.000,1.38278,1.38373,1.3824,1.38264,14403
27.05.2026 09:00:00.000,1.38263,1.38519,1.38224,1.38489,13235
27.05.2026 10:00:00.000,1.38491,1.38499,1.38292,1.38301,10874
27.05.2026 11:00:00.000,1.383,1.38348,1.38234,1.38258,6230
27.05.2026 12:00:00.000,1.3826,1.38342,1.38259,1.38303,5458
27.05.2026 13:00:00.000,1.38305,1.38362,1.383,1.38343,4478
27.05.2026 14:00:00.000,1.38342,1.3835,1.38282,1.38315,5329
27.05.2026 15:00:00.000,1.38315,1.38406,1.38285,1.38383,2986
27.05.2026 16:00:00.000,1.38384,1.38401,1.38281,1.384,1666
27.05.2026 17:00:00.000,1.38397,1.38402,1.3836,1.38383,1535
27.05.2026 18:00:00.000,1.38381,1.38446,1.38373,1.38443,4064
27.05.2026 19:00:00.000,1.38442,1.3849,1.38437,1.38471,8347
27.05.2026 20:00:00.000,1.38472,1.38544,1.38466,1.38537,7167
27.05.2026 21:00:00.000,1.38537,1.3855,1.38514,1.38518,5210
27.05.2026 22:00:00.000,1.38516,1.38691,1.38503,1.38685,9311
27.05.2026 23:00:00.000,1.38684,1.38692,1.38601,1.38611,8215
28.05.2026 00:00:00.000,1.3861,1.38643,1.3855,1.38578,6714
28.05.2026 01:00:00.000,1.3858,1.38587,1.38494,1.38514,5387
28.05.2026 02:00:00.000,1.38513,1.38576,1.3845,1.38543,7608
28.05.2026 03:00:00.000,1.38544,1.38624,1.38506,1.38596,5605
28.05.2026 04:00:00.000,1.38597,1.38682,1.38543,1.38653,4167
28.05.2026 05:00:00.000,1.38654,1.38696,1.38622,1.38633,5785
28.05.2026 06:00:00.000,1.38634,1.38639,1.38477,1.38493,4478
28.05.2026 07:00:00.000,1.38493,1.38536,1.38397,1.38433,7285
28.05.2026 08:00:00.000,1.38431,1.38516,1.38356,1.3847,9373
28.05.2026 09:00:00.000,1.3847,1.38503,1.38159,1.38181,14050
28.05.2026 10:00:00.000,1.3818,1.3818,1.37983,1.37991,8942
28.05.2026 11:00:00.000,1.37991,1.38014,1.37889,1.37912,6838
28.05.2026 12:00:00.000,1.37913,1.37919,1.37819,1.37856,6082
28.05.2026 13:00:00.000,1.37856,1.37872,1.37799,1.3783,6400
28.05.2026 14:00:00.000,1.37831,1.3784,1.37734,1.37826,9152
28.05.2026 15:00:00.000,1.37828,1.37868,1.37801,1.3782,3170
28.05.2026 16:00:00.000,1.37817,1.37884,1.37713,1.37846,1773
28.05.2026 17:00:00.000,1.37846,1.37854,1.37823,1.37832,2031
28.05.2026 18:00:00.000,1.37831,1.37837,1.3781,1.37826,2562
28.05.2026 19:00:00.000,1.37827,1.37852,1.37792,1.37837,10616
28.05.2026 20:00:00.000,1.37838,1.37849,1.37776,1.37848,14883
28.05.2026 21:00:00.000,1.37843,1.37854,1.37814,1.37852,6554
28.05.2026 22:00:00.000,1.37851,1.37914,1.3785,1.37894,5777
28.05.2026 23:00:00.000,1.37892,1.37904,1.37865,1.37888,4344
29.05.2026 00:00:00.000,1.37887,1.37902,1.37843,1.37867,2008
29.05.2026 01:00:00.000,1.37868,1.37957,1.37843,1.37929,3270
29.05.2026 02:00:00.000,1.3793,1.38027,1.3793,1.38004,7923
29.05.2026 03:00:00.000,1.38004,1.38073,1.37989,1.38054,8689
29.05.2026 04:00:00.000,1.38052,1.38089,1.38035,1.38075,8266
29.05.2026 05:00:00.000,1.38075,1.38102,1.3804,1.38079,6341
29.05.2026 06:00:00.000,1.38081,1.38143,1.37992,1.38,6552
29.05.2026 07:00:00.000,1.38,1.38291,1.37993,1.38176,7963
29.05.2026 08:00:00.000,1.38174,1.38204,1.38015,1.38122,11037
29.05.2026 09:00:00.000,1.38123,1.38158,1.37698,1.37758,18187
29.05.2026 10:00:00.000,1.37758,1.37882,1.37737,1.37842,18729
29.05.2026 11:00:00.000,1.37844,1.38013,1.37831,1.37985,14227
29.05.2026 12:00:00.000,1.37985,1.38006,1.37911,1.37926,10744
29.05.2026 13:00:00.000,1.37927,1.37962,1.37861,1.3796,11256
29.05.2026 14:00:00.000,1.37963,1.37974,1.37846,1.37897,9254
29.05.2026 15:00:00.000,1.37894,1.37989,1.37842,1.3793,13021
01.06.2026 00:00:00.000,1.38077,1.38091,1.38058,1.38084,6199
01.06.2026 01:00:00.000,1.38084,1.38084,1.38013,1.38037,4113
01.06.2026 02:00:00.000,1.38039,1.38197,1.38039,1.38139,5582
01.06.2026 03:00:00.000,1.38138,1.38185,1.38127,1.38148,4731
01.06.2026 04:00:00.000,1.38146,1.38223,1.38114,1.38182,5272
01.06.2026 05:00:00.000,1.38181,1.38248,1.38165,1.38234,7093
01.06.2026 06:00:00.000,1.38234,1.3835,1.38233,1.38302,5496
01.06.2026 07:00:00.000,1.38301,1.3838,1.38238,1.38257,9899
01.06.2026 08:00:00.000,1.38259,1.38484,1.38259,1.38426,24314
01.06.2026 09:00:00.000,1.3843,1.38489,1.38399,1.38407,14249
01.06.2026 10:00:00.000,1.38407,1.38417,1.38264,1.38378,10719
01.06.2026 11:00:00.000,1.38378,1.38433,1.38272,1.38279,6953
01.06.2026 12:00:00.000,1.38278,1.38322,1.38272,1.38312,5784
01.06.2026 13:00:00.000,1.38314,1.38416,1.38307,1.38413,6148
01.06.2026 14:00:00.000,1.38413,1.38424,1.38346,1.38377,5335
01.06.2026 15:00:00.000,1.38377,1.38416,1.38356,1.38397,2810
01.06.2026 16:00:00.000,1.38395,1.38436,1.38312,1.38355,652
01.06.2026 17:00:00.000,1.38328,1.38423,1.38328,1.38394,1087
01.06.2026 18:00:00.000,1.38395,1.38429,1.38386,1.3841,2554
01.06.2026 19:00:00.000,1.38408,1.38452,1.38398,1.38444,4585
01.06.2026 20:00:00.000,1.38444,1.38478,1.38421,1.38464,7269
01.06.2026 21:00:00.000,1.38465,1.38473,1.38448,1.38469,10487
01.06.2026 22:00:00.000,1.38468,1.38469,1.38439,1.38442,3733
01.06.2026 23:00:00.000,1.38444,1.38455,1.38438,1.38443,3577
02.06.2026 00:00:00.000,1.38442,1.38455,1.3842,1.38451,3440
02.06.2026 01:00:00.000,1.38454,1.38461,1.38351,1.38366,4779
02.06.2026 02:00:00.000,1.38368,1.38412,1.3835,1.38395,8715
02.06.2026 03:00:00.000,1.38396,1.38478,1.38361,1.38469,5239
02.06.2026 04:00:00.000,1.3847,1.38537,1.38468,1.38501,6127
02.06.2026 05:00:00.000,1.385,1.38536,1.38473,1.38522,8185
02.06.2026 06:00:00.000,1.38524,1.38535,1.38397,1.38404,7072
02.06.2026 07:00:00.000,1.38405,1.38458,1.38353,1.38365,7627
02.06.2026 08:00:00.000,1.38365,1.38373,1.38146,1.383,12551
02.06.2026 09:00:00.000,1.38299,1.38433,1.38249,1.38314,10748
02.06.2026 10:00:00.000,1.38315,1.38348,1.38226,1.38231,6559
02.06.2026 11:00:00.000,1.38229,1.38342,1.38226,1.38326,5431
02.06.2026 12:00:00.000,1.38326,1.38392,1.38314,1.38386,5084
02.06.2026 13:00:00.000,1.38386,1.38402,1.38289,1.38312,4306
02.06.2026 14:00:00.000,1.38311,1.38366,1.38302,1.38355,2648
02.06.2026 15:00:00.000,1.38356,1.38394,1.38336,1.38373,3498
02.06.2026 16:00:00.000,1.38372,1.38399,1.38275,1.38387,935
02.06.2026 17:00:00.000,1.3836,1.38415,1.3836,1.38403,1186
02.06.2026 18:00:00.000,1.38401,1.38462,1.38389,1.38453,3281
02.06.2026 19:00:00.000,1.38453,1.38466,1.38381,1.38402,4436
02.06.2026 20:00:00.000,1.38402,1.38411,1.38361,1.38396,7896
02.06.2026 21:00:00.000,1.38394,1.38462,1.38368,1.38442,4311
02.06.2026 22:00:00.000,1.38441,1.38473,1.3843,1.38473,3748
02.06.2026 23:00:00.000,1.38472,1.385,1.38462,1.38481,3572
03.06.2026 00:00:00.000,1.3848,1.3854,1.38475,1.38505,5120
03.06.2026 01:00:00.000,1.38506,1.3858,1.3848,1.38519,6723
03.06.2026 02:00:00.000,1.38519,1.3856,1.38458,1.38508,9058
03.06.2026 03:00:00.000,1.38509,1.3859,1.38487,1.38567,8749
03.06.2026 04:00:00.000,1.38569,1.38578,1.38508,1.38566,7227
03.06.2026 05:00:00.000,1.38567,1.38569,1.38466,1.3852,5934
03.06.2026 06:00:00.000,1.38519,1.38551,1.38494,1.38538,4689
03.06.2026 07:00:00.000,1.3854,1.38697,1.38533,1.38671,7386
03.06.2026 08:00:00.000,1.38671,1.38759,1.38626,1.3873,12828
03.06.2026 09:00:00.000,1.38731,1.38795,1.38646,1.38781,13644
03.06.2026 10:00:00.000,1.38782,1.38922,1.38779,1.38914,10316
03.06.2026 11:00:00.000,1.38913,1.3898,1.3891,1.38938,8100
03.06.2026 12:00:00.000,1.38938,1.38967,1.38888,1.38958,6544
03.06.2026 13:00:00.000,1.38956,1.38995,1.38924,1.38947,4200
03.06.2026 14:00:00.000,1.38946,1.38965,1.38917,1.38965,5815
03.06.2026 15:00:00.000,1.38964,1.38977,1.38928,1.38956,4180
03.06.2026 16:00:00.000,1.38939,1.38945,1.3887,1.38882,637
03.06.2026 17:00:00.000,1.38882,1.38989,1.38882,1.38908,3395
03.06.2026 18:00:00.000,1.38909,1.38951,1.38897,1.38931,4544
03.06.2026 19:00:00.000,1.38933,1.38944,1.38891,1.38934,10360
03.06.2026 20:00:00.000,1.38938,1.38978,1.38924,1.38963,9282
03.06.2026 21:00:00.000,1.38963,1.39032,1.3896,1.38976,5239
03.06.2026 22:00:00.000,1.38978,1.39039,1.38974,1.38997,4517
03.06.2026 23:00:00.000,1.38996,1.3904,1.38982,1.3903,5286
04.06.2026 00:00:00.000,1.3903,1.39087,1.39022,1.39034,5602
04.06.2026 01:00:00.000,1.39035,1.39129,1.39012,1.39093,9774
04.06.2026 02:00:00.000,1.39093,1.39248,1.39069,1.3922,14620
04.06.2026 03:00:00.000,1.3922,1.3922,1.39137,1.39161,6594
04.06.2026 04:00:00.000,1.3916,1.39165,1.38994,1.38998,10239
04.06.2026 05:00:00.000,1.38999,1.3903,1.38966,1.38998,10825
04.06.2026 06:00:00.000,1.38999,1.39,1.38897,1.38941,7276
04.06.2026 07:00:00.000,1.38943,1.3898,1.38877,1.38904,8934
04.06.2026 08:00:00.000,1.38904,1.38947,1.38806,1.38869,11277
04.06.2026 09:00:00.000,1.38868,1.38975,1.38848,1.38938,13954
04.06.2026 10:00:00.000,1.38937,1.39047,1.38899,1.38903,11085
04.06.2026 11:00:00.000,1.38903,1.38985,1.38889,1.38962,6776
04.06.2026 12:00:00.000,1.38962,1.39021,1.38951,1.39005,4983
04.06.2026 13:00:00.000,1.39006,1.39014,1.38949,1.38988,5569
04.06.2026 14:00:00.000,1.38989,1.39048,1.38971,1.39034,3703
04.06.2026 15:00:00.000,1.39035,1.39112,1.39035,1.39075,2930
04.06.2026 16:00:00.000,1.39057,1.39089,1.38911,1.39024,1198
04.06.2026 17:00:00.000,1.39023,1.39083,1.39002,1.39072,715
04.06.2026 18:00:00.000,1.39072,1.39084,1.39058,1.39069,2990
04.06.2026 19:00:00.000,1.3907,1.3908,1.39043,1.39059,5882
04.06.2026 20:00:00.000,1.3906,1.39119,1.39023,1.39033,7045
04.06.2026 21:00:00.000,1.39031,1.39043,1.38996,1.39011,6309
04.06.2026 22:00:00.000,1.39011,1.39056,1.39005,1.39048,4164
04.06.2026 23:00:00.000,1.39049,1.39052,1.3902,1.39032,3385
05.06.2026 00:00:00.000,1.39032,1.39056,1.39018,1.39051,4810
05.06.2026 01:00:00.000,1.39052,1.39087,1.38964,1.38992,5874
05.06.2026 02:00:00.000,1.38993,1.39,1.38833,1.38875,5825
05.06.2026 03:00:00.000,1.38875,1.38897,1.38824,1.38882,7459
05.06.2026 04:00:00.000,1.38882,1.3889,1.38725,1.3875,8448
05.06.2026 05:00:00.000,1.38751,1.38767,1.38674,1.38761,4658
05.06.2026 06:00:00.000,1.38763,1.38829,1.38757,1.38795,6214
05.06.2026 07:00:00.000,1.38794,1.38949,1.38659,1.38943,16202
05.06.2026 08:00:00.000,1.38943,1.39041,1.38879,1.39034,17477
05.06.2026 09:00:00.000,1.39034,1.39192,1.38987,1.3917,12436
05.06.2026 10:00:00.000,1.39168,1.3938,1.39131,1.39324,10192
05.06.2026 11:00:00.000,1.39322,1.39439,1.39312,1.3936,9601
05.06.2026 12:00:00.000,1.39358,1.39436,1.39348,1.39422,8148
05.06.2026 13:00:00.000,1.39422,1.39491,1.39412,1.3949,6173
05.06.2026 14:00:00.000,1.39492,1.39501,1.39398,1.39424,6527
05.06.2026 15:00:00.000,1.39422,1.39498,1.39341,1.39342,5644
08.06.2026 00:00:00.000,1.39429,1.39484,1.39355,1.39468,11982
08.06.2026 01:00:00.000,1.39468,1.39492,1.3942,1.3945,11122
08.06.2026 02:00:00.000,1.39451,1.39511,1.39367,1.39508,12943
08.06.2026 03:00:00.000,1.3951,1.3952,1.39456,1.39506,9035
08.06.2026 04:00:00.000,1.39507,1.39534,1.39432,1.39463,7469
08.06.2026 05:00:00.000,1.39464,1.39482,1.39397,1.39417,6866
08.06.2026 06:00:00.000,1.39418,1.39434,1.39295,1.39379,7313
08.06.2026 07:00:00.000,1.39379,1.39383,1.39259,1.39309,8128
08.06.2026 08:00:00.000,1.39309,1.39433,1.39265,1.39399,11467
08.06.2026 09:00:00.000,1.39399,1.39501,1.39353,1.39418,12735
08.06.2026 10:00:00.000,1.39418,1.39529,1.39369,1.39502,10999
08.06.2026 11:00:00.000,1.39503,1.39538,1.39481,1.39534,8934
08.06.2026 12:00:00.000,1.39533,1.39609,1.39519,1.39524,6976
08.06.2026 13:00:00.000,1.39523,1.3956,1.39454,1.39553,7260
08.06.2026 14:00:00.000,1.39554,1.39561,1.39496,1.39512,6536
08.06.2026 15:00:00.000,1.39514,1.39539,1.39495,1.39523,5269
08.06.2026 16:00:00.000,1.39524,1.39524,1.39326,1.39428,7640
08.06.2026 17:00:00.000,1.39452,1.39537,1.39452,1.39513,1610
08.06.2026 18:00:00.000,1.39515,1.39578,1.39512,1.39574,1950
08.06.2026 19:00:00.000,1.39575,1.39589,1.39515,1.3952,8360
08.06.2026 20:00:00.000,1.3952,1.39559,1.39454,1.39456,10855
08.06.2026 21:00:00.000,1.39455,1.39478,1.39443,1.39465,5539
08.06.2026 22:00:00.000,1.39466,1.39502,1.39449,1.39475,6176
08.06.2026 23:00:00.000,1.39476,1.39491,1.39419,1.39436,7313
09.06.2026 00:00:00.000,1.39436,1.39468,1.39354,1.39365,10969
09.06.2026 01:00:00.000,1.39364,1.39381,1.39299,1.39363,5943
09.06.2026 02:00:00.000,1.39364,1.39405,1.39353,1.39386,9437
09.06.2026 03:00:00.000,1.39385,1.39434,1.39369,1.39377,9727
09.06.2026 04:00:00.000,1.39375,1.39382,1.39327,1.39361,8067
09.06.2026 05:00:00.000,1.3936,1.39381,1.39313,1.39328,4912
09.06.2026 06:00:00.000,1.39327,1.3934,1.39193,1.39211,7319
09.06.2026 07:00:00.000,1.3921,1.39239,1.39185,1.3921,5537
09.06.2026 08:00:00.000,1.39209,1.3939,1.39199,1.3938,8808
09.06.2026 09:00:00.000,1.39383,1.39564,1.39333,1.39469,17120
09.06.2026 10:00:00.000,1.39467,1.39632,1.39414,1.39578,15111
09.06.2026 11:00:00.000,1.39579,1.39688,1.39549,1.39605,14858
09.06.2026 12:00:00.000,1.39604,1.39622,1.39506,1.39518,11498
09.06.2026 13:00:00.000,1.39519,1.39549,1.39475,1.3952,8135
09.06.2026 14:00:00.000,1.3952,1.39562,1.39466,1.39466,8373
09.06.2026 15:00:00.000,1.39466,1.39514,1.39452,1.39457,4549
09.06.2026 16:00:00.000,1.39457,1.39521,1.39399,1.39431,614
09.06.2026 17:00:00.000,1.3943,1.39535,1.3943,1.39534,1543
09.06.2026 18:00:00.000,1.39534,1.39564,1.39507,1.39529,2490
09.06.2026 19:00:00.000,1.3953,1.39569,1.39475,1.3948,7302
09.06.2026 20:00:00.000,1.39479,1.39541,1.39478,1.39508,9213
09.06.2026 21:00:00.000,1.39506,1.39511,1.39455,1.395,10257
09.06.2026 22:00:00.000,1.395,1.39508,1.39445,1.39458,6595
09.06.2026 23:00:00.000,1.39458,1.39494,1.39448,1.39472,6070
10.06.2026 00:00:00.000,1.39474,1.39487,1.39408,1.39417,7892
10.06.2026 01:00:00.000,1.39418,1.39434,1.39363,1.39418,6827
10.06.2026 02:00:00.000,1.39422,1.39444,1.39322,1.39371,8414
10.06.2026 03:00:00.000,1.39372,1.394,1.39292,1.39316,6888
10.06.2026 04:00:00.000,1.39317,1.39348,1.39235,1.39264,6202
10.06.2026 05:00:00.000,1.39263,1.39305,1.39251,1.39304,5379
10.06.2026 06:00:00.000,1.39303,1.3935,1.39261,1.39332,7367
10.06.2026 07:00:00.000,1.39331,1.39368,1.3923,1.3936,9799
10.06.2026 08:00:00.000,1.39361,1.39381,1.38984,1.39154,16913
10.06.2026 09:00:00.000,1.39155,1.39289,1.39117,1.39279,14211
10.06.2026 10:00:00.000,1.39279,1.3938,1.39219,1.39291,15024
10.06.2026 11:00:00.000,1.39288,1.39321,1.39245,1.39309,11309
10.06.2026 12:00:00.000,1.39309,1.39355,1.39278,1.39297,6673
10.06.2026 13:00:00.000,1.39294,1.39367,1.39251,1.39365,6884
10.06.2026 14:00:00.000,1.39364,1.39448,1.39353,1.39448,7069
10.06.2026 15:00:00.000,1.39448,1.39499,1.39411,1.39413,4165
10.06.2026 16:00:00.000,1.39397,1.39423,1.39382,1.39407,736
10.06.2026 17:00:00.000,1.39435,1.39489,1.39411,1.3945,3691
10.06.2026 18:00:00.000,1.39449,1.39499,1.39436,1.3947,6128
10.06.2026 19:00:00.000,1.39467,1.39468,1.39394,1.39398,14012
10.06.2026 20:00:00.000,1.39398,1.39403,1.39311,1.39325,9219
10.06.2026 21:00:00.000,1.39325,1.39388,1.39323,1.39377,6475
10.06.2026 22:00:00.000,1.39378,1.39395,1.3935,1.39381,8527
10.06.2026 23:00:00.000,1.39381,1.39396,1.39357,1.39376,6217
11.06.2026 00:00:00.000,1.39376,1.39423,1.39347,1.39418,5648
11.06.2026 01:00:00.000,1.39418,1.3956,1.39418,1.39549,7394
11.06.2026 02:00:00.000,1.39549,1.39636,1.39535,1.39618,7519
11.06.2026 03:00:00.000,1.39621,1.39761,1.39619,1.3976,10518
11.06.2026 04:00:00.000,1.3976,1.398,1.39728,1.39773,6701
11.06.2026 05:00:00.000,1.39774,1.39833,1.3976,1.3979,5500
11.06.2026 06:00:00.000,1.39789,1.39809,1.39731,1.39769,6132
11.06.2026 07:00:00.000,1.39768,1.39895,1.39758,1.39849,16338
11.06.2026 08:00:00.000,1.39848,1.40005,1.39842,1.40002,12642
11.06.2026 09:00:00.000,1.40003,1.40235,1.40002,1.40163,16993
11.06.2026 10:00:00.000,1.40163,1.40184,1.39978,1.40044,14975
11.06.2026 11:00:00.000,1.40042,1.40092,1.40016,1.40057,10188
11.06.2026 12:00:00.000,1.40059,1.40154,1.39716,1.39827,17983
11.06.2026 13:00:00.000,1.39825,1.39877,1.39736,1.398,13797
11.06.2026 14:00:00.000,1.398,1.39803,1.39533,1.39591,12789
11.06.2026 15:00:00.000,1.3959,1.3968,1.39553,1.39656,6541
11.06.2026 16:00:00.000,1.39641,1.39659,1.39503,1.39646,868
11.06.2026 17:00:00.000,1.3965,1.39703,1.39617,1.39631,2251
11.06.2026 18:00:00.000,1.3963,1.39739,1.39613,1.39726,4193
11.06.2026 19:00:00.000,1.39727,1.39778,1.39709,1.39767,12075
11.06.2026 20:00:00.000,1.39767,1.39799,1.39764,1.3979,6427
11.06.2026 21:00:00.000,1.3979,1.39794,1.39744,1.39773,7085
11.06.2026 22:00:00.000,1.39773,1.39779,1.3971,1.39722,8608
11.06.2026 23:00:00.000,1.39721,1.39753,1.39705,1.39732,8410
12.06.2026 00:00:00.000,1.39731,1.39852,1.39716,1.39851,8636
12.06.2026 01:00:00.000,1.3985,1.3985,1.39733,1.39754,11773
12.06.2026 02:00:00.000,1.39756,1.39954,1.39746,1.39874,10433
12.06.2026 03:00:00.000,1.39873,1.39887,1.39732,1.39834,12950
12.06.2026 04:00:00.000,1.39835,1.39877,1.39746,1.39812,10320
12.06.2026 05:00:00.000,1.39817,1.39902,1.39782,1.39855,7597
12.06.2026 06:00:00.000,1.39854,1.39907,1.39794,1.39887,6783
12.06.2026 07:00:00.000,1.39888,1.39936,1.39808,1.39827,7191
12.06.2026 08:00:00.000,1.39825,1.39874,1.39735,1.39801,10507
12.06.2026 09:00:00.000,1.39801,1.39842,1.39669,1.39676,13583
12.06.2026 10:00:00.000,1.39676,1.39723,1.39588,1.39707,12152
12.06.2026 11:00:00.000,1.39707,1.39782,1.39658,1.3972,8889
12.06.2026 12:00:00.000,1.39719,1.39781,1.39694,1.39775,10627
12.06.2026 13:00:00.000,1.39776,1.39813,1.39755,1.39786,6137
12.06.2026 14:00:00.000,1.39787,1.39847,1.39746,1.39811,5751
12.06.2026 15:00:00.000,1.39812,1.39909,1.39805,1.39861,5978
15.06.2026 00:00:00.000,1.39603,1.39606,1.395,1.39575,7042
15.06.2026 01:00:00.000,1.39574,1.39778,1.39572,1.39717,8226
15.06.2026 02:00:00.000,1.39715,1.39806,1.39711,1.3977,8659
15.06.2026 03:00:00.000,1.39769,1.3978,1.39682,1.39741,7059
15.06.2026 04:00:00.000,1.3974,1.39744,1.39672,1.39722,5367
15.06.2026 05:00:00.000,1.39722,1.39756,1.39661,1.39698,7523
15.06.2026 06:00:00.000,1.397,1.39825,1.39677,1.39823,6709
15.06.2026 07:00:00.000,1.39827,1.39837,1.39704,1.39729,4610
15.06.2026 08:00:00.000,1.39729,1.39839,1.39722,1.39779,7290
15.06.2026 09:00:00.000,1.3978,1.39922,1.397,1.39737,8886
15.06.2026 10:00:00.000,1.39736,1.39884,1.39713,1.39834,7297
15.06.2026 11:00:00.000,1.39836,1.39876,1.39806,1.3981,4754
15.06.2026 12:00:00.000,1.39811,1.39853,1.39801,1.3982,4576
15.06.2026 13:00:00.000,1.39819,1.39872,1.39807,1.39863,5626
15.06.2026 14:00:00.000,1.39862,1.39936,1.39821,1.39928,5496
15.06.2026 15:00:00.000,1.39928,1.39938,1.39875,1.39881,3056
15.06.2026 16:00:00.000,1.39867,1.39917,1.39816,1.39831,2565
15.06.2026 17:00:00.000,1.39831,1.39951,1.39824,1.39925,773
15.06.2026 18:00:00.000,1.39924,1.3993,1.3989,1.39922,1299
15.06.2026 19:00:00.000,1.39923,1.39953,1.39906,1.39909,5029
15.06.2026 20:00:00.000,1.39909,1.39951,1.39891,1.39949,6907
15.06.2026 21:00:00.000,1.39949,1.39997,1.3994,1.39945,3866
15.06.2026 22:00:00.000,1.39944,1.39998,1.3994,1.39981,4822
15.06.2026 23:00:00.000,1.39983,1.4016,1.39981,1.40109,5901
16.06.2026 00:00:00.000,1.40108,1.40158,1.40083,1.40147,5864
16.06.2026 01:00:00.000,1.40145,1.40181,1.40065,1.40086,5949
16.06.2026 02:00:00.000,1.40087,1.40116,1.40019,1.4004,8481
16.06.2026 03:00:00.000,1.40041,1.40119,1.40011,1.40027,6033
16.06.2026 04:00:00.000,1.40027,1.40049,1.40002,1.40035,6739
16.06.2026 05:00:00.000,1.40036,1.40039,1.39917,1.39942,6325
16.06.2026 06:00:00.000,1.39945,1.40074,1.39945,1.40067,6299
16.06.2026 07:00:00.000,1.40066,1.40153,1.40064,1.40124,5916
16.06.2026 08:00:00.000,1.40123,1.40155,1.39986,1.40027,7650
16.06.2026 09:00:00.000,1.40028,1.40052,1.39841,1.39856,9708
16.06.2026 10:00:00.000,1.39855,1.39946,1.39798,1.39824,8579
16.06.2026 11:00:00.000,1.39828,1.39881,1.39802,1.39853,5728
16.06.2026 12:00:00.000,1.39854,1.39952,1.39836,1.39942,3742
16.06.2026 13:00:00.000,1.39943,1.39954,1.39914,1.39924,3755
16.06.2026 14:00:00.000,1.39923,1.39991,1.39882,1.39987,4470
16.06.2026 15:00:00.000,1.39987,1.40023,1.39929,1.39945,2706
16.06.2026 16:00:00.000,1.39907,1.3994,1.39866,1.39904,961
16.06.2026 17:00:00.000,1.39904,1.39931,1.39896,1.39919,1170
16.06.2026 18:00:00.000,1.39921,1.39967,1.3991,1.39963,1568
16.06.2026 19:00:00.000,1.39964,1.39981,1.399,1.39925,11942
16.06.2026 20:00:00.000,1.39925,1.39991,1.39921,1.39961,4423
16.06.2026 21:00:00.000,1.39963,1.39993,1.3994,1.39992,5874
16.06.2026 22:00:00.000,1.39994,1.40014,1.39976,1.40012,3666
16.06.2026 23:00:00.000,1.40014,1.40014,1.3996,1.39968,3277
17.06.2026 00:00:00.000,1.39969,1.39994,1.39952,1.39987,2752
17.06.2026 01:00:00.000,1.39985,1.40072,1.39976,1.40057,5504
17.06.2026 02:00:00.000,1.40058,1.4007,1.3996,1.39969,6645
17.06.2026 03:00:00.000,1.39968,1.40061,1.39964,1.39989,4101
17.06.2026 04:00:00.000,1.39991,1.40024,1.3995,1.40014,2902
17.06.2026 05:00:00.000,1.40015,1.40115,1.4,1.40098,4463
17.06.2026 06:00:00.000,1.40096,1.40166,1.40096,1.40103,3541
17.06.2026 07:00:00.000,1.40102,1.4013,1.40046,1.40114,5707
17.06.2026 08:00:00.000,1.40115,1.40193,1.40041,1.40171,6529
17.06.2026 09:00:00.000,1.40171,1.40213,1.4009,1.40202,8519
17.06.2026 10:00:00.000,1.40204,1.40332,1.40178,1.40301,9110
17.06.2026 11:00:00.000,1.40299,1.40363,1.40293,1.40306,5296
17.06.2026 12:00:00.000,1.40306,1.40322,1.40273,1.40288,4805
17.06.2026 13:00:00.000,1.40289,1.4072,1.40287,1.40706,23970
17.06.2026 14:00:00.000,1.40705,1.41226,1.40668,1.4117,24944
17.06.2026 15:00:00.000,1.41169,1.41185,1.40954,1.40982,5899
17.06.2026 16:00:00.000,1.40968,1.41001,1.4094,1.40963,1570
17.06.2026 17:00:00.000,1.40966,1.40983,1.40928,1.40975,1555
17.06.2026 18:00:00.000,1.40976,1.41033,1.4096,1.41014,2366
17.06.2026 19:00:00.000,1.41015,1.41023,1.4094,1.40967,7601
17.06.2026 20:00:00.000,1.40967,1.41043,1.40947,1.41031,6249
17.06.2026 21:00:00.000,1.4103,1.4109,1.40956,1.4101,4194
17.06.2026 22:00:00.000,1.4101,1.41017,1.40969,1.40997,5523
17.06.2026 23:00:00.000,1.40998,1.41022,1.40966,1.41013,5833
18.06.2026 00:00:00.000,1.41012,1.41117,1.41,1.41105,6189
18.06.2026 01:00:00.000,1.41106,1.41123,1.41005,1.41034,5606
18.06.2026 02:00:00.000,1.41037,1.41118,1.40976,1.41028,6574
18.06.2026 03:00:00.000,1.41028,1.41219,1.41014,1.41208,7698
18.06.2026 04:00:00.000,1.41207,1.41248,1.41162,1.41233,6820
18.06.2026 05:00:00.000,1.41233,1.41322,1.41173,1.41235,7988
18.06.2026 06:00:00.000,1.41233,1.41338,1.41203,1.41313,7054
18.06.2026 07:00:00.000,1.41314,1.41325,1.41099,1.41168,7966
18.06.2026 08:00:00.000,1.41169,1.41247,1.41111,1.41169,9716
18.06.2026 09:00:00.000,1.41166,1.41284,1.41165,1.41193,9760
18.06.2026 10:00:00.000,1.41192,1.41463,1.41168,1.4143,10813
18.06.2026 11:00:00.000,1.41431,1.41442,1.41328,1.41365,6810
18.06.2026 12:00:00.000,1.41364,1.41429,1.4131,1.41414,4833
18.06.2026 13:00:00.000,1.41413,1.41441,1.41323,1.41394,5564
18.06.2026 14:00:00.000,1.41395,1.41433,1.41287,1.41361,6006
18.06.2026 15:00:00.000,1.41362,1.41385,1.41289,1.41335,3668
18.06.2026 16:00:00.000,1.41327,1.41327,1.4125,1.41274,1245
18.06.2026 17:00:00.000,1.41281,1.41354,1.41281,1.41334,1525
18.06.2026 18:00:00.000,1.41334,1.4142,1.41333,1.4141,1777
18.06.2026 19:00:00.000,1.41409,1.41414,1.41359,1.41378,7420
18.06.2026 20:00:00.000,1.41379,1.41479,1.41375,1.41472,3418
18.06.2026 21:00:00.000,1.41471,1.41475,1.41396,1.4142,2982
18.06.2026 22:00:00.000,1.41418,1.41514,1.41416,1.4151,4167
18.06.2026 23:00:00.000,1.4151,1.41578,1.41485,1.41572,6097
19.06.2026 00:00:00.000,1.4157,1.41591,1.41469,1.41485,6924
19.06.2026 01:00:00.000,1.41484,1.41488,1.41356,1.4141,5803
19.06.2026 02:00:00.000,1.4141,1.41489,1.4137,1.41459,6130
19.06.2026 03:00:00.000,1.41457,1.41467,1.41342,1.41342,6069
19.06.2026 04:00:00.000,1.41341,1.41416,1.41341,1.41411,5015
19.06.2026 05:00:00.000,1.41412,1.41463,1.41391,1.41447,5944
19.06.2026 06:00:00.000,1.41447,1.41521,1.41428,1.41488,4269
19.06.2026 07:00:00.000,1.41487,1.41564,1.41469,1.41529,5660
19.06.2026 08:00:00.000,1.41526,1.41713,1.41524,1.41679,5824
19.06.2026 09:00:00.000,1.41679,1.41777,1.41663,1.4177,6473
19.06.2026 10:00:00.000,1.4177,1.41829,1.41716,1.41771,3981
19.06.2026 11:00:00.000,1.41772,1.41781,1.41721,1.41764,1342
19.06.2026 12:00:00.000,1.41762,1.41765,1.41691,1.41728,2576
19.06.2026 13:00:00.000,1.41728,1.4176,1.41712,1.41739,3489
19.06.2026 14:00:00.000,1.41738,1.41754,1.41714,1.41743,1607
19.06.2026 15:00:00.000,1.41741,1.41778,1.41478,1.41502,6771
22.06.2026 00:00:00.000,1.41878,1.41879,1.41785,1.41878,7453
22.06.2026 01:00:00.000,1.41876,1.4193,1.41793,1.41823,7698
22.06.2026 02:00:00.000,1.41827,1.4183,1.41743,1.41775,5562
22.06.2026 03:00:00.000,1.41776,1.41821,1.41713,1.41791,6215
22.06.2026 04:00:00.000,1.41789,1.41792,1.41661,1.4171,5906
22.06.2026 05:00:00.000,1.41709,1.41722,1.41651,1.41717,5172
22.06.2026 06:00:00.000,1.41716,1.41778,1.41713,1.41716,3908
22.06.2026 07:00:00.000,1.41716,1.4172,1.41443,1.41555,6570
22.06.2026 08:00:00.000,1.41553,1.41779,1.41523,1.41687,10096
22.06.2026 09:00:00.000,1.41688,1.41699,1.41474,1.41508,10990
22.06.2026 10:00:00.000,1.41509,1.41714,1.41477,1.41679,7774
22.06.2026 11:00:00.000,1.4168,1.41689,1.41593,1.41638,5569
22.06.2026 12:00:00.000,1.41639,1.4168,1.41609,1.41609,3112
22.06.2026 13:00:00.000,1.41608,1.41627,1.41535,1.41566,3591
22.06.2026 14:00:00.000,1.41566,1.41656,1.41565,1.41598,4372
22.06.2026 15:00:00.000,1.41596,1.41653,1.41567,1.41574,2597
22.06.2026 16:00:00.000,1.41552,1.41612,1.41507,1.41564,478
22.06.2026 17:00:00.000,1.41566,1.41614,1.41522,1.41532,2287
22.06.2026 18:00:00.000,1.41533,1.41597,1.41501,1.41585,1707
22.06.2026 19:00:00.000,1.41586,1.41645,1.41562,1.41586,7611
22.06.2026 20:00:00.000,1.41586,1.41678,1.41578,1.41629,5270
22.06.2026 21:00:00.000,1.41629,1.41671,1.41571,1.41669,4444
22.06.2026 22:00:00.000,1.41669,1.41717,1.41646,1.41651,4881
22.06.2026 23:00:00.000,1.4165,1.41745,1.41641,1.41736,4475
23.06.2026 00:00:00.000,1.41736,1.41759,1.41712,1.41739,4706
23.06.2026 01:00:00.000,1.41739,1.41856,1.41705,1.4179,7789
23.06.2026 02:00:00.000,1.41789,1.41797,1.41673,1.41751,7524
23.06.2026 03:00:00.000,1.41751,1.41812,1.41714,1.41811,7015
23.06.2026 04:00:00.000,1.41813,1.41831,1.4177,1.41806,5331
23.06.2026 05:00:00.000,1.41805,1.41876,1.41778,1.41872,5080
23.06.2026 06:00:00.000,1.41873,1.41902,1.41819,1.41902,4850
23.06.2026 07:00:00.000,1.41901,1.41913,1.41829,1.41868,6992
23.06.2026 08:00:00.000,1.41868,1.41905,1.41685,1.41796,8336
23.06.2026 09:00:00.000,1.41795,1.41993,1.41777,1.41961,9398
23.06.2026 10:00:00.000,1.41962,1.42037,1.41919,1.41985,10401
23.06.2026 11:00:00.000,1.41984,1.42077,1.41947,1.42075,4979
23.06.2026 12:00:00.000,1.42076,1.42119,1.42054,1.42085,4110
23.06.2026 13:00:00.000,1.42084,1.42169,1.42072,1.42137,4130
23.06.2026 14:00:00.000,1.42136,1.4214,1.42064,1.42084,7218
23.06.2026 15:00:00.000,1.42084,1.42117,1.42073,1.42093,2816
23.06.2026 16:00:00.000,1.42084,1.42115,1.42004,1.42043,1306
23.06.2026 17:00:00.000,1.42061,1.42137,1.42061,1.42105,782
23.06.2026 18:00:00.000,1.42106,1.42124,1.42069,1.42095,2295
23.06.2026 19:00:00.000,1.42095,1.42141,1.42065,1.42103,6164
23.06.2026 20:00:00.000,1.42103,1.42149,1.42055,1.42065,7377
23.06.2026 21:00:00.000,1.42065,1.42171,1.42058,1.42171,4474
23.06.2026 22:00:00.000,1.42172,1.42238,1.42129,1.4214,5907
23.06.2026 23:00:00.000,1.42141,1.42178,1.42115,1.42143,3306
24.06.2026 00:00:00.000,1.42144,1.4217,1.42111,1.4216,6018
24.06.2026 01:00:00.000,1.42164,1.42241,1.42131,1.42229,8845
24.06.2026 02:00:00.000,1.42228,1.42279,1.422,1.42273,8717
24.06.2026 03:00:00.000,1.42274,1.42381,1.42259,1.42279,10471
24.06.2026 04:00:00.000,1.42279,1.42368,1.42268,1.42322,8047
24.06.2026 05:00:00.000,1.42323,1.42356,1.42247,1.42253,7624
24.06.2026 06:00:00.000,1.42253,1.42301,1.42211,1.42282,4822
24.06.2026 07:00:00.000,1.42282,1.42446,1.42231,1.42395,9178
24.06.2026 08:00:00.000,1.42394,1.42477,1.42254,1.42291,11040
24.06.2026 09:00:00.000,1.42292,1.42448,1.42253,1.42407,12022
24.06.2026 10:00:00.000,1.42407,1.42423,1.42271,1.42376,7008
24.06.2026 11:00:00.000,1.42376,1.42382,1.42149,1.42186,10047
24.06.2026 12:00:00.000,1.42189,1.42358,1.42174,1.42347,5306
24.06.2026 13:00:00.000,1.42348,1.42388,1.4229,1.42363,7589
24.06.2026 14:00:00.000,1.42362,1.4241,1.4231,1.4232,4911
24.06.2026 15:00:00.000,1.42321,1.42346,1.4229,1.42331,4934
24.06.2026 16:00:00.000,1.42314,1.42326,1.42122,1.42309,1456
24.06.2026 17:00:00.000,1.42308,1.42346,1.42287,1.42341,1007
24.06.2026 18:00:00.000,1.42343,1.42359,1.4232,1.42352,1803
24.06.2026 19:00:00.000,1.4235,1.42427,1.4235,1.42361,6389
24.06.2026 20:00:00.000,1.42361,1.42368,1.42268,1.42348,9415
24.06.2026 21:00:00.000,1.42349,1.42366,1.42298,1.42323,5315
24.06.2026 22:00:00.000,1.42321,1.42327,1.42275,1.42287,4837
24.06.2026 23:00:00.000,1.42287,1.42306,1.42273,1.42298,3532
25.06.2026 00:00:00.000,1.42299,1.42392,1.42296,1.42392,4944
25.06.2026 01:00:00.000,1.42392,1.42422,1.42363,1.4239,4193
25.06.2026 02:00:00.000,1.4239,1.42428,1.42307,1.42307,6026
25.06.2026 03:00:00.000,1.42308,1.42311,1.42222,1.4228,7124
25.06.2026 04:00:00.000,1.4228,1.42354,1.4227,1.42334,5329
25.06.2026 05:00:00.000,1.42336,1.42447,1.42326,1.4242,4753
25.06.2026 06:00:00.000,1.42421,1.42477,1.4241,1.42411,3521
25.06.2026 07:00:00.000,1.4241,1.42477,1.42207,1.42358,7360
25.06.2026 08:00:00.000,1.4236,1.42379,1.4208,1.42141,14595
25.06.2026 09:00:00.000,1.42139,1.42144,1.41946,1.42033,14719
25.06.2026 10:00:00.000,1.42033,1.42065,1.41899,1.41908,12603
25.06.2026 11:00:00.000,1.41908,1.41932,1.4177,1.41897,9133
25.06.2026 12:00:00.000,1.41897,1.41979,1.41877,1.4195,5354
25.06.2026 13:00:00.000,1.41951,1.42008,1.41914,1.41965,4947
25.06.2026 14:00:00.000,1.41963,1.42023,1.41908,1.41948,4444
25.06.2026 15:00:00.000,1.41948,1.42014,1.41931,1.42005,2638
25.06.2026 16:00:00.000,1.42005,1.42005,1.41903,1.41919,724
25.06.2026 17:00:00.000,1.41918,1.42014,1.41889,1.41901,2797
25.06.2026 18:00:00.000,1.419,1.42023,1.41892,1.42006,2936
25.06.2026 19:00:00.000,1.42004,1.42019,1.41946,1.41973,4458
25.06.2026 20:00:00.000,1.41971,1.42024,1.4192,1.41983,5300
25.06.2026 21:00:00.000,1.41981,1.42091,1.41967,1.4204,4951
25.06.2026 22:00:00.000,1.4204,1.42054,1.41924,1.41938,7102
25.06.2026 23:00:00.000,1.41937,1.4195,1.41899,1.4191,7615
26.06.2026 00:00:00.000,1.41911,1.41922,1.41845,1.4187,5491
26.06.2026 01:00:00.000,1.4187,1.41976,1.41868,1.41909,5632
26.06.2026 02:00:00.000,1.4191,1.42007,1.41895,1.41975,5631
26.06.2026 03:00:00.000,1.41976,1.41992,1.41807,1.41859,6794
26.06.2026 04:00:00.000,1.41861,1.41892,1.41792,1.41849,5681
26.06.2026 05:00:00.000,1.4185,1.41853,1.41786,1.41799,4238
26.06.2026 06:00:00.000,1.418,1.41904,1.41784,1.41865,3377
26.06.2026 07:00:00.000,1.41866,1.41874,1.41737,1.41773,7144
26.06.2026 08:00:00.000,1.41774,1.41807,1.41687,1.4174,15401
26.06.2026 09:00:00.000,1.41738,1.42001,1.41701,1.41998,11501
26.06.2026 10:00:00.000,1.41997,1.42,1.41798,1.41836,7957
26.06.2026 11:00:00.000,1.41835,1.41968,1.41796,1.41919,6640
26.06.2026 12:00:00.000,1.41918,1.41925,1.4187,1.41911,3769
26.06.2026 13:00:00.000,1.41909,1.41923,1.4185,1.41922,4859
26.06.2026 14:00:00.000,1.41922,1.4193,1.41776,1.41804,3939
26.06.2026 15:00:00.000,1.41803,1.41957,1.41783,1.41887,9808
29.06.2026 00:00:00.000,1.41919,1.41919,1.41826,1.4184,4639
29.06.2026 01:00:00.000,1.41841,1.41888,1.41748,1.41762,6941
29.06.2026 02:00:00.000,1.41763,1.41899,1.41761,1.41888,5364
29.06.2026 03:00:00.000,1.41889,1.41988,1.41862,1.41967,4099
29.06.2026 04:00:00.000,1.41965,1.41971,1.41884,1.41887,3137
29.06.2026 05:00:00.000,1.41887,1.41948,1.41879,1.41941,2324
29.06.2026 06:00:00.000,1.41939,1.42075,1.41899,1.42043,5234
29.06.2026 07:00:00.000,1.42043,1.42097,1.41984,1.42041,6138
29.06.2026 08:00:00.000,1.4204,1.42139,1.42028,1.42093,7282
29.06.2026 09:00:00.000,1.42092,1.42174,1.4202,1.42095,10453
29.06.2026 10:00:00.000,1.42095,1.42144,1.42062,1.42115,5813
29.06.2026 11:00:00.000,1.42114,1.42125,1.41956,1.42019,3682
29.06.2026 12:00:00.000,1.42017,1.42092,1.41956,1.41982,3529
29.06.2026 13:00:00.000,1.41981,1.4204,1.41972,1.42024,2915
29.06.2026 14:00:00.000,1.42026,1.42063,1.41997,1.42027,2358
29.06.2026 15:00:00.000,1.42029,1.42134,1.42013,1.42093,1619
29.06.2026 16:00:00.000,1.42085,1.42103,1.41986,1.42046,1198
29.06.2026 17:00:00.000,1.42061,1.42093,1.42008,1.42012,1433
29.06.2026 18:00:00.000,1.42009,1.42106,1.41996,1.42103,2844
29.06.2026 19:00:00.000,1.42105,1.42226,1.42102,1.42162,5960
29.06.2026 20:00:00.000,1.42161,1.4228,1.42135,1.42269,13040
29.06.2026 21:00:00.000,1.42268,1.42314,1.42263,1.42284,4618
29.06.2026 22:00:00.000,1.42284,1.4235,1.42271,1.42315,3168
29.06.2026 23:00:00.000,1.42315,1.42364,1.42301,1.42362,1895
30.06.2026 00:00:00.000,1.42365,1.4237,1.42308,1.42346,2457
30.06.2026 01:00:00.000,1.42347,1.42392,1.42269,1.42271,5637
30.06.2026 02:00:00.000,1.4227,1.42317,1.42232,1.4229,4183
30.06.2026 03:00:00.000,1.4229,1.42361,1.42275,1.42326,6508
30.06.2026 04:00:00.000,1.42327,1.42396,1.42301,1.42351,4919
30.06.2026 05:00:00.000,1.42352,1.42388,1.42303,1.42307,3223
30.06.2026 06:00:00.000,1.42306,1.42473,1.42296,1.42361,3054
30.06.2026 07:00:00.000,1.42362,1.42397,1.42235,1.42273,3557
30.06.2026 08:00:00.000,1.42274,1.42278,1.42134,1.42232,5010
30.06.2026 09:00:00.000,1.42233,1.4226,1.41835,1.41876,9770
30.06.2026 10:00:00.000,1.4188,1.42073,1.41832,1.42055,7036
30.06.2026 11:00:00.000,1.42055,1.42112,1.42034,1.42075,3736
30.06.2026 12:00:00.000,1.42075,1.42121,1.42012,1.4203,2555
30.06.2026 13:00:00.000,1.42031,1.42052,1.4198,1.42034,3892
30.06.2026 14:00:00.000,1.42035,1.42059,1.41811,1.4183,3602
30.06.2026 15:00:00.000,1.41829,1.41975,1.41778,1.41944,2187
30.06.2026 16:00:00.000,1.41944,1.41954,1.41908,1.41927,377
30.06.2026 17:00:00.000,1.41927,1.41963,1.41917,1.41953,745
30.06.2026 18:00:00.000,1.41953,1.42082,1.41941,1.42076,1101
30.06.2026 19:00:00.000,1.42073,1.42141,1.42046,1.42126,2168
30.06.2026 20:00:00.000,1.42126,1.42214,1.4212,1.4219,3178
30.06.2026 21:00:00.000,1.42188,1.42212,1.42147,1.42182,2912
30.06.2026 22:00:00.000,1.42185,1.42198,1.42157,1.4217,1880
30.06.2026 23:00:00.000,1.4217,1.42186,1.42113,1.42138,1630
01.07.2026 00:00:00.000,1.42139,1.42156,1.42086,1.42106,2454
01.07.2026 01:00:00.000,1.4211,1.42203,1.42102,1.42156,1598
01.07.2026 02:00:00.000,1.42155,1.42221,1.42137,1.42167,2592
01.07.2026 03:00:00.000,1.42166,1.42247,1.42166,1.42213,1588
01.07.2026 04:00:00.000,1.42214,1.42249,1.42197,1.42239,2036
01.07.2026 05:00:00.000,1.4224,1.42249,1.42128,1.42144,2360
01.07.2026 06:00:00.000,1.42144,1.42216,1.42136,1.42215,1570
01.07.2026 07:00:00.000,1.42214,1.4234,1.42174,1.42317,3321
01.07.2026 08:00:00.000,1.42316,1.42347,1.41911,1.42091,9957
01.07.2026 09:00:00.000,1.42093,1.4214,1.41931,1.42029,9001
01.07.2026 10:00:00.000,1.42029,1.42117,1.42008,1.42056,4864
01.07.2026 11:00:00.000,1.42056,1.42103,1.41972,1.42086,2901
01.07.2026 12:00:00.000,1.42085,1.42141,1.42059,1.4213,2693
01.07.2026 13:00:00.000,1.42129,1.42181,1.42107,1.4215,1910
01.07.2026 14:00:00.000,1.42148,1.42167,1.42128,1.42142,1797
01.07.2026 15:00:00.000,1.42141,1.42181,1.42137,1.42144,734
01.07.2026 16:00:00.000,1.42122,1.42133,1.42028,1.42133,1396
01.07.2026 17:00:00.000,1.42127,1.4218,1.42127,1.42173,726
01.07.2026 18:00:00.000,1.42175,1.42215,1.42173,1.42186,932
01.07.2026 19:00:00.000,1.42187,1.42238,1.42173,1.42181,2349
01.07.2026 20:00:00.000,1.42182,1.42182,1.42108,1.42147,2563
01.07.2026 21:00:00.000,1.4215,1.42164,1.42076,1.42155,1797
01.07.2026 22:00:00.000,1.42157,1.42202,1.42141,1.4217,1882
01.07.2026 23:00:00.000,1.42171,1.42172,1.42126,1.42138,2617
02.07.2026 00:00:00.000,1.42138,1.42182,1.42129,1.42147,2107
02.07.2026 01:00:00.000,1.42144,1.42146,1.41933,1.42013,6170
02.07.2026 02:00:00.000,1.42013,1.42081,1.41973,1.41996,3296
02.07.2026 03:00:00.000,1.41997,1.42002,1.41855,1.41898,5698
02.07.2026 04:00:00.000,1.41899,1.42015,1.41899,1.41955,4292
02.07.2026 05:00:00.000,1.41954,1.42064,1.41947,1.42058,2464
02.07.2026 06:00:00.000,1.42058,1.42169,1.4204,1.42137,2221
02.07.2026 07:00:00.000,1.42138,1.42187,1.415,1.41747,17955
02.07.2026 08:00:00.000,1.41747,1.41854,1.41612,1.41709,12348
02.07.2026 09:00:00.000,1.41709,1.41897,1.41621,1.41794,8268
02.07.2026 10:00:00.000,1.41797,1.41867,1.41751,1.4183,6838
02.07.2026 11:00:00.000,1.41829,1.41874,1.41761,1.41791,4748
02.07.2026 12:00:00.000,1.41791,1.41855,1.41789,1.41817,3617
02.07.2026 13:00:00.000,1.41816,1.41821,1.41748,1.41813,3170
02.07.2026 14:00:00.000,1.41814,1.41865,1.41804,1.41818,3637
02.07.2026 15:00:00.000,1.41819,1.41837,1.41797,1.41808,1418
02.07.2026 16:00:00.000,1.41776,1.41859,1.41747,1.41767,536
02.07.2026 17:00:00.000,1.41762,1.41858,1.41762,1.41841,822
02.07.2026 18:00:00.000,1.41841,1.41906,1.41835,1.41903,1706
02.07.2026 19:00:00.000,1.41904,1.41972,1.41848,1.41851,2987
02.07.2026 20:00:00.000,1.4185,1.4188,1.41725,1.41781,4433
02.07.2026 21:00:00.000,1.41782,1.41794,1.41653,1.41708,2650
02.07.2026 22:00:00.000,1.41709,1.41735,1.41693,1.41706,1826
02.07.2026 23:00:00.000,1.41707,1.41713,1.41636,1.41649,1785
03.07.2026 00:00:00.000,1.4165,1.41654,1.41589,1.41626,3463
03.07.2026 01:00:00.000,1.41626,1.41714,1.416,1.41706,2665
03.07.2026 02:00:00.000,1.41708,1.41777,1.41673,1.41756,3185
03.07.2026 03:00:00.000,1.41753,1.41811,1.41744,1.41798,2229
03.07.2026 04:00:00.000,1.41798,1.41851,1.41786,1.41849,1873
03.07.2026 05:00:00.000,1.41851,1.41877,1.41814,1.41858,2205
03.07.2026 06:00:00.000,1.41859,1.41966,1.41848,1.4194,1876
03.07.2026 07:00:00.000,1.4194,1.4204,1.4194,1.4202,1854
03.07.2026 08:00:00.000,1.4202,1.42043,1.41966,1.41989,2367
03.07.2026 09:00:00.000,1.4199,1.42017,1.41913,1.41979,2761
03.07.2026 10:00:00.000,1.41979,1.42055,1.41973,1.42002,2450
03.07.2026 11:00:00.000,1.42001,1.42064,1.41998,1.42017,1065
03.07.2026 12:00:00.000,1.42015,1.42036,1.41997,1.4201,3436
03.07.2026 13:00:00.000,1.42009,1.42011,1.41959,1.41978,5146
03.07.2026 14:00:00.000,1.41979,1.42036,1.41976,1.42014,2475
03.07.2026 15:00:00.000,1.42014,1.42067,1.41923,1.41967,6175
06.07.2026 00:00:00.000,1.42071,1.42108,1.42048,1.42102,2078
06.07.2026 01:00:00.000,1.42102,1.42186,1.4208,1.4216,1977
06.07.2026 02:00:00.000,1.42161,1.42193,1.42132,1.42185,2579
06.07.2026 03:00:00.000,1.42185,1.4228,1.42173,1.42275,2263
06.07.2026 04:00:00.000,1.42276,1.4232,1.42254,1.42286,3305
06.07.2026 05:00:00.000,1.42286,1.42299,1.42123,1.42176,4277
06.07.2026 06:00:00.000,1.42175,1.42266,1.42154,1.42214,1775
06.07.2026 07:00:00.000,1.42212,1.42383,1.42175,1.42346,3195
06.07.2026 08:00:00.000,1.42346,1.42361,1.42155,1.42254,4772
06.07.2026 09:00:00.000,1.42252,1.42347,1.42224,1.42242,5154
06.07.2026 10:00:00.000,1.42242,1.42249,1.42113,1.42153,3469
06.07.2026 11:00:00.000,1.42153,1.42184,1.42103,1.42162,2515
06.07.2026 12:00:00.000,1.42164,1.42177,1.42114,1.42147,1931
06.07.2026 13:00:00.000,1.42147,1.42147,1.42071,1.42083,2209
06.07.2026 14:00:00.000,1.42082,1.42111,1.42033,1.42055,1783
06.07.2026 15:00:00.000,1.42056,1.4209,1.42013,1.42029,1334
06.07.2026 16:00:00.000,1.4203,1.42089,1.41983,1.42036,728
06.07.2026 17:00:00.000,1.42029,1.42072,1.41997,1.42055,669
06.07.2026 18:00:00.000,1.42056,1.42083,1.42029,1.42078,1386
06.07.2026 19:00:00.000,1.42076,1.4213,1.42076,1.42129,2569
06.07.2026 20:00:00.000,1.4213,1.4218,1.4208,1.42109,3474
06.07.2026 21:00:00.000,1.42108,1.42151,1.42085,1.4215,2282
06.07.2026 22:00:00.000,1.4215,1.42182,1.42114,1.42167,3040
06.07.2026 23:00:00.000,1.42166,1.42173,1.42141,1.42173,1649
07.07.2026 00:00:00.000,1.42173,1.42214,1.42147,1.42174,2382
07.07.2026 01:00:00.000,1.42175,1.4218,1.42129,1.42129,1596
07.07.2026 02:00:00.000,1.42131,1.42211,1.42105,1.42204,2323
07.07.2026 03:00:00.000,1.42205,1.42207,1.42086,1.42129,2342
07.07.2026 04:00:00.000,1.4213,1.42148,1.42104,1.4214,2116
07.07.2026 05:00:00.000,1.42141,1.42173,1.42099,1.42103,1558
07.07.2026 06:00:00.000,1.42105,1.42172,1.42025,1.42146,2215
07.07.2026 07:00:00.000,1.42145,1.42224,1.42116,1.42189,2684
07.07.2026 08:00:00.000,1.4219,1.42258,1.42005,1.42041,4673
07.07.2026 09:00:00.000,1.4204,1.42093,1.41908,1.41947,5553
07.07.2026 10:00:00.000,1.41947,1.41969,1.4188,1.41948,3952
07.07.2026 11:00:00.000,1.41949,1.41977,1.41874,1.41917,2575
07.07.2026 12:00:00.000,1.41918,1.4195,1.41848,1.4186,2526
07.07.2026 13:00:00.000,1.41858,1.41957,1.41833,1.4195,3322
07.07.2026 14:00:00.000,1.4195,1.42061,1.41934,1.41957,3491
07.07.2026 15:00:00.000,1.41956,1.4203,1.41956,1.41991,1450
07.07.2026 16:00:00.000,1.41992,1.42021,1.41884,1.41989,1906
07.07.2026 17:00:00.000,1.41973,1.42058,1.41973,1.41991,756
07.07.2026 18:00:00.000,1.41991,1.42058,1.4198,1.42043,1421
07.07.2026 19:00:00.000,1.42043,1.4206,1.41963,1.42014,4036
07.07.2026 20:00:00.000,1.42015,1.42081,1.41991,1.42012,3840
07.07.2026 21:00:00.000,1.42011,1.42023,1.41923,1.4196,2993
07.07.2026 22:00:00.000,1.41959,1.41973,1.41912,1.41958,2214
07.07.2026 23:00:00.000,1.41959,1.41987,1.4192,1.41921,2008
08.07.2026 00:00:00.000,1.41922,1.41925,1.41824,1.41851,2527
08.07.2026 01:00:00.000,1.41852,1.41863,1.4173,1.41781,4690
08.07.2026 02:00:00.000,1.41779,1.41806,1.41612,1.41623,3359
08.07.2026 03:00:00.000,1.41623,1.41766,1.41579,1.41635,7153
08.07.2026 04:00:00.000,1.41636,1.41723,1.41545,1.41598,6120
08.07.2026 05:00:00.000,1.416,1.41678,1.4156,1.41672,3226
08.07.2026 06:00:00.000,1.41671,1.419,1.41671,1.41874,4124
08.07.2026 07:00:00.000,1.41875,1.41885,1.41766,1.41866,4311
08.07.2026 08:00:00.000,1.41865,1.41867,1.41684,1.41751,6882
08.07.2026 09:00:00.000,1.41749,1.41778,1.41637,1.41745,5757
08.07.2026 10:00:00.000,1.41746,1.41956,1.41682,1.41891,5838
08.07.2026 11:00:00.000,1.41889,1.41889,1.41701,1.41735,4196
08.07.2026 12:00:00.000,1.41736,1.41755,1.41665,1.41753,3316
08.07.2026 13:00:00.000,1.41754,1.4176,1.41643,1.41682,3133
08.07.2026 14:00:00.000,1.41683,1.41684,1.41607,1.41643,3141
08.07.2026 15:00:00.000,1.41643,1.41755,1.41623,1.41709,1760
08.07.2026 16:00:00.000,1.41706,1.41727,1.41584,1.41725,546
08.07.2026 17:00:00.000,1.41728,1.41751,1.41692,1.41694,969
08.07.2026 18:00:00.000,1.41694,1.41705,1.41673,1.4168,1211
08.07.2026 19:00:00.000,1.41679,1.41685,1.41601,1.41631,2864
08.07.2026 20:00:00.000,1.41632,1.4168,1.41622,1.41629,2468
08.07.2026 21:00:00.000,1.41627,1.41678,1.41613,1.41652,2778
08.07.2026 22:00:00.000,1.41653,1.41661,1.41614,1.41657,2661
08.07.2026 23:00:00.000,1.41656,1.41676,1.41634,1.41636,1903
09.07.2026 00:00:00.000,1.41635,1.41643,1.41593,1.41641,3014
09.07.2026 01:00:00.000,1.4164,1.41673,1.41526,1.41601,3447
09.07.2026 02:00:00.000,1.41602,1.41816,1.41594,1.41777,3323
09.07.2026 03:00:00.000,1.41778,1.41879,1.41772,1.41877,2136
09.07.2026 04:00:00.000,1.41878,1.41892,1.41765,1.4177,2095
09.07.2026 05:00:00.000,1.41768,1.41806,1.41731,1.41755,2057
09.07.2026 06:00:00.000,1.41753,1.41839,1.41735,1.41741,2517
09.07.2026 07:00:00.000,1.4174,1.41765,1.4164,1.41762,3783
09.07.2026 08:00:00.000,1.41762,1.41817,1.41683,1.41792,3782
09.07.2026 09:00:00.000,1.41797,1.41797,1.41671,1.41711,6226
09.07.2026 10:00:00.000,1.41712,1.41751,1.41636,1.41636,3552
09.07.2026 11:00:00.000,1.41635,1.41678,1.41581,1.41643,2381
09.07.2026 12:00:00.000,1.41644,1.41661,1.41599,1.41643,1915
09.07.2026 13:00:00.000,1.41641,1.41693,1.41641,1.41668,1377
09.07.2026 14:00:00.000,1.41668,1.41727,1.41666,1.41721,1201
09.07.2026 15:00:00.000,1.41719,1.41725,1.41661,1.41662,863
09.07.2026 16:00:00.000,1.41651,1.4171,1.41552,1.41687,2073
09.07.2026 17:00:00.000,1.41687,1.41718,1.41656,1.41687,684
09.07.2026 18:00:00.000,1.41686,1.41697,1.41672,1.41673,824
09.07.2026 19:00:00.000,1.41671,1.41719,1.416,1.41608,2519
09.07.2026 20:00:00.000,1.41608,1.41623,1.41499,1.41511,7790
09.07.2026 21:00:00.000,1.41512,1.41519,1.41355,1.41376,3914
09.07.2026 22:00:00.000,1.41377,1.41479,1.41366,1.41471,1644
09.07.2026 23:00:00.000,1.41471,1.41576,1.41471,1.41552,1597
10.07.2026 00:00:00.000,1.41553,1.41648,1.41531,1.41609,1834
10.07.2026 01:00:00.000,1.41609,1.41637,1.41537,1.41551,3544
10.07.2026 02:00:00.000,1.41551,1.4166,1.41551,1.41641,3486
10.07.2026 03:00:00.000,1.41642,1.41688,1.4162,1.41683,5540
10.07.2026 04:00:00.000,1.41686,1.41699,1.41654,1.41695,3003
10.07.2026 05:00:00.000,1.41693,1.41701,1.41607,1.41642,2391
10.07.2026 06:00:00.000,1.41643,1.41711,1.41538,1.41559,5735
10.07.2026 07:00:00.000,1.4156,1.41589,1.41427,1.41442,4535
10.07.2026 08:00:00.000,1.41441,1.4166,1.41441,1.4163,4644
10.07.2026 09:00:00.000,1.4163,1.41692,1.41493,1.41503,6846
10.07.2026 10:00:00.000,1.41502,1.41544,1.41325,1.41331,3860
10.07.2026 11:00:00.000,1.41331,1.4135,1.41171,1.41236,4287
10.07.2026 12:00:00.000,1.4124,1.41446,1.41222,1.41443,3253
10.07.2026 13:00:00.000,1.41442,1.41533,1.41433,1.41512,2148
10.07.2026 14:00:00.000,1.41514,1.41576,1.41505,1.41558,1178
10.07.2026 15:00:00.000,1.41557,1.41595,1.41505,1.41505,1843
13.07.2026 00:00:00.000,1.41533,1.41645,1.41506,1.41636,4052
13.07.2026 01:00:00.000,1.41638,1.41645,1.41553,1.41618,4336
13.07.2026 02:00:00.000,1.41617,1.41633,1.41421,1.41431,4926
13.07.2026 03:00:00.000,1.41431,1.41437,1.41323,1.41349,4439
13.07.2026 04:00:00.000,1.4135,1.41428,1.41347,1.41399,3651
13.07.2026 05:00:00.000,1.41398,1.41422,1.41274,1.41276,2581
13.07.2026 06:00:00.000,1.41275,1.41343,1.41246,1.41338,4363
13.07.2026 07:00:00.000,1.41338,1.41414,1.41319,1.4134,3487
13.07.2026 08:00:00.000,1.41341,1.41475,1.41307,1.41419,5512
13.07.2026 09:00:00.000,1.4142,1.41518,1.41355,1.41425,7487
13.07.2026 10:00:00.000,1.41424,1.41442,1.41329,1.4141,3461
13.07.2026 11:00:00.000,1.4141,1.41548,1.41376,1.41485,5022
13.07.2026 12:00:00.000,1.41483,1.41523,1.4145,1.4147,2804
13.07.2026 13:00:00.000,1.41469,1.41516,1.41458,1.415,2576
13.07.2026 14:00:00.000,1.41502,1.41596,1.41491,1.41548,2761
13.07.2026 15:00:00.000,1.41548,1.41586,1.41531,1.41531,1414
13.07.2026 16:00:00.000,1.4153,1.4153,1.41439,1.4151,541
13.07.2026 17:00:00.000,1.41505,1.41549,1.41505,1.41523,463
13.07.2026 18:00:00.000,1.41524,1.41532,1.41476,1.41489,2227
13.07.2026 19:00:00.000,1.41488,1.41541,1.41441,1.41472,5422
13.07.2026 20:00:00.000,1.41474,1.41482,1.41415,1.41425,9499
13.07.2026 21:00:00.000,1.41426,1.41428,1.4131,1.41326,5041
13.07.2026 22:00:00.000,1.41325,1.41354,1.41285,1.41314,2688
13.07.2026 23:00:00.000,1.41315,1.41338,1.41283,1.41315,2486
14.07.2026 00:00:00.000,1.41316,1.41331,1.41287,1.41312,2732
14.07.2026 01:00:00.000,1.41313,1.41351,1.41282,1.41337,2801
14.07.2026 02:00:00.000,1.41337,1.41343,1.41013,1.41044,4575
14.07.2026 03:00:00.000,1.41045,1.41065,1.40895,1.4092,4606
14.07.2026 04:00:00.000,1.4092,1.4092,1.40812,1.40845,6572
14.07.2026 05:00:00.000,1.40845,1.4107,1.40835,1.41066,5295
14.07.2026 06:00:00.000,1.41065,1.41156,1.41062,1.41139,4535
14.07.2026 07:00:00.000,1.4114,1.41152,1.40542,1.4073,14602
14.07.2026 08:00:00.000,1.40729,1.40743,1.40548,1.40699,12042
14.07.2026 09:00:00.000,1.40701,1.40701,1.40512,1.40566,10410
14.07.2026 10:00:00.000,1.40566,1.40696,1.40473,1.40675,6836
14.07.2026 11:00:00.000,1.40674,1.40729,1.40576,1.40595,4778
14.07.2026 12:00:00.000,1.40593,1.40731,1.40587,1.40689,3781
14.07.2026 13:00:00.000,1.40689,1.40743,1.40659,1.40659,3434
14.07.2026 14:00:00.000,1.40658,1.407,1.40627,1.40665,2923
14.07.2026 15:00:00.000,1.40665,1.40692,1.40537,1.40545,1533
14.07.2026 16:00:00.000,1.4061,1.40645,1.40567,1.40613,1483
14.07.2026 17:00:00.000,1.40613,1.40613,1.40582,1.40588,832
14.07.2026 18:00:00.000,1.40588,1.40603,1.40495,1.40517,1541
14.07.2026 19:00:00.000,1.40515,1.40554,1.40462,1.40467,2902
14.07.2026 20:00:00.000,1.40467,1.4049,1.40434,1.40454,3663
14.07.2026 21:00:00.000,1.40455,1.40475,1.40391,1.40403,2147
14.07.2026 22:00:00.000,1.40402,1.40496,1.4039,1.40459,2081
14.07.2026 23:00:00.000,1.40456,1.40488,1.40443,1.40486,1490
15.07.2026 00:00:00.000,1.40486,1.40524,1.40471,1.4052,2942
15.07.2026 01:00:00.000,1.40524,1.40585,1.4049,1.40581,2666
15.07.2026 02:00:00.000,1.40579,1.40579,1.40431,1.40516,3786
15.07.2026 03:00:00.000,1.40516,1.40574,1.40455,1.40545,3279
15.07.2026 04:00:00.000,1.40543,1.40608,1.40528,1.40591,2192
15.07.2026 05:00:00.000,1.40591,1.40697,1.40591,1.40651,2897
15.07.2026 06:00:00.000,1.40651,1.40715,1.4063,1.40687,2588
15.07.2026 07:00:00.000,1.40686,1.40768,1.40521,1.40531,6363
15.07.2026 08:00:00.000,1.40529,1.40675,1.40502,1.40657,5857
15.07.2026 09:00:00.000,1.40656,1.40671,1.40504,1.40513,6858
15.07.2026 10:00:00.000,1.40511,1.40571,1.4045,1.40478,6521
15.07.2026 11:00:00.000,1.40479,1.4055,1.40455,1.40484,4686
15.07.2026 12:00:00.000,1.40482,1.40487,1.40306,1.40315,4239
15.07.2026 13:00:00.000,1.40316,1.40426,1.40242,1.40423,4349
15.07.2026 14:00:00.000,1.40424,1.40447,1.4035,1.40414,3831
15.07.2026 15:00:00.000,1.40414,1.4045,1.40376,1.40403,1354
15.07.2026 16:00:00.000,1.40375,1.40401,1.40281,1.40383,2540
15.07.2026 17:00:00.000,1.40383,1.40408,1.40357,1.40403,1182
15.07.2026 18:00:00.000,1.40402,1.40403,1.40351,1.40373,1182
15.07.2026 19:00:00.000,1.40373,1.40437,1.40362,1.40383,3414
15.07.2026 20:00:00.000,1.40384,1.40494,1.40371,1.40486,3397
15.07.2026 21:00:00.000,1.40484,1.40533,1.40482,1.40499,2746
15.07.2026 22:00:00.000,1.40498,1.40507,1.40445,1.40464,2601
15.07.2026 23:00:00.000,1.40464,1.40481,1.4044,1.40465,2032
16.07.2026 00:00:00.000,1.40465,1.40504,1.40447,1.40495,2800
16.07.2026 01:00:00.000,1.40495,1.40513,1.40408,1.40415,2572
16.07.2026 02:00:00.000,1.40416,1.40464,1.40399,1.40461,2209
16.07.2026 03:00:00.000,1.40461,1.40484,1.40408,1.40414,2116
16.07.2026 04:00:00.000,1.40412,1.40477,1.40403,1.40407,1477
16.07.2026 05:00:00.000,1.40404,1.40411,1.40344,1.40368,1636
16.07.2026 06:00:00.000,1.40369,1.40377,1.403,1.40322,2231
16.07.2026 07:00:00.000,1.40321,1.40324,1.40199,1.40281,5196
16.07.2026 08:00:00.000,1.40282,1.40311,1.40099,1.40214,4919
16.07.2026 09:00:00.000,1.40214,1.40332,1.40182,1.4032,5467
16.07.2026 10:00:00.000,1.40323,1.40412,1.40319,1.40338,5255
16.07.2026 11:00:00.000,1.40341,1.40509,1.40329,1.40498,3541
16.07.2026 12:00:00.000,1.40499,1.40578,1.4049,1.40529,3452
16.07.2026 13:00:00.000,1.40531,1.40562,1.40476,1.40479,3065
16.07.2026 14:00:00.000,1.40479,1.40516,1.40457,1.40482,1759
16.07.2026 15:00:00.000,1.40481,1.40525,1.40404,1.40405,1194
16.07.2026 16:00:00.000,1.40383,1.40447,1.40369,1.40389,671
16.07.2026 17:00:00.000,1.40395,1.40425,1.40381,1.40415,845
16.07.2026 18:00:00.000,1.40417,1.40419,1.40364,1.40374,1199
16.07.2026 19:00:00.000,1.40374,1.40398,1.40331,1.40339,3935
16.07.2026 20:00:00.000,1.4034,1.40399,1.40289,1.40379,4543
16.07.2026 21:00:00.000,1.40377,1.40407,1.40364,1.40404,3036
16.07.2026 22:00:00.000,1.40403,1.40406,1.40353,1.40357,5015
16.07.2026 23:00:00.000,1.40356,1.40379,1.40331,1.40368,4618
17.07.2026 00:00:00.000,1.40368,1.40373,1.40311,1.40362,4408
17.07.2026 01:00:00.000,1.40362,1.40397,1.40283,1.40305,2882
17.07.2026 02:00:00.000,1.40306,1.40331,1.40252,1.40284,2633
17.07.2026 03:00:00.000,1.40285,1.40378,1.40265,1.40305,3059
17.07.2026 04:00:00.000,1.40306,1.4035,1.40285,1.40302,2445
17.07.2026 05:00:00.000,1.40303,1.40384,1.40257,1.40371,2933
17.07.2026 06:00:00.000,1.40371,1.40396,1.40207,1.4026,2286
17.07.2026 07:00:00.000,1.40261,1.4029,1.40195,1.40251,3230
17.07.2026 08:00:00.000,1.40251,1.40261,1.40079,1.401,5555
17.07.2026 09:00:00.000,1.401,1.40174,1.40063,1.40124,6422
17.07.2026 10:00:00.000,1.40125,1.40204,1.40063,1.40153,4362
17.07.2026 11:00:00.000,1.40152,1.40181,1.40049,1.40092,4568
17.07.2026 12:00:00.000,1.40091,1.40159,1.40089,1.4015,2157
17.07.2026 13:00:00.000,1.40151,1.4016,1.40079,1.40112,2997
17.07.2026 14:00:00.000,1.4011,1.40216,1.40083,1.40101,2347
17.07.2026 15:00:00.000,1.401,1.40208,1.40082,1.4019,2871
