Gmt time,Open,High,Low,Close,% change
03.01.2023 14:00:00.000,129.82,130.896,126.885,126.92,-2.233862271
03.01.2023 15:00:00.000,126.93,127.291,125.061,125.588,-1.057275664
03.01.2023 16:00:00.000,125.585,125.856,124.485,124.735,-0.676832424
03.01.2023 17:00:00.000,124.738,125.051,124.348,124.591,-0.117847007
03.01.2023 18:00:00.000,124.555,124.839,124.18,124.812,0.206334551
03.01.2023 19:00:00.000,124.818,125.31,124.163,124.609,-0.167443798
03.01.2023 20:00:00.000,124.614,125.406,124.4,125.322,0.568154461
04.01.2023 14:00:00.000,126.72,127.533,125.966,126.64,-0.063131313
04.01.2023 15:00:00.000,126.605,127.288,125.065,126.948,0.27092137
04.01.2023 16:00:00.000,126.966,128.42,126.5,127.752,0.619063371
04.01.2023 17:00:00.000,127.755,128.645,127.236,127.236,-0.406246331
04.01.2023 18:00:00.000,127.23,127.487,126.928,127.198,-0.025151301
04.01.2023 19:00:00.000,127.138,127.84,125.399,126.463,-0.530919159
04.01.2023 20:00:00.000,126.465,126.825,125.266,125.795,-0.529790851
05.01.2023 14:00:00.000,125.694,127.485,125.318,127.364,1.328623482
05.01.2023 15:00:00.000,127.29,127.699,126.16,126.414,-0.688192317
05.01.2023 16:00:00.000,126.409,127.07,126.146,126.676,0.211219138
05.01.2023 17:00:00.000,126.67,126.94,126.171,126.25,-0.331570222
05.01.2023 18:00:00.000,126.239,127.03,125.796,126.265,0.020595854
05.01.2023 19:00:00.000,126.285,126.47,125.489,125.489,-0.630320307
05.01.2023 20:00:00.000,125.48,125.514,124.755,124.779,-0.558654766
06.01.2023 14:00:00.000,126.953,127.175,124.873,125.817,-0.894819343
06.01.2023 15:00:00.000,125.755,127.493,125.755,127.392,1.301737505
06.01.2023 16:00:00.000,127.47,128.022,127.005,127.872,0.315368322
06.01.2023 17:00:00.000,127.875,128.472,127.773,127.957,0.064125122
06.01.2023 18:00:00.000,127.94,128.87,127.885,128.835,0.699546662
06.01.2023 19:00:00.000,128.841,129.99,128.774,129.84,0.775374299
06.01.2023 20:00:00.000,129.849,130.279,129.51,129.577,-0.209474081
09.01.2023 14:00:00.000,131.1,132.051,130.525,132.015,0.697940503
09.01.2023 15:00:00.000,132.037,133.129,131.953,132.727,0.522580792
09.01.2023 16:00:00.000,132.769,133.4,132.672,132.947,0.13406744
09.01.2023 17:00:00.000,132.939,132.949,132.24,132.458,-0.361820083
09.01.2023 18:00:00.000,132.443,132.636,131.18,131.387,-0.797324132
09.01.2023 19:00:00.000,131.382,131.727,130.583,130.654,-0.554109391
09.01.2023 20:00:00.000,130.664,130.826,130.012,130.21,-0.347456071
10.01.2023 14:00:00.000,131.179,131.196,129.505,129.973,-0.91935447
10.01.2023 15:00:00.000,130.023,130.811,128.111,129.081,-0.724487206
10.01.2023 16:00:00.000,129.089,129.196,128.656,128.869,-0.170425056
10.01.2023 17:00:00.000,128.852,129.863,128.456,129.721,0.674417161
10.01.2023 18:00:00.000,129.727,130.26,129.409,130.215,0.376174582
10.01.2023 19:00:00.000,130.245,130.678,129.979,130.106,-0.106721947
10.01.2023 20:00:00.000,130.11,130.36,129.757,130.273,0.12527861
11.01.2023 14:00:00.000,131.055,131.495,130.46,130.87,-0.141162108
11.01.2023 15:00:00.000,130.89,132.098,130.495,131.473,0.445412178
11.01.2023 16:00:00.000,131.495,132.36,131.36,132.288,0.603064755
11.01.2023 17:00:00.000,132.297,132.919,132.217,132.753,0.344679018
11.01.2023 18:00:00.000,132.746,133.191,132.205,132.396,-0.263661429
11.01.2023 19:00:00.000,132.406,132.867,132.156,132.515,0.082322553
11.01.2023 20:00:00.000,132.516,133.178,132.477,133.148,0.476923541
12.01.2023 14:00:00.000,132.727,133.68,131.46,132.29,-0.329247252
12.01.2023 15:00:00.000,132.279,133.785,132.147,132.43,0.114152662
12.01.2023 16:00:00.000,132.435,133.165,131.98,133.095,0.498357685
12.01.2023 17:00:00.000,133.074,134.207,132.81,133.714,0.480935419
12.01.2023 18:00:00.000,133.709,134.18,132.425,134.01,0.225115736
12.01.2023 19:00:00.000,134.025,134.092,133.009,133.35,-0.503637381
12.01.2023 20:00:00.000,133.35,133.425,132.77,133.12,-0.17247844
13.01.2023 14:00:00.000,132.381,132.918,131.938,132.555,0.131438802
13.01.2023 15:00:00.000,132.56,133.95,132.42,133.743,0.892426071
13.01.2023 16:00:00.000,133.74,133.948,132.752,133.205,-0.400029909
13.01.2023 17:00:00.000,133.205,133.596,133.126,133.53,0.243984835
13.01.2023 18:00:00.000,133.559,134.368,133.3,134.135,0.431270075
13.01.2023 19:00:00.000,134.13,134.411,133.897,134.126,-0.002982181
13.01.2023 20:00:00.000,134.133,134.911,134.063,134.58,0.333251325
17.01.2023 14:00:00.000,135.19,135.595,134.192,135.182,-0.005917597
17.01.2023 15:00:00.000,135.178,137.282,135.178,135.545,0.271493882
17.01.2023 16:00:00.000,135.53,136.131,134.662,135.865,0.247177747
17.01.2023 17:00:00.000,135.87,136.27,135.3,136.24,0.272319129
17.01.2023 18:00:00.000,136.24,136.386,135.912,136.05,-0.139459777
17.01.2023 19:00:00.000,136.052,136.082,135.405,135.887,-0.121277159
17.01.2023 20:00:00.000,135.885,136.072,135.605,135.775,-0.080950804
18.01.2023 14:00:00.000,137.28,137.987,136.7,137.975,0.506264569
18.01.2023 15:00:00.000,137.97,138.594,136.542,137.057,-0.661738059
18.01.2023 16:00:00.000,137.045,137.35,135.805,136.15,-0.653070159
18.01.2023 17:00:00.000,136.149,136.265,135.414,135.685,-0.340803091
18.01.2023 18:00:00.000,135.705,136.25,135.324,136.044,0.249806566
18.01.2023 19:00:00.000,136.082,136.155,135.674,135.8,-0.207227995
18.01.2023 20:00:00.000,135.797,136.1,135.117,135.194,-0.444045156
19.01.2023 14:00:00.000,134.73,135.295,134.01,135.051,0.238254286
19.01.2023 15:00:00.000,135.025,135.035,133.76,134.094,-0.689501944
19.01.2023 16:00:00.000,134.108,135.376,134.045,134.374,0.1983476
19.01.2023 17:00:00.000,134.38,134.815,134.266,134.586,0.153296622
19.01.2023 18:00:00.000,134.59,135.535,134.581,135.286,0.517126087
19.01.2023 19:00:00.000,135.27,136.243,135.051,135.915,0.47682413
19.01.2023 20:00:00.000,135.921,136.035,135.339,135.46,-0.339167605
20.01.2023 14:00:00.000,134.495,135.185,134.213,134.601,0.078813339
20.01.2023 15:00:00.000,134.59,135.477,134.32,135.014,0.315030834
20.01.2023 16:00:00.000,135.014,135.667,135,135.297,0.209607893
20.01.2023 17:00:00.000,135.295,135.914,135.292,135.755,0.339997783
20.01.2023 18:00:00.000,135.753,136.84,135.375,136.83,0.793352633
20.01.2023 19:00:00.000,136.846,137.28,136.635,137.17,0.236762492
20.01.2023 20:00:00.000,137.172,137.885,137.115,137.541,0.269005336
23.01.2023 14:00:00.000,139.03,139.98,138.96,139.869,0.603466878
23.01.2023 15:00:00.000,139.869,141.455,139.575,141.21,0.958754263
23.01.2023 16:00:00.000,141.204,143.305,141.132,142.886,1.191184386
23.01.2023 17:00:00.000,142.897,142.897,141.939,142.149,-0.523453956
23.01.2023 18:00:00.000,142.142,142.482,141.874,141.955,-0.131558582
23.01.2023 19:00:00.000,141.953,141.97,140.605,140.982,-0.684029221
23.01.2023 20:00:00.000,140.973,141.242,140.39,141.104,0.092925596
24.01.2023 14:00:00.000,141.146,142.13,140.933,141.47,0.229549544
24.01.2023 15:00:00.000,141.48,142.302,141.104,142.25,0.544246537
24.01.2023 16:00:00.000,142.251,142.488,141.763,142.084,-0.11739812
24.01.2023 17:00:00.000,142.08,142.859,141.805,142.455,0.263935811
24.01.2023 18:00:00.000,142.445,143.135,142.04,142.654,0.146723297
24.01.2023 19:00:00.000,142.647,142.796,142.199,142.433,-0.15002068
24.01.2023 20:00:00.000,142.438,142.547,141.897,142.42,-0.012637077
25.01.2023 14:00:00.000,139.813,140.783,139.698,139.726,-0.062225973
25.01.2023 15:00:00.000,139.713,140.43,138.801,139.305,-0.292027227
25.01.2023 16:00:00.000,139.296,140.821,139.143,140.47,0.842809557
25.01.2023 17:00:00.000,140.5,140.69,140.12,140.435,-0.046263345
25.01.2023 18:00:00.000,140.418,141.315,140.395,141.075,0.467888732
25.01.2023 19:00:00.000,141.08,141.965,140.953,141.781,0.496881202
25.01.2023 20:00:00.000,141.798,142.414,141.268,141.66,-0.097321542
26.01.2023 14:00:00.000,143.715,144.032,142.925,143.252,-0.322165397
26.01.2023 15:00:00.000,143.242,143.983,142.257,142.412,-0.579438991
26.01.2023 16:00:00.000,142.385,142.845,141.899,142.671,0.200863855
26.01.2023 17:00:00.000,142.693,143.25,142.596,142.815,0.085498237
26.01.2023 18:00:00.000,142.815,143.42,142.49,143.145,0.231068165
26.01.2023 19:00:00.000,143.141,143.822,142.921,143.517,0.262678059
26.01.2023 20:00:00.000,143.537,143.775,143.246,143.656,0.082905453
27.01.2023 14:00:00.000,144.1,145.132,143.96,144.69,0.40943789
27.01.2023 15:00:00.000,144.71,145.507,144.375,144.676,-0.023495266
27.01.2023 16:00:00.000,144.697,146.186,144.631,146.063,0.944041687
27.01.2023 17:00:00.000,146.112,146.883,145.92,146.355,0.166310775
27.01.2023 18:00:00.000,146.356,146.552,145.99,146.336,-0.013665309
27.01.2023 19:00:00.000,146.337,147.005,146.238,146.88,0.371061317
27.01.2023 20:00:00.000,146.888,147.219,146.151,146.422,-0.317248516
30.01.2023 14:00:00.000,144.671,145.257,144.163,145.175,0.348376662
30.01.2023 15:00:00.000,145.14,145.291,143.372,143.996,-0.788204492
30.01.2023 16:00:00.000,143.945,144.309,143.493,144.172,0.157699121
30.01.2023 17:00:00.000,144.178,144.246,143.16,143.403,-0.537529998
30.01.2023 18:00:00.000,143.401,143.805,143.004,143.36,-0.028591153
30.01.2023 19:00:00.000,143.366,143.586,142.886,143.175,-0.133225451
30.01.2023 20:00:00.000,143.18,143.517,142.918,143.107,-0.050984774
31.01.2023 14:00:00.000,143.38,143.725,142.29,142.645,-0.512623797
31.01.2023 15:00:00.000,142.625,143.336,142.4,143.152,0.369500438
31.01.2023 16:00:00.000,143.145,143.63,143.002,143.248,0.071955011
31.01.2023 17:00:00.000,143.248,143.64,142.972,143.532,0.198257567
31.01.2023 18:00:00.000,143.532,143.734,143.158,143.625,0.064793914
31.01.2023 19:00:00.000,143.617,143.996,143.522,143.852,0.163629654
31.01.2023 20:00:00.000,143.844,144.075,143.105,144.017,0.120269181
01.02.2023 14:00:00.000,142.85,143.3,142.575,143.135,0.199509975
01.02.2023 15:00:00.000,143.18,143.38,142.345,142.579,-0.419751362
01.02.2023 16:00:00.000,142.529,143.01,142.251,142.337,-0.134709428
01.02.2023 17:00:00.000,142.337,142.428,141.736,142.18,-0.110301608
01.02.2023 18:00:00.000,142.18,142.69,141.835,142.46,0.196933465
01.02.2023 19:00:00.000,142.43,145.147,141.34,144.345,1.344520115
01.02.2023 20:00:00.000,144.43,146.601,144.32,145.507,0.745689954
02.02.2023 14:00:00.000,149.13,149.49,148.35,148.58,-0.36880574
02.02.2023 15:00:00.000,148.58,150.48,148.17,150.164,1.066092341
02.02.2023 16:00:00.000,150.151,150.43,149.562,149.742,-0.272392458
02.02.2023 17:00:00.000,149.76,150.268,149.434,149.913,0.102163462
02.02.2023 18:00:00.000,149.922,150.984,149.891,150.949,0.685022879
02.02.2023 19:00:00.000,150.948,151.118,148.942,149.029,-1.271298725
02.02.2023 20:00:00.000,149.05,150.3,148.724,150.204,0.774236833
03.02.2023 14:00:00.000,149.524,153.4,148.989,153.255,2.495251598
03.02.2023 15:00:00.000,153.061,157.36,152.57,155.74,1.750282567
03.02.2023 16:00:00.000,155.774,157.182,155.53,155.69,-0.053924275
03.02.2023 17:00:00.000,155.725,156.972,154.435,154.58,-0.735270509
03.02.2023 18:00:00.000,154.547,155.835,154.262,155.347,0.517641882
03.02.2023 19:00:00.000,155.33,155.677,154.4,154.67,-0.424901822
03.02.2023 20:00:00.000,154.667,155.3,154.08,154.791,0.080172241
06.02.2023 14:00:00.000,152.74,152.906,151.733,152.469,-0.177425691
06.02.2023 15:00:00.000,152.469,152.716,150.895,152.259,-0.137732916
06.02.2023 16:00:00.000,152.269,153.09,151.975,152.02,-0.163526391
06.02.2023 17:00:00.000,152.018,152.786,151.811,152.419,0.263784552
06.02.2023 18:00:00.000,152.41,152.516,151.58,152.15,-0.170592481
06.02.2023 19:00:00.000,152.15,152.511,151.503,151.639,-0.335852777
06.02.2023 20:00:00.000,151.625,151.895,150.783,151.776,0.099587799
07.02.2023 14:00:00.000,152.283,152.917,152.005,152.305,0.014446787
07.02.2023 15:00:00.000,152.295,153.186,151.826,152.591,0.194359631
07.02.2023 16:00:00.000,152.593,153.581,152.564,153.011,0.273931307
07.02.2023 17:00:00.000,153.004,155.224,152.371,154.803,1.175786254
07.02.2023 18:00:00.000,154.948,155.091,151.364,152.111,-1.83093683
07.02.2023 19:00:00.000,152.115,154.446,152.039,154.215,1.380534464
07.02.2023 20:00:00.000,154.22,155.195,153.428,155.195,0.632213721
08.02.2023 14:00:00.000,154.087,154.572,153.16,153.467,-0.40237009
08.02.2023 15:00:00.000,153.44,153.755,152.255,153.16,-0.182481752
08.02.2023 16:00:00.000,153.165,153.187,151.451,152.238,-0.605229654
08.02.2023 17:00:00.000,152.207,152.233,151.157,151.774,-0.284481003
08.02.2023 18:00:00.000,151.772,152.112,151.225,151.927,0.102126875
08.02.2023 19:00:00.000,151.964,152.307,151.658,152.195,0.152009687
08.02.2023 20:00:00.000,152.19,152.295,151.484,151.841,-0.229318615
09.02.2023 14:00:00.000,153.695,154.235,152.78,153.245,-0.292787664
09.02.2023 15:00:00.000,153.255,153.745,152.589,153.305,0.032625363
09.02.2023 16:00:00.000,153.311,153.485,152.622,153.225,-0.056095127
09.02.2023 17:00:00.000,153.223,153.595,152.22,152.73,-0.321753262
09.02.2023 18:00:00.000,152.699,152.744,151.929,152.089,-0.399478713
09.02.2023 19:00:00.000,152.055,152.309,151.731,151.765,-0.190720463
09.02.2023 20:00:00.000,151.76,151.79,150.412,151.32,-0.289931471
10.02.2023 14:00:00.000,150.048,150.535,149.587,149.927,-0.080640862
10.02.2023 15:00:00.000,149.833,151.335,149.355,150.364,0.354394559
10.02.2023 16:00:00.000,150.337,150.893,149.7,149.835,-0.333916468
10.02.2023 17:00:00.000,149.815,150.159,149.443,150.153,0.225611588
10.02.2023 18:00:00.000,150.141,151.095,150.062,150.455,0.209136745
10.02.2023 19:00:00.000,150.465,150.64,150.005,150.637,0.114312299
10.02.2023 20:00:00.000,150.66,151.104,150.278,151.02,0.238948626
13.02.2023 14:00:00.000,151.315,152.19,151.01,152.185,0.574959522
13.02.2023 15:00:00.000,152.16,152.781,151.864,152.62,0.302313354
13.02.2023 16:00:00.000,152.629,153.685,152.629,153.44,0.531353806
13.02.2023 17:00:00.000,153.43,154.249,153.403,153.802,0.242455843
13.02.2023 18:00:00.000,153.81,154.16,153.46,153.967,0.102073987
13.02.2023 19:00:00.000,153.98,154.005,152.758,153.062,-0.596181322
13.02.2023 20:00:00.000,153.065,153.975,152.748,153.585,0.339724953
14.02.2023 14:00:00.000,151.357,152.965,151.2,152.825,0.969892374
14.02.2023 15:00:00.000,152.842,153.74,150.864,151.866,-0.638567933
14.02.2023 16:00:00.000,151.872,152.587,151.042,151.709,-0.107327223
14.02.2023 17:00:00.000,151.685,152.325,151.57,152.107,0.278208129
14.02.2023 18:00:00.000,152.082,153.207,152.047,153.04,0.629923331
14.02.2023 19:00:00.000,153.039,153.563,152.427,153.225,0.121537647
14.02.2023 20:00:00.000,153.242,153.555,152.939,153.512,0.176191906
15.02.2023 14:00:00.000,153.61,154.485,153.219,153.545,-0.042314953
15.02.2023 15:00:00.000,153.535,154.365,153.124,153.82,0.185625427
15.02.2023 16:00:00.000,153.812,155.495,153.806,155.25,0.934907549
15.02.2023 17:00:00.000,155.29,155.389,153.559,154.06,-0.792066456
15.02.2023 18:00:00.000,154.114,155.034,153.695,155.01,0.581387804
15.02.2023 19:00:00.000,154.994,155.46,154.908,155,0.003871118
15.02.2023 20:00:00.000,155.014,155.277,154.679,154.835,-0.115473441
16.02.2023 14:00:00.000,153.808,154.65,153.676,154.07,0.170342245
16.02.2023 15:00:00.000,154.046,155.21,153.791,155.15,0.716669047
16.02.2023 16:00:00.000,155.163,155.49,154.886,155.056,-0.068959739
16.02.2023 17:00:00.000,155.051,156.155,154.744,155.934,0.569490039
16.02.2023 18:00:00.000,155.923,156.18,155.516,155.95,0.017316239
16.02.2023 19:00:00.000,155.953,156.329,155.721,156.193,0.153892519
16.02.2023 20:00:00.000,156.165,156.24,153.78,153.899,-1.45102936
17.02.2023 14:00:00.000,152.965,152.976,151.495,151.688,-0.834831497
17.02.2023 15:00:00.000,151.68,152.665,151.632,151.993,0.206355485
17.02.2023 16:00:00.000,151.99,152.265,151.363,151.575,-0.273044279
17.02.2023 17:00:00.000,151.571,152.146,150.903,151.081,-0.323280839
17.02.2023 18:00:00.000,151.085,151.491,150.847,151.423,0.223715127
17.02.2023 19:00:00.000,151.456,152.353,151.328,152.353,0.592251215
17.02.2023 20:00:00.000,152.35,152.608,151.933,152.195,-0.101739416
21.02.2023 14:00:00.000,150.4,151.286,150.196,150.353,-0.03125
21.02.2023 15:00:00.000,150.333,150.592,149.596,149.916,-0.277384207
21.02.2023 16:00:00.000,149.924,150.05,149.355,149.796,-0.085376591
21.02.2023 17:00:00.000,149.8,150.14,149.611,150.024,0.14953271
21.02.2023 18:00:00.000,150.013,150.03,149.29,149.4,-0.408631252
21.02.2023 19:00:00.000,149.405,149.405,148.575,148.677,-0.487266156
21.02.2023 20:00:00.000,148.699,148.932,148.396,148.7,0.000672499
22.02.2023 14:00:00.000,148.794,148.794,147.849,147.889,-0.60822345
22.02.2023 15:00:00.000,147.92,148.372,147.167,148.137,0.146700919
22.02.2023 16:00:00.000,148.155,148.305,147.677,148.07,-0.057372347
22.02.2023 17:00:00.000,148.07,149.102,147.822,148.925,0.577429594
22.02.2023 18:00:00.000,148.925,149.421,148.755,149.159,0.15712607
22.02.2023 19:00:00.000,149.17,149.93,148.274,148.363,-0.540993497
22.02.2023 20:00:00.000,148.349,148.81,148.169,148.479,0.087631194
23.02.2023 14:00:00.000,149.68,150.05,149.358,149.576,-0.069481561
23.02.2023 15:00:00.000,149.578,149.78,147.676,147.978,-1.069676022
23.02.2023 16:00:00.000,147.975,148.236,147.448,147.52,-0.307484372
23.02.2023 17:00:00.000,147.524,147.815,147.225,147.73,0.139638296
23.02.2023 18:00:00.000,147.733,148.39,147.5,148.185,0.305957369
23.02.2023 19:00:00.000,148.18,149.643,148.053,149.243,0.717370765
23.02.2023 20:00:00.000,149.242,149.933,149.241,149.461,0.146741534
24.02.2023 14:00:00.000,146.93,147.132,146.11,146.408,-0.355271218
24.02.2023 15:00:00.000,146.39,146.9,145.936,146.081,-0.211079992
24.02.2023 16:00:00.000,146.081,146.888,145.722,146.401,0.219056551
24.02.2023 17:00:00.000,146.41,146.495,145.861,145.973,-0.29847688
24.02.2023 18:00:00.000,145.961,146.35,145.717,146.086,0.085639315
24.02.2023 19:00:00.000,146.09,146.595,145.771,146.482,0.268327743
24.02.2023 20:00:00.000,146.486,146.677,145.791,146.335,-0.103081523
27.02.2023 14:00:00.000,148.15,148.555,147.8,148.519,0.249071887
27.02.2023 15:00:00.000,148.532,149.162,147.779,148.16,-0.250451081
27.02.2023 16:00:00.000,148.163,148.23,147.449,147.93,-0.157259235
27.02.2023 17:00:00.000,147.934,148.445,147.693,148.351,0.281882461
27.02.2023 18:00:00.000,148.345,148.64,148.04,148.467,0.082240723
27.02.2023 19:00:00.000,148.466,148.786,148.048,148.052,-0.278851724
27.02.2023 20:00:00.000,148.059,148.208,147.71,147.825,-0.158045104
28.02.2023 14:00:00.000,146.98,147.77,146.892,147.708,0.495305484
28.02.2023 15:00:00.000,147.73,147.986,147.072,147.518,-0.143505043
28.02.2023 16:00:00.000,147.523,148.175,147.506,147.955,0.292835693
28.02.2023 17:00:00.000,147.968,148.82,147.958,148.661,0.468344507
28.02.2023 18:00:00.000,148.659,149.073,148.616,148.818,0.106956188
28.02.2023 19:00:00.000,148.821,148.982,148.253,148.31,-0.34336552
28.02.2023 20:00:00.000,148.313,148.378,147.638,147.807,-0.341170363
01.03.2023 14:00:00.000,146.755,147.208,146.317,146.895,0.09539709
01.03.2023 15:00:00.000,147.095,147.095,145.501,146.479,-0.418776981
01.03.2023 16:00:00.000,146.438,146.609,145.396,146.448,0.006828829
01.03.2023 17:00:00.000,146.443,146.871,146.301,146.374,-0.047117308
01.03.2023 18:00:00.000,146.384,146.398,145.712,145.88,-0.344299923
01.03.2023 19:00:00.000,145.861,145.905,145.249,145.485,-0.257779667
01.03.2023 20:00:00.000,145.481,145.686,144.997,145.374,-0.073549123
02.03.2023 14:00:00.000,144.532,144.785,144.025,144.344,-0.130075001
02.03.2023 15:00:00.000,144.352,144.691,143.895,144.471,0.082437375
02.03.2023 16:00:00.000,144.487,144.728,143.966,144.34,-0.101739257
02.03.2023 17:00:00.000,144.345,144.649,144.217,144.447,0.070664034
02.03.2023 18:00:00.000,144.45,145.552,144.267,145.537,0.752509519
02.03.2023 19:00:00.000,145.575,146.04,145.395,145.859,0.195088442
02.03.2023 20:00:00.000,145.83,146.697,145.559,145.87,0.027429198
03.03.2023 14:00:00.000,147.88,149.471,147.805,149.455,1.065052745
03.03.2023 15:00:00.000,149.461,150.155,149.05,149.625,0.109727621
03.03.2023 16:00:00.000,149.639,149.965,149.255,149.826,0.124967422
03.03.2023 17:00:00.000,149.84,150.232,149.599,150.209,0.24626268
03.03.2023 18:00:00.000,150.24,150.309,149.875,150.22,-0.013312034
03.03.2023 19:00:00.000,150.22,150.87,150.094,150.819,0.398748502
03.03.2023 20:00:00.000,150.82,150.962,150.535,150.81,-0.00663042
06.03.2023 14:00:00.000,154.202,154.993,153.463,154.403,0.130348504
06.03.2023 15:00:00.000,154.4,155.566,154.16,155.123,0.468264249
06.03.2023 16:00:00.000,155.149,156.065,155.149,155.735,0.377701435
06.03.2023 17:00:00.000,155.735,156.282,154.978,155.053,-0.437923396
06.03.2023 18:00:00.000,155.043,155.444,154.504,154.549,-0.318621286
06.03.2023 19:00:00.000,154.556,154.616,153.963,154.103,-0.293097647
06.03.2023 20:00:00.000,154.11,154.286,153.813,153.833,-0.179741743
07.03.2023 14:00:00.000,153.425,154.02,153.379,153.827,0.262017272
07.03.2023 15:00:00.000,153.827,153.827,151.815,152.201,-1.0570316
07.03.2023 16:00:00.000,152.17,152.749,151.973,152.059,-0.072944733
07.03.2023 17:00:00.000,152.06,153.073,151.786,152.42,0.236748652
07.03.2023 18:00:00.000,152.4,152.685,151.731,151.82,-0.380577428
07.03.2023 19:00:00.000,151.82,152.027,151.125,151.168,-0.429455935
07.03.2023 20:00:00.000,151.17,151.689,151.124,151.553,0.253357148
08.03.2023 14:00:00.000,152.705,153.063,152.304,152.648,-0.037326872
08.03.2023 15:00:00.000,152.675,153.173,151.82,152.582,-0.060913706
08.03.2023 16:00:00.000,152.61,153.46,152.38,153.325,0.468514514
08.03.2023 17:00:00.000,153.34,153.401,152.357,152.828,-0.333898526
08.03.2023 18:00:00.000,152.835,152.933,152.047,152.267,-0.371642621
08.03.2023 19:00:00.000,152.275,152.986,152.226,152.502,0.149072402
08.03.2023 20:00:00.000,152.5,153.248,152.056,152.918,0.274098361
09.03.2023 14:00:00.000,153.447,154.38,153.355,154.284,0.545465209
09.03.2023 15:00:00.000,154.29,154.525,153.63,153.874,-0.26962214
09.03.2023 16:00:00.000,153.87,154.45,153.692,154.095,0.146227335
09.03.2023 17:00:00.000,154.11,154.204,153.448,153.545,-0.366621245
09.03.2023 18:00:00.000,153.549,153.62,151.826,151.945,-1.044617679
09.03.2023 19:00:00.000,151.935,152.111,151.213,151.29,-0.424523645
09.03.2023 20:00:00.000,151.324,151.4,150.218,151.018,-0.202215115
10.03.2023 14:00:00.000,149.896,149.997,148.89,149.771,-0.083391151
10.03.2023 15:00:00.000,149.807,150.517,149.17,150.437,0.420541096
10.03.2023 16:00:00.000,150.437,150.947,149.756,149.839,-0.397508592
10.03.2023 17:00:00.000,149.842,150.02,149.026,149.142,-0.467158741
10.03.2023 18:00:00.000,149.167,149.377,147.855,148.165,-0.671730343
10.03.2023 19:00:00.000,148.182,148.985,147.846,148.657,0.320551754
10.03.2023 20:00:00.000,148.65,148.754,147.598,148.24,-0.275815674
13.03.2023 14:00:00.000,149.143,151.12,148.118,150.729,1.063408943
13.03.2023 15:00:00.000,150.683,151.835,150.199,151.545,0.572061878
13.03.2023 16:00:00.000,151.58,153.11,151.345,152.59,0.666314817
13.03.2023 17:00:00.000,152.61,153.05,151.458,151.795,-0.53404102
13.03.2023 18:00:00.000,151.793,152.01,150.869,151.9,0.070490734
13.03.2023 19:00:00.000,151.939,152.689,151.741,152.11,0.112545166
13.03.2023 20:00:00.000,152.091,152.328,150.535,150.68,-0.927734054
14.03.2023 14:00:00.000,151.788,152.77,151.76,152.506,0.473028171
14.03.2023 15:00:00.000,152.568,153.183,152.175,152.637,0.045225735
14.03.2023 16:00:00.000,152.646,153.396,152.615,152.665,0.0124471
14.03.2023 17:00:00.000,152.656,153.061,152.293,152.555,-0.066161828
14.03.2023 18:00:00.000,152.549,152.803,150.521,150.979,-1.02917751
14.03.2023 19:00:00.000,150.984,151.617,150.422,151.007,0.015233402
14.03.2023 20:00:00.000,150.998,151.916,150.136,151.806,0.535106425
15.03.2023 14:00:00.000,151.342,151.753,150.694,151.2,-0.093827226
15.03.2023 15:00:00.000,151.215,151.635,149.91,150.911,-0.201038257
15.03.2023 16:00:00.000,150.92,151.839,150.548,151.167,0.163662868
15.03.2023 17:00:00.000,151.153,151.344,150.427,150.603,-0.363869721
15.03.2023 18:00:00.000,150.581,152.325,150.494,152.13,1.028682237
15.03.2023 19:00:00.000,152.129,153.056,151.473,152.875,0.490373302
15.03.2023 20:00:00.000,152.866,153.231,151.619,151.813,-0.688838591
16.03.2023 14:00:00.000,152.124,153.194,151.635,153.125,0.658015829
16.03.2023 15:00:00.000,153.133,154.285,152.75,154.069,0.611233372
16.03.2023 16:00:00.000,154.072,155.48,153.699,155.195,0.728880004
16.03.2023 17:00:00.000,155.19,155.315,154.305,155.094,-0.061859656
16.03.2023 18:00:00.000,155.089,155.395,154.43,155.305,0.139274868
16.03.2023 19:00:00.000,155.302,155.94,154.909,155.904,0.38763184
16.03.2023 20:00:00.000,155.896,156.36,155.844,155.889,-0.004490173
17.03.2023 14:00:00.000,155.31,156.005,155.067,155.785,0.305839933
17.03.2023 15:00:00.000,155.77,156.725,154.413,155.032,-0.473775438
17.03.2023 16:00:00.000,155.03,155.344,154.277,155.035,0.003225182
17.03.2023 17:00:00.000,155.032,155.7,154.903,155.252,0.141906187
17.03.2023 18:00:00.000,155.257,155.83,155.237,155.763,0.325911231
17.03.2023 19:00:00.000,155.785,156.017,154.67,154.912,-0.560387714
17.03.2023 20:00:00.000,154.93,155.367,154.427,155.349,0.270444717
20.03.2023 14:00:00.000,154.894,155.4,154.153,154.426,-0.30214211
20.03.2023 15:00:00.000,154.423,156.295,154.423,156.208,1.155915893
20.03.2023 16:00:00.000,156.193,156.873,155.988,156.27,0.049297984
20.03.2023 17:00:00.000,156.273,156.864,155.729,156.74,0.298836011
20.03.2023 18:00:00.000,156.756,157.755,156.664,157.375,0.394881217
20.03.2023 19:00:00.000,157.364,157.794,157.078,157.415,0.032408937
20.03.2023 20:00:00.000,157.41,157.78,157.167,157.359,-0.032399466
21.03.2023 14:00:00.000,158.13,158.385,157.007,157.663,-0.29532663
21.03.2023 15:00:00.000,157.731,157.955,156.548,156.894,-0.530650284
21.03.2023 16:00:00.000,156.89,157.687,156.847,157.42,0.337816304
21.03.2023 17:00:00.000,157.407,158.287,157.365,158.172,0.486001258
21.03.2023 18:00:00.000,158.197,159.076,158.067,158.593,0.250320803
21.03.2023 19:00:00.000,158.583,158.998,158.323,158.89,0.193589477
21.03.2023 20:00:00.000,158.889,159.362,158.591,159.228,0.213356494
22.03.2023 14:00:00.000,159.59,159.987,159.481,159.709,0.074566076
22.03.2023 15:00:00.000,159.73,160.407,159.109,160.2,0.294246541
22.03.2023 16:00:00.000,160.209,160.505,159.889,160.455,0.153549426
22.03.2023 17:00:00.000,160.452,160.455,159.46,159.745,-0.44063022
22.03.2023 18:00:00.000,159.744,160.248,159.604,160.102,0.224108574
22.03.2023 19:00:00.000,160.107,162.12,159.81,160.422,0.196743428
22.03.2023 20:00:00.000,160.385,160.915,158.659,158.74,-1.025657013
23.03.2023 14:00:00.000,159.245,159.757,158.902,159.645,0.251185281
23.03.2023 15:00:00.000,159.695,161.28,159.582,161.243,0.969347819
23.03.2023 16:00:00.000,161.233,161.545,160.354,160.642,-0.366550272
23.03.2023 17:00:00.000,160.639,161.018,160.297,160.402,-0.147535779
23.03.2023 18:00:00.000,160.402,160.633,159.512,159.604,-0.497500031
23.03.2023 19:00:00.000,159.599,159.83,157.698,158.577,-0.640354889
23.03.2023 20:00:00.000,158.601,159.612,157.677,159.135,0.336693968
24.03.2023 14:00:00.000,158.285,159.375,157.869,159.18,0.565435765
24.03.2023 15:00:00.000,159.171,159.545,158.23,159.151,-0.012565103
24.03.2023 16:00:00.000,159.165,159.38,158.056,159.1,-0.040838124
24.03.2023 17:00:00.000,159.085,159.453,158.176,158.73,-0.223151146
24.03.2023 18:00:00.000,158.721,159.675,158.553,159.126,0.255164723
24.03.2023 19:00:00.000,159.147,159.94,159.096,159.684,0.337423891
24.03.2023 20:00:00.000,159.662,160.052,159.357,159.9,0.1490649
27.03.2023 14:00:00.000,159.729,160.741,159.394,160.393,0.415704099
27.03.2023 15:00:00.000,160.36,160.71,159.624,159.753,-0.378523323
27.03.2023 16:00:00.000,159.753,159.823,158.389,158.43,-0.828153462
27.03.2023 17:00:00.000,158.416,158.808,158.028,158.266,-0.094687405
27.03.2023 18:00:00.000,158.28,158.587,157.873,158.292,0.007581501
27.03.2023 19:00:00.000,158.291,159.058,158.092,159.05,0.479496623
27.03.2023 20:00:00.000,159.061,159.208,158.313,158.419,-0.403618737
28.03.2023 14:00:00.000,157.755,157.83,156.764,156.764,-0.628189281
28.03.2023 15:00:00.000,156.761,157.295,156.072,156.437,-0.20668406
28.03.2023 16:00:00.000,156.439,157.021,156.384,156.915,0.304271953
28.03.2023 17:00:00.000,156.912,156.94,156.429,156.517,-0.251733456
28.03.2023 18:00:00.000,156.557,156.635,155.975,156.077,-0.306597597
28.03.2023 19:00:00.000,156.04,156.766,156.04,156.72,0.435785696
28.03.2023 20:00:00.000,156.737,157.718,156.737,157.529,0.505305065
29.03.2023 14:00:00.000,159.874,160.061,159.57,159.849,-0.015637314
29.03.2023 15:00:00.000,159.877,160.286,159.343,159.51,-0.229551468
29.03.2023 16:00:00.000,159.51,160.046,159.486,159.864,0.22192966
29.03.2023 17:00:00.000,159.87,160.031,159.513,159.954,0.052542691
29.03.2023 18:00:00.000,159.95,160.445,159.838,160.017,0.04188809
29.03.2023 19:00:00.000,160.021,160.492,159.898,160.44,0.261840633
29.03.2023 20:00:00.000,160.435,160.996,160.304,160.67,0.146476766
30.03.2023 14:00:00.000,161.907,161.964,161.277,161.96,0.032734842
30.03.2023 15:00:00.000,161.983,162.462,161.502,162.321,0.208663872
30.03.2023 16:00:00.000,162.319,162.387,161.953,162.077,-0.149089139
30.03.2023 17:00:00.000,162.082,162.224,161.61,161.712,-0.228279513
30.03.2023 18:00:00.000,161.715,162.04,161.333,161.581,-0.082861825
30.03.2023 19:00:00.000,161.581,162.326,161.532,162.049,0.289638014
30.03.2023 20:00:00.000,162.042,162.244,161.88,162.239,0.121573419
31.03.2023 14:00:00.000,163.01,163.079,162.501,162.685,-0.199374272
31.03.2023 15:00:00.000,162.714,163,162.248,162.785,0.043634844
31.03.2023 16:00:00.000,162.789,163.249,162.701,163.21,0.258616983
31.03.2023 17:00:00.000,163.215,164.039,163.144,163.804,0.360873694
31.03.2023 18:00:00.000,163.804,164.069,163.574,163.959,0.094625284
31.03.2023 19:00:00.000,163.952,164.239,163.914,164.214,0.159802869
31.03.2023 20:00:00.000,164.222,164.946,164.114,164.66,0.266712134
03.04.2023 14:00:00.000,165.48,165.876,165.22,165.275,-0.12388204
03.04.2023 15:00:00.000,165.275,165.716,164.662,164.805,-0.284374527
03.04.2023 16:00:00.000,164.784,164.967,164.312,164.493,-0.176594815
03.04.2023 17:00:00.000,164.512,164.796,164.405,164.556,0.026745769
03.04.2023 18:00:00.000,164.52,164.798,164.298,164.699,0.108801362
03.04.2023 19:00:00.000,164.707,165.744,164.462,165.734,0.623531483
03.04.2023 20:00:00.000,165.734,166.096,165.612,165.944,0.126709064
04.04.2023 14:00:00.000,166.153,166.406,165.416,166.292,0.083657833
04.04.2023 15:00:00.000,166.309,166.826,165.883,166.11,-0.119656783
04.04.2023 16:00:00.000,166.11,166.41,165.761,166.17,0.036120643
04.04.2023 17:00:00.000,166.157,166.28,165.589,165.948,-0.125784649
04.04.2023 18:00:00.000,165.93,166.22,165.708,166.01,0.048213102
04.04.2023 19:00:00.000,166.004,166.098,165.324,165.414,-0.355413123
04.04.2023 20:00:00.000,165.416,165.626,165.102,165.454,0.022972385
05.04.2023 14:00:00.000,164.675,165.035,164.2,164.605,-0.04250797
05.04.2023 15:00:00.000,164.712,164.916,163.29,163.399,-0.797148963
05.04.2023 16:00:00.000,163.399,163.399,162.89,162.899,-0.305999425
05.04.2023 17:00:00.000,162.899,162.899,161.799,162.328,-0.350523944
05.04.2023 18:00:00.000,162.324,163.09,162.254,162.939,0.378871886
05.04.2023 19:00:00.000,162.938,163.29,162.641,163.218,0.171844505
05.04.2023 20:00:00.000,163.215,163.79,163.066,163.777,0.344331097
06.04.2023 14:00:00.000,162.055,162.7,162.021,162.668,0.378266638
06.04.2023 15:00:00.000,162.675,163.58,162.534,163.265,0.362686338
06.04.2023 16:00:00.000,163.272,164.737,163.175,164.518,0.763143711
06.04.2023 17:00:00.000,164.538,164.947,164.4,164.476,-0.037681265
06.04.2023 18:00:00.000,164.482,164.809,164.3,164.78,0.18117484
06.04.2023 19:00:00.000,164.795,164.93,164.551,164.64,-0.094056252
06.04.2023 20:00:00.000,164.644,164.82,164.307,164.384,-0.157916474
10.04.2023 14:00:00.000,161.522,161.623,160.077,160.493,-0.63706492
10.04.2023 15:00:00.000,160.47,160.817,160.09,160.536,0.041129183
10.04.2023 16:00:00.000,160.548,161.607,160.52,161.1,0.343822408
10.04.2023 17:00:00.000,161.095,161.603,160.593,161.412,0.196778299
10.04.2023 18:00:00.000,161.409,161.604,161.166,161.43,0.013010427
10.04.2023 19:00:00.000,161.437,161.83,161.331,161.716,0.172822835
10.04.2023 20:00:00.000,161.727,161.927,161.482,161.747,0.012366519
11.04.2023 14:00:00.000,162.066,162.093,161.066,161.226,-0.518307356
11.04.2023 15:00:00.000,161.218,161.38,160.556,160.731,-0.302075451
11.04.2023 16:00:00.000,160.727,161.112,160.506,160.981,0.158031942
11.04.2023 17:00:00.000,160.977,161.511,160.839,161.372,0.245376669
11.04.2023 18:00:00.000,161.38,161.806,161.07,161.762,0.23670839
11.04.2023 19:00:00.000,161.784,161.814,161.483,161.577,-0.127948376
11.04.2023 20:00:00.000,161.587,161.615,160.63,160.813,-0.478998929
12.04.2023 14:00:00.000,161.563,161.853,160.494,160.966,-0.369515297
12.04.2023 15:00:00.000,160.958,162.044,160.656,160.658,-0.186384026
12.04.2023 16:00:00.000,160.66,161.65,160.258,161.561,0.560811652
12.04.2023 17:00:00.000,161.561,161.71,161.35,161.53,-0.019187799
12.04.2023 18:00:00.000,161.53,161.801,161.218,161.32,-0.13000681
12.04.2023 19:00:00.000,161.32,161.726,160.403,160.781,-0.334118522
12.04.2023 20:00:00.000,160.766,160.971,159.778,159.971,-0.494507545
13.04.2023 14:00:00.000,162.242,163.223,162.242,162.875,0.390157912
13.04.2023 15:00:00.000,162.885,163.662,162.705,163.176,0.178653651
13.04.2023 16:00:00.000,163.172,163.782,163.137,163.772,0.367710146
13.04.2023 17:00:00.000,163.768,164.181,163.542,164.11,0.208832006
13.04.2023 18:00:00.000,164.107,164.924,163.888,164.874,0.467377991
13.04.2023 19:00:00.000,164.894,165.375,164.793,165.174,0.169806057
13.04.2023 20:00:00.000,165.176,165.798,165.103,165.388,0.128347944
14.04.2023 14:00:00.000,164.965,166.314,164.88,165.762,0.483132786
14.04.2023 15:00:00.000,165.675,166.282,164.564,164.907,-0.463558171
14.04.2023 16:00:00.000,164.9,165.466,164.609,164.905,0.003032141
14.04.2023 17:00:00.000,164.923,164.934,163.835,164,-0.559655112
14.04.2023 18:00:00.000,163.962,164.585,163.929,164.437,0.289701272
14.04.2023 19:00:00.000,164.455,165.425,164.16,164.979,0.318628196
14.04.2023 20:00:00.000,164.985,165.264,164.445,164.94,-0.027275207
17.04.2023 14:00:00.000,165.058,165.357,164.26,164.68,-0.229010408
17.04.2023 15:00:00.000,164.676,165.058,164.061,164.561,-0.069834098
17.04.2023 16:00:00.000,164.567,164.943,164.27,164.456,-0.067449732
17.04.2023 17:00:00.000,164.467,164.537,164.06,164.506,0.023712964
17.04.2023 18:00:00.000,164.511,164.747,164.358,164.372,-0.08449283
17.04.2023 19:00:00.000,164.381,164.711,164.232,164.654,0.166077588
17.04.2023 20:00:00.000,164.648,165.327,164.648,165.214,0.343763666
18.04.2023 14:00:00.000,165.933,167.4,165.933,166.93,0.600844919
18.04.2023 15:00:00.000,166.93,166.935,165.776,165.919,-0.605643084
18.04.2023 16:00:00.000,165.919,166.257,165.642,165.701,-0.131389413
18.04.2023 17:00:00.000,165.698,166.316,165.675,165.76,0.03741747
18.04.2023 18:00:00.000,165.76,166.471,165.698,166.28,0.313706564
18.04.2023 19:00:00.000,166.281,166.737,166.011,166.295,0.008419483
18.04.2023 20:00:00.000,166.303,166.659,166.045,166.435,0.079373192
19.04.2023 14:00:00.000,165.885,166.53,165.815,166.151,0.160352051
19.04.2023 15:00:00.000,166.146,167.188,166.11,166.931,0.472476015
19.04.2023 16:00:00.000,166.938,167.78,166.902,167.595,0.393559285
19.04.2023 17:00:00.000,167.62,168.152,167.417,167.848,0.136021954
19.04.2023 18:00:00.000,167.834,168.08,167.639,167.8,-0.020258112
19.04.2023 19:00:00.000,167.801,168.07,167.593,167.915,0.067937617
19.04.2023 20:00:00.000,167.92,167.936,167.168,167.38,-0.321581706
20.04.2023 14:00:00.000,166.903,167.32,166.46,166.801,-0.061113341
20.04.2023 15:00:00.000,166.806,167.39,166.65,166.847,0.024579452
20.04.2023 16:00:00.000,166.86,167.535,166.518,167.261,0.240321227
20.04.2023 17:00:00.000,167.272,167.863,166.952,167.692,0.251088048
20.04.2023 18:00:00.000,167.741,167.852,167.433,167.472,-0.160366279
20.04.2023 19:00:00.000,167.467,167.49,166.222,166.547,-0.549361964
20.04.2023 20:00:00.000,166.557,166.626,165.553,166.247,-0.186122469
21.04.2023 14:00:00.000,165.494,166.442,164.87,164.894,-0.362550908
21.04.2023 15:00:00.000,164.895,165.673,164.501,164.981,0.052154401
21.04.2023 16:00:00.000,165.005,165.413,164.706,165.21,0.124238659
21.04.2023 17:00:00.000,165.23,165.23,164.746,164.89,-0.20577377
21.04.2023 18:00:00.000,164.888,165.198,164.674,165.07,0.110377954
21.04.2023 19:00:00.000,165.071,165.36,164.874,165.024,-0.028472597
21.04.2023 20:00:00.000,165.024,165.063,164.7,165.044,0.012119449
24.04.2023 14:00:00.000,164.715,165.468,164.708,165.163,0.271984944
24.04.2023 15:00:00.000,165.177,165.42,164.021,164.033,-0.692590373
24.04.2023 16:00:00.000,164.026,164.386,163.889,164.126,0.060965944
24.04.2023 17:00:00.000,164.13,164.616,164.036,164.507,0.229695973
24.04.2023 18:00:00.000,164.518,165.216,164.372,165.135,0.375034951
24.04.2023 19:00:00.000,165.137,165.436,164.972,165.285,0.089622556
24.04.2023 20:00:00.000,165.285,165.59,165.153,165.185,-0.060501558
25.04.2023 14:00:00.000,165.885,166.295,165.615,166.051,0.100069325
25.04.2023 15:00:00.000,165.983,166.269,165.048,165.201,-0.471132586
25.04.2023 16:00:00.000,165.238,165.638,164.776,164.863,-0.226945376
25.04.2023 17:00:00.000,164.856,164.92,164.377,164.611,-0.148614548
25.04.2023 18:00:00.000,164.611,164.813,163.8,163.917,-0.421600015
25.04.2023 19:00:00.000,163.916,164.523,163.751,164,0.05124576
25.04.2023 20:00:00.000,163.996,164.415,163.725,164.106,0.067074807
26.04.2023 14:00:00.000,163.594,164.138,163.254,164.013,0.256121863
26.04.2023 15:00:00.000,163.985,164.27,163.26,164.166,0.110375949
26.04.2023 16:00:00.000,164.198,164.924,164.081,164.846,0.394645489
26.04.2023 17:00:00.000,164.853,165.273,164.129,164.303,-0.333630568
26.04.2023 18:00:00.000,164.303,164.514,163.385,163.514,-0.480210343
26.04.2023 19:00:00.000,163.517,163.866,163.344,163.5,-0.010396473
26.04.2023 20:00:00.000,163.51,163.955,163.306,163.879,0.225674271
27.04.2023 14:00:00.000,165.691,166.13,165.401,165.401,-0.175024594
27.04.2023 15:00:00.000,165.435,166.611,165.387,166.219,0.473902137
27.04.2023 16:00:00.000,166.221,166.904,166.117,166.682,0.277341611
27.04.2023 17:00:00.000,166.676,167.082,166.672,167,0.194389114
27.04.2023 18:00:00.000,166.998,167.442,166.883,167.247,0.149103582
27.04.2023 19:00:00.000,167.254,167.939,167.13,167.872,0.369497889
27.04.2023 20:00:00.000,167.87,168.522,167.827,168.428,0.332400071
28.04.2023 14:00:00.000,168.487,168.592,167.875,168.484,-0.001780553
28.04.2023 15:00:00.000,168.49,169.844,168.238,168.77,0.166181969
28.04.2023 16:00:00.000,168.778,168.826,168.043,168.769,-0.005332449
28.04.2023 17:00:00.000,168.761,168.962,168.325,168.824,0.0373309
28.04.2023 18:00:00.000,168.831,168.88,168.148,168.336,-0.293192601
28.04.2023 19:00:00.000,168.345,168.589,168.12,168.571,0.134248121
28.04.2023 20:00:00.000,168.555,169.375,168.517,169.36,0.477588918
01.05.2023 14:00:00.000,169.409,170.265,169.024,169.47,0.036007532
01.05.2023 15:00:00.000,169.447,169.665,168.64,169.505,0.034228992
01.05.2023 16:00:00.000,169.51,169.82,168.927,169.63,0.070792284
01.05.2023 17:00:00.000,169.631,170.412,169.579,170.361,0.430345868
01.05.2023 18:00:00.000,170.35,170.442,170.07,170.131,-0.128558849
01.05.2023 19:00:00.000,170.132,170.17,169.203,169.53,-0.353842898
01.05.2023 20:00:00.000,169.517,169.755,169.235,169.505,-0.007078936
02.05.2023 14:00:00.000,170.195,170.306,169.404,169.768,-0.250888687
02.05.2023 15:00:00.000,169.799,169.926,168.017,168.278,-0.895764993
02.05.2023 16:00:00.000,168.265,168.36,167.53,167.615,-0.386295427
02.05.2023 17:00:00.000,167.612,168.514,167.555,168.393,0.465957091
02.05.2023 18:00:00.000,168.388,168.939,168.33,168.67,0.167470366
02.05.2023 19:00:00.000,168.679,169.038,168.334,169.019,0.201566289
02.05.2023 20:00:00.000,169.018,169.276,168.419,168.639,-0.224236472
03.05.2023 14:00:00.000,170.22,170.883,170.115,170.754,0.313711667
03.05.2023 15:00:00.000,170.754,170.911,169.56,169.62,-0.664113286
03.05.2023 16:00:00.000,169.612,169.92,169.171,169.92,0.181590925
03.05.2023 17:00:00.000,169.92,170.161,169.521,169.993,0.042961394
03.05.2023 18:00:00.000,169.991,170.284,169.775,169.853,-0.081180768
03.05.2023 19:00:00.000,169.88,170.701,169.06,170.045,0.097127384
03.05.2023 20:00:00.000,170.046,170.45,167.164,167.408,-1.55134493
04.05.2023 14:00:00.000,164.864,165.487,164.31,165.166,0.183181289
04.05.2023 15:00:00.000,165.155,166.191,164.992,165.929,0.468650661
04.05.2023 16:00:00.000,165.903,166.86,165.516,165.757,-0.088003231
04.05.2023 17:00:00.000,165.76,166.622,165.42,166.564,0.48503861
04.05.2023 18:00:00.000,166.599,167.03,166.004,166.367,-0.139256538
04.05.2023 19:00:00.000,166.38,166.39,165.309,165.61,-0.462796009
04.05.2023 20:00:00.000,165.615,166.314,165.074,165.79,0.105666757
05.05.2023 14:00:00.000,172.217,173.74,172.206,173.115,0.521435166
05.05.2023 15:00:00.000,173.119,174.191,172.734,173.55,0.248961697
05.05.2023 16:00:00.000,173.56,174.03,173.325,173.769,0.120419451
05.05.2023 17:00:00.000,173.785,174.04,173.225,173.46,-0.187012688
05.05.2023 18:00:00.000,173.464,174.066,173.232,173.879,0.239242725
05.05.2023 19:00:00.000,173.879,174.17,173.689,174.135,0.14722882
05.05.2023 20:00:00.000,174.14,174.288,173.304,173.649,-0.281957046
08.05.2023 14:00:00.000,172.635,173.553,172.14,172.78,0.083992238
08.05.2023 15:00:00.000,172.775,173.807,172.72,173.464,0.398784546
08.05.2023 16:00:00.000,173.469,173.761,173.145,173.739,0.155647407
08.05.2023 17:00:00.000,173.76,173.813,173.406,173.44,-0.184162063
08.05.2023 18:00:00.000,173.434,173.843,173.345,173.698,0.152219288
08.05.2023 19:00:00.000,173.698,173.789,172.952,173.72,0.012665661
08.05.2023 20:00:00.000,173.72,173.765,173.23,173.609,-0.063895924
09.05.2023 14:00:00.000,173.05,173.105,172.314,172.741,-0.17856111
09.05.2023 15:00:00.000,172.8,172.894,172.135,172.514,-0.165509259
09.05.2023 16:00:00.000,172.505,172.635,171.82,171.847,-0.381438219
09.05.2023 17:00:00.000,171.85,172.43,171.812,172.37,0.302589468
09.05.2023 18:00:00.000,172.365,172.476,171.96,172.073,-0.169407942
09.05.2023 19:00:00.000,172.095,172.352,171.92,172.061,-0.01975653
09.05.2023 20:00:00.000,172.062,172.22,171.84,171.9,-0.094152108
10.05.2023 14:00:00.000,173.865,173.901,172.554,172.971,-0.514192046
10.05.2023 15:00:00.000,172.983,173.693,172.286,172.554,-0.248001249
10.05.2023 16:00:00.000,172.553,173.817,172.535,173.469,0.530851391
10.05.2023 17:00:00.000,173.48,173.48,172.725,172.806,-0.388517408
10.05.2023 18:00:00.000,172.803,172.94,171.894,172.26,-0.314230656
10.05.2023 19:00:00.000,172.257,173.153,172.256,173.067,0.470227625
10.05.2023 20:00:00.000,173.066,173.878,172.939,173.526,0.265794552
11.05.2023 14:00:00.000,173.15,173.314,172.179,172.272,-0.507074791
11.05.2023 15:00:00.000,172.271,173.238,172.156,173.216,0.548554313
11.05.2023 16:00:00.000,173.235,173.874,173.16,173.587,0.203192196
11.05.2023 17:00:00.000,173.595,174.012,173.335,173.757,0.09332066
11.05.2023 18:00:00.000,173.769,173.934,173.056,173.664,-0.060425047
11.05.2023 19:00:00.000,173.657,174.558,173.558,174.357,0.403093454
11.05.2023 20:00:00.000,174.372,174.385,173.499,173.707,-0.381368568
12.05.2023 14:00:00.000,173.833,173.865,172.946,173.153,-0.391180041
12.05.2023 15:00:00.000,173.06,173.24,172.325,172.766,-0.169883277
12.05.2023 16:00:00.000,172.776,172.966,172.311,172.658,-0.068296523
12.05.2023 17:00:00.000,172.661,172.68,171.478,171.528,-0.656199142
12.05.2023 18:00:00.000,171.524,172.01,171.207,171.28,-0.142254145
12.05.2023 19:00:00.000,171.273,171.746,170.991,171.656,0.223619601
12.05.2023 20:00:00.000,171.67,172.588,171.558,172.577,0.528339256
15.05.2023 14:00:00.000,172.928,173.041,171.823,171.987,-0.544157106
15.05.2023 15:00:00.000,171.973,172.264,171.456,171.899,-0.043030011
15.05.2023 16:00:00.000,171.9,172.417,171.876,172.357,0.26585224
15.05.2023 17:00:00.000,172.358,172.424,171.943,172.188,-0.098631917
15.05.2023 18:00:00.000,172.186,172.297,171.521,171.846,-0.197460885
15.05.2023 19:00:00.000,171.873,172.015,171.646,171.731,-0.082619143
15.05.2023 20:00:00.000,171.728,172.178,171.672,172.089,0.210216156
16.05.2023 14:00:00.000,172.43,173.125,172.259,172.612,0.105550078
16.05.2023 15:00:00.000,172.632,172.683,171.866,172.274,-0.207377543
16.05.2023 16:00:00.000,172.287,172.337,171.821,172.215,-0.041790733
16.05.2023 17:00:00.000,172.22,172.496,171.959,172.17,-0.029032633
16.05.2023 18:00:00.000,172.183,172.338,172.039,172.294,0.064466295
16.05.2023 19:00:00.000,172.301,172.468,171.781,172.387,0.049912653
16.05.2023 20:00:00.000,172.396,172.723,172.016,172.148,-0.143854846
17.05.2023 14:00:00.000,171.54,171.888,170.426,170.511,-0.599860091
17.05.2023 15:00:00.000,170.51,171.215,170.428,171.034,0.307313354
17.05.2023 16:00:00.000,171.038,171.255,170.466,171.066,0.016370631
17.05.2023 17:00:00.000,171.066,171.734,170.825,171.618,0.322682473
17.05.2023 18:00:00.000,171.633,172.85,171.594,172.82,0.691591943
17.05.2023 19:00:00.000,172.816,172.841,171.937,172.116,-0.405055087
17.05.2023 20:00:00.000,172.124,172.903,171.924,172.851,0.422369919
18.05.2023 14:00:00.000,173.153,173.426,172.575,173.085,-0.039271627
18.05.2023 15:00:00.000,173.078,174.35,172.82,174.271,0.6892846
18.05.2023 16:00:00.000,174.287,174.985,174.253,174.795,0.29147326
18.05.2023 17:00:00.000,174.776,174.871,174.121,174.3,-0.272348606
18.05.2023 18:00:00.000,174.273,174.833,173.75,173.823,-0.258215558
18.05.2023 19:00:00.000,173.816,174.668,173.676,174.425,0.350370507
18.05.2023 20:00:00.000,174.421,175.105,174.211,174.887,0.267169664
19.05.2023 14:00:00.000,175.855,176.14,175.521,175.97,0.065394785
19.05.2023 15:00:00.000,175.976,176.28,175.396,175.703,-0.155134791
19.05.2023 16:00:00.000,175.703,176.017,175.202,175.64,-0.035855961
19.05.2023 17:00:00.000,175.636,175.82,175.09,175.32,-0.179917557
19.05.2023 18:00:00.000,175.321,175.88,175.252,175.315,-0.003422294
19.05.2023 19:00:00.000,175.307,175.6,175.083,175.526,0.124923705
19.05.2023 20:00:00.000,175.521,175.584,174.947,175.21,-0.177186775
22.05.2023 14:00:00.000,174.355,174.7,173.979,174,-0.203607582
22.05.2023 15:00:00.000,174,174.37,173.45,173.899,-0.058045977
22.05.2023 16:00:00.000,173.916,174.582,173.828,174.323,0.234021022
22.05.2023 17:00:00.000,174.336,174.438,173.903,174.202,-0.076863069
22.05.2023 18:00:00.000,174.216,174.51,173.869,174.22,0.002296
22.05.2023 19:00:00.000,174.23,174.606,174.093,174.374,0.082649372
22.05.2023 20:00:00.000,174.366,174.486,174.023,174.209,-0.09004049
23.05.2023 14:00:00.000,172.875,173.347,172.538,172.929,0.031236443
23.05.2023 15:00:00.000,172.94,173.185,172.678,172.902,-0.021972939
23.05.2023 16:00:00.000,172.911,173.177,172.525,172.71,-0.116244773
23.05.2023 17:00:00.000,172.708,172.809,171.765,171.939,-0.445260208
23.05.2023 18:00:00.000,171.917,172.48,171.847,172.178,0.151817447
23.05.2023 19:00:00.000,172.172,172.304,171.488,171.819,-0.205027531
23.05.2023 20:00:00.000,171.805,172.017,171.275,171.778,-0.015715491
24.05.2023 14:00:00.000,171.795,172.226,171.574,171.849,0.031432812
24.05.2023 15:00:00.000,171.825,171.891,170.971,171.25,-0.334642805
24.05.2023 16:00:00.000,171.25,171.655,170.759,170.998,-0.147153285
24.05.2023 17:00:00.000,170.995,171.315,170.531,171.08,0.049709056
24.05.2023 18:00:00.000,171.09,171.773,170.842,171.626,0.313285405
24.05.2023 19:00:00.000,171.62,171.755,171.03,171.32,-0.174804801
24.05.2023 20:00:00.000,171.316,172.41,171.144,171.92,0.352564851
25.05.2023 14:00:00.000,172.162,173.11,172.147,172.512,0.203296895
25.05.2023 15:00:00.000,172.48,172.846,171.682,172.42,-0.034786642
25.05.2023 16:00:00.000,172.427,172.782,171.747,172.31,-0.067854802
25.05.2023 17:00:00.000,172.31,173.712,172.305,173.09,0.452672509
25.05.2023 18:00:00.000,173.09,173.455,172.835,173.372,0.162921024
25.05.2023 19:00:00.000,173.37,173.883,172.695,172.822,-0.316086982
25.05.2023 20:00:00.000,172.82,173.852,172.812,173.15,0.190950122
26.05.2023 14:00:00.000,173.45,174.744,173.385,174.585,0.654367253
26.05.2023 15:00:00.000,174.574,175.57,174.52,175.43,0.490336476
26.05.2023 16:00:00.000,175.439,175.76,174.874,175.124,-0.179549587
26.05.2023 17:00:00.000,175.119,175.344,175.01,175.226,0.061101308
26.05.2023 18:00:00.000,175.23,175.526,175.11,175.216,-0.0079895
26.05.2023 19:00:00.000,175.234,175.254,174.835,175.115,-0.067909196
26.05.2023 20:00:00.000,175.124,175.659,174.953,175.409,0.162741829
30.05.2023 14:00:00.000,177.976,178.95,176.902,177.705,-0.152267721
30.05.2023 15:00:00.000,177.72,178.08,176.957,177.433,-0.161489984
30.05.2023 16:00:00.000,177.433,177.786,176.745,177.305,-0.072139906
30.05.2023 17:00:00.000,177.307,177.96,177.084,177.846,0.30399251
30.05.2023 18:00:00.000,177.835,177.855,176.802,176.945,-0.500463913
30.05.2023 19:00:00.000,176.927,177.847,176.591,177.462,0.302384599
30.05.2023 20:00:00.000,177.456,177.675,177.032,177.063,-0.221463349
31.05.2023 14:00:00.000,178.08,179.064,177.599,178.929,0.476752022
31.05.2023 15:00:00.000,178.953,179.34,177.41,178.335,-0.345342073
31.05.2023 16:00:00.000,178.35,179.05,178.054,178.873,0.293243622
31.05.2023 17:00:00.000,178.873,179.03,178.477,178.725,-0.082740268
31.05.2023 18:00:00.000,178.715,179.295,178.555,179.06,0.193044792
31.05.2023 19:00:00.000,179.064,179.28,178.546,178.74,-0.180940893
31.05.2023 20:00:00.000,178.76,179.29,177.36,177.535,-0.685276348
01.06.2023 14:00:00.000,177.546,177.686,176.913,177.285,-0.147004157
01.06.2023 15:00:00.000,177.36,179.28,177.251,178.946,0.894226432
01.06.2023 16:00:00.000,178.962,179.636,178.767,179.578,0.34420715
01.06.2023 17:00:00.000,179.588,179.988,179.582,179.9,0.173730984
01.06.2023 18:00:00.000,179.905,179.992,179.463,179.879,-0.014452072
01.06.2023 19:00:00.000,179.872,180.063,179.58,179.808,-0.035580857
01.06.2023 20:00:00.000,179.81,179.997,179.216,179.795,-0.008342139
02.06.2023 14:00:00.000,181.4,181.404,179.694,179.775,-0.895810364
02.06.2023 15:00:00.000,179.795,180.595,179.244,180.527,0.407130343
02.06.2023 16:00:00.000,180.529,180.987,180.136,180.975,0.24705172
02.06.2023 17:00:00.000,180.975,181.042,180.476,180.844,-0.072385689
02.06.2023 18:00:00.000,180.844,180.88,180.3,180.49,-0.195748822
02.06.2023 19:00:00.000,180.494,180.82,180.059,180.62,0.069808415
02.06.2023 20:00:00.000,180.639,181.058,180.584,180.999,0.199292512
05.06.2023 14:00:00.000,183.4,183.855,182.715,183.35,-0.027262814
05.06.2023 15:00:00.000,183.385,184.35,183.26,184.254,0.473866456
05.06.2023 16:00:00.000,184.256,184.338,183.929,184.075,-0.098232893
05.06.2023 17:00:00.000,184.099,184.71,183.989,184.567,0.254211049
05.06.2023 18:00:00.000,184.554,184.947,182.032,182.788,-0.956901503
05.06.2023 19:00:00.000,182.794,183.674,180.079,181.69,-0.603958554
05.06.2023 20:00:00.000,181.645,181.745,178.025,179.37,-1.252442952
06.06.2023 14:00:00.000,178.21,178.755,177.573,177.885,-0.182369115
06.06.2023 15:00:00.000,177.865,179.203,177.424,178.506,0.360385686
06.06.2023 16:00:00.000,178.515,178.84,177.649,178.825,0.173654875
06.06.2023 17:00:00.000,178.825,179.106,178.034,178.085,-0.413812386
06.06.2023 18:00:00.000,178.073,179.276,178.073,178.835,0.427914395
06.06.2023 19:00:00.000,178.839,179.465,178.698,179.376,0.300270075
06.06.2023 20:00:00.000,179.38,179.686,179.04,179.195,-0.103133014
07.06.2023 14:00:00.000,180.323,181.199,180.058,180.408,0.047137636
07.06.2023 15:00:00.000,180.333,180.628,178.485,178.718,-0.895565426
07.06.2023 16:00:00.000,178.715,179.596,178.562,178.879,0.09176622
07.06.2023 17:00:00.000,178.89,179.046,177.997,178.116,-0.43266812
07.06.2023 18:00:00.000,178.112,178.466,177.318,177.788,-0.181908013
07.06.2023 19:00:00.000,177.791,178.282,177.619,178.24,0.252543717
07.06.2023 20:00:00.000,178.24,178.5,177.413,177.665,-0.322598743
08.06.2023 14:00:00.000,178.255,178.692,177.762,177.872,-0.214860733
08.06.2023 15:00:00.000,177.88,179.187,177.489,179.107,0.68979087
08.06.2023 16:00:00.000,179.12,179.867,178.961,179.515,0.220522555
08.06.2023 17:00:00.000,179.49,179.988,179.303,179.605,0.064070422
08.06.2023 18:00:00.000,179.605,179.863,179.015,179.524,-0.045098967
08.06.2023 19:00:00.000,179.531,180.243,179.458,179.919,0.216118665
08.06.2023 20:00:00.000,179.945,180.828,179.731,180.502,0.309539026
09.06.2023 14:00:00.000,181.72,182.18,181.23,181.579,-0.0775919
09.06.2023 15:00:00.000,181.57,182.097,180.985,181.415,-0.085366525
09.06.2023 16:00:00.000,181.38,182.064,180.865,180.88,-0.275664351
09.06.2023 17:00:00.000,180.878,181.56,180.62,181.387,0.281405146
09.06.2023 18:00:00.000,181.39,182.024,181.283,182.016,0.345112741
09.06.2023 19:00:00.000,182.025,182.224,181.748,182.026,0.000549375
09.06.2023 20:00:00.000,182.024,182.08,181.004,181.008,-0.558168154
12.06.2023 14:00:00.000,181.815,181.968,181.266,181.439,-0.206803619
12.06.2023 15:00:00.000,181.408,181.953,180.968,181.761,0.194588993
12.06.2023 16:00:00.000,181.758,182.515,181.718,182.324,0.311403074
12.06.2023 17:00:00.000,182.325,182.497,182.114,182.39,0.035650624
12.06.2023 18:00:00.000,182.388,182.763,182.352,182.731,0.188060618
12.06.2023 19:00:00.000,182.747,183.116,182.619,183.098,0.192068816
12.06.2023 20:00:00.000,183.111,183.687,183.005,183.585,0.25885938
13.06.2023 14:00:00.000,183.89,184.09,182.818,183.222,-0.363260645
13.06.2023 15:00:00.000,183.24,183.605,182.462,182.939,-0.164265444
13.06.2023 16:00:00.000,182.946,183.751,182.808,183.105,0.086910892
13.06.2023 17:00:00.000,183.103,183.526,182.963,183.453,0.191149244
13.06.2023 18:00:00.000,183.461,183.547,182.753,183.018,-0.241468214
13.06.2023 19:00:00.000,183.026,183.086,182.433,182.907,-0.065018085
13.06.2023 20:00:00.000,182.903,183.376,182.673,183.375,0.258060283
14.06.2023 14:00:00.000,183.333,184.023,183.09,183.9,0.30927329
14.06.2023 15:00:00.000,183.938,184.322,183.673,183.775,-0.088616817
14.06.2023 16:00:00.000,183.772,184.372,183.518,184.085,0.170319744
14.06.2023 17:00:00.000,184.088,184.244,183.838,184.08,-0.004345748
14.06.2023 18:00:00.000,184.08,184.08,183.502,183.711,-0.200456323
14.06.2023 19:00:00.000,183.716,184.123,182.036,183.56,-0.084913671
14.06.2023 20:00:00.000,183.58,184.188,182.94,183.48,-0.054472165
15.06.2023 14:00:00.000,184.416,185.19,183.971,185.19,0.41970328
15.06.2023 15:00:00.000,185.21,185.846,184.993,185.415,0.110685168
15.06.2023 16:00:00.000,185.41,185.952,185.23,185.535,0.067418154
15.06.2023 17:00:00.000,185.533,185.551,185.03,185.098,-0.234459638
15.06.2023 18:00:00.000,185.093,185.739,184.568,185.67,0.311735182
15.06.2023 19:00:00.000,185.675,186.505,185.449,186.335,0.355459809
15.06.2023 20:00:00.000,186.335,186.435,185.698,186.04,-0.15831701
16.06.2023 14:00:00.000,185.25,185.682,184.983,185.202,-0.025910931
16.06.2023 15:00:00.000,185.195,185.961,185.135,185.731,0.28942466
16.06.2023 16:00:00.000,185.748,186.11,185.305,185.762,0.007537093
16.06.2023 17:00:00.000,185.77,185.976,185.501,185.918,0.079668407
16.06.2023 18:00:00.000,185.927,186.024,185.458,185.569,-0.192548688
16.06.2023 19:00:00.000,185.57,185.614,184.858,184.895,-0.36374414
16.06.2023 20:00:00.000,184.891,185.093,184.659,184.802,-0.04813647
20.06.2023 14:00:00.000,185.752,186.075,185.23,185.274,-0.257332357
20.06.2023 15:00:00.000,185.294,185.962,184.501,184.847,-0.241238248
20.06.2023 16:00:00.000,184.861,185.351,184.79,184.969,0.058422274
20.06.2023 17:00:00.000,184.968,186.081,184.888,185.742,0.418450759
20.06.2023 18:00:00.000,185.742,186.039,185.473,185.537,-0.110368145
20.06.2023 19:00:00.000,185.523,185.839,185.22,185.467,-0.030184937
20.06.2023 20:00:00.000,185.467,185.529,185.043,185.202,-0.142882561
21.06.2023 14:00:00.000,185.27,185.393,183.876,184.103,-0.62989151
21.06.2023 15:00:00.000,184.077,184.395,183.191,183.494,-0.316715288
21.06.2023 16:00:00.000,183.485,183.805,182.589,183.25,-0.128075865
21.06.2023 17:00:00.000,183.244,184.325,183.136,184.231,0.538626094
21.06.2023 18:00:00.000,184.221,184.648,183.962,184.587,0.198674418
21.06.2023 19:00:00.000,184.591,185.186,184.428,184.908,0.171731016
21.06.2023 20:00:00.000,184.908,184.908,183.999,184.122,-0.425076254
22.06.2023 14:00:00.000,184.61,185.55,184.494,185.433,0.445804669
22.06.2023 15:00:00.000,185.448,185.985,185.01,185.928,0.258832665
22.06.2023 16:00:00.000,185.904,186.723,185.89,186.34,0.23452965
22.06.2023 17:00:00.000,186.335,186.353,185.73,186.11,-0.120750262
22.06.2023 18:00:00.000,186.121,186.485,185.599,186.42,0.16064818
22.06.2023 19:00:00.000,186.436,186.713,186.211,186.696,0.139458045
22.06.2023 20:00:00.000,186.702,186.87,186.271,186.86,0.084626838
23.06.2023 14:00:00.000,186.014,186.131,185.005,185.275,-0.397281925
23.06.2023 15:00:00.000,185.255,186.348,185.01,186.235,0.529000567
23.06.2023 16:00:00.000,186.27,186.687,185.906,186.55,0.150319429
23.06.2023 17:00:00.000,186.564,187.134,186.535,186.981,0.223515791
23.06.2023 18:00:00.000,186.993,187.556,186.973,187.347,0.189311899
23.06.2023 19:00:00.000,187.322,187.424,186.572,186.7,-0.332048558
23.06.2023 20:00:00.000,186.703,187.249,186.375,186.632,-0.038028312
26.06.2023 14:00:00.000,186.973,187.82,186.802,187.57,0.319297439
26.06.2023 15:00:00.000,187.573,188.043,186.962,187.613,0.021325031
26.06.2023 16:00:00.000,187.62,187.623,186.404,186.882,-0.393348257
26.06.2023 17:00:00.000,186.867,186.961,185.65,186.037,-0.444166172
26.06.2023 18:00:00.000,186.04,186.04,185.605,185.819,-0.118791658
26.06.2023 19:00:00.000,185.827,186.405,185.765,186.137,0.166821829
26.06.2023 20:00:00.000,186.145,186.239,185.41,185.506,-0.343280776
27.06.2023 14:00:00.000,186.24,187.036,186.24,186.895,0.351696735
27.06.2023 15:00:00.000,186.861,186.981,186.233,186.715,-0.078132944
27.06.2023 16:00:00.000,186.717,187.203,186.043,187.106,0.208336681
27.06.2023 17:00:00.000,187.107,187.833,187.031,187.662,0.296621719
27.06.2023 18:00:00.000,187.656,188.184,187.511,188.117,0.245662276
27.06.2023 19:00:00.000,188.12,188.275,187.926,188.01,-0.058473315
27.06.2023 20:00:00.000,188.025,188.378,188.018,188.087,0.032974339
28.06.2023 14:00:00.000,188.08,188.624,187.598,188.165,0.045193535
28.06.2023 15:00:00.000,188.142,189.338,187.79,189.126,0.523009216
28.06.2023 16:00:00.000,189.13,189.548,188.935,189.368,0.12583937
28.06.2023 17:00:00.000,189.365,189.893,188.276,188.515,-0.448868587
28.06.2023 18:00:00.000,188.496,189.222,188.374,188.948,0.239792887
28.06.2023 19:00:00.000,188.941,189.502,188.89,188.962,0.011114581
28.06.2023 20:00:00.000,188.945,189.149,188.351,188.795,-0.079388182
29.06.2023 14:00:00.000,189.854,190.03,189.267,189.68,-0.091649373
29.06.2023 15:00:00.000,189.68,189.972,188.927,189.352,-0.172922817
29.06.2023 16:00:00.000,189.336,189.907,189.253,189.771,0.229750285
29.06.2023 17:00:00.000,189.77,189.898,189.185,189.334,-0.229751805
29.06.2023 18:00:00.000,189.316,189.569,189.118,189.42,0.054934607
29.06.2023 19:00:00.000,189.443,189.783,189.187,189.73,0.151496756
29.06.2023 20:00:00.000,189.725,189.78,189.22,189.25,-0.250362367
30.06.2023 14:00:00.000,191.661,192.621,191.52,192.44,0.406446799
30.06.2023 15:00:00.000,192.44,193.13,192.14,192.531,0.047287466
30.06.2023 16:00:00.000,192.526,192.796,191.974,192.338,-0.097649149
30.06.2023 17:00:00.000,192.336,192.873,192.215,192.676,0.176773979
30.06.2023 18:00:00.000,192.67,193.107,192.63,193.076,0.210722998
30.06.2023 19:00:00.000,193.077,193.179,192.81,192.998,-0.040916318
30.06.2023 20:00:00.000,193.002,194.454,192.891,194.345,0.695847711
03.07.2023 14:00:00.000,193.34,193.63,192.796,192.95,-0.201717182
03.07.2023 15:00:00.000,192.92,193.142,191.762,191.97,-0.492432096
03.07.2023 16:00:00.000,191.977,192.494,191.905,192.219,0.126056767
03.07.2023 17:00:00.000,192.219,192.535,191.995,192.455,0.122776625
03.07.2023 18:00:00.000,192.465,192.525,192.08,192.4,-0.033772374
05.07.2023 14:00:00.000,192.175,192.961,192.034,192.223,0.024977234
05.07.2023 15:00:00.000,192.22,192.732,192.024,192.342,0.063468942
05.07.2023 16:00:00.000,192.342,192.36,190.908,190.919,-0.739828015
05.07.2023 17:00:00.000,190.92,191.295,190.665,191.14,0.115231511
05.07.2023 18:00:00.000,191.13,191.276,190.857,190.934,-0.102548004
05.07.2023 19:00:00.000,190.935,191.421,190.618,191.305,0.193783225
05.07.2023 20:00:00.000,191.305,191.486,191.222,191.297,-0.004181804
06.07.2023 14:00:00.000,189.782,190.44,189.202,189.912,0.068499647
06.07.2023 15:00:00.000,189.92,190.182,189.501,189.543,-0.198504634
06.07.2023 16:00:00.000,189.54,190.599,189.527,190.492,0.50226865
06.07.2023 17:00:00.000,190.487,191.167,190.485,190.97,0.25356061
06.07.2023 18:00:00.000,190.989,191.407,190.74,191.396,0.213101278
06.07.2023 19:00:00.000,191.405,191.527,190.91,191.419,0.007314333
06.07.2023 20:00:00.000,191.42,191.907,191.309,191.652,0.121199457
07.07.2023 14:00:00.000,191.265,191.661,190.71,191.535,0.141165399
07.07.2023 15:00:00.000,191.53,191.716,190.243,190.68,-0.443794706
07.07.2023 16:00:00.000,190.67,191.782,190.667,191.742,0.562227933
07.07.2023 17:00:00.000,191.775,192.49,191.773,192.31,0.278972755
07.07.2023 18:00:00.000,192.31,192.649,192.158,192.313,0.001559981
07.07.2023 19:00:00.000,192.311,192.487,192.169,192.253,-0.030159481
07.07.2023 20:00:00.000,192.259,192.369,190.82,190.849,-0.733385693
10.07.2023 14:00:00.000,189.058,189.438,187.158,187.595,-0.7738366
10.07.2023 15:00:00.000,187.61,189.505,187.61,188.153,0.289430201
10.07.2023 16:00:00.000,188.145,188.439,187.515,187.518,-0.333253608
10.07.2023 17:00:00.000,187.531,188.125,187.029,188.04,0.271421792
10.07.2023 18:00:00.000,188.015,188.34,187.755,188.281,0.141478074
10.07.2023 19:00:00.000,188.281,188.704,187.984,188.57,0.15349398
10.07.2023 20:00:00.000,188.587,188.705,188.108,188.583,-0.002121037
11.07.2023 14:00:00.000,188.596,189.021,187.594,187.825,-0.408810367
11.07.2023 15:00:00.000,187.819,188.563,187.448,188.151,0.176765929
11.07.2023 16:00:00.000,188.169,188.463,187.265,188.19,0.01116018
11.07.2023 17:00:00.000,188.227,188.374,187.46,187.7,-0.279981087
11.07.2023 18:00:00.000,187.675,187.785,187.166,187.473,-0.107632876
11.07.2023 19:00:00.000,187.459,187.515,186.587,187.353,-0.056545698
11.07.2023 20:00:00.000,187.34,188.255,186.969,187.926,0.312800256
12.07.2023 14:00:00.000,190.161,191.688,190.161,190.694,0.280288808
12.07.2023 15:00:00.000,190.703,190.978,189.558,189.666,-0.543777497
12.07.2023 16:00:00.000,189.668,189.896,188.468,188.627,-0.548853787
12.07.2023 17:00:00.000,188.621,189.812,188.56,189.361,0.39232111
12.07.2023 18:00:00.000,189.363,190.018,189.358,189.92,0.294144051
12.07.2023 19:00:00.000,189.92,190.396,189.814,189.982,0.032645324
12.07.2023 20:00:00.000,189.978,190.223,189.668,189.813,-0.086852162
13.07.2023 14:00:00.000,190.355,191.083,190.18,190.309,-0.024165375
13.07.2023 15:00:00.000,190.31,190.763,189.77,190.318,0.004203668
13.07.2023 16:00:00.000,190.32,190.704,190.041,190.633,0.164459857
13.07.2023 17:00:00.000,190.633,190.839,190.328,190.418,-0.112782152
13.07.2023 18:00:00.000,190.41,190.745,190.34,190.57,0.0840292
13.07.2023 19:00:00.000,190.57,190.87,190.496,190.668,0.051424673
13.07.2023 20:00:00.000,190.671,191.182,190.622,190.85,0.093878985
14.07.2023 14:00:00.000,190.26,190.984,190.196,190.795,0.281194155
14.07.2023 15:00:00.000,190.716,191.179,190.396,190.604,-0.058726064
14.07.2023 16:00:00.000,190.634,190.714,190.28,190.478,-0.081832202
14.07.2023 17:00:00.000,190.487,190.491,189.721,190.011,-0.249885819
14.07.2023 18:00:00.000,190.016,190.408,189.634,190.213,0.10367548
14.07.2023 19:00:00.000,190.197,190.569,189.967,190.035,-0.085174845
14.07.2023 20:00:00.000,190.043,190.529,189.772,190.393,0.184168846
17.07.2023 14:00:00.000,192.674,193.425,192.139,192.505,-0.087712924
17.07.2023 15:00:00.000,192.51,193.124,192.51,192.949,0.228040102
17.07.2023 16:00:00.000,192.95,193.28,192.736,193.228,0.144078777
17.07.2023 17:00:00.000,193.234,193.248,192.397,192.897,-0.17439995
17.07.2023 18:00:00.000,192.9,193.483,192.839,193.309,0.212026957
17.07.2023 19:00:00.000,193.3,193.783,193.17,193.672,0.192446974
17.07.2023 20:00:00.000,193.667,194.31,193.66,194.07,0.208089143
18.07.2023 14:00:00.000,192.975,193.48,192.795,193.331,0.184479855
18.07.2023 15:00:00.000,193.305,193.555,192.8,193.363,0.030004397
18.07.2023 16:00:00.000,193.379,193.64,192.756,193.195,-0.095149939
18.07.2023 17:00:00.000,193.208,193.233,192.413,192.505,-0.363856569
18.07.2023 18:00:00.000,192.514,193.164,192.499,192.98,0.242060318
18.07.2023 19:00:00.000,192.984,193.963,192.941,193.784,0.414542138
18.07.2023 20:00:00.000,193.793,194.248,193.521,194.135,0.176476963
19.07.2023 14:00:00.000,193.008,193.442,192.698,192.81,-0.102586421
19.07.2023 15:00:00.000,192.821,193.341,192.642,192.944,0.063789732
19.07.2023 16:00:00.000,192.95,193.594,192.815,193.37,0.217672972
19.07.2023 17:00:00.000,193.365,198.195,193.355,195.07,0.881752127
19.07.2023 18:00:00.000,195.079,195.176,194.054,194.795,-0.145582046
19.07.2023 19:00:00.000,194.8,195.545,194.258,195.54,0.379876797
19.07.2023 20:00:00.000,195.54,195.71,194.92,194.948,-0.302751355
20.07.2023 14:00:00.000,195.891,196.443,195.588,195.73,-0.082188564
20.07.2023 15:00:00.000,195.75,195.75,193.949,194.44,-0.669220945
20.07.2023 16:00:00.000,194.432,195.136,194.203,194.921,0.25150181
20.07.2023 17:00:00.000,194.918,195.576,194.29,194.473,-0.228301132
20.07.2023 18:00:00.000,194.45,194.542,193.884,194.3,-0.077140653
20.07.2023 19:00:00.000,194.299,194.355,193.106,193.269,-0.530110809
20.07.2023 20:00:00.000,193.275,193.44,192.492,193.2,-0.038804812
21.07.2023 14:00:00.000,194.632,194.945,193.745,193.788,-0.433638867
21.07.2023 15:00:00.000,193.775,193.963,192.801,193.15,-0.322539027
21.07.2023 16:00:00.000,193.15,193.819,192.695,193.1,-0.025886617
21.07.2023 17:00:00.000,193.105,193.148,191.954,192.175,-0.481603273
21.07.2023 18:00:00.000,192.18,193.212,192.086,193.105,0.481319596
21.07.2023 19:00:00.000,193.123,193.177,192.376,192.579,-0.281685765
21.07.2023 20:00:00.000,192.567,192.677,191.321,191.951,-0.319888662
24.07.2023 14:00:00.000,194.425,194.894,193.175,193.49,-0.480905233
24.07.2023 15:00:00.000,193.472,193.815,192.948,193.37,-0.052720807
24.07.2023 16:00:00.000,193.379,193.725,192.83,193.119,-0.134451
24.07.2023 17:00:00.000,193.105,193.42,192.89,193.059,-0.023821237
24.07.2023 18:00:00.000,193.061,193.104,192.759,192.955,-0.054904926
24.07.2023 19:00:00.000,192.97,193.451,192.595,192.755,-0.111416282
24.07.2023 20:00:00.000,192.754,192.872,192.292,192.3,-0.235533374
25.07.2023 14:00:00.000,193.257,194.001,193.086,193.936,0.351345617
25.07.2023 15:00:00.000,193.938,194.187,193.216,193.277,-0.340830575
25.07.2023 16:00:00.000,193.273,194.108,193.242,193.76,0.251975185
25.07.2023 17:00:00.000,193.76,193.958,193.607,193.91,0.077415359
25.07.2023 18:00:00.000,193.911,194.236,193.841,193.972,0.031457731
25.07.2023 19:00:00.000,193.972,194.431,193.861,193.934,-0.019590456
25.07.2023 20:00:00.000,193.934,194.411,193.836,193.836,-0.050532655
26.07.2023 14:00:00.000,193.478,193.925,193.311,193.648,0.087865287
26.07.2023 15:00:00.000,193.648,194.71,193.648,194.41,0.39349748
26.07.2023 16:00:00.000,194.38,194.823,194.019,194.765,0.198065645
26.07.2023 17:00:00.000,194.765,194.925,194.176,194.37,-0.202808513
26.07.2023 18:00:00.000,194.347,194.446,194.044,194.139,-0.107025063
26.07.2023 19:00:00.000,194.135,195.621,193.955,195.03,0.461019394
26.07.2023 20:00:00.000,195.069,195.17,193.682,194.191,-0.450097145
27.07.2023 14:00:00.000,196.85,197.19,196.423,196.9,0.025400051
27.07.2023 15:00:00.000,196.898,197.035,195.44,195.54,-0.689697204
27.07.2023 16:00:00.000,195.54,196.432,195.506,195.837,0.151887082
27.07.2023 17:00:00.000,195.835,196.417,195.822,196.063,0.116424541
27.07.2023 18:00:00.000,196.082,196.25,194.495,194.67,-0.720106894
27.07.2023 19:00:00.000,194.663,194.865,192.915,192.96,-0.874845245
27.07.2023 20:00:00.000,192.92,193.63,192.583,193.145,0.116628654
28.07.2023 14:00:00.000,195.245,195.971,195.045,195.64,0.202309918
28.07.2023 15:00:00.000,195.628,196.14,195.298,195.718,0.046005684
28.07.2023 16:00:00.000,195.731,196.623,195.7,196.458,0.371428134
28.07.2023 17:00:00.000,196.498,196.511,195.879,195.932,-0.288043644
28.07.2023 18:00:00.000,195.93,195.943,195.041,195.72,-0.107181136
28.07.2023 19:00:00.000,195.72,196.19,195.545,195.915,0.099632128
28.07.2023 20:00:00.000,195.926,196.148,195.421,195.782,-0.073497137
31.07.2023 14:00:00.000,195.57,196.175,195.384,195.589,0.009715191
31.07.2023 15:00:00.000,195.578,196.422,195.25,196.262,0.349732588
31.07.2023 16:00:00.000,196.267,196.485,195.945,196.134,-0.067764831
31.07.2023 17:00:00.000,196.134,196.282,195.769,195.9,-0.119306189
31.07.2023 18:00:00.000,195.897,196.378,195.775,196.218,0.163861621
31.07.2023 19:00:00.000,196.237,196.367,195.927,196.295,0.029556098
31.07.2023 20:00:00.000,196.295,196.303,195.78,196.03,-0.135000892
01.08.2023 14:00:00.000,196.381,196.72,196.183,196.434,0.026988354
01.08.2023 15:00:00.000,196.463,196.659,195.261,195.791,-0.342049139
01.08.2023 16:00:00.000,195.818,196.171,195.602,195.913,0.048514437
01.08.2023 17:00:00.000,195.913,195.922,195.341,195.767,-0.074522875
01.08.2023 18:00:00.000,195.772,196.13,195.512,196.06,0.147109903
01.08.2023 19:00:00.000,196.059,196.267,195.676,195.887,-0.087728694
01.08.2023 20:00:00.000,195.88,196.098,195.713,195.74,-0.07147233
02.08.2023 14:00:00.000,194.175,194.175,193.379,193.98,-0.100424874
02.08.2023 15:00:00.000,193.985,194.265,192.744,192.809,-0.606232441
02.08.2023 16:00:00.000,192.795,193.269,192.52,192.579,-0.112036101
02.08.2023 17:00:00.000,192.568,192.819,191.844,192.819,0.130343567
02.08.2023 18:00:00.000,192.819,193.246,192.69,192.839,0.010372422
02.08.2023 19:00:00.000,192.829,193.249,192.584,192.769,-0.031115652
02.08.2023 20:00:00.000,192.765,192.97,192.215,192.679,-0.044613908
03.08.2023 14:00:00.000,191.31,192.266,191.12,191.695,0.201244054
03.08.2023 15:00:00.000,191.694,192.028,190.828,191.713,0.00991163
03.08.2023 16:00:00.000,191.701,192.363,191.615,191.736,0.018257599
03.08.2023 17:00:00.000,191.736,192.346,191.61,192.206,0.245128719
03.08.2023 18:00:00.000,192.215,192.293,191.228,191.359,-0.445334651
03.08.2023 19:00:00.000,191.351,191.953,191.191,191.836,0.253460917
03.08.2023 20:00:00.000,191.853,191.941,190.985,191.43,-0.220481306
04.08.2023 14:00:00.000,184.99,187.366,184.756,185.281,0.1573058
04.08.2023 15:00:00.000,185.29,185.746,184.287,185.36,0.037778617
04.08.2023 16:00:00.000,185.357,186.356,184.932,185.593,0.127321871
04.08.2023 17:00:00.000,185.605,185.677,185.078,185.215,-0.21012365
04.08.2023 18:00:00.000,185.218,185.246,184.773,184.913,-0.16467082
04.08.2023 19:00:00.000,184.91,184.91,182.067,182.35,-1.384457304
04.08.2023 20:00:00.000,182.346,183.222,182.16,182.251,-0.052098757
07.08.2023 14:00:00.000,180.56,181.19,178.214,178.376,-1.209570226
07.08.2023 15:00:00.000,178.351,179.787,178.06,178.1,-0.140733722
07.08.2023 16:00:00.000,178.091,178.773,177.37,178.655,0.316692028
07.08.2023 17:00:00.000,178.65,178.811,177.739,178.23,-0.235096558
07.08.2023 18:00:00.000,178.234,178.855,177.968,178.83,0.334391867
07.08.2023 19:00:00.000,178.831,179.03,178.305,178.465,-0.204662503
07.08.2023 20:00:00.000,178.471,179.021,178.214,179,0.296406699
08.08.2023 14:00:00.000,178.94,179.451,177.568,177.963,-0.54599307
08.08.2023 15:00:00.000,178.045,179.214,177.753,178.103,0.032576034
08.08.2023 16:00:00.000,178.12,178.341,177.823,177.86,-0.14596901
08.08.2023 17:00:00.000,177.86,178.987,177.831,178.905,0.587540762
08.08.2023 18:00:00.000,178.897,179.477,178.71,179.032,0.075462417
08.08.2023 19:00:00.000,179.057,179.544,178.907,179.473,0.232328253
08.08.2023 20:00:00.000,179.473,180.243,179.341,179.977,0.280822185
09.08.2023 14:00:00.000,180.28,180.289,178.134,178.655,-0.901375638
09.08.2023 15:00:00.000,178.655,179.126,177.598,177.841,-0.455626767
09.08.2023 16:00:00.000,177.84,178.191,177.002,177.414,-0.239541161
09.08.2023 17:00:00.000,177.421,178.47,177.386,178.173,0.423850615
09.08.2023 18:00:00.000,178.188,178.778,178.138,178.674,0.272745639
09.08.2023 19:00:00.000,178.674,179.58,178.606,179.155,0.269205368
09.08.2023 20:00:00.000,179.166,179.281,178.098,178.248,-0.512374
10.08.2023 14:00:00.000,179.601,180.575,179.346,180.549,0.527836705
10.08.2023 15:00:00.000,180.57,180.741,179.133,179.571,-0.553248048
10.08.2023 16:00:00.000,179.551,179.583,178.002,178.346,-0.671118512
10.08.2023 17:00:00.000,178.35,178.913,177.844,177.943,-0.228202972
10.08.2023 18:00:00.000,177.955,178.382,177.591,177.67,-0.160152848
10.08.2023 19:00:00.000,177.685,178.683,177.65,178.61,0.52058418
10.08.2023 20:00:00.000,178.623,178.692,177.725,177.886,-0.412600841
11.08.2023 14:00:00.000,177.385,177.611,176.561,176.825,-0.315697494
11.08.2023 15:00:00.000,176.845,178.616,176.845,177.996,0.650852441
11.08.2023 16:00:00.000,178.024,178.174,177.276,177.712,-0.175257269
11.08.2023 17:00:00.000,177.719,178.086,177.295,177.385,-0.187937137
11.08.2023 18:00:00.000,177.394,177.964,177.188,177.738,0.193918622
11.08.2023 19:00:00.000,177.774,178.539,177.733,178.322,0.30825655
11.08.2023 20:00:00.000,178.305,178.344,177.757,177.927,-0.211996298
14.08.2023 14:00:00.000,178.21,178.527,177.7,178.277,0.037596094
14.08.2023 15:00:00.000,178.276,179.68,178.039,179.437,0.651237407
14.08.2023 16:00:00.000,179.432,179.526,178.937,178.997,-0.242431673
14.08.2023 17:00:00.000,179.02,179.253,178.58,179.156,0.075969165
14.08.2023 18:00:00.000,179.16,179.43,179.03,179.147,-0.007256084
14.08.2023 19:00:00.000,179.167,179.338,178.719,178.951,-0.120557915
14.08.2023 20:00:00.000,178.952,179.182,178.832,178.97,0.010058563
15.08.2023 14:00:00.000,179.22,179.29,178.414,178.429,-0.441356991
15.08.2023 15:00:00.000,178.428,178.48,177.368,177.685,-0.416414464
15.08.2023 16:00:00.000,177.691,178.384,177.685,178.301,0.34329257
15.08.2023 17:00:00.000,178.315,178.434,177.774,177.964,-0.196842666
15.08.2023 18:00:00.000,177.945,178.233,177.62,177.829,-0.065188682
15.08.2023 19:00:00.000,177.829,178.23,177.728,178,0.096159794
15.08.2023 20:00:00.000,177.989,178.07,177.05,177.341,-0.364067442
16.08.2023 14:00:00.000,177.185,178.183,177.04,177.972,0.444168524
16.08.2023 15:00:00.000,177.97,178.519,177.618,178.203,0.130920942
16.08.2023 16:00:00.000,178.212,178.331,177.495,177.654,-0.313110228
16.08.2023 17:00:00.000,177.582,177.836,177.293,177.59,0.004504961
16.08.2023 18:00:00.000,177.587,178.362,177.375,178.065,0.269163846
16.08.2023 19:00:00.000,178.09,178.295,177.298,177.744,-0.194283789
16.08.2023 20:00:00.000,177.754,177.754,176.698,176.712,-0.586203405
17.08.2023 14:00:00.000,177.27,177.272,175.224,175.63,-0.925142438
17.08.2023 15:00:00.000,175.591,175.61,173.88,174.09,-0.854827411
17.08.2023 16:00:00.000,174.093,174.664,173.817,174.627,0.306732608
17.08.2023 17:00:00.000,174.627,175.067,174.412,175.054,0.244521179
17.08.2023 18:00:00.000,175.062,175.087,174.074,174.216,-0.48325736
17.08.2023 19:00:00.000,174.211,174.342,173.718,173.938,-0.156706523
17.08.2023 20:00:00.000,173.912,174.67,173.484,174.615,0.404227425
18.08.2023 14:00:00.000,172.878,173.103,172.335,172.476,-0.232533926
18.08.2023 15:00:00.000,172.475,173.769,172.428,173.705,0.713146833
18.08.2023 16:00:00.000,173.696,174.361,173.28,174.304,0.350036846
18.08.2023 17:00:00.000,174.296,174.433,173.737,173.966,-0.189333089
18.08.2023 18:00:00.000,173.975,174.466,173.817,174.396,0.241988791
18.08.2023 19:00:00.000,174.4,174.877,174.291,174.415,0.008600917
18.08.2023 20:00:00.000,174.397,175.033,174.088,174.368,-0.016628726
21.08.2023 14:00:00.000,174.73,175.369,174.585,175.365,0.363417845
21.08.2023 15:00:00.000,175.39,175.56,173.915,174.225,-0.664233993
21.08.2023 16:00:00.000,174.23,174.459,173.721,174.14,-0.051655857
21.08.2023 17:00:00.000,174.139,175.13,174.046,175.071,0.535204635
21.08.2023 18:00:00.000,175.074,175.613,174.854,175.235,0.091961114
21.08.2023 19:00:00.000,175.235,175.904,175.12,175.654,0.239107484
21.08.2023 20:00:00.000,175.661,176.123,175.66,175.959,0.169644941
22.08.2023 14:00:00.000,176.497,176.909,176.307,176.532,0.019830365
22.08.2023 15:00:00.000,176.577,177.31,176.271,177.197,0.351121607
22.08.2023 16:00:00.000,177.2,177.427,176.57,176.708,-0.27765237
22.08.2023 17:00:00.000,176.719,177.372,176.261,177.017,0.168629293
22.08.2023 18:00:00.000,177.021,177.249,176.772,177.07,0.027680332
22.08.2023 19:00:00.000,177.054,177.371,176.83,177.347,0.165486236
22.08.2023 20:00:00.000,177.347,177.678,177.066,177.224,-0.069355557
23.08.2023 14:00:00.000,178.934,180.156,178.66,179.8,0.483977332
23.08.2023 15:00:00.000,179.865,181.275,179.46,181.194,0.738887499
23.08.2023 16:00:00.000,181.209,181.324,180.785,181.124,-0.046907162
23.08.2023 17:00:00.000,181.126,181.175,180.63,180.671,-0.251206343
23.08.2023 18:00:00.000,180.674,181.541,180.619,181.39,0.396293877
23.08.2023 19:00:00.000,181.391,181.391,180.799,180.948,-0.244223804
23.08.2023 20:00:00.000,180.945,181.531,180.797,181.092,0.081240156
24.08.2023 14:00:00.000,179.688,180.265,179.594,180.003,0.17530386
24.08.2023 15:00:00.000,180.013,180.118,177.674,177.893,-1.177692722
24.08.2023 16:00:00.000,177.891,178.405,177.516,177.6,-0.163583318
24.08.2023 17:00:00.000,177.6,178.308,177.504,177.946,0.19481982
24.08.2023 18:00:00.000,177.961,178.13,177.424,177.546,-0.233197161
24.08.2023 19:00:00.000,177.561,177.875,176.999,177.35,-0.118832401
24.08.2023 20:00:00.000,177.357,177.461,176.024,176.445,-0.514217088
25.08.2023 14:00:00.000,177.98,178.132,177.229,177.61,-0.207888527
25.08.2023 15:00:00.000,177.615,178.605,175.814,175.881,-0.976268896
25.08.2023 16:00:00.000,175.884,177.77,175.869,176.649,0.43494576
25.08.2023 17:00:00.000,176.645,177.825,176.645,177.47,0.46703841
25.08.2023 18:00:00.000,177.474,177.637,176.939,177.425,-0.027609678
25.08.2023 19:00:00.000,177.41,178.72,177.334,178.6,0.67076264
25.08.2023 20:00:00.000,178.604,179.135,178.435,178.534,-0.039192851
28.08.2023 14:00:00.000,179.979,180.145,178.914,179.305,-0.374488135
28.08.2023 15:00:00.000,179.294,179.932,178.695,179.011,-0.157841311
28.08.2023 16:00:00.000,179,179.126,178.56,178.9,-0.055865922
28.08.2023 17:00:00.000,178.9,179.6,178.72,179.597,0.38960313
28.08.2023 18:00:00.000,179.595,180.129,179.13,179.33,-0.147554219
28.08.2023 19:00:00.000,179.33,179.84,179.235,179.817,0.271566386
28.08.2023 20:00:00.000,179.824,180.572,179.735,180.037,0.11844915
29.08.2023 14:00:00.000,179.99,181.135,179.976,180.875,0.491693983
29.08.2023 15:00:00.000,180.92,182.66,180.871,182.29,0.757240769
29.08.2023 16:00:00.000,182.286,183.523,182.276,183.173,0.486597983
29.08.2023 17:00:00.000,183.19,183.741,183.123,183.579,0.212347836
29.08.2023 18:00:00.000,183.595,183.985,183.446,183.704,0.059369809
29.08.2023 19:00:00.000,183.696,184.531,183.657,184.507,0.441490288
29.08.2023 20:00:00.000,184.49,184.883,183.99,184,-0.265597051
30.08.2023 14:00:00.000,185.461,186.415,184.765,186.36,0.484738031
30.08.2023 15:00:00.000,186.354,187.662,185.86,186.68,0.174935875
30.08.2023 16:00:00.000,186.7,187.325,186.185,187.145,0.238350295
30.08.2023 17:00:00.000,187.13,187.766,186.997,187.43,0.160316358
30.08.2023 18:00:00.000,187.435,187.585,186.89,187.092,-0.182996772
30.08.2023 19:00:00.000,187.088,187.598,186.665,187.565,0.254960233
30.08.2023 20:00:00.000,187.565,187.74,187.314,187.443,-0.065044118
31.08.2023 14:00:00.000,187.781,188.493,187.665,188.055,0.145914656
31.08.2023 15:00:00.000,188.056,188.751,187.65,188.48,0.225464755
31.08.2023 16:00:00.000,188.491,188.636,188.088,188.214,-0.146956619
31.08.2023 17:00:00.000,188.226,188.475,187.488,187.805,-0.223667294
31.08.2023 18:00:00.000,187.798,188.183,187.734,188.021,0.118744609
31.08.2023 19:00:00.000,188.018,188.681,187.969,188.498,0.255294706
31.08.2023 20:00:00.000,188.498,189.113,188.183,188.362,-0.072149307
01.09.2023 14:00:00.000,188.992,189.085,188.261,188.92,-0.038096851
01.09.2023 15:00:00.000,188.85,189.488,188.301,188.39,-0.24357956
01.09.2023 16:00:00.000,188.395,188.888,188.351,188.501,0.056264763
01.09.2023 17:00:00.000,188.502,189.268,188.479,189.17,0.354372898
01.09.2023 18:00:00.000,189.17,189.31,188.841,189.17,0
01.09.2023 19:00:00.000,189.161,189.198,188.522,188.871,-0.153308557
01.09.2023 20:00:00.000,188.872,189.403,188.741,189.365,0.261023339
05.09.2023 14:00:00.000,187.76,188.487,187.604,188.035,0.146463571
05.09.2023 15:00:00.000,188.034,189.309,187.813,189.042,0.536073263
05.09.2023 16:00:00.000,189.065,189.61,188.977,189.396,0.175072065
05.09.2023 17:00:00.000,189.387,189.809,189.365,189.636,0.131476817
05.09.2023 18:00:00.000,189.639,189.694,189.155,189.435,-0.107572809
05.09.2023 19:00:00.000,189.441,189.933,189.315,189.919,0.252321303
05.09.2023 20:00:00.000,189.927,189.974,189.465,189.77,-0.082663339
06.09.2023 14:00:00.000,187.805,187.9,186.499,186.529,-0.67942813
06.09.2023 15:00:00.000,186.395,186.474,183.925,184.014,-1.27739478
06.09.2023 16:00:00.000,184.014,184.313,183.534,184.14,0.068473051
06.09.2023 17:00:00.000,184.144,184.304,182.8,183.105,-0.56423234
06.09.2023 18:00:00.000,183.105,183.365,182.671,182.96,-0.079189536
06.09.2023 19:00:00.000,182.96,183.005,182.125,182.193,-0.419217315
06.09.2023 20:00:00.000,182.19,182.764,181.46,182.716,0.288709589
07.09.2023 14:00:00.000,175.055,177.78,174.958,176.23,0.671217617
07.09.2023 15:00:00.000,176.226,177.164,175.701,176.679,0.25705628
07.09.2023 16:00:00.000,176.685,178.204,176.642,176.977,0.165265869
07.09.2023 17:00:00.000,176.967,177.661,176.649,176.73,-0.133923274
07.09.2023 18:00:00.000,176.723,177.086,175.938,177.01,0.162401046
07.09.2023 19:00:00.000,177.011,177.382,176.48,177.186,0.098863912
07.09.2023 20:00:00.000,177.181,178.12,176.77,178.003,0.463932363
08.09.2023 14:00:00.000,179.225,180.224,178.946,179.06,-0.092063049
08.09.2023 15:00:00.000,179.124,179.853,178.925,178.935,-0.105513499
08.09.2023 16:00:00.000,178.901,180.195,178.699,179.54,0.357180787
08.09.2023 17:00:00.000,179.579,179.973,179.201,179.608,0.016148882
08.09.2023 18:00:00.000,179.619,179.903,179.261,179.699,0.044538718
08.09.2023 19:00:00.000,179.696,179.889,178.03,178.19,-0.838082094
08.09.2023 20:00:00.000,178.2,178.404,177.796,177.984,-0.121212121
11.09.2023 14:00:00.000,179.81,179.986,177.499,178.001,-1.006061954
11.09.2023 15:00:00.000,178,178.32,177.347,177.79,-0.117977528
11.09.2023 16:00:00.000,177.792,178.935,177.748,178.42,0.353221742
11.09.2023 17:00:00.000,178.419,178.828,178.248,178.655,0.132272908
11.09.2023 18:00:00.000,178.657,179.415,178.558,179.242,0.327443089
11.09.2023 19:00:00.000,179.24,179.662,179.038,179.66,0.234322696
11.09.2023 20:00:00.000,179.652,179.947,179.301,179.307,-0.19203794
12.09.2023 14:00:00.000,179.755,179.84,178.446,178.737,-0.566326389
12.09.2023 15:00:00.000,178.711,178.718,176.225,176.349,-1.321686969
12.09.2023 16:00:00.000,176.336,177.11,176.245,176.676,0.192813719
12.09.2023 17:00:00.000,176.677,177.251,176.391,176.955,0.157349287
12.09.2023 18:00:00.000,176.962,177.86,175.446,176.377,-0.330579446
12.09.2023 19:00:00.000,176.375,176.752,174.823,175.32,-0.598157335
12.09.2023 20:00:00.000,175.331,176.332,174.992,176.323,0.565786997
13.09.2023 14:00:00.000,175.675,176.305,174.592,175.8,0.07115412
13.09.2023 15:00:00.000,175.805,175.88,174.08,174.726,-0.613748187
13.09.2023 16:00:00.000,174.734,175.766,174.658,175.721,0.564858585
13.09.2023 17:00:00.000,175.724,176.22,175.248,175.56,-0.093328174
13.09.2023 18:00:00.000,175.571,175.716,175.091,175.175,-0.225549778
13.09.2023 19:00:00.000,175.17,175.256,174.353,174.696,-0.27059428
13.09.2023 20:00:00.000,174.71,175.195,174.36,174.388,-0.18430542
14.09.2023 14:00:00.000,174.27,175.605,174.12,175.36,0.625466231
14.09.2023 15:00:00.000,175.42,175.56,174.306,175.219,-0.114582146
14.09.2023 16:00:00.000,175.217,175.75,174.83,175.49,0.1558068
14.09.2023 17:00:00.000,175.488,175.985,175.025,175.865,0.214829504
14.09.2023 18:00:00.000,175.858,176.025,175.457,175.74,-0.067099592
14.09.2023 19:00:00.000,175.735,175.885,175.294,175.721,-0.007966541
14.09.2023 20:00:00.000,175.721,176.085,175.559,175.667,-0.030730533
15.09.2023 14:00:00.000,175.175,176.045,174.7,174.966,-0.119309262
15.09.2023 15:00:00.000,174.977,175.357,174.548,174.555,-0.241174554
15.09.2023 16:00:00.000,174.53,175.133,174.515,174.949,0.24007334
15.09.2023 17:00:00.000,174.956,175.14,174.665,174.983,0.015432452
15.09.2023 18:00:00.000,174.986,175.03,173.813,174.247,-0.4223195
15.09.2023 19:00:00.000,174.253,174.621,174.145,174.39,0.078621315
15.09.2023 20:00:00.000,174.379,174.96,174.128,174.865,0.278703284
18.09.2023 14:00:00.000,178.009,178.954,176.635,177.02,-0.555589886
18.09.2023 15:00:00.000,177.022,177.601,176.44,177.122,0.056490154
18.09.2023 16:00:00.000,177.124,178.31,177.068,178.258,0.640229444
18.09.2023 17:00:00.000,178.255,179.185,178.112,178.858,0.338279431
18.09.2023 18:00:00.000,178.854,179.37,178.728,179,0.081630827
18.09.2023 19:00:00.000,178.999,179.206,178.427,178.603,-0.221230286
18.09.2023 20:00:00.000,178.599,178.746,177.987,178.02,-0.324189945
19.09.2023 14:00:00.000,178.06,178.662,177.544,177.587,-0.265640795
19.09.2023 15:00:00.000,177.568,177.826,177.119,177.225,-0.193165435
19.09.2023 16:00:00.000,177.218,178.102,177.147,178.06,0.475121037
19.09.2023 17:00:00.000,178.06,178.235,177.615,178.183,0.069077839
19.09.2023 18:00:00.000,178.188,179.163,178.138,179.076,0.498350057
19.09.2023 19:00:00.000,179.088,179.606,178.898,178.921,-0.093250246
19.09.2023 20:00:00.000,178.885,179.421,178.733,179.06,0.097828214
20.09.2023 14:00:00.000,178.676,178.89,177.977,178.393,-0.158387248
20.09.2023 15:00:00.000,178.388,178.411,177.246,177.39,-0.559454672
20.09.2023 16:00:00.000,177.42,177.578,176.843,177.55,0.073272461
20.09.2023 17:00:00.000,177.528,177.76,177.313,177.72,0.108151953
20.09.2023 18:00:00.000,177.699,177.771,177.166,177.76,0.034327711
20.09.2023 19:00:00.000,177.781,177.781,176.575,177.125,-0.368993312
20.09.2023 20:00:00.000,177.105,177.29,175.567,175.883,-0.689986166
21.09.2023 14:00:00.000,175.519,176.028,174.623,174.663,-0.487696489
21.09.2023 15:00:00.000,174.669,176.291,174.648,175.396,0.416215814
21.09.2023 16:00:00.000,175.393,175.68,174.809,175.365,-0.015964149
21.09.2023 17:00:00.000,175.37,175.42,174.855,174.885,-0.276558134
21.09.2023 18:00:00.000,174.885,175.526,174.863,175.331,0.255024731
21.09.2023 19:00:00.000,175.346,175.38,174.519,174.653,-0.395218596
21.09.2023 20:00:00.000,174.638,174.8,173.953,174.071,-0.324671606
22.09.2023 14:00:00.000,174.525,174.886,174.05,174.874,0.199971351
22.09.2023 15:00:00.000,174.894,176.536,174.569,176.475,0.903976123
22.09.2023 16:00:00.000,176.496,176.611,175.927,176.14,-0.201704288
22.09.2023 17:00:00.000,176.13,177.064,175.961,176.666,0.304320672
22.09.2023 18:00:00.000,176.66,176.714,175.14,175.331,-0.752292539
22.09.2023 19:00:00.000,175.314,175.562,174.805,175.28,-0.019393773
22.09.2023 20:00:00.000,175.284,175.975,174.624,174.85,-0.247598184
25.09.2023 14:00:00.000,174.53,175.484,174.255,175.336,0.461811723
25.09.2023 15:00:00.000,175.35,175.527,174.209,174.869,-0.274308526
25.09.2023 16:00:00.000,174.87,176.525,174.86,176.029,0.662778064
25.09.2023 17:00:00.000,176.03,176.94,175.873,176.28,0.142021246
25.09.2023 18:00:00.000,176.26,176.791,175.874,176.259,-0.000567344
25.09.2023 19:00:00.000,176.267,176.353,175.475,175.533,-0.416413736
25.09.2023 20:00:00.000,175.533,175.871,174.968,175.474,-0.033611913
26.09.2023 14:00:00.000,174.42,174.68,172.966,173.045,-0.788327027
26.09.2023 15:00:00.000,173.035,173.63,172.474,172.765,-0.156037796
26.09.2023 16:00:00.000,172.755,173.18,172.403,172.85,0.054991172
26.09.2023 17:00:00.000,172.85,173.35,172.519,173.205,0.205380388
26.09.2023 18:00:00.000,173.21,173.521,172.556,172.79,-0.242480226
26.09.2023 19:00:00.000,172.784,172.853,172.025,172.25,-0.309056394
26.09.2023 20:00:00.000,172.246,172.328,171.649,172.11,-0.078956841
27.09.2023 14:00:00.000,172.095,172.778,171.469,171.489,-0.35213109
27.09.2023 15:00:00.000,171.49,171.635,170.26,170.399,-0.636188699
27.09.2023 16:00:00.000,170.395,171.135,170.025,170.403,0.004694973
27.09.2023 17:00:00.000,170.403,170.403,169.66,169.943,-0.269948299
27.09.2023 18:00:00.000,169.933,170.184,169.045,169.529,-0.237740757
27.09.2023 19:00:00.000,169.515,170.629,169.185,170.2,0.404094033
27.09.2023 20:00:00.000,170.199,170.93,169.752,170.265,0.038778136
28.09.2023 14:00:00.000,168.795,169.682,168.144,169.606,0.480464469
28.09.2023 15:00:00.000,169.6,170.251,168.686,170.23,0.371462264
28.09.2023 16:00:00.000,170.237,171.622,169.804,171.59,0.794774344
28.09.2023 17:00:00.000,171.605,172.014,171.012,171.125,-0.27971213
28.09.2023 18:00:00.000,171.133,171.505,170.421,170.831,-0.176470932
28.09.2023 19:00:00.000,170.84,171.155,170.292,170.755,-0.049754156
28.09.2023 20:00:00.000,170.742,171.659,170.435,170.668,-0.043340244
29.09.2023 14:00:00.000,171.994,172.79,171.779,172.679,0.398269707
29.09.2023 15:00:00.000,172.744,173.055,172.045,172.424,-0.185245218
29.09.2023 16:00:00.000,172.424,172.745,171.574,171.925,-0.289402867
29.09.2023 17:00:00.000,171.93,172.076,171.164,171.325,-0.351887396
29.09.2023 18:00:00.000,171.3,171.3,170.622,170.63,-0.391126678
29.09.2023 19:00:00.000,170.624,171.551,170.345,171.54,0.536852963
29.09.2023 20:00:00.000,171.551,171.9,170.945,171.449,-0.059457537
02.10.2023 14:00:00.000,173.048,173.236,172.802,172.98,-0.039295456
02.10.2023 15:00:00.000,172.925,174.005,172.8,173.005,0.046262831
02.10.2023 16:00:00.000,173,174.288,172.894,173.093,0.053757225
02.10.2023 17:00:00.000,173.065,173.516,172.815,173.17,0.060670846
02.10.2023 18:00:00.000,173.17,173.575,172.715,173.118,-0.030028296
02.10.2023 19:00:00.000,173.098,173.675,172.6,172.88,-0.125940219
02.10.2023 20:00:00.000,172.873,173.31,172.528,173.295,0.244109838
03.10.2023 14:00:00.000,172.69,173.624,172.6,173.255,0.327175864
03.10.2023 15:00:00.000,173.255,173.28,170.815,171.495,-1.015843699
03.10.2023 16:00:00.000,171.498,171.98,171.356,171.738,0.139943323
03.10.2023 17:00:00.000,171.737,172.675,171.685,172.55,0.473398278
03.10.2023 18:00:00.000,172.545,172.782,171.744,171.97,-0.333246399
03.10.2023 19:00:00.000,171.968,172.385,171.54,172.257,0.168054522
03.10.2023 20:00:00.000,172.257,172.37,171.771,172.217,-0.023221117
04.10.2023 14:00:00.000,172.145,172.67,171.85,172.49,0.200412443
04.10.2023 15:00:00.000,172.48,173.468,171.862,172.431,-0.028409091
04.10.2023 16:00:00.000,172.435,173.146,172.125,173.138,0.407689854
04.10.2023 17:00:00.000,173.126,173.282,172.808,173.108,-0.010397052
04.10.2023 18:00:00.000,173.081,173.113,172.458,172.501,-0.335103218
04.10.2023 19:00:00.000,172.505,173.133,172.364,173.069,0.326947045
04.10.2023 20:00:00.000,173.076,174.196,173.02,173.684,0.351290762
05.10.2023 14:00:00.000,173.995,174.383,173.46,173.862,-0.076438978
05.10.2023 15:00:00.000,173.87,173.87,172.676,172.997,-0.50209927
05.10.2023 16:00:00.000,172.966,173.822,172.83,173.483,0.298902675
05.10.2023 17:00:00.000,173.481,174.026,173.352,173.928,0.257665105
05.10.2023 18:00:00.000,173.931,175.01,173.634,174.875,0.542743962
05.10.2023 19:00:00.000,174.873,175.44,174.741,175.336,0.264763571
05.10.2023 20:00:00.000,175.32,175.38,174.856,174.921,-0.227583847
06.10.2023 14:00:00.000,174.16,174.41,173.179,173.994,-0.095314653
06.10.2023 15:00:00.000,174.035,175.235,173.344,175.124,0.625736202
06.10.2023 16:00:00.000,175.14,176.835,175.09,176.78,0.936393742
06.10.2023 17:00:00.000,176.784,177.023,176.314,176.805,0.011878903
06.10.2023 18:00:00.000,176.825,177.388,176.679,177.275,0.254488901
06.10.2023 19:00:00.000,177.27,177.705,177.115,177.525,0.143848367
06.10.2023 20:00:00.000,177.525,177.98,177.439,177.455,-0.039431066
09.10.2023 14:00:00.000,176.17,177.28,175.798,177.17,0.567633536
09.10.2023 15:00:00.000,177.191,177.347,176.2,176.36,-0.468985445
09.10.2023 16:00:00.000,176.366,177.22,176.205,177.185,0.46437522
09.10.2023 17:00:00.000,177.206,178.062,177.192,177.598,0.221211471
09.10.2023 18:00:00.000,177.597,178.775,177.56,178.713,0.628388993
09.10.2023 19:00:00.000,178.719,179.035,178.415,178.878,0.088966478
09.10.2023 20:00:00.000,178.867,179.04,178.658,178.924,0.031867253
10.10.2023 14:00:00.000,178.468,178.72,178.115,178.623,0.086850304
10.10.2023 15:00:00.000,178.616,179.421,178.345,179.305,0.385743718
10.10.2023 16:00:00.000,179.325,179.67,179.119,179.553,0.127143455
10.10.2023 17:00:00.000,179.551,179.715,179.344,179.499,-0.028961131
10.10.2023 18:00:00.000,179.475,179.48,178.035,178.264,-0.674745786
10.10.2023 19:00:00.000,178.266,178.611,177.941,178.174,-0.051608271
10.10.2023 20:00:00.000,178.174,178.896,178.114,178.214,0.022449965
11.10.2023 14:00:00.000,178.364,178.935,177.604,177.909,-0.25509632
11.10.2023 15:00:00.000,177.917,179.273,177.662,179.085,0.656485889
11.10.2023 16:00:00.000,179.088,179.315,178.435,178.709,-0.211627803
11.10.2023 17:00:00.000,178.7,178.712,178.267,178.619,-0.045327364
11.10.2023 18:00:00.000,178.62,178.73,178.322,178.624,0.002239391
11.10.2023 19:00:00.000,178.629,179.372,178.57,179.075,0.249679503
11.10.2023 20:00:00.000,179.055,179.659,179.027,179.524,0.261930692
12.10.2023 14:00:00.000,179.947,180.969,179.937,180.916,0.538491889
12.10.2023 15:00:00.000,180.914,182.129,180.808,182.047,0.626264413
12.10.2023 16:00:00.000,182.037,182.318,181.483,181.918,-0.065371326
12.10.2023 17:00:00.000,181.928,182.269,181.774,181.937,0.004947012
12.10.2023 18:00:00.000,181.937,182.037,179.947,179.967,-1.082792395
12.10.2023 19:00:00.000,179.967,180.117,179.017,179.788,-0.099462679
12.10.2023 20:00:00.000,179.792,180.784,179.718,180.647,0.475549524
13.10.2023 14:00:00.000,181.45,181.5,180.92,181.19,-0.143290163
13.10.2023 15:00:00.000,181.15,181.188,179.351,179.6,-0.855644494
13.10.2023 16:00:00.000,179.579,179.662,178.46,178.594,-0.548505115
13.10.2023 17:00:00.000,178.57,179.438,178.511,179.049,0.268242146
13.10.2023 18:00:00.000,179.054,179.09,178.127,178.791,-0.146883063
13.10.2023 19:00:00.000,178.808,179.499,178.671,179.301,0.275714733
13.10.2023 20:00:00.000,179.301,179.7,178.501,179.03,-0.151142492
16.10.2023 14:00:00.000,178.089,178.329,176.866,177.783,-0.1718242
16.10.2023 15:00:00.000,177.829,178.819,177.34,178.793,0.542093809
16.10.2023 16:00:00.000,178.799,179.049,178.019,178.027,-0.431769753
16.10.2023 17:00:00.000,178.027,178.049,177.263,177.523,-0.283103125
16.10.2023 18:00:00.000,177.549,178.199,176.843,178.14,0.332865857
16.10.2023 19:00:00.000,178.139,178.539,177.803,178.519,0.213316567
16.10.2023 20:00:00.000,178.519,178.829,178.243,178.693,0.097468617
17.10.2023 14:00:00.000,176.194,176.352,174.782,175.341,-0.484125453
17.10.2023 15:00:00.000,175.332,177.201,175.291,176.651,0.75228709
17.10.2023 16:00:00.000,176.651,177.821,176.471,177.702,0.594958421
17.10.2023 17:00:00.000,177.702,178.401,177.611,178.181,0.269552397
17.10.2023 18:00:00.000,178.201,178.321,176.935,177.141,-0.594833923
17.10.2023 19:00:00.000,177.142,177.514,176.361,176.621,-0.294114326
17.10.2023 20:00:00.000,176.601,177.122,176.434,177.081,0.27179914
18.10.2023 14:00:00.000,176.413,176.599,175.673,176.563,0.085027747
18.10.2023 15:00:00.000,176.573,177.553,175.743,176.123,-0.254852101
18.10.2023 16:00:00.000,176.112,177.379,176.102,177.019,0.515013173
18.10.2023 17:00:00.000,177.003,177.509,176.242,176.359,-0.363835641
18.10.2023 18:00:00.000,176.357,177.339,176.193,176.742,0.218307184
18.10.2023 19:00:00.000,176.733,177.107,176.222,176.413,-0.181064091
18.10.2023 20:00:00.000,176.403,176.403,175.082,175.683,-0.408156324
19.10.2023 14:00:00.000,176.316,176.835,175.814,176.825,0.288686222
19.10.2023 15:00:00.000,176.835,177.306,176.154,176.446,-0.219979077
19.10.2023 16:00:00.000,176.446,176.696,175.616,176.465,0.010768167
19.10.2023 17:00:00.000,176.465,177.745,175.442,177.024,0.316776698
19.10.2023 18:00:00.000,177.016,177.816,176.546,176.775,-0.136145885
19.10.2023 19:00:00.000,176.753,176.992,175.494,175.602,-0.65119121
19.10.2023 20:00:00.000,175.602,176.035,175.176,175.756,0.087698318
20.10.2023 14:00:00.000,174.79,175.397,174.647,175.09,0.171634533
20.10.2023 15:00:00.000,175.081,175.29,173.329,173.357,-0.984687088
20.10.2023 16:00:00.000,173.357,173.657,172.624,173.627,0.155747965
20.10.2023 17:00:00.000,173.631,174.337,173.384,174.291,0.380116454
20.10.2023 18:00:00.000,174.307,174.707,173.881,174.297,-0.005737004
20.10.2023 19:00:00.000,174.274,174.377,173.241,173.5,-0.444128212
20.10.2023 20:00:00.000,173.5,173.747,172.78,172.857,-0.370605187
23.10.2023 14:00:00.000,170.972,171.448,169.954,171.378,0.237465784
23.10.2023 15:00:00.000,171.348,172.208,171.067,172.184,0.487895978
23.10.2023 16:00:00.000,172.218,172.978,172.018,172.57,0.204392108
23.10.2023 17:00:00.000,172.578,173.578,172.255,173.578,0.579448134
23.10.2023 18:00:00.000,173.598,173.988,173.094,173.498,-0.05760435
23.10.2023 19:00:00.000,173.502,173.8,173.122,173.488,-0.008069071
23.10.2023 20:00:00.000,173.498,173.718,172.808,172.902,-0.34351981
24.10.2023 14:00:00.000,172.859,172.933,171.953,172.733,-0.072891779
24.10.2023 15:00:00.000,172.693,172.874,171.803,172.519,-0.100756834
24.10.2023 16:00:00.000,172.513,172.759,172.119,172.729,0.125207955
24.10.2023 17:00:00.000,172.729,172.963,171.439,171.754,-0.56446804
24.10.2023 18:00:00.000,171.733,172.344,171.683,172.084,0.204387043
24.10.2023 19:00:00.000,172.073,173.153,172.053,173.093,0.592771672
24.10.2023 20:00:00.000,173.103,173.654,173.029,173.294,0.110338931
25.10.2023 14:00:00.000,171.216,171.679,171.032,171.262,0.026866648
25.10.2023 15:00:00.000,171.242,172.942,170.817,172.132,0.519732309
25.10.2023 16:00:00.000,172.129,173.037,171.697,171.732,-0.230640973
25.10.2023 17:00:00.000,171.699,171.962,171.312,171.902,0.118230159
25.10.2023 18:00:00.000,171.909,172.019,170.757,171.115,-0.46187227
25.10.2023 19:00:00.000,171.122,171.602,170.927,171.072,-0.02921892
25.10.2023 20:00:00.000,171.079,171.412,170.634,171.232,0.089432368
26.10.2023 14:00:00.000,170.703,171.346,169.355,169.803,-0.527231507
26.10.2023 15:00:00.000,169.776,170.003,167.866,168.296,-0.871736877
26.10.2023 16:00:00.000,168.286,168.393,166.536,167.246,-0.617995555
26.10.2023 17:00:00.000,167.24,167.299,165.936,166.063,-0.703779
26.10.2023 18:00:00.000,166.06,166.866,165.666,166.753,0.417319041
26.10.2023 19:00:00.000,166.75,167.666,166.676,167.666,0.549325337
26.10.2023 20:00:00.000,167.669,167.919,166.363,166.876,-0.472955645
27.10.2023 14:00:00.000,167.689,168.399,167.072,167.872,0.109130593
27.10.2023 15:00:00.000,167.759,168.662,167.362,168.419,0.393421515
27.10.2023 16:00:00.000,168.419,168.933,167.992,168.342,-0.045719307
27.10.2023 17:00:00.000,168.332,168.469,167.299,167.412,-0.546538982
27.10.2023 18:00:00.000,167.403,167.834,166.832,167.632,0.136795637
27.10.2023 19:00:00.000,167.613,168.209,167.29,167.583,-0.017898373
27.10.2023 20:00:00.000,167.599,168.122,167.47,167.999,0.238664909
30.10.2023 14:00:00.000,170.008,171.148,169.826,170.596,0.345866077
30.10.2023 15:00:00.000,170.689,170.873,169.198,169.438,-0.732911904
30.10.2023 16:00:00.000,169.434,170.188,169.411,169.898,0.273852946
30.10.2023 17:00:00.000,169.881,169.989,169.041,169.367,-0.302564736
30.10.2023 18:00:00.000,169.36,170.378,169.161,170.268,0.536136042
30.10.2023 19:00:00.000,170.268,170.809,170.121,170.473,0.120398431
30.10.2023 20:00:00.000,170.488,170.644,169.821,170.317,-0.100300314
31.10.2023 14:00:00.000,168.581,168.651,167.881,168.555,-0.015422853
31.10.2023 15:00:00.000,168.524,169.845,168.302,169.695,0.694856519
31.10.2023 16:00:00.000,169.694,169.794,168.829,169.731,0.021803953
31.10.2023 17:00:00.000,169.714,170.045,169.251,169.984,0.159091177
31.10.2023 18:00:00.000,169.995,170.714,169.761,170.635,0.376481661
31.10.2023 19:00:00.000,170.621,170.725,169.921,170.511,-0.064470376
31.10.2023 20:00:00.000,170.525,170.854,170.361,170.833,0.180618678
01.11.2023 14:00:00.000,170.382,171.502,170.166,171.062,0.399103192
01.11.2023 15:00:00.000,171.236,172.066,170.768,171.44,0.119133827
01.11.2023 16:00:00.000,171.412,171.986,170.99,171.93,0.302195879
01.11.2023 17:00:00.000,171.93,172.166,171.606,172.022,0.053510149
01.11.2023 18:00:00.000,172.016,172.366,171.759,172.182,0.096502651
01.11.2023 19:00:00.000,172.14,173.247,171.89,173.176,0.601835715
01.11.2023 20:00:00.000,173.192,174.206,173.17,173.87,0.391473047
02.11.2023 14:00:00.000,175.908,176.768,175.755,176.338,0.24444596
02.11.2023 15:00:00.000,176.328,177.528,176.093,177.425,0.622136019
02.11.2023 16:00:00.000,177.425,177.635,176.428,176.788,-0.35902494
02.11.2023 17:00:00.000,176.804,177.288,176.394,176.975,0.096717269
02.11.2023 18:00:00.000,176.965,177.465,176.763,177.295,0.186477552
02.11.2023 19:00:00.000,177.288,177.488,177.083,177.444,0.087992419
02.11.2023 20:00:00.000,177.423,177.708,177.14,177.503,0.045089983
03.11.2023 14:00:00.000,174.543,176.365,173.733,175.333,0.452610532
03.11.2023 15:00:00.000,175.348,175.908,174.453,175.703,0.202454548
03.11.2023 16:00:00.000,175.723,175.748,174.643,175.413,-0.176414015
03.11.2023 17:00:00.000,175.417,176.468,175.283,176.175,0.432113193
03.11.2023 18:00:00.000,176.155,176.408,175.165,175.54,-0.349124351
03.11.2023 19:00:00.000,175.543,176.228,175.053,176.098,0.316161852
03.11.2023 20:00:00.000,176.098,176.689,175.833,176.645,0.310622494
06.11.2023 14:00:00.000,177.14,178.727,176.77,178.555,0.798803207
06.11.2023 15:00:00.000,178.657,179.037,177.9,178.73,0.04086042
06.11.2023 16:00:00.000,178.73,179.417,178.702,179.244,0.287584625
06.11.2023 17:00:00.000,179.247,179.247,178.63,178.862,-0.214787416
06.11.2023 18:00:00.000,178.862,178.887,177.99,178.325,-0.300231463
06.11.2023 19:00:00.000,178.34,179.207,178.095,179.192,0.47773915
06.11.2023 20:00:00.000,179.19,179.307,178.68,178.805,-0.21485574
07.11.2023 14:00:00.000,179.019,180.509,179.014,180.179,0.647975913
07.11.2023 15:00:00.000,180.159,181.249,180.13,181.204,0.580043184
07.11.2023 16:00:00.000,181.209,181.629,181.07,181.456,0.136306696
07.11.2023 17:00:00.000,181.459,181.569,180.529,181.559,0.055108868
07.11.2023 18:00:00.000,181.564,182.429,181.514,182.362,0.439514441
07.11.2023 19:00:00.000,182.359,182.419,181.889,182.039,-0.175478041
07.11.2023 20:00:00.000,182.054,182.329,181.569,181.569,-0.266404473
08.11.2023 14:00:00.000,183.194,183.435,182.637,182.947,-0.134829743
08.11.2023 15:00:00.000,182.955,183.305,182.273,182.551,-0.220819327
08.11.2023 16:00:00.000,182.567,182.827,181.98,181.98,-0.321525796
08.11.2023 17:00:00.000,182.007,182.265,181.571,182.121,0.062634954
08.11.2023 18:00:00.000,182.121,182.737,181.992,182.571,0.247088474
08.11.2023 19:00:00.000,182.561,182.877,182.353,182.405,-0.08545089
08.11.2023 20:00:00.000,182.427,182.987,182.384,182.911,0.265311604
09.11.2023 14:00:00.000,183.339,183.352,182.693,183.273,-0.035998887
09.11.2023 15:00:00.000,183.272,183.388,182.453,183.333,0.033283862
09.11.2023 16:00:00.000,183.322,184.093,183.302,183.958,0.346930538
09.11.2023 17:00:00.000,183.945,183.989,183.492,183.903,-0.022832912
09.11.2023 18:00:00.000,183.919,183.952,182.679,183.099,-0.445848444
09.11.2023 19:00:00.000,183.099,183.099,182.142,182.353,-0.40742986
09.11.2023 20:00:00.000,182.339,182.368,181.792,182.143,-0.107492089
10.11.2023 14:00:00.000,184.19,184.764,184.05,184.162,-0.015201694
10.11.2023 15:00:00.000,184.162,184.476,183.52,184.316,0.083622028
10.11.2023 16:00:00.000,184.304,184.924,184.29,184.716,0.22354371
10.11.2023 17:00:00.000,184.704,185.412,184.64,185.264,0.303187803
10.11.2023 18:00:00.000,185.252,185.817,185.15,185.732,0.259106514
10.11.2023 19:00:00.000,185.73,185.956,185.54,185.576,-0.082916061
10.11.2023 20:00:00.000,185.576,186.482,185.572,186.362,0.423546148
13.11.2023 14:00:00.000,185.33,185.5,184.251,184.585,-0.401985647
13.11.2023 15:00:00.000,184.57,184.945,184.18,184.624,0.029257192
13.11.2023 16:00:00.000,184.62,185.119,184.62,184.775,0.083956234
13.11.2023 17:00:00.000,184.775,184.875,184.379,184.794,0.010282776
13.11.2023 18:00:00.000,184.795,184.965,184.44,184.714,-0.043832355
13.11.2023 19:00:00.000,184.714,184.995,184.605,184.92,0.111523761
13.11.2023 20:00:00.000,184.91,185.055,184.6,184.68,-0.124384836
14.11.2023 14:00:00.000,186.573,187.298,186.513,187.253,0.364468599
14.11.2023 15:00:00.000,187.253,187.493,186.833,187.003,-0.133509209
14.11.2023 16:00:00.000,187.003,187.144,186.393,186.636,-0.196253536
14.11.2023 17:00:00.000,186.623,187.446,186.606,187.413,0.423313311
14.11.2023 18:00:00.000,187.417,187.479,187.093,187.173,-0.130190965
14.11.2023 19:00:00.000,187.173,187.974,186.803,187.886,0.38093101
14.11.2023 20:00:00.000,187.883,188.087,187.293,187.317,-0.301251311
15.11.2023 14:00:00.000,188.558,188.683,187.995,188.224,-0.177133826
15.11.2023 15:00:00.000,188.2,189.228,187.835,189.168,0.51434644
15.11.2023 16:00:00.000,189.178,189.488,188.599,188.743,-0.229942171
15.11.2023 17:00:00.000,188.74,189.159,188.52,188.783,0.022782664
15.11.2023 18:00:00.000,188.788,189.06,188.443,188.923,0.071508782
15.11.2023 19:00:00.000,188.925,188.958,188.158,188.305,-0.328172555
15.11.2023 20:00:00.000,188.309,188.548,187.769,187.908,-0.212947868
16.11.2023 14:00:00.000,190.063,190.933,189.843,190.679,0.324103061
16.11.2023 15:00:00.000,190.661,190.833,188.993,189.431,-0.645124068
16.11.2023 16:00:00.000,189.435,189.559,188.709,189.261,-0.091852086
16.11.2023 17:00:00.000,189.273,189.953,189.171,189.731,0.241978518
16.11.2023 18:00:00.000,189.753,189.763,189.001,189.259,-0.26033844
16.11.2023 19:00:00.000,189.253,189.719,189.193,189.559,0.161688322
16.11.2023 20:00:00.000,189.551,189.851,189.321,189.611,0.03165375
17.11.2023 14:00:00.000,189.832,190.045,189.125,189.762,-0.03687471
17.11.2023 15:00:00.000,189.742,189.742,188.562,189.562,-0.09486566
17.11.2023 16:00:00.000,189.552,189.579,188.805,189.229,-0.170401789
17.11.2023 17:00:00.000,189.228,189.442,188.872,189.222,-0.003170778
17.11.2023 18:00:00.000,189.238,189.718,189.068,189.515,0.146376521
17.11.2023 19:00:00.000,189.519,189.952,189.519,189.948,0.226362528
17.11.2023 20:00:00.000,189.942,190.132,189.595,189.632,-0.163207716
20.11.2023 14:00:00.000,191.291,191.649,190.98,191.191,-0.052276375
20.11.2023 15:00:00.000,191.194,191.348,190.411,191.094,-0.052302897
20.11.2023 16:00:00.000,191.094,191.359,190.994,191.309,0.112510074
20.11.2023 17:00:00.000,191.308,191.529,191.072,191.131,-0.092520961
20.11.2023 18:00:00.000,191.131,191.779,191.118,191.662,0.277819925
20.11.2023 19:00:00.000,191.661,191.769,191.311,191.562,-0.051653701
20.11.2023 20:00:00.000,191.579,191.886,191.241,191.241,-0.176428523
21.11.2023 14:00:00.000,191.19,191.27,190.482,190.83,-0.188294367
21.11.2023 15:00:00.000,190.81,191.066,190.058,190.23,-0.303967297
21.11.2023 16:00:00.000,190.241,190.28,189.738,190.218,-0.012089928
21.11.2023 17:00:00.000,190.22,190.586,190.07,190.51,0.152455052
21.11.2023 18:00:00.000,190.516,190.58,190.019,190.38,-0.071385081
21.11.2023 19:00:00.000,190.388,190.58,190.17,190.489,0.053049562
21.11.2023 20:00:00.000,190.489,190.688,190.28,190.55,0.032022846
22.11.2023 14:00:00.000,192.663,192.913,191.553,191.953,-0.368519124
22.11.2023 15:00:00.000,191.894,192.353,191.362,191.433,-0.240236797
22.11.2023 16:00:00.000,191.443,191.853,191.413,191.632,0.098723902
22.11.2023 17:00:00.000,191.653,191.944,191.542,191.881,0.118965004
22.11.2023 18:00:00.000,191.893,192.073,191.512,191.614,-0.145393527
22.11.2023 19:00:00.000,191.614,191.694,190.803,191.343,-0.141430167
22.11.2023 20:00:00.000,191.343,191.684,191.242,191.293,-0.026131084
24.11.2023 14:00:00.000,190.464,190.571,189.664,189.964,-0.262516801
24.11.2023 15:00:00.000,189.974,190.054,189.225,189.474,-0.263193911
24.11.2023 16:00:00.000,189.466,189.778,189.331,189.566,0.052779918
24.11.2023 17:00:00.000,189.588,189.951,189.471,189.951,0.191467814
27.11.2023 14:00:00.000,189.61,189.759,188.88,189.226,-0.202520964
27.11.2023 15:00:00.000,189.249,189.88,188.99,189.316,0.035403093
27.11.2023 16:00:00.000,189.31,190.399,189.029,190.259,0.501294174
27.11.2023 17:00:00.000,190.259,190.499,190.183,190.433,0.091454281
27.11.2023 18:00:00.000,190.444,190.649,190,190.119,-0.17065384
27.11.2023 19:00:00.000,190.156,190.179,189.51,189.854,-0.158816971
27.11.2023 20:00:00.000,189.869,190.039,189.63,189.77,-0.052141213
28.11.2023 14:00:00.000,190.059,190.137,189.887,190.109,0.02630762
28.11.2023 15:00:00.000,189.699,190.559,189.699,190.129,0.22667489
28.11.2023 16:00:00.000,190.129,191.059,190.052,190.694,0.297166661
28.11.2023 17:00:00.000,190.699,190.782,190.212,190.279,-0.220242371
28.11.2023 18:00:00.000,190.277,190.277,189.757,189.882,-0.207592089
28.11.2023 19:00:00.000,189.902,190.089,189.652,190.019,0.061610726
28.11.2023 20:00:00.000,190.024,190.229,189.577,190.189,0.086831137
29.11.2023 14:00:00.000,191.784,191.884,191.681,191.681,-0.053706253
29.11.2023 15:00:00.000,191.762,191.804,190.582,190.912,-0.443257788
29.11.2023 16:00:00.000,190.914,190.944,189.892,189.914,-0.523796055
29.11.2023 17:00:00.000,189.914,189.916,189.502,189.692,-0.116895016
29.11.2023 18:00:00.000,189.695,189.741,189.169,189.464,-0.121774427
29.11.2023 19:00:00.000,189.452,189.481,189.032,189.314,-0.07284167
29.11.2023 20:00:00.000,189.302,189.434,188.961,189.212,-0.047543079
30.11.2023 14:00:00.000,189.927,189.947,189.041,189.174,-0.396468117
30.11.2023 15:00:00.000,189.201,189.338,188.321,188.748,-0.23942791
30.11.2023 16:00:00.000,188.734,188.907,188.191,188.231,-0.266512658
30.11.2023 17:00:00.000,188.247,188.748,188.214,188.684,0.232141814
30.11.2023 18:00:00.000,188.687,188.747,188.254,188.501,-0.098575949
30.11.2023 19:00:00.000,188.484,189.199,188.474,189.154,0.355467838
30.11.2023 20:00:00.000,189.167,190.031,188.674,189.867,0.370043401
01.12.2023 14:00:00.000,189.482,189.482,189.207,189.271,-0.111356224
01.12.2023 15:00:00.000,189.941,190.482,189.893,190.312,0.195323811
01.12.2023 16:00:00.000,190.331,191.211,190.181,191.031,0.367780341
01.12.2023 17:00:00.000,191.017,191.529,190.947,191.491,0.248145453
01.12.2023 18:00:00.000,191.481,191.525,190.801,191.162,-0.166596164
01.12.2023 19:00:00.000,191.161,191.321,190.895,191.245,0.043942017
01.12.2023 20:00:00.000,191.235,191.291,190.871,190.907,-0.17151672
04.12.2023 14:00:00.000,189.707,189.968,189.574,189.738,0.016340989
04.12.2023 15:00:00.000,189.364,189.618,187.734,188,-0.720305866
04.12.2023 16:00:00.000,188.004,188.404,187.433,188.347,0.182442927
04.12.2023 17:00:00.000,188.34,188.748,188.174,188.64,0.159286397
04.12.2023 18:00:00.000,188.64,188.797,188.48,188.648,0.004240882
04.12.2023 19:00:00.000,188.648,189.114,188.47,188.98,0.175989144
04.12.2023 20:00:00.000,188.994,189.641,188.69,189.204,0.111114639
05.12.2023 14:00:00.000,192.034,192.896,191.994,192.341,0.159867523
05.12.2023 15:00:00.000,192.694,194.341,192.694,194.256,0.810611643
05.12.2023 16:00:00.000,194.244,194.386,192.584,193.185,-0.545190585
05.12.2023 17:00:00.000,193.201,193.816,192.934,193.616,0.214802201
05.12.2023 18:00:00.000,193.611,193.646,192.835,192.906,-0.364132203
05.12.2023 19:00:00.000,192.896,193.271,192.732,193.211,0.163300431
05.12.2023 20:00:00.000,193.216,193.466,192.844,193.046,-0.087984432
06.12.2023 14:00:00.000,193.489,193.749,192.956,193.119,-0.191225341
06.12.2023 15:00:00.000,193.129,193.149,192.185,192.639,-0.253716428
06.12.2023 16:00:00.000,192.669,193.329,192.449,193.029,0.186848948
06.12.2023 17:00:00.000,193.029,193.089,192.639,192.675,-0.183392133
06.12.2023 18:00:00.000,192.686,193.226,192.393,193.149,0.240287307
06.12.2023 19:00:00.000,193.135,193.189,192.759,192.909,-0.117016595
06.12.2023 20:00:00.000,192.909,192.919,192.159,192.161,-0.387747591
07.12.2023 14:00:00.000,194.374,194.908,193.878,193.878,-0.255178162
07.12.2023 15:00:00.000,193.87,194.956,193.868,194.784,0.471449941
07.12.2023 16:00:00.000,194.786,194.884,194.02,194.858,0.036963642
07.12.2023 17:00:00.000,194.884,194.974,194.49,194.49,-0.202171548
07.12.2023 18:00:00.000,194.49,194.768,194.218,194.31,-0.092549745
07.12.2023 19:00:00.000,194.303,194.48,194.118,194.14,-0.083889595
07.12.2023 20:00:00.000,194.14,194.338,193.997,194.26,0.061811064
08.12.2023 14:00:00.000,194.023,194.463,193.643,193.813,-0.108234591
08.12.2023 15:00:00.000,193.813,194.983,193.813,194.963,0.593355451
08.12.2023 16:00:00.000,194.963,194.973,194.28,194.433,-0.271846453
08.12.2023 17:00:00.000,194.431,195.283,194.321,195.165,0.377511817
08.12.2023 18:00:00.000,195.153,195.623,195.013,195.598,0.228026215
08.12.2023 19:00:00.000,195.595,195.968,195.423,195.821,0.115544876
08.12.2023 20:00:00.000,195.823,195.978,195.415,195.913,0.045959872
11.12.2023 14:00:00.000,192.689,193.391,192.282,192.875,0.096528603
11.12.2023 15:00:00.000,192.945,192.959,191.692,191.949,-0.516209282
11.12.2023 16:00:00.000,191.949,192.205,191.408,191.965,0.008335547
11.12.2023 17:00:00.000,191.948,192.375,191.794,192.195,0.128680684
11.12.2023 18:00:00.000,192.205,192.795,192.129,192.775,0.296558362
11.12.2023 19:00:00.000,192.768,192.987,192.668,192.868,0.05187583
11.12.2023 20:00:00.000,192.879,193.125,192.732,193.038,0.082435102
12.12.2023 14:00:00.000,192.562,192.842,191.72,192.405,-0.081532182
12.12.2023 15:00:00.000,192.405,193.408,192.24,193.208,0.417348821
12.12.2023 16:00:00.000,193.215,193.596,193.11,193.425,0.108687214
12.12.2023 17:00:00.000,193.41,193.488,193.065,193.418,0.004136291
12.12.2023 18:00:00.000,193.426,194.136,193.355,194.045,0.320019025
12.12.2023 19:00:00.000,194.045,194.336,193.968,194.225,0.092761988
12.12.2023 20:00:00.000,194.224,194.546,194.192,194.356,0.067962765
13.12.2023 15:00:00.000,195.899,196.719,195.78,196.307,0.208270588
13.12.2023 16:00:00.000,196.315,196.449,195.63,195.946,-0.187963222
13.12.2023 17:00:00.000,195.93,196.089,195.471,196.061,0.066860613
13.12.2023 18:00:00.000,196.061,196.909,196.031,196.458,0.202488001
13.12.2023 19:00:00.000,196.449,197.979,196.449,197.909,0.743195435
13.12.2023 20:00:00.000,197.9,197.969,196.55,197.15,-0.378979282
14.12.2023 14:00:00.000,199.232,199.548,198.735,199.182,-0.02509637
14.12.2023 15:00:00.000,199.176,199.578,198.637,199.096,-0.040165482
14.12.2023 16:00:00.000,199.108,199.195,197.735,197.772,-0.670992627
14.12.2023 17:00:00.000,197.772,198.538,197.562,197.686,-0.043484416
14.12.2023 18:00:00.000,197.682,197.688,196.142,196.778,-0.457300108
14.12.2023 19:00:00.000,196.762,197.894,196.752,197.696,0.474685153
14.12.2023 20:00:00.000,197.704,198.096,197.652,197.876,0.086998746
15.12.2023 14:00:00.000,197.211,198.124,197.094,197.851,0.324525508
15.12.2023 15:00:00.000,197.954,198.374,197.4,197.651,-0.153065864
15.12.2023 16:00:00.000,197.691,198.004,197.32,197.91,0.110778943
15.12.2023 17:00:00.000,197.93,197.944,197.14,197.141,-0.398625777
15.12.2023 18:00:00.000,197.121,197.624,197.001,197.567,0.226256969
15.12.2023 19:00:00.000,197.541,197.647,197.261,197.46,-0.041004146
15.12.2023 20:00:00.000,197.451,198.184,197.371,197.777,0.165104254
18.12.2023 14:00:00.000,195.424,195.754,194.385,194.926,-0.254830522
18.12.2023 15:00:00.000,194.954,195.576,194.609,194.944,-0.005129415
18.12.2023 16:00:00.000,194.944,195.259,194.634,194.828,-0.059504268
18.12.2023 17:00:00.000,194.829,195.459,194.795,195.459,0.323360485
18.12.2023 18:00:00.000,195.449,196.219,195.444,196.196,0.38219689
18.12.2023 19:00:00.000,196.196,196.469,195.995,196.225,0.014781137
18.12.2023 20:00:00.000,196.254,196.439,195.954,196.409,0.078979282
19.12.2023 14:00:00.000,196.524,196.635,195.885,196.551,0.01373878
19.12.2023 15:00:00.000,196.565,196.809,196.025,196.719,0.078345585
19.12.2023 16:00:00.000,196.714,196.934,196.201,196.265,-0.22825015
19.12.2023 17:00:00.000,196.265,196.334,195.975,196.231,-0.017323517
19.12.2023 18:00:00.000,196.239,196.299,195.955,196.065,-0.08866739
19.12.2023 19:00:00.000,196.07,196.159,195.971,196.081,0.005610241
19.12.2023 20:00:00.000,196.096,196.749,195.995,196.717,0.316681625
20.12.2023 14:00:00.000,196.918,197.658,196.868,197.492,0.29149189
20.12.2023 15:00:00.000,197.455,197.628,197.242,197.375,-0.040515561
20.12.2023 16:00:00.000,197.385,197.418,196.98,197.283,-0.051675659
20.12.2023 17:00:00.000,197.283,197.418,197.188,197.398,0.058291895
20.12.2023 18:00:00.000,197.393,197.548,197.142,197.213,-0.091188644
20.12.2023 19:00:00.000,197.205,197.325,195.662,195.692,-0.767221926
20.12.2023 20:00:00.000,195.693,196.082,195.122,195.433,-0.132861165
21.12.2023 14:00:00.000,196.919,196.999,195.689,195.776,-0.580441704
21.12.2023 15:00:00.000,195.78,195.789,194.289,194.411,-0.699254265
21.12.2023 16:00:00.000,194.426,194.958,194.31,194.469,0.022116384
21.12.2023 17:00:00.000,194.479,194.508,193.661,193.719,-0.390787694
21.12.2023 18:00:00.000,193.721,194.218,193.489,194.058,0.173961522
21.12.2023 19:00:00.000,194.058,194.329,193.761,193.869,-0.097393563
21.12.2023 20:00:00.000,193.861,194.918,193.741,194.909,0.540593518
22.12.2023 14:00:00.000,194.702,195.292,194.437,195.217,0.264506785
22.12.2023 15:00:00.000,195.247,195.252,194.311,194.311,-0.479392769
22.12.2023 16:00:00.000,194.319,194.362,193.997,194.132,-0.096233513
22.12.2023 17:00:00.000,194.137,194.302,193.821,194.229,0.047389215
22.12.2023 18:00:00.000,194.242,194.443,193.969,193.981,-0.134368468
22.12.2023 19:00:00.000,193.992,194.003,192.951,193.772,-0.113406738
22.12.2023 20:00:00.000,193.785,193.967,193.541,193.652,-0.068632763
26.12.2023 14:00:00.000,193.37,193.874,192.96,193.22,-0.077571495
26.12.2023 15:00:00.000,193.214,193.428,192.874,193.195,-0.009833656
26.12.2023 16:00:00.000,193.204,193.279,192.863,193.204,0
26.12.2023 17:00:00.000,193.204,193.305,193.033,193.164,-0.020703505
26.12.2023 18:00:00.000,193.164,193.345,192.811,192.865,-0.154790748
26.12.2023 19:00:00.000,192.865,193.125,192.851,193.035,0.088144557
26.12.2023 20:00:00.000,193.035,193.475,192.95,193,-0.018131427
27.12.2023 14:00:00.000,192.555,192.885,192.426,192.426,-0.066993846
27.12.2023 15:00:00.000,192.455,192.525,191.071,191.665,-0.410485568
27.12.2023 16:00:00.000,191.655,192.165,191.076,192.135,0.250450027
27.12.2023 17:00:00.000,192.135,192.725,192.095,192.611,0.247742473
27.12.2023 18:00:00.000,192.617,193.485,192.616,193.385,0.398718701
27.12.2023 19:00:00.000,193.375,193.375,192.765,192.905,-0.243051067
27.12.2023 20:00:00.000,192.915,193.105,192.725,192.84,-0.038877226
28.12.2023 14:00:00.000,194.218,194.638,193.96,194.088,-0.066935094
28.12.2023 15:00:00.000,194.088,194.468,193.728,194.193,0.054099172
28.12.2023 16:00:00.000,194.186,194.209,193.873,194.118,-0.035017972
28.12.2023 17:00:00.000,194.118,194.338,193.873,193.959,-0.081908942
28.12.2023 18:00:00.000,193.953,193.969,193.583,193.869,-0.043309462
28.12.2023 19:00:00.000,193.868,194.069,193.843,193.968,0.051581488
28.12.2023 20:00:00.000,193.968,193.968,193.453,193.529,-0.226325992
29.12.2023 14:00:00.000,193.982,194.013,193.413,193.493,-0.252085245
29.12.2023 15:00:00.000,193.493,193.533,192.642,192.753,-0.382442776
29.12.2023 16:00:00.000,192.753,192.853,191.862,192.305,-0.232421804
29.12.2023 17:00:00.000,192.313,192.463,191.715,191.93,-0.199154503
29.12.2023 18:00:00.000,191.935,192.403,191.85,192.352,0.217261052
29.12.2023 19:00:00.000,192.345,192.515,192.07,192.463,0.061348098
29.12.2023 20:00:00.000,192.45,192.833,192.24,192.692,0.125746947
02.01.2024 14:00:00.000,187.753,188.034,185.994,186.494,-0.670561855
02.01.2024 15:00:00.000,186.464,186.944,185.162,185.878,-0.314269779
02.01.2024 16:00:00.000,185.863,187.338,185.854,186.722,0.462168371
02.01.2024 17:00:00.000,186.733,187.028,185.82,185.853,-0.471261105
02.01.2024 18:00:00.000,185.863,185.934,184.732,184.888,-0.524579933
02.01.2024 19:00:00.000,184.893,184.963,184.002,184.026,-0.468919862
02.01.2024 20:00:00.000,184.024,185.348,183.87,185.323,0.705886189
03.01.2024 14:00:00.000,185.607,185.847,184.596,184.757,-0.457956866
03.01.2024 15:00:00.000,184.747,185.167,183.436,183.836,-0.493106789
03.01.2024 16:00:00.000,183.845,184.357,183.477,183.485,-0.195817129
03.01.2024 17:00:00.000,183.487,184.361,183.416,184.326,0.457253102
03.01.2024 18:00:00.000,184.316,184.537,184.156,184.317,0.000542546
03.01.2024 19:00:00.000,184.347,184.907,183.786,184.627,0.151887473
03.01.2024 20:00:00.000,184.637,184.696,183.977,184.047,-0.31954592
04.01.2024 14:00:00.000,182.769,183.069,181.209,181.451,-0.721128857
04.01.2024 15:00:00.000,181.479,182.121,180.871,181.461,-0.009918503
04.01.2024 16:00:00.000,181.47,182.429,181.297,181.429,-0.022593266
04.01.2024 17:00:00.000,181.42,182.379,181.411,182.218,0.439863301
04.01.2024 18:00:00.000,182.209,183.059,182.158,182.758,0.301302351
04.01.2024 19:00:00.000,182.731,182.949,182.248,182.29,-0.241338361
04.01.2024 20:00:00.000,182.298,182.539,181.531,181.693,-0.331874184
05.01.2024 14:00:00.000,182.47,182.731,181.5,181.651,-0.448840905
05.01.2024 15:00:00.000,181.771,182.631,181.71,182.631,0.473122775
05.01.2024 16:00:00.000,182.66,182.711,181.89,182.08,-0.317529837
05.01.2024 17:00:00.000,182.081,182.196,181.28,181.571,-0.280095123
05.01.2024 18:00:00.000,181.571,182.206,181.19,182.011,0.242329447
05.01.2024 19:00:00.000,182.02,182.166,180.45,180.461,-0.856499286
05.01.2024 20:00:00.000,180.45,180.92,180.166,180.806,0.197284566
08.01.2024 14:00:00.000,181.746,183.484,181.548,183.408,0.914463042
08.01.2024 15:00:00.000,183.408,183.868,183.28,183.557,0.081239641
08.01.2024 16:00:00.000,183.577,183.838,183.2,183.817,0.130735332
08.01.2024 17:00:00.000,183.827,184.558,183.817,184.244,0.226843717
08.01.2024 18:00:00.000,184.237,184.708,184.006,184.704,0.253477857
08.01.2024 19:00:00.000,184.708,185.308,184.534,185.168,0.249041731
08.01.2024 20:00:00.000,185.168,185.428,184.892,185.137,-0.016741554
09.01.2024 14:00:00.000,183.831,183.913,182.716,183.25,-0.316051156
09.01.2024 15:00:00.000,183.24,183.96,182.951,183.463,0.121698319
09.01.2024 16:00:00.000,183.463,184.773,183.463,184.773,0.714040433
09.01.2024 17:00:00.000,184.771,184.792,184.353,184.693,-0.042214417
09.01.2024 18:00:00.000,184.691,184.9,184.013,184.451,-0.129946776
09.01.2024 19:00:00.000,184.451,184.662,184.201,184.6,0.080780261
09.01.2024 20:00:00.000,184.593,184.873,184.391,184.87,0.150059861
10.01.2024 14:00:00.000,184.684,184.835,183.944,184.244,-0.238244786
10.01.2024 15:00:00.000,184.255,184.785,183.903,184.734,0.259965808
10.01.2024 16:00:00.000,184.749,184.995,184.033,184.257,-0.26630726
10.01.2024 17:00:00.000,184.264,184.385,184.069,184.303,0.021165285
10.01.2024 18:00:00.000,184.305,184.835,184.114,184.775,0.255012072
10.01.2024 19:00:00.000,184.764,186.115,184.754,186.089,0.717131043
10.01.2024 20:00:00.000,186.094,186.385,185.263,185.599,-0.265994605
11.01.2024 14:00:00.000,186.733,186.758,184.582,184.713,-1.081758447
11.01.2024 15:00:00.000,184.743,184.858,183.615,184.668,-0.040596937
11.01.2024 16:00:00.000,184.673,184.843,183.812,183.934,-0.400166781
11.01.2024 17:00:00.000,183.913,184.568,183.902,184.318,0.220212818
11.01.2024 18:00:00.000,184.308,185.158,184.253,185.143,0.453045988
11.01.2024 19:00:00.000,185.136,185.693,184.983,185.516,0.205254516
11.01.2024 20:00:00.000,185.538,185.588,184.732,185.543,0.002694866
12.01.2024 14:00:00.000,186.428,186.519,185.728,185.759,-0.358851675
12.01.2024 15:00:00.000,185.758,186.288,185.169,185.678,-0.043066786
12.01.2024 16:00:00.000,185.678,186.048,185.369,185.558,-0.064628012
12.01.2024 17:00:00.000,185.558,185.838,185.411,185.608,0.026945753
12.01.2024 18:00:00.000,185.618,185.914,185.567,185.877,0.139533881
12.01.2024 19:00:00.000,185.868,186.058,185.243,185.298,-0.306669249
12.01.2024 20:00:00.000,185.289,185.779,185.208,185.739,0.242863851
16.01.2024 14:00:00.000,182.051,182.611,180.911,181.321,-0.400986537
16.01.2024 15:00:00.000,181.32,183.878,181.021,183.768,1.350099272
16.01.2024 16:00:00.000,183.797,184.228,182.751,182.891,-0.49293514
16.01.2024 17:00:00.000,182.861,182.938,182.201,182.238,-0.340695938
16.01.2024 18:00:00.000,182.241,182.928,182.21,182.378,0.07517518
16.01.2024 19:00:00.000,182.381,182.928,182.121,182.881,0.274151364
16.01.2024 20:00:00.000,182.871,183.478,182.811,183.38,0.278338282
17.01.2024 14:00:00.000,180.639,181.464,180.274,181.204,0.312778525
17.01.2024 15:00:00.000,181.204,181.829,181.164,181.474,0.149003333
17.01.2024 16:00:00.000,181.479,182.046,181.469,181.721,0.133348762
17.01.2024 17:00:00.000,181.746,182.304,181.724,182.221,0.261353757
17.01.2024 18:00:00.000,182.214,182.514,181.364,182.064,-0.082320788
17.01.2024 19:00:00.000,182.069,182.661,181.984,182.181,0.06151514
17.01.2024 20:00:00.000,182.173,182.909,182.024,182.823,0.356803698
18.01.2024 14:00:00.000,186.781,187.639,186.303,187.351,0.305170226
18.01.2024 15:00:00.000,187.344,188.149,186.581,188.079,0.392326416
18.01.2024 16:00:00.000,188.079,188.769,187.551,188.464,0.204701216
18.01.2024 17:00:00.000,188.461,188.519,187.487,187.831,-0.334286669
18.01.2024 18:00:00.000,187.844,188.259,186.735,188.145,0.160239348
18.01.2024 19:00:00.000,188.158,189.123,188.158,188.969,0.431020738
18.01.2024 20:00:00.000,188.964,189.119,188.505,188.564,-0.211680532
19.01.2024 14:00:00.000,189.111,189.869,188.801,189.551,0.232667587
19.01.2024 15:00:00.000,189.571,190.109,188.891,189.753,0.096006246
19.01.2024 16:00:00.000,189.759,190.049,189.311,189.951,0.101180972
19.01.2024 17:00:00.000,189.951,190.619,189.883,190.543,0.311659323
19.01.2024 18:00:00.000,190.547,191.439,190.491,191.409,0.452381827
19.01.2024 19:00:00.000,191.409,191.939,191.147,191.631,0.115982007
19.01.2024 20:00:00.000,191.639,191.749,191.301,191.621,-0.00939266
22.01.2024 15:00:00.000,194.438,195.307,193.318,193.437,-0.514817063
22.01.2024 16:00:00.000,193.437,193.979,193.167,193.679,0.125105331
22.01.2024 17:00:00.000,193.689,194.057,193.018,193.917,0.11771448
22.01.2024 18:00:00.000,193.917,194.479,193.658,194.479,0.289814715
22.01.2024 19:00:00.000,194.475,194.559,193.924,194.067,-0.209795604
22.01.2024 20:00:00.000,194.069,194.097,193.447,193.619,-0.231876291
23.01.2024 14:00:00.000,195.032,195.352,194.63,194.78,-0.129209566
23.01.2024 15:00:00.000,194.8,194.832,193.8,194.27,-0.272073922
23.01.2024 16:00:00.000,194.266,194.702,194.16,194.612,0.178106308
23.01.2024 17:00:00.000,194.61,195.192,194.47,195.116,0.260007194
23.01.2024 18:00:00.000,195.122,195.206,194.73,194.786,-0.172199957
23.01.2024 19:00:00.000,194.786,195.022,194.55,194.932,0.074954052
23.01.2024 20:00:00.000,194.942,195.102,194.634,194.954,0.006155677
24.01.2024 14:00:00.000,195.841,196.031,194.891,195.042,-0.407984028
24.01.2024 15:00:00.000,195.051,196.312,194.651,195.892,0.431169284
24.01.2024 16:00:00.000,195.892,195.961,195.257,195.842,-0.025524268
24.01.2024 17:00:00.000,195.848,196.064,195.492,195.729,-0.060761407
24.01.2024 18:00:00.000,195.728,195.728,195.122,195.262,-0.238085506
24.01.2024 19:00:00.000,195.271,195.374,194.674,194.887,-0.196649784
24.01.2024 20:00:00.000,194.894,195.121,194.371,194.494,-0.205239771
25.01.2024 14:00:00.000,195.334,195.434,194.684,194.81,-0.26825847
25.01.2024 15:00:00.000,194.804,195.614,194.617,195.46,0.336748732
25.01.2024 16:00:00.000,195.472,196.254,195.147,195.944,0.241466809
25.01.2024 17:00:00.000,195.944,196.043,195.51,195.794,-0.076552484
25.01.2024 18:00:00.000,195.794,195.944,194.037,194.11,-0.860087643
25.01.2024 19:00:00.000,194.107,194.107,193.094,193.527,-0.298804268
25.01.2024 20:00:00.000,193.52,194.29,193.435,193.844,0.167424556
26.01.2024 14:00:00.000,194.201,194.611,193.741,194.609,0.210091606
26.01.2024 15:00:00.000,194.601,194.731,194.18,194.51,-0.04676235
26.01.2024 16:00:00.000,194.51,194.551,193.891,194.021,-0.251400956
26.01.2024 17:00:00.000,194.019,194.059,192.441,192.441,-0.813322407
26.01.2024 18:00:00.000,192.419,192.739,192.251,192.431,0.00623639
26.01.2024 19:00:00.000,192.431,192.957,192.321,192.901,0.244243391
26.01.2024 20:00:00.000,192.891,192.951,191.924,192.14,-0.389339057
29.01.2024 14:00:00.000,191.696,191.937,189.566,190.736,-0.500792922
29.01.2024 15:00:00.000,190.767,191.226,190.483,190.576,-0.100122139
29.01.2024 16:00:00.000,190.563,191.007,190.386,190.756,0.101278842
29.01.2024 17:00:00.000,190.756,191.137,190.706,191.037,0.147308604
29.01.2024 18:00:00.000,191.043,191.367,190.913,191.257,0.112016666
29.01.2024 19:00:00.000,191.267,191.657,191.223,191.363,0.050191617
29.01.2024 20:00:00.000,191.375,192.187,191.351,191.475,0.052253429
30.01.2024 14:00:00.000,190.99,191.227,190.89,190.99,0
30.01.2024 15:00:00.000,191.09,191.145,188.201,188.461,-1.375791512
30.01.2024 16:00:00.000,188.463,188.91,187.84,188.705,0.128407167
30.01.2024 17:00:00.000,188.705,188.9,187.85,187.85,-0.453088153
30.01.2024 18:00:00.000,187.85,188.617,187.66,188,0.079850945
30.01.2024 19:00:00.000,188.005,188.267,187.443,188.205,0.106380149
30.01.2024 20:00:00.000,188.205,188.247,187.791,187.89,-0.167370686
31.01.2024 14:00:00.000,184.997,185.203,184.873,185.163,0.089731185
31.01.2024 15:00:00.000,185.133,185.753,184.893,185.283,0.081022832
31.01.2024 16:00:00.000,185.263,185.833,185.263,185.663,0.215909275
31.01.2024 17:00:00.000,185.653,186.323,185.593,186.303,0.350115538
31.01.2024 18:00:00.000,186.308,186.508,186.062,186.143,-0.088563025
31.01.2024 19:00:00.000,186.143,186.923,185.233,185.953,-0.102072063
31.01.2024 20:00:00.000,185.983,185.983,184.722,185.019,-0.518326944
01.02.2024 14:00:00.000,185.024,185.414,184.918,185.414,0.210783466
01.02.2024 15:00:00.000,185.177,186.294,184.912,185.342,0.089103938
01.02.2024 16:00:00.000,185.364,186.055,185.278,185.665,0.162383203
01.02.2024 17:00:00.000,185.675,186.415,185.618,186.105,0.231587451
01.02.2024 18:00:00.000,186.114,186.165,185.254,185.778,-0.180534511
01.02.2024 19:00:00.000,185.782,186.605,185.538,186.452,0.360637737
01.02.2024 20:00:00.000,186.464,186.885,186.272,186.574,0.058992621
02.02.2024 14:00:00.000,182.406,182.587,181.987,182.467,0.033441882
02.02.2024 15:00:00.000,182.467,185.927,182.467,185.637,1.737300443
02.02.2024 16:00:00.000,185.657,187.136,185.107,186.317,0.355494272
02.02.2024 17:00:00.000,186.327,187.107,185.117,185.267,-0.568892324
02.02.2024 18:00:00.000,185.306,186.227,184.846,185.917,0.329724887
02.02.2024 19:00:00.000,185.926,186.987,185.578,186.976,0.564740811
02.02.2024 20:00:00.000,186.987,187.046,186.178,186.627,-0.192526753
05.02.2024 14:00:00.000,187.216,187.426,185.839,186.576,-0.341851124
05.02.2024 15:00:00.000,186.576,188.331,186.081,186.876,0.160792385
05.02.2024 16:00:00.000,186.866,188.094,186.756,187.974,0.592938255
05.02.2024 17:00:00.000,187.931,189.227,187.861,189.031,0.585321208
05.02.2024 18:00:00.000,189.046,189.046,188.506,188.704,-0.18090835
05.02.2024 19:00:00.000,188.691,188.874,188.356,188.496,-0.103343562
05.02.2024 20:00:00.000,188.504,188.606,187.846,188.096,-0.21644103
06.02.2024 14:00:00.000,187.869,188.609,187.459,187.939,0.037260006
06.02.2024 15:00:00.000,187.949,188.289,187.269,187.699,-0.133014807
06.02.2024 16:00:00.000,187.689,188.979,187.689,188.839,0.612715716
06.02.2024 17:00:00.000,188.809,189.109,188.409,188.519,-0.153594373
06.02.2024 18:00:00.000,188.519,188.989,188.489,188.759,0.127308123
06.02.2024 19:00:00.000,188.759,188.809,188.219,188.559,-0.105955213
06.02.2024 20:00:00.000,188.562,188.829,188.145,188.789,0.120384807
07.02.2024 14:00:00.000,190.047,190.327,188.847,188.997,-0.552494909
07.02.2024 15:00:00.000,188.987,190.388,188.597,189.647,0.34923037
07.02.2024 16:00:00.000,189.647,189.687,188.788,189.118,-0.278939292
07.02.2024 17:00:00.000,189.108,189.208,188.634,188.987,-0.063984601
07.02.2024 18:00:00.000,188.987,189.287,188.727,189.174,0.098948605
07.02.2024 19:00:00.000,189.186,189.398,188.874,189.248,0.032771981
07.02.2024 20:00:00.000,189.248,189.368,188.927,189.199,-0.025891951
08.02.2024 14:00:00.000,188.85,189.5,188.675,188.921,0.037595976
08.02.2024 15:00:00.000,188.921,188.921,187.33,188.095,-0.43721979
08.02.2024 16:00:00.000,188.095,188.389,187.81,188.389,0.156303995
08.02.2024 17:00:00.000,188.379,188.725,188.04,188.065,-0.166685246
08.02.2024 18:00:00.000,188.061,188.339,187.98,188.137,0.040412419
08.02.2024 19:00:00.000,188.129,188.269,187.97,188.155,0.013820304
08.02.2024 20:00:00.000,188.159,188.425,188.085,188.13,-0.015412497
09.02.2024 14:00:00.000,188.411,188.651,188.21,188.651,0.127381098
09.02.2024 15:00:00.000,188.643,188.817,188.34,188.663,0.010602037
09.02.2024 16:00:00.000,188.663,189.973,188.657,189.764,0.583580246
09.02.2024 17:00:00.000,189.757,189.823,189.073,189.631,-0.066400712
09.02.2024 18:00:00.000,189.62,189.643,189.021,189.051,-0.300073832
09.02.2024 19:00:00.000,189.062,189.063,188.72,188.923,-0.073520856
09.02.2024 20:00:00.000,188.933,188.951,188.54,188.71,-0.11803126
12.02.2024 14:00:00.000,188.601,188.641,187.434,187.968,-0.335629185
12.02.2024 15:00:00.000,187.978,188.048,187.361,187.771,-0.110119269
12.02.2024 16:00:00.000,187.788,188.168,187.671,187.973,0.098515347
12.02.2024 17:00:00.000,187.991,188.198,187.681,188.133,0.075535531
12.02.2024 18:00:00.000,188.142,188.348,187.541,187.981,-0.085573662
12.02.2024 19:00:00.000,187.978,188.018,186.902,186.971,-0.535700986
12.02.2024 20:00:00.000,186.971,187.438,186.771,187.271,0.160452691
13.02.2024 14:00:00.000,184.603,185.375,184.165,185.133,0.287102593
13.02.2024 15:00:00.000,185.153,186.164,184.743,185.813,0.356461953
13.02.2024 16:00:00.000,185.823,186.004,185.253,185.403,-0.226021537
13.02.2024 17:00:00.000,185.393,185.764,185.095,185.135,-0.13916383
13.02.2024 18:00:00.000,185.135,185.425,184.935,184.993,-0.076700786
13.02.2024 19:00:00.000,184.983,184.983,183.783,183.843,-0.616272847
13.02.2024 20:00:00.000,183.835,184.784,183.503,184.783,0.515679822
14.02.2024 14:00:00.000,185.026,185.066,183.882,184.026,-0.540464583
14.02.2024 15:00:00.000,184.036,184.246,183.086,183.173,-0.468929992
14.02.2024 16:00:00.000,183.154,183.576,182.79,182.976,-0.097185975
14.02.2024 17:00:00.000,182.986,182.996,182.496,182.703,-0.15465664
14.02.2024 18:00:00.000,182.69,183.123,182.402,182.92,0.125896327
14.02.2024 19:00:00.000,182.956,183.186,182.47,182.892,-0.034981088
14.02.2024 20:00:00.000,182.896,183.996,182.839,183.742,0.462557956
15.02.2024 14:00:00.000,183.28,184.05,181.893,182.03,-0.682016587
15.02.2024 15:00:00.000,182.04,182.63,181.418,182.008,-0.017578554
15.02.2024 16:00:00.000,182.01,182.128,181.55,181.723,-0.157683644
15.02.2024 17:00:00.000,181.713,182.228,181.62,181.77,0.031368146
15.02.2024 18:00:00.000,181.77,182.438,181.64,182.103,0.183198548
15.02.2024 19:00:00.000,182.11,182.348,181.72,182.323,0.116962276
15.02.2024 20:00:00.000,182.338,183.83,182.085,183.493,0.633438998
16.02.2024 14:00:00.000,184.012,184.821,182.313,182.313,-0.923309349
16.02.2024 15:00:00.000,182.213,183.332,181.861,183.041,0.454413242
16.02.2024 16:00:00.000,183.041,183.183,182.823,183.083,0.022945679
16.02.2024 17:00:00.000,183.072,183.123,182.621,182.721,-0.191727845
16.02.2024 18:00:00.000,182.713,182.891,182.462,182.873,0.087569029
16.02.2024 19:00:00.000,182.872,183.181,182.01,182.172,-0.382781399
16.02.2024 20:00:00.000,182.162,182.376,181.642,181.953,-0.11473304
20.02.2024 14:00:00.000,182.075,182.075,180.675,180.813,-0.693120967
20.02.2024 15:00:00.000,180.818,180.825,179.984,180.713,-0.05806944
20.02.2024 16:00:00.000,180.705,181.355,180.683,181.075,0.204753604
20.02.2024 17:00:00.000,181.085,181.115,180.47,180.745,-0.187757131
20.02.2024 18:00:00.000,180.733,180.935,180.38,180.715,-0.009959443
20.02.2024 19:00:00.000,180.725,180.895,180.393,180.885,0.0885323
20.02.2024 20:00:00.000,180.908,181.445,180.843,181.175,0.14758883
21.02.2024 14:00:00.000,182.38,182.856,182.045,182.525,0.079504332
21.02.2024 15:00:00.000,182.525,182.829,182.11,182.136,-0.21312149
21.02.2024 16:00:00.000,182.145,182.319,181.96,182.098,-0.025803618
21.02.2024 17:00:00.000,182.106,182.115,181.16,181.525,-0.319044952
21.02.2024 18:00:00.000,181.525,181.709,181.05,181.278,-0.136069412
21.02.2024 19:00:00.000,181.289,181.44,180.641,180.996,-0.161620396
21.02.2024 20:00:00.000,180.995,182.319,180.94,182.276,0.707754358
22.02.2024 14:00:00.000,182.779,183.598,182.513,183.108,0.179998796
22.02.2024 15:00:00.000,183.108,183.459,182.679,182.839,-0.146907836
22.02.2024 16:00:00.000,182.834,183.233,182.454,182.928,0.051412757
22.02.2024 17:00:00.000,182.938,183.633,182.718,183.599,0.361324602
22.02.2024 18:00:00.000,183.598,184.273,183.514,184.184,0.31917559
22.02.2024 19:00:00.000,184.198,184.933,184.168,184.51,0.169382947
22.02.2024 20:00:00.000,184.516,184.819,184.166,184.298,-0.118146936
23.02.2024 14:00:00.000,184.638,184.68,183.735,183.858,-0.42244825
23.02.2024 15:00:00.000,183.865,183.92,182.924,183.362,-0.273570283
23.02.2024 16:00:00.000,183.384,183.395,182.725,182.91,-0.258474022
23.02.2024 17:00:00.000,182.894,183.015,182.29,182.785,-0.059597362
23.02.2024 18:00:00.000,182.795,182.958,182.582,182.702,-0.050876665
23.02.2024 19:00:00.000,182.715,182.758,182.412,182.6,-0.062939551
23.02.2024 20:00:00.000,182.591,182.808,182.414,182.701,0.060243933
26.02.2024 14:00:00.000,181.977,182.077,181.136,181.489,-0.268165757
26.02.2024 15:00:00.000,181.487,181.836,181.177,181.23,-0.141607939
26.02.2024 16:00:00.000,181.207,181.253,180.947,181.187,-0.011037101
26.02.2024 17:00:00.000,181.19,181.193,180.623,180.787,-0.222418456
26.02.2024 18:00:00.000,180.787,181.379,180.692,181.367,0.320819528
26.02.2024 19:00:00.000,181.367,181.747,181.316,181.473,0.058445031
26.02.2024 20:00:00.000,181.486,181.596,181.06,181.316,-0.093671137
27.02.2024 14:00:00.000,180.846,180.967,180.282,180.917,0.039259923
27.02.2024 15:00:00.000,180.867,181.648,180.682,181.067,0.110578491
27.02.2024 16:00:00.000,181.067,181.107,180.701,180.827,-0.13254762
27.02.2024 17:00:00.000,180.817,180.998,180.132,180.176,-0.354502066
27.02.2024 18:00:00.000,180.176,180.457,179.996,180.432,0.142083296
27.02.2024 19:00:00.000,180.442,183.867,180.412,182.937,1.382715776
27.02.2024 20:00:00.000,182.946,182.978,182.132,182.517,-0.234495425
28.02.2024 14:00:00.000,181.785,182.335,181.115,181.279,-0.278350799
28.02.2024 15:00:00.000,181.253,181.869,180.943,181.285,0.01765488
28.02.2024 16:00:00.000,181.285,181.565,181.13,181.225,-0.033097057
28.02.2024 17:00:00.000,181.225,181.385,180.165,180.195,-0.568354256
28.02.2024 18:00:00.000,180.195,180.859,180.113,180.856,0.366824829
28.02.2024 19:00:00.000,180.863,180.909,180.333,180.696,-0.092335082
28.02.2024 20:00:00.000,180.696,181.289,180.523,180.973,0.153296144
29.02.2024 14:00:00.000,182.076,182.356,181.17,181.491,-0.321294405
29.02.2024 15:00:00.000,181.486,182.101,180.706,180.91,-0.317379853
29.02.2024 16:00:00.000,180.931,180.956,179.516,180.096,-0.461501899
29.02.2024 17:00:00.000,180.086,180.296,179.63,180.131,0.024988061
29.02.2024 18:00:00.000,180.116,180.616,179.662,180.081,-0.019431922
29.02.2024 19:00:00.000,180.071,180.456,179.84,180.186,0.063863698
29.02.2024 20:00:00.000,180.201,181.071,179.556,179.996,-0.113761855
01.03.2024 14:00:00.000,180.299,180.419,179.053,179.209,-0.604551329
01.03.2024 15:00:00.000,179.219,179.879,177.654,178.289,-0.518918195
01.03.2024 16:00:00.000,178.283,178.459,177.709,177.922,-0.202487057
01.03.2024 17:00:00.000,177.922,178.649,177.373,178.507,0.328795764
01.03.2024 18:00:00.000,178.503,179.379,178.313,179.309,0.451533027
01.03.2024 19:00:00.000,179.302,180.189,179.283,179.997,0.387614193
01.03.2024 20:00:00.000,179.995,179.999,179.403,179.773,-0.123336759
04.03.2024 15:00:00.000,174.348,174.974,174.348,174.788,0.252368826
04.03.2024 16:00:00.000,174.788,174.994,174.081,174.104,-0.391331213
04.03.2024 17:00:00.000,174.091,174.684,173.991,174.031,-0.034464734
04.03.2024 18:00:00.000,174.044,174.494,173.778,174.188,0.082737699
04.03.2024 19:00:00.000,174.194,175.634,173.961,175.314,0.642961296
04.03.2024 20:00:00.000,175.314,175.464,174.938,175.184,-0.074152663
05.03.2024 14:00:00.000,171.571,171.711,170.064,170.471,-0.641133991
05.03.2024 15:00:00.000,170.464,170.981,169.651,170.382,-0.048103998
05.03.2024 16:00:00.000,170.382,170.795,169.841,170.241,-0.082755221
05.03.2024 17:00:00.000,170.244,170.881,170.104,170.283,0.022908296
05.03.2024 18:00:00.000,170.272,170.741,169.971,169.974,-0.175014095
05.03.2024 19:00:00.000,169.974,170.364,169.784,170.034,0.035299516
05.03.2024 20:00:00.000,170.034,170.234,169.792,170.032,-0.001176235
06.03.2024 14:00:00.000,169.885,170.244,168.934,169.815,-0.041204344
06.03.2024 15:00:00.000,169.725,170.017,168.961,169.524,-0.118426867
06.03.2024 16:00:00.000,169.537,169.988,169.292,169.482,-0.032441296
06.03.2024 19:00:00.000,168.897,169.228,168.674,168.815,-0.0485503
06.03.2024 20:00:00.000,168.795,169.368,168.726,169.212,0.247045232
07.03.2024 14:00:00.000,169.657,169.742,168.478,169.698,0.024166406
07.03.2024 15:00:00.000,169.702,169.708,168.593,168.762,-0.553912152
07.03.2024 16:00:00.000,168.76,169.509,168.602,169.192,0.255984831
07.03.2024 17:00:00.000,169.203,169.582,168.973,169.097,-0.062646643
07.03.2024 18:00:00.000,169.1,170.572,168.981,170.55,0.857480781
07.03.2024 19:00:00.000,170.542,170.712,169.748,170.22,-0.188809795
07.03.2024 20:00:00.000,170.22,170.22,168.997,169.26,-0.563976031
08.03.2024 14:00:00.000,169.459,170.849,169.369,170.759,0.767147216
08.03.2024 15:00:00.000,170.722,171.889,170.634,171.359,0.373121215
08.03.2024 16:00:00.000,171.347,172.452,170.941,171.479,0.077036657
08.03.2024 17:00:00.000,171.459,172.779,171.347,171.821,0.211129191
08.03.2024 18:00:00.000,171.817,172.479,171.697,172.412,0.346298678
08.03.2024 19:00:00.000,172.411,173.689,172.381,172.709,0.1728428
08.03.2024 20:00:00.000,172.689,172.959,171.027,171.329,-0.787542924
11.03.2024 14:00:00.000,173.483,174.333,172.881,173.773,0.167163353
11.03.2024 15:00:00.000,173.762,173.973,172.276,172.456,-0.751602767
11.03.2024 16:00:00.000,172.456,173.313,172.283,173.036,0.336317669
11.03.2024 17:00:00.000,173.037,173.143,172.536,172.591,-0.257748343
11.03.2024 18:00:00.000,172.593,173.373,172.033,172.593,0
11.03.2024 19:00:00.000,172.591,172.873,172.346,172.863,0.157598021
11.03.2024 20:00:00.000,172.847,173.053,172.412,172.591,-0.148107864
12.03.2024 14:00:00.000,172.664,172.734,171.004,171.456,-0.699624705
12.03.2024 15:00:00.000,171.464,172.879,171.449,172.594,0.659030467
12.03.2024 16:00:00.000,172.639,172.889,172.299,172.564,-0.043443254
12.03.2024 17:00:00.000,172.564,173.074,171.949,172.516,-0.027815767
12.03.2024 18:00:00.000,172.508,173.469,172.414,173.246,0.427806247
12.03.2024 19:00:00.000,173.246,173.939,173.166,173.714,0.270136107
12.03.2024 20:00:00.000,173.714,174.006,173.416,173.449,-0.152549593
13.03.2024 14:00:00.000,172.79,172.83,171.55,171.63,-0.671335147
13.03.2024 15:00:00.000,171.63,171.68,170.74,171.01,-0.361242207
13.03.2024 16:00:00.000,171.02,171.19,170.84,171.02,0
13.03.2024 17:00:00.000,171.02,171.12,170.83,170.99,-0.017541808
13.03.2024 18:00:00.000,170.98,171.51,170.98,171.48,0.292431863
13.03.2024 19:00:00.000,171.47,171.79,171.42,171.63,0.093310783
13.03.2024 20:00:00.000,171.63,171.72,171.02,171.28,-0.203927052
14.03.2024 14:00:00.000,172.81,173.25,172.27,172.77,-0.023146809
14.03.2024 15:00:00.000,172.77,173.86,172.36,173.8,0.596168316
14.03.2024 16:00:00.000,173.82,174.28,173.03,173.17,-0.373950063
14.03.2024 17:00:00.000,173.17,173.34,172.27,172.35,-0.473523128
14.03.2024 18:00:00.000,172.36,173.81,172.21,173.67,0.760037132
14.03.2024 19:00:00.000,173.68,173.98,172.86,172.9,-0.449101796
14.03.2024 20:00:00.000,172.9,173.24,172.2,173.06,0.09253904
15.03.2024 14:00:00.000,171.7,171.85,171.26,171.42,-0.163075131
15.03.2024 15:00:00.000,171.41,171.56,170.29,170.67,-0.431713436
15.03.2024 16:00:00.000,170.7,171.13,170.58,170.96,0.152314001
15.03.2024 17:00:00.000,170.96,171.49,170.64,170.68,-0.163781001
15.03.2024 18:00:00.000,170.68,171.12,170.5,171.09,0.240215608
15.03.2024 19:00:00.000,171.09,171.5,170.78,171.5,0.239639956
15.03.2024 20:00:00.000,171.5,171.98,171.45,171.91,0.239067055
18.03.2024 14:00:00.000,175.85,177.55,175.83,176.71,0.48905317
18.03.2024 15:00:00.000,176.74,177.68,176.56,177.16,0.237637207
18.03.2024 16:00:00.000,177.15,177.31,175.58,175.63,-0.858029918
18.03.2024 17:00:00.000,175.6,175.63,175.06,175.06,-0.307517084
18.03.2024 18:00:00.000,175.06,175.43,174.72,175.1,0.022849309
18.03.2024 19:00:00.000,175.1,175.52,174.8,174.95,-0.085665334
18.03.2024 20:00:00.000,174.95,175.16,174.02,174.07,-0.503000857
19.03.2024 14:00:00.000,173.44,174.47,173.03,174.44,0.576568266
19.03.2024 15:00:00.000,174.43,175.35,174.42,174.79,0.206386516
19.03.2024 20:00:00.000,176.23,176.23,176.23,176.23,0
20.03.2024 15:00:00.000,176.04,176.04,175.94,175.95,-0.051124744
20.03.2024 18:00:00.000,176.62,176.7,176.26,176.59,-0.016985619
20.03.2024 19:00:00.000,176.61,178.22,176.56,177.94,0.75307174
20.03.2024 20:00:00.000,177.95,178.4,177.78,177.94,-0.005619556
21.03.2024 14:00:00.000,176.71,177.46,175.98,176.04,-0.379152283
21.03.2024 15:00:00.000,176.02,176.16,172.57,172.6,-1.942961027
21.03.2024 16:00:00.000,172.57,173.22,171.81,171.96,-0.353479747
21.03.2024 17:00:00.000,171.96,172.58,171.84,172.12,0.093044894
21.03.2024 18:00:00.000,172.11,172.39,171.05,171.07,-0.604264714
21.03.2024 19:00:00.000,171.07,171.45,170.82,171.1,0.017536681
21.03.2024 20:00:00.000,171.1,171.45,170.82,171.31,0.122735243
22.03.2024 14:00:00.000,170.78,171.32,170.04,171.01,0.134676192
22.03.2024 15:00:00.000,171.02,172.53,170.86,171.86,0.491170623
22.03.2024 16:00:00.000,171.84,172.85,171.79,172.56,0.418994413
22.03.2024 17:00:00.000,172.56,172.86,172.06,172.61,0.028975429
22.03.2024 18:00:00.000,172.61,172.92,172.34,172.65,0.023173628
22.03.2024 19:00:00.000,172.64,172.91,172.35,172.72,0.046339203
22.03.2024 20:00:00.000,172.72,173.03,172.27,172.27,-0.260537286
25.03.2024 14:00:00.000,170.32,170.37,169.42,170.16,-0.093940817
25.03.2024 15:00:00.000,170.16,170.59,169.75,170.51,0.205688764
25.03.2024 16:00:00.000,170.53,170.74,170.07,170.61,0.046912567
25.03.2024 17:00:00.000,170.6,171.13,170.38,170.97,0.216881594
25.03.2024 18:00:00.000,170.98,171.49,170.95,171.45,0.274885952
25.03.2024 19:00:00.000,171.44,171.59,171.21,171.43,-0.005832944
25.03.2024 20:00:00.000,171.43,171.92,171.05,171.06,-0.215831535
26.03.2024 14:00:00.000,169.99,170.81,169.94,170.71,0.423554327
26.03.2024 15:00:00.000,170.7,171.04,170.35,170.63,-0.041007616
26.03.2024 16:00:00.000,170.62,170.85,170.42,170.56,-0.035165866
26.03.2024 17:00:00.000,170.55,171.24,170.53,171.03,0.281442392
26.03.2024 18:00:00.000,171.03,171.39,170.26,170.28,-0.438519558
26.03.2024 19:00:00.000,170.27,170.56,170.14,170.52,0.14682563
26.03.2024 20:00:00.000,170.53,170.67,169.8,169.86,-0.392892746
27.03.2024 14:00:00.000,170.55,172.85,170.33,172.68,1.248900616
27.03.2024 15:00:00.000,172.69,173.08,171.91,172.42,-0.156349528
27.03.2024 16:00:00.000,172.42,172.74,172.03,172.03,-0.226191857
27.03.2024 17:00:00.000,172.04,172.32,171.84,172.14,0.058126017
27.03.2024 18:00:00.000,172.15,172.48,171.98,172.26,0.063897764
27.03.2024 19:00:00.000,172.27,172.8,172.21,172.68,0.237998491
27.03.2024 20:00:00.000,172.67,173.57,172.6,173.27,0.347483639
28.03.2024 14:00:00.000,171.24,171.5,170.71,171.32,0.046718057
28.03.2024 15:00:00.000,171.34,171.46,170.5,170.85,-0.28598109
28.03.2024 16:00:00.000,170.82,171.13,170.55,171.08,0.152207002
28.03.2024 17:00:00.000,171.09,171.32,170.71,171.3,0.122742416
28.03.2024 18:00:00.000,171.3,171.47,170.88,171.46,0.093403386
28.03.2024 19:00:00.000,171.46,172.05,171.29,172.04,0.338271317
28.03.2024 20:00:00.000,172.03,172.21,171.52,171.58,-0.261582282
01.04.2024 14:00:00.000,170.68,171.05,170.03,170.1,-0.339817202
01.04.2024 15:00:00.000,170.11,170.43,169.8,169.86,-0.146963729
01.04.2024 16:00:00.000,169.86,170.06,169.46,169.62,-0.141292829
01.04.2024 17:00:00.000,169.63,169.98,169.56,169.81,0.106113305
01.04.2024 18:00:00.000,169.81,170.07,169.74,169.97,0.094222955
01.04.2024 19:00:00.000,169.98,170.06,169.84,169.98,0
01.04.2024 20:00:00.000,169.99,170.21,169.83,170.01,0.011765398
02.04.2024 14:00:00.000,168.67,169.23,168.23,169.03,0.213434517
02.04.2024 15:00:00.000,169.07,169.31,168.52,168.66,-0.242503105
02.04.2024 16:00:00.000,168.66,169.13,168.59,168.64,-0.011858176
02.04.2024 17:00:00.000,168.64,168.85,168.35,168.77,0.077087287
02.04.2024 18:00:00.000,168.79,169.08,168.78,168.99,0.118490432
02.04.2024 19:00:00.000,168.99,169.03,168.73,168.8,-0.112432688
02.04.2024 20:00:00.000,168.81,169.2,168.7,168.94,0.077009656
03.04.2024 14:00:00.000,168.7,169.3,168.69,169.04,0.201541197
03.04.2024 15:00:00.000,169.04,170.61,169.04,170.48,0.85186938
03.04.2024 16:00:00.000,170.49,170.66,170.34,170.38,-0.064519913
03.04.2024 17:00:00.000,170.38,170.43,169.74,170.17,-0.123253903
03.04.2024 18:00:00.000,170.2,170.36,170.13,170.14,-0.035252644
03.04.2024 19:00:00.000,170.14,170.36,170.08,170.25,0.064652639
03.04.2024 20:00:00.000,170.25,170.57,169.26,169.82,-0.25256975
04.04.2024 14:00:00.000,170.29,170.97,170.29,170.95,0.387574138
04.04.2024 15:00:00.000,170.96,171.17,170.69,171,0.023397286
04.04.2024 16:00:00.000,171,171.74,170.84,171.7,0.409356725
04.04.2024 17:00:00.000,171.7,171.9,171.31,171.39,-0.180547467
04.04.2024 18:00:00.000,171.39,171.59,170.78,170.81,-0.338409475
04.04.2024 19:00:00.000,170.8,170.8,169.18,169.77,-0.603044496
04.04.2024 20:00:00.000,169.77,169.92,168.95,169.16,-0.359309654
05.04.2024 14:00:00.000,169,169.72,168.94,169.53,0.313609467
05.04.2024 15:00:00.000,169.51,169.88,169.02,169.62,0.064892927
05.04.2024 16:00:00.000,169.62,170.23,169.19,170.2,0.341940809
05.04.2024 17:00:00.000,170.19,170.37,169.91,170.24,0.029378929
05.04.2024 18:00:00.000,170.24,170.35,169.49,169.6,-0.37593985
05.04.2024 19:00:00.000,169.6,169.96,169.33,169.58,-0.011792453
05.04.2024 20:00:00.000,169.56,169.96,169.5,169.86,0.176928521
08.04.2024 14:00:00.000,168.54,169.06,168.21,168.96,0.249199003
08.04.2024 15:00:00.000,168.94,169.13,168.68,168.97,0.017757784
08.04.2024 16:00:00.000,168.97,169.05,168.41,168.62,-0.207137362
08.04.2024 17:00:00.000,168.62,168.8,168.24,168.78,0.094887914
08.04.2024 18:00:00.000,168.79,168.81,168.38,168.67,-0.071094259
08.04.2024 19:00:00.000,168.67,168.88,168.52,168.74,0.041501156
08.04.2024 20:00:00.000,168.73,168.94,168.43,168.47,-0.154092337
09.04.2024 14:00:00.000,168.57,169.86,168.49,169.59,0.605089874
09.04.2024 15:00:00.000,169.56,170.05,168.49,168.82,-0.436423685
09.04.2024 16:00:00.000,168.83,169.14,168.58,168.96,0.077000533
09.04.2024 17:00:00.000,168.96,169.23,168.82,169.05,0.053267045
09.04.2024 18:00:00.000,169.05,169.54,168.93,168.94,-0.065069506
09.04.2024 19:00:00.000,168.94,168.96,168.49,168.58,-0.213093406
09.04.2024 20:00:00.000,168.58,169.36,168.34,168.95,0.219480365
10.04.2024 14:00:00.000,168.24,168.53,167.3,167.43,-0.481455064
10.04.2024 15:00:00.000,167.4,168.67,167.09,168.01,0.364396655
10.04.2024 16:00:00.000,168.01,168.06,167.52,167.63,-0.226177013
10.04.2024 17:00:00.000,167.62,168.41,167.56,168.4,0.465338265
10.04.2024 18:00:00.000,168.4,168.57,167.62,168.19,-0.124703088
10.04.2024 19:00:00.000,168.19,168.39,167.68,167.69,-0.297282835
10.04.2024 20:00:00.000,167.71,168.65,167.67,167.95,0.143104168
11.04.2024 14:00:00.000,168.21,169.14,168.13,168.94,0.433981333
11.04.2024 15:00:00.000,168.94,169.31,168.29,169.12,0.106546703
11.04.2024 16:00:00.000,169.14,169.91,168.93,169.87,0.431595128
11.04.2024 17:00:00.000,169.88,170.4,169.8,170.36,0.28255239
11.04.2024 18:00:00.000,170.37,173.22,170.27,172.98,1.531959852
11.04.2024 19:00:00.000,173,174.47,172.91,173.54,0.312138728
11.04.2024 20:00:00.000,173.54,175.43,173.52,175,0.841304598
12.04.2024 14:00:00.000,175.52,178.32,175.5,178.02,1.424339107
12.04.2024 15:00:00.000,178.04,178.14,175.73,175.85,-1.230060661
12.04.2024 16:00:00.000,175.85,176.95,175.29,175.88,0.017059994
12.04.2024 17:00:00.000,175.9,176.2,174.9,175,-0.511654349
12.04.2024 18:00:00.000,175,175.93,174.78,175.38,0.217142857
12.04.2024 19:00:00.000,175.38,176.22,175.32,175.92,0.30790284
12.04.2024 20:00:00.000,175.92,176.72,175.6,176.39,0.267166894
15.04.2024 14:00:00.000,174.2,175.36,174.03,174.62,0.241102181
15.04.2024 15:00:00.000,174.61,175.24,174.48,174.8,0.108813928
15.04.2024 16:00:00.000,174.82,176.58,174.82,175.99,0.66925981
15.04.2024 17:00:00.000,175.99,176.12,174.88,175.14,-0.482981988
15.04.2024 18:00:00.000,175.11,175.54,173.51,173.87,-0.708126321
15.04.2024 19:00:00.000,173.86,173.86,172.48,173.3,-0.32209824
15.04.2024 20:00:00.000,173.3,173.57,172.79,173.02,-0.161569533
16.04.2024 14:00:00.000,172.12,173.73,171.91,172.76,0.371833604
16.04.2024 15:00:00.000,172.82,172.96,169.1,169.13,-2.135169541
16.04.2024 16:00:00.000,169.12,169.63,168.39,169.02,-0.059129612
16.04.2024 17:00:00.000,169.01,169.82,168.24,169.05,0.023667239
16.04.2024 18:00:00.000,169.06,169.7,168.4,169.46,0.23660239
16.04.2024 19:00:00.000,169.42,170.37,168.8,170.05,0.371856924
16.04.2024 20:00:00.000,170.04,170.06,169.41,169.77,-0.158786168
17.04.2024 14:00:00.000,170.07,170.6,169.6,169.81,-0.152878227
17.04.2024 15:00:00.000,169.82,170.6,169.56,169.81,-0.005888588
17.04.2024 16:00:00.000,169.81,170.1,168.85,168.9,-0.535893057
17.04.2024 17:00:00.000,168.89,169.01,168.05,168.33,-0.331576766
17.04.2024 18:00:00.000,168.33,168.97,168.28,168.9,0.338620567
17.04.2024 19:00:00.000,168.91,169.15,168.25,168.29,-0.367059381
17.04.2024 20:00:00.000,168.28,168.51,168,168.45,0.101022106
18.04.2024 14:00:00.000,168.6,168.6,167.54,167.67,-0.551601423
18.04.2024 15:00:00.000,167.69,168.26,167.32,168.14,0.268352317
18.04.2024 16:00:00.000,168.17,168.22,167.77,167.82,-0.208122733
18.04.2024 17:00:00.000,167.82,167.93,166.73,166.79,-0.61375283
18.04.2024 18:00:00.000,166.78,167.1,166.54,166.82,0.023983691
18.04.2024 19:00:00.000,166.81,167.08,166.62,166.71,-0.059948444
18.04.2024 20:00:00.000,166.72,167.36,166.71,166.86,0.083973129
19.04.2024 14:00:00.000,165.73,166.17,165.2,165.34,-0.235322513
19.04.2024 15:00:00.000,165.34,165.64,164.8,165.58,0.145155437
19.04.2024 16:00:00.000,165.54,165.59,164.32,164.34,-0.724900326
19.04.2024 17:00:00.000,164.34,165.27,164.05,165.18,0.511135451
19.04.2024 18:00:00.000,165.17,165.47,164.82,165.22,0.030271841
19.04.2024 19:00:00.000,165.22,165.64,164.5,164.94,-0.169471008
19.04.2024 20:00:00.000,164.92,165.21,164.76,165.06,0.084889643
22.04.2024 14:00:00.000,165.91,166.19,165.38,165.84,-0.04219155
22.04.2024 15:00:00.000,165.81,166,165.08,165.2,-0.36789096
22.04.2024 16:00:00.000,165.17,165.68,164.74,165.62,0.27244657
22.04.2024 17:00:00.000,165.63,165.85,165.43,165.79,0.096600857
22.04.2024 18:00:00.000,165.79,167.23,165.77,167.16,0.826346583
22.04.2024 19:00:00.000,167.17,167.22,166.25,166.6,-0.34097027
22.04.2024 20:00:00.000,166.61,166.84,165.77,165.8,-0.486165296
23.04.2024 14:00:00.000,165.45,166.56,165.35,166.13,0.411000302
23.04.2024 15:00:00.000,166.12,166.68,165.6,166.51,0.234770046
23.04.2024 16:00:00.000,166.54,166.95,166.23,166.32,-0.132100396
23.04.2024 17:00:00.000,166.33,166.62,166.03,166.43,0.060121445
23.04.2024 18:00:00.000,166.44,166.74,166.16,166.72,0.168228791
23.04.2024 19:00:00.000,166.73,166.85,166.64,166.76,0.017993163
23.04.2024 20:00:00.000,166.75,167.03,166.48,166.77,0.011994003
24.04.2024 14:00:00.000,166.54,167.9,166.51,167.5,0.576438093
24.04.2024 15:00:00.000,167.51,168.27,167.5,167.7,0.113426064
24.04.2024 16:00:00.000,167.69,168.69,167.69,168.58,0.530741249
24.04.2024 17:00:00.000,168.56,169.25,168.08,168.33,-0.136449929
24.04.2024 18:00:00.000,168.32,169.24,168.23,169.07,0.445579848
24.04.2024 19:00:00.000,169.09,169.1,168.25,168.42,-0.396238689
24.04.2024 20:00:00.000,168.42,169.26,168.32,168.71,0.172188576
25.04.2024 14:00:00.000,169.98,170.37,168.91,168.96,-0.600070597
25.04.2024 15:00:00.000,169,169.47,168.45,168.56,-0.26035503
25.04.2024 16:00:00.000,168.56,168.86,168.13,168.54,-0.011865211
25.04.2024 17:00:00.000,168.54,169.51,168.49,169.34,0.474664768
25.04.2024 18:00:00.000,169.34,169.6,168.83,169.54,0.118105586
25.04.2024 19:00:00.000,169.54,169.73,168.94,169.54,0
25.04.2024 20:00:00.000,169.55,170,169.39,169.95,0.235918608
26.04.2024 14:00:00.000,169.74,170.68,169.64,170.08,0.200306351
26.04.2024 15:00:00.000,170.09,171.16,170,171.06,0.570286319
26.04.2024 16:00:00.000,171.06,171.32,170.36,170.49,-0.333216415
26.04.2024 17:00:00.000,170.5,170.51,169.9,169.98,-0.304985337
26.04.2024 18:00:00.000,170,170.15,169.36,169.46,-0.317647059
26.04.2024 19:00:00.000,169.45,170,169.36,169.98,0.31277663
26.04.2024 20:00:00.000,169.98,170.09,169.52,169.52,-0.270620073
29.04.2024 14:00:00.000,174.57,176.01,174.42,175.16,0.337973306
29.04.2024 15:00:00.000,175.17,175.96,174.38,174.85,-0.182679683
29.04.2024 16:00:00.000,174.85,175.11,173.97,174.65,-0.114383758
29.04.2024 17:00:00.000,174.66,174.8,174.21,174.54,-0.068704912
29.04.2024 18:00:00.000,174.53,175.09,174.37,174.79,0.148971524
29.04.2024 19:00:00.000,174.79,174.79,173.94,174.6,-0.108701871
29.04.2024 20:00:00.000,174.6,174.6,173.11,173.17,-0.819014891
30.04.2024 14:00:00.000,173.1,174.71,172.69,174.51,0.814558059
30.04.2024 15:00:00.000,174.43,174.96,173.99,174.15,-0.160522846
30.04.2024 16:00:00.000,174.15,174.37,173.58,174.13,-0.011484353
30.04.2024 17:00:00.000,174.12,174.18,173.23,173.85,-0.155065472
30.04.2024 18:00:00.000,173.83,173.91,173.08,173.65,-0.103549445
30.04.2024 19:00:00.000,173.65,173.86,172.82,173.11,-0.310970343
30.04.2024 20:00:00.000,173.1,173.23,170.87,171.26,-1.062969382
01.05.2024 14:00:00.000,169.1,170.61,169.08,170.28,0.697811946
01.05.2024 15:00:00.000,170.28,171.32,170.15,171.08,0.469814423
01.05.2024 16:00:00.000,171.08,171.57,170.61,171.48,0.233808744
01.05.2024 17:00:00.000,171.49,171.69,171.06,171.06,-0.250743484
01.05.2024 18:00:00.000,171.03,171.22,170.58,171.17,0.081856984
01.05.2024 19:00:00.000,171.17,172.6,170.8,172.44,0.741952445
01.05.2024 20:00:00.000,172.46,172.68,170.05,170.1,-1.36843326
02.05.2024 14:00:00.000,171.91,172.22,171.36,171.39,-0.302483858
02.05.2024 15:00:00.000,171.39,172.06,170.87,171.54,0.087519692
02.05.2024 16:00:00.000,171.54,172.17,171.43,172.09,0.320624927
02.05.2024 17:00:00.000,172.09,172.47,171.91,172.13,0.023243652
02.05.2024 18:00:00.000,172.14,172.76,172.14,172.57,0.249796677
02.05.2024 19:00:00.000,172.58,173.08,172.39,172.92,0.197010082
02.05.2024 20:00:00.000,172.92,173.4,172.53,172.54,-0.2197548
03.05.2024 14:00:00.000,184.98,185.18,183.57,184.07,-0.491945075
03.05.2024 15:00:00.000,184.07,184.95,182.63,184.75,0.369424675
03.05.2024 16:00:00.000,184.75,184.96,183.88,184.57,-0.097428958
03.05.2024 17:00:00.000,184.57,184.91,184.11,184.73,0.086687977
03.05.2024 18:00:00.000,184.73,185.47,184.57,185.02,0.156985871
03.05.2024 19:00:00.000,185.02,185.96,185.02,185.33,0.167549454
03.05.2024 20:00:00.000,185.33,185.34,183.41,183.46,-1.009010953
06.05.2024 14:00:00.000,183.26,183.75,181.65,182.44,-0.447451708
06.05.2024 15:00:00.000,182.44,183.05,181.89,182.38,-0.032887525
06.05.2024 16:00:00.000,182.36,182.37,181.66,182.3,-0.032901952
06.05.2024 17:00:00.000,182.3,182.35,181.25,181.5,-0.438837082
06.05.2024 18:00:00.000,181.51,181.69,180.42,181.06,-0.247920225
06.05.2024 19:00:00.000,181.06,181.31,180.67,181.13,0.038661217
06.05.2024 20:00:00.000,181.13,181.99,180.84,181.66,0.292607519
07.05.2024 14:00:00.000,183.36,184.87,183.36,183.88,0.283595113
07.05.2024 15:00:00.000,183.9,184.45,182.31,182.6,-0.706905927
07.05.2024 16:00:00.000,182.6,182.94,181.4,181.54,-0.580503834
07.05.2024 17:00:00.000,181.55,182,181.3,181.85,0.165243735
07.05.2024 18:00:00.000,181.85,182.77,181.83,182.67,0.450921089
07.05.2024 19:00:00.000,182.67,182.9,182.29,182.48,-0.1040127
07.05.2024 20:00:00.000,182.48,182.65,182.15,182.35,-0.071240684
08.05.2024 14:00:00.000,182.66,182.66,181.82,182.08,-0.317529837
08.05.2024 15:00:00.000,182.07,182.34,181.46,182.03,-0.021969572
08.05.2024 16:00:00.000,182.02,182.34,181.84,182.23,0.115371937
08.05.2024 17:00:00.000,182.22,182.57,182.03,182.13,-0.049390846
08.05.2024 18:00:00.000,182.14,182.68,182,182.61,0.258043263
08.05.2024 19:00:00.000,182.62,182.97,182.46,182.78,0.087613624
08.05.2024 20:00:00.000,182.79,183,182.61,182.9,0.060178347
09.05.2024 14:00:00.000,182.4,183.8,182.31,183.71,0.718201754
09.05.2024 15:00:00.000,183.72,183.84,183.08,183.28,-0.239494884
09.05.2024 16:00:00.000,183.27,183.82,183.21,183.53,0.14186719
09.05.2024 17:00:00.000,183.53,184.01,183.41,183.99,0.250640222
09.05.2024 18:00:00.000,184.01,184.63,183.89,184.46,0.244551927
09.05.2024 19:00:00.000,184.45,184.6,184.05,184.49,0.021686094
09.05.2024 20:00:00.000,184.5,184.61,184.2,184.54,0.021680217
10.05.2024 14:00:00.000,184.7,184.98,183.34,183.6,-0.595560368
10.05.2024 15:00:00.000,183.58,183.95,182.26,182.52,-0.577404946
10.05.2024 16:00:00.000,182.54,182.86,182.34,182.54,0
10.05.2024 17:00:00.000,182.55,182.58,182.22,182.36,-0.104081074
10.05.2024 18:00:00.000,182.36,182.5,182.11,182.45,0.049352928
10.05.2024 19:00:00.000,182.45,182.9,182.33,182.89,0.241161962
10.05.2024 20:00:00.000,182.89,183.16,182.65,183.1,0.114823118
13.05.2024 14:00:00.000,184.9,185.43,184.59,185.17,0.146024878
13.05.2024 15:00:00.000,185.17,186.41,184.91,186.06,0.480639412
13.05.2024 16:00:00.000,186.06,186.23,185.76,186.02,-0.021498441
13.05.2024 17:00:00.000,186.03,186.85,185.95,186.79,0.408536258
13.05.2024 18:00:00.000,186.79,186.9,186.23,186.77,-0.010707211
13.05.2024 19:00:00.000,186.77,186.92,186.54,186.8,0.016062537
13.05.2024 20:00:00.000,186.79,187.08,186.52,186.53,-0.139193747
14.05.2024 14:00:00.000,187.51,188.09,186.9,186.99,-0.277318543
14.05.2024 15:00:00.000,186.99,187.09,186.28,186.98,-0.00534788
14.05.2024 16:00:00.000,186.98,187.18,186.5,186.89,-0.04813349
14.05.2024 17:00:00.000,186.9,186.93,186.59,186.75,-0.080256822
14.05.2024 18:00:00.000,186.75,187.03,186.45,186.92,0.09103079
14.05.2024 19:00:00.000,186.92,187.63,186.86,187.51,0.315643056
14.05.2024 20:00:00.000,187.51,187.89,187.2,187.62,0.058663538
15.05.2024 14:00:00.000,187.67,188.86,187.36,188.84,0.623434752
15.05.2024 15:00:00.000,188.85,189.93,188.78,189.9,0.555996823
15.05.2024 16:00:00.000,189.91,189.98,189.52,189.87,-0.021062609
15.05.2024 17:00:00.000,189.88,190.47,189.78,190.37,0.258057721
15.05.2024 18:00:00.000,190.37,190.63,190.15,190.35,-0.010505857
15.05.2024 19:00:00.000,190.35,190.37,189.79,189.95,-0.210139217
15.05.2024 20:00:00.000,189.95,190.24,189.8,189.87,-0.042116346
16.05.2024 14:00:00.000,190.43,191.07,189.97,190.46,0.01575382
16.05.2024 15:00:00.000,190.45,190.74,190.01,190.3,-0.07876083
16.05.2024 16:00:00.000,190.33,190.57,189.7,190,-0.173383072
16.05.2024 17:00:00.000,190,190.46,189.79,190.31,0.163157895
16.05.2024 18:00:00.000,190.3,190.42,189.86,190.16,-0.07356805
16.05.2024 19:00:00.000,190.16,190.16,189.73,189.93,-0.120950778
16.05.2024 20:00:00.000,189.92,190.19,189.64,190.09,0.089511373
17.05.2024 14:00:00.000,190,190.78,189.84,190.34,0.178947368
17.05.2024 15:00:00.000,190.34,190.49,189.8,189.94,-0.210150257
17.05.2024 16:00:00.000,189.95,189.95,189.41,189.55,-0.210581732
17.05.2024 17:00:00.000,189.55,189.97,189.53,189.91,0.189923503
17.05.2024 18:00:00.000,189.92,189.92,189.56,189.78,-0.073715249
17.05.2024 19:00:00.000,189.79,190.02,189.36,189.95,0.084303704
17.05.2024 20:00:00.000,189.95,190.12,189.84,189.86,-0.04738089
20.05.2024 14:00:00.000,189.67,190.88,189.38,190.87,0.632677809
20.05.2024 15:00:00.000,190.88,191.89,190.79,191.46,0.303855826
20.05.2024 16:00:00.000,191.46,191.65,191.07,191.26,-0.104460462
20.05.2024 17:00:00.000,191.25,191.65,190.99,191.59,0.177777778
20.05.2024 18:00:00.000,191.59,191.78,191.35,191.49,-0.052194791
20.05.2024 19:00:00.000,191.48,191.51,191.11,191.16,-0.167119281
20.05.2024 20:00:00.000,191.16,191.37,190.79,190.85,-0.162167818
21.05.2024 14:00:00.000,191.45,192.22,191.37,192.18,0.381300601
21.05.2024 15:00:00.000,192.2,192.57,191.83,192.27,0.036420395
21.05.2024 16:00:00.000,192.27,192.63,192.01,192.09,-0.093618349
21.05.2024 17:00:00.000,192.09,192.2,191.76,192.1,0.005205893
21.05.2024 18:00:00.000,192.1,192.49,192.02,192.47,0.192608017
21.05.2024 19:00:00.000,192.49,192.61,192.31,192.59,0.051950751
21.05.2024 20:00:00.000,192.59,192.71,192.3,192.55,-0.02076951
22.05.2024 14:00:00.000,192.32,192.76,192.04,192.43,0.057196339
22.05.2024 15:00:00.000,192.43,192.8,192.05,192.06,-0.192277711
22.05.2024 16:00:00.000,192.06,192.28,191.64,191.82,-0.12496095
22.05.2024 17:00:00.000,191.81,191.85,191.14,191.28,-0.276315103
22.05.2024 18:00:00.000,191.28,191.46,190.7,190.84,-0.230029276
22.05.2024 19:00:00.000,190.84,190.88,190.25,190.79,-0.026199958
22.05.2024 20:00:00.000,190.8,191.28,190.37,190.47,-0.172955975
23.05.2024 14:00:00.000,190.55,190.59,189.02,189.37,-0.619260037
23.05.2024 15:00:00.000,189.39,189.66,188.48,188.71,-0.359047468
23.05.2024 16:00:00.000,188.71,189.68,188.66,189.66,0.503417943
23.05.2024 17:00:00.000,189.66,189.66,188.73,188.76,-0.474533376
23.05.2024 18:00:00.000,188.77,188.95,187.53,187.57,-0.635694231
23.05.2024 19:00:00.000,187.57,187.84,187.14,187.25,-0.170602975
23.05.2024 20:00:00.000,187.25,187.81,186.74,186.88,-0.197596796
24.05.2024 14:00:00.000,189.09,189.09,188.02,188.71,-0.200962505
24.05.2024 15:00:00.000,188.78,189.73,188.65,189.73,0.503231274
24.05.2024 16:00:00.000,189.73,190.26,189.63,190.16,0.226637854
24.05.2024 17:00:00.000,190.16,190.56,190.14,190.33,0.089398401
24.05.2024 18:00:00.000,190.35,190.54,190.04,190.06,-0.152350932
24.05.2024 19:00:00.000,190.05,190.45,190.03,190.19,0.073664825
24.05.2024 20:00:00.000,190.16,190.26,189.81,189.95,-0.110433319
28.05.2024 14:00:00.000,192.15,192.96,190.3,191.04,-0.577673692
28.05.2024 15:00:00.000,191.03,192.08,190.98,191.63,0.314086793
28.05.2024 16:00:00.000,191.62,191.92,191.29,191.45,-0.088717253
28.05.2024 17:00:00.000,191.45,191.74,191.03,191.28,-0.08879603
28.05.2024 18:00:00.000,191.28,191.33,190.17,190.3,-0.512337934
28.05.2024 19:00:00.000,190.3,190.47,189.09,189.69,-0.320546506
28.05.2024 20:00:00.000,189.69,189.86,189.3,189.69,0
29.05.2024 14:00:00.000,190.52,192.21,190.43,191.76,0.650850304
29.05.2024 15:00:00.000,191.74,192.22,191.32,192.14,0.208615834
29.05.2024 16:00:00.000,192.13,192.13,191.08,191.42,-0.369541456
29.05.2024 17:00:00.000,191.42,192.01,191.25,191.87,0.235085153
29.05.2024 18:00:00.000,191.88,191.99,191.45,191.74,-0.072962268
29.05.2024 19:00:00.000,191.73,191.74,191.1,191.2,-0.276430397
29.05.2024 20:00:00.000,191.2,191.24,190.18,190.21,-0.517782427
30.05.2024 14:00:00.000,191.32,192.07,190.7,190.84,-0.250888564
30.05.2024 15:00:00.000,190.86,191.6,190.66,191.22,0.188619931
30.05.2024 16:00:00.000,191.22,191.8,191.22,191.43,0.109821148
30.05.2024 17:00:00.000,191.43,191.72,191.08,191.72,0.151491407
30.05.2024 18:00:00.000,191.71,192.15,191.68,191.92,0.109540452
30.05.2024 19:00:00.000,191.9,191.97,191.34,191.71,-0.099009901
30.05.2024 20:00:00.000,191.71,191.76,190.83,191.34,-0.192999844
31.05.2024 14:00:00.000,191.7,192.53,191.44,191.68,-0.010432968
31.05.2024 15:00:00.000,191.7,192.39,191.05,191.17,-0.276473657
31.05.2024 16:00:00.000,191.17,191.27,190.07,190.32,-0.444630434
31.05.2024 17:00:00.000,190.31,190.37,189.89,190.01,-0.157637539
31.05.2024 18:00:00.000,190.02,190.77,189.96,190.76,0.389432691
31.05.2024 19:00:00.000,190.76,190.79,190.31,190.75,-0.005242189
31.05.2024 20:00:00.000,190.74,192.46,190.61,192.25,0.79165356
03.06.2024 14:00:00.000,193.12,194.54,192.64,194.1,0.507456504
03.06.2024 15:00:00.000,194.2,194.97,193.89,193.93,-0.139031926
03.06.2024 16:00:00.000,193.92,194.41,193.58,193.9,-0.010313531
03.06.2024 17:00:00.000,193.9,194.06,192.91,193.23,-0.345538938
03.06.2024 18:00:00.000,193.23,194.03,192.82,193.58,0.181131294
03.06.2024 19:00:00.000,193.57,193.63,192.89,193.03,-0.278968848
03.06.2024 20:00:00.000,193.04,193.65,192.93,193.5,0.238292582
04.06.2024 14:00:00.000,193.93,194.2,193.01,193.13,-0.412519981
04.06.2024 15:00:00.000,193.14,194.33,193.05,194.17,0.533291913
04.06.2024 16:00:00.000,194.18,194.26,193.69,193.81,-0.190544855
04.06.2024 17:00:00.000,193.81,194.8,193.81,194.51,0.361178474
04.06.2024 18:00:00.000,194.51,194.84,194.36,194.55,0.020564495
04.06.2024 19:00:00.000,194.55,195.3,194.5,194.65,0.051400668
04.06.2024 20:00:00.000,194.62,194.85,193.91,194.24,-0.195252287
05.06.2024 14:00:00.000,195.45,195.81,194.86,195.72,0.138142748
05.06.2024 15:00:00.000,195.62,195.77,195.01,195.24,-0.194254166
05.06.2024 16:00:00.000,195.24,196.88,195.18,195.99,0.384142594
05.06.2024 17:00:00.000,196,196.27,195.79,196.01,0.005102041
05.06.2024 18:00:00.000,196.01,196.68,195.58,196.65,0.326513953
05.06.2024 19:00:00.000,196.64,196.67,195.8,195.82,-0.417005696
05.06.2024 20:00:00.000,195.81,196.43,195.6,195.64,-0.086818855
06.06.2024 14:00:00.000,195.74,196.1,195.18,196.09,0.178808624
06.06.2024 15:00:00.000,196.09,196.47,195.41,195.73,-0.183589168
06.06.2024 16:00:00.000,195.72,195.86,195.39,195.5,-0.112405477
06.06.2024 17:00:00.000,195.51,195.95,195.42,195.94,0.219937599
06.06.2024 18:00:00.000,195.94,196.05,195.42,195.45,-0.250076554
06.06.2024 19:00:00.000,195.45,195.54,194.94,195.22,-0.117677155
06.06.2024 20:00:00.000,195.21,195.45,194.33,194.34,-0.44567389
07.06.2024 14:00:00.000,194.92,195.05,194.13,194.66,-0.133388057
07.06.2024 15:00:00.000,194.66,195.94,194.56,195.61,0.488030412
07.06.2024 16:00:00.000,195.62,195.92,194.9,195.86,0.122686842
07.06.2024 17:00:00.000,195.86,196.39,195.61,196.31,0.229755948
07.06.2024 18:00:00.000,196.31,196.56,195.96,196.48,0.086597728
07.06.2024 19:00:00.000,196.49,196.5,195.57,195.85,-0.325716321
07.06.2024 20:00:00.000,195.85,196.82,195.76,196.57,0.367628287
10.06.2024 14:00:00.000,196.77,196.85,195.1,195.39,-0.701326422
10.06.2024 15:00:00.000,195.38,195.71,194.81,195.37,-0.005118231
10.06.2024 16:00:00.000,195.36,195.67,195.05,195.22,-0.071662572
10.06.2024 17:00:00.000,195.22,196.18,195.08,195.61,0.199774613
10.06.2024 18:00:00.000,195.59,196.36,193.38,194.94,-0.332327829
10.06.2024 19:00:00.000,194.93,196.37,192.14,193.14,-0.918278356
10.06.2024 20:00:00.000,193.14,194.13,192.28,192.33,-0.419384902
11.06.2024 14:00:00.000,195.95,199.1,195.92,199.07,1.592242919
11.06.2024 15:00:00.000,199.1,203.76,198.87,203.2,2.0592667
11.06.2024 16:00:00.000,203.21,205.38,202.23,204.28,0.52654889
11.06.2024 17:00:00.000,204.28,205.02,203.43,205,0.352457411
11.06.2024 18:00:00.000,205.02,205.97,204.46,204.95,-0.03414301
11.06.2024 19:00:00.000,204.95,205.88,204.42,205.57,0.302512808
11.06.2024 20:00:00.000,205.58,206.7,204.68,206.63,0.510750073
12.06.2024 14:00:00.000,209.76,214.92,209.38,214.19,2.111937452
12.06.2024 15:00:00.000,214.33,216.58,214.24,216.58,1.049783045
12.06.2024 16:00:00.000,216.59,218.09,216.16,216.47,-0.05540422
12.06.2024 17:00:00.000,216.49,217.46,214.84,215.81,-0.314102268
12.06.2024 18:00:00.000,215.81,217.62,215.5,217.46,0.76456142
12.06.2024 19:00:00.000,217.46,220.06,216.54,219.76,1.057665778
12.06.2024 20:00:00.000,219.76,220.18,213.07,213.21,-2.980524208
13.06.2024 14:00:00.000,214.97,216.7,213.94,214.7,-0.125598921
13.06.2024 15:00:00.000,214.72,214.96,212.82,212.85,-0.870901639
13.06.2024 16:00:00.000,212.85,214.04,212.15,213.72,0.408738548
13.06.2024 17:00:00.000,213.72,213.72,211.59,212.26,-0.683136815
13.06.2024 18:00:00.000,212.27,213.76,212.21,212.68,0.193150233
13.06.2024 19:00:00.000,212.7,214.12,212.56,213.96,0.592383639
13.06.2024 20:00:00.000,213.94,214.48,213.23,214.4,0.215013555
14.06.2024 14:00:00.000,214.44,214.88,213.2,213.67,-0.359074799
14.06.2024 15:00:00.000,213.69,214.6,212.6,213.09,-0.28078057
14.06.2024 16:00:00.000,213.09,213.81,212.44,212.53,-0.262799756
14.06.2024 17:00:00.000,212.53,212.53,211.29,212.15,-0.178798287
14.06.2024 18:00:00.000,212.16,212.42,211.34,212.34,0.084841629
14.06.2024 19:00:00.000,212.29,212.36,211.66,212.14,-0.070658062
14.06.2024 20:00:00.000,212.13,212.57,211.4,212.24,0.051854995
17.06.2024 14:00:00.000,212.95,214.74,212.7,213.51,0.262972529
17.06.2024 15:00:00.000,213.51,216.96,213.51,216.85,1.56432954
17.06.2024 16:00:00.000,216.89,217.31,215.79,216.31,-0.267416663
17.06.2024 17:00:00.000,216.32,217.25,216.1,217.02,0.323594675
17.06.2024 18:00:00.000,217.05,218.71,216.78,217.89,0.387007602
17.06.2024 19:00:00.000,217.88,218.91,217.85,218.69,0.371764274
17.06.2024 20:00:00.000,218.64,218.64,215.47,215.47,-1.449871936
18.06.2024 14:00:00.000,218.38,218.59,214.55,214.65,-1.708031871
18.06.2024 15:00:00.000,214.65,215.93,214.42,215.48,0.386675984
18.06.2024 16:00:00.000,215.48,215.75,213.39,213.57,-0.886393169
18.06.2024 17:00:00.000,213.57,214.2,212.98,214.18,0.28562064
18.06.2024 18:00:00.000,214.18,214.18,213.4,213.56,-0.289476142
18.06.2024 19:00:00.000,213.56,214.02,213.05,213.85,0.13579322
18.06.2024 20:00:00.000,213.85,215.08,213.79,214.46,0.285246668
20.06.2024 14:00:00.000,212.6,213.94,212.6,212.78,0.08466604
20.06.2024 15:00:00.000,212.8,213.12,210.09,211.2,-0.751879699
20.06.2024 16:00:00.000,211.21,211.3,209.42,210.86,-0.165711851
20.06.2024 17:00:00.000,210.86,211.02,209.32,209.88,-0.46476335
20.06.2024 18:00:00.000,209.88,210.32,209.11,209.77,-0.052410901
20.06.2024 19:00:00.000,209.78,210.59,209.4,210.01,0.109638669
20.06.2024 20:00:00.000,210.01,210.02,208.84,209.37,-0.304747393
21.06.2024 14:00:00.000,211.07,211.07,209.83,210.39,-0.322168001
21.06.2024 15:00:00.000,210.41,211.46,209.59,211.08,0.31842593
21.06.2024 16:00:00.000,211.04,211.6,210.62,211.25,0.099507202
21.06.2024 17:00:00.000,211.27,211.47,209.85,210.21,-0.501727647
21.06.2024 18:00:00.000,210.21,210.61,209.9,210.27,0.028542886
21.06.2024 19:00:00.000,210.27,210.95,209.96,210.12,-0.071336853
21.06.2024 20:00:00.000,210.15,210.95,208.81,208.85,-0.618605758
24.06.2024 14:00:00.000,207.43,208.72,206.59,208.65,0.588150219
24.06.2024 15:00:00.000,208.68,210.75,208.47,210.53,0.886524823
24.06.2024 16:00:00.000,210.52,212.64,210.52,211.83,0.622268668
24.06.2024 17:00:00.000,211.81,211.81,209.5,209.73,-0.982012181
24.06.2024 18:00:00.000,209.72,210.15,209.16,209.19,-0.25271791
24.06.2024 19:00:00.000,209.23,209.48,208.49,208.82,-0.195956603
24.06.2024 20:00:00.000,208.82,209.07,207.83,208.7,-0.05746576
25.06.2024 14:00:00.000,210.48,211.34,209.61,210.04,-0.20904599
25.06.2024 15:00:00.000,209.98,210.69,209.18,209.25,-0.347652157
25.06.2024 16:00:00.000,209.26,210.46,209.26,210.29,0.492210647
25.06.2024 17:00:00.000,210.29,210.46,209.5,209.69,-0.285320272
25.06.2024 18:00:00.000,209.69,210.37,209.37,210.26,0.271829844
25.06.2024 19:00:00.000,210.25,210.64,209.87,210.44,0.090368609
25.06.2024 20:00:00.000,210.43,210.43,209.03,209.05,-0.655800029
26.06.2024 14:00:00.000,212.07,212.28,210.62,211.47,-0.282925449
26.06.2024 15:00:00.000,211.45,213.4,211.36,213.18,0.818160322
26.06.2024 16:00:00.000,213.18,214.41,213.02,214.24,0.497232386
26.06.2024 17:00:00.000,214.25,214.75,213.24,213.81,-0.205367561
26.06.2024 18:00:00.000,213.81,214.03,213.2,214,0.088863945
26.06.2024 19:00:00.000,213.99,214.8,213.92,214.14,0.070096733
26.06.2024 20:00:00.000,214.13,214.14,212.71,213.08,-0.490356326
27.06.2024 14:00:00.000,215.06,215.66,213.72,214.38,-0.31619083
27.06.2024 15:00:00.000,214.35,214.81,212.34,213.26,-0.508514112
27.06.2024 16:00:00.000,213.26,213.64,212.54,213.17,-0.042202007
27.06.2024 17:00:00.000,213.17,214.15,213.02,213.65,0.225172398
27.06.2024 18:00:00.000,213.64,214.04,213.54,213.6,-0.018723086
27.06.2024 19:00:00.000,213.59,213.75,213.03,213.71,0.056182406
27.06.2024 20:00:00.000,213.72,214,213.11,213.14,-0.271383118
28.06.2024 14:00:00.000,214.42,215.07,213.58,214.29,-0.060628673
28.06.2024 15:00:00.000,214.29,215.49,213.92,214.35,0.02799944
28.06.2024 16:00:00.000,214.32,214.7,213.78,214.17,-0.069988802
28.06.2024 17:00:00.000,214.17,214.34,213.25,213.94,-0.107391325
28.06.2024 18:00:00.000,213.93,214.5,213.6,213.91,-0.009348852
28.06.2024 19:00:00.000,213.88,214.06,213.05,213.13,-0.350663924
28.06.2024 20:00:00.000,213.12,213.58,211.5,211.65,-0.689752252
01.07.2024 14:00:00.000,213.29,213.96,212.24,213.13,-0.075015237
01.07.2024 15:00:00.000,213.13,215.57,212.76,215.31,1.022849904
01.07.2024 16:00:00.000,215.32,215.7,214.32,215.65,0.153260264
01.07.2024 17:00:00.000,215.65,217.46,215.35,216.96,0.607465801
01.07.2024 18:00:00.000,216.95,217.48,216.29,216.68,-0.124452639
01.07.2024 19:00:00.000,216.68,216.87,215.41,215.72,-0.443049658
01.07.2024 20:00:00.000,215.69,216.58,215.12,216.57,0.407992953
02.07.2024 14:00:00.000,215.55,217.98,215.06,217.93,1.104152169
02.07.2024 15:00:00.000,217.98,219.83,217.64,219.5,0.69731168
02.07.2024 16:00:00.000,219.5,220.3,218.98,219.26,-0.109339408
02.07.2024 17:00:00.000,219.21,219.41,218.74,219.15,-0.027371014
02.07.2024 18:00:00.000,219.15,219.85,218.8,219.57,0.191649555
02.07.2024 19:00:00.000,219.55,220.29,219.46,219.77,0.100204965
02.07.2024 20:00:00.000,219.73,220.05,219.5,220.04,0.141082237
03.07.2024 14:00:00.000,220.24,221.3,219.75,221.11,0.395023611
03.07.2024 15:00:00.000,221.22,221.37,219,220.5,-0.32546786
03.07.2024 16:00:00.000,220.54,220.7,219.74,220.28,-0.117892446
03.07.2024 17:00:00.000,220.29,221.5,220.29,221.45,0.526578601
03.07.2024 18:00:00.000,221.45,221.54,220.9,220.9,-0.248363062
05.07.2024 14:00:00.000,222.23,224.5,221.98,224.05,0.818971336
05.07.2024 15:00:00.000,224.04,225.42,223.81,224.23,0.084806285
05.07.2024 16:00:00.000,224.23,225.38,224.12,225.26,0.459349775
05.07.2024 17:00:00.000,225.29,225.39,224.7,225.05,-0.106529362
05.07.2024 18:00:00.000,225.05,225.61,224.88,225.1,0.022217285
05.07.2024 19:00:00.000,225.12,225.49,224.95,225.2,0.035536603
05.07.2024 20:00:00.000,225.22,225.97,225.2,225.95,0.32412752
08.07.2024 14:00:00.000,226.78,226.94,223.36,223.61,-1.397830497
08.07.2024 15:00:00.000,223.68,225.79,223.24,225.36,0.751072961
08.07.2024 16:00:00.000,225.41,226.97,225.36,226.47,0.470254203
08.07.2024 17:00:00.000,226.47,226.73,225.76,226.66,0.083896322
08.07.2024 18:00:00.000,226.66,227.03,226.24,226.44,-0.097061678
08.07.2024 19:00:00.000,226.42,227.41,226.38,226.95,0.234078262
08.07.2024 20:00:00.000,226.94,227.66,226.72,227.65,0.312858024
09.07.2024 14:00:00.000,227.02,228.21,226.7,228.14,0.493348604
09.07.2024 15:00:00.000,228.13,229.35,227.29,228.4,0.11835357
09.07.2024 16:00:00.000,228.39,228.42,227.45,228.2,-0.083191033
09.07.2024 17:00:00.000,228.18,228.52,227.69,228.5,0.140240161
09.07.2024 18:00:00.000,228.49,228.7,227.83,228.09,-0.175062366
09.07.2024 19:00:00.000,228.07,228.5,227.86,228.27,0.087692375
09.07.2024 20:00:00.000,228.26,228.68,228.14,228.45,0.083238412
10.07.2024 14:00:00.000,230.31,231.35,229.9,231.29,0.425513438
10.07.2024 15:00:00.000,231.29,231.69,230.17,230.26,-0.445328376
10.07.2024 16:00:00.000,230.27,231.37,230.08,231.26,0.429930082
10.07.2024 17:00:00.000,231.26,232.71,230.93,231.29,0.012972412
10.07.2024 18:00:00.000,231.27,232.12,230.7,231.95,0.294028625
10.07.2024 19:00:00.000,231.95,232.14,231.6,232.13,0.077602932
10.07.2024 20:00:00.000,232.13,232.81,231.62,232.66,0.228320338
11.07.2024 14:00:00.000,231.24,232.31,230.12,231.79,0.237848123
11.07.2024 15:00:00.000,231.81,232.1,226.63,226.63,-2.234588672
11.07.2024 16:00:00.000,226.66,227.67,225.75,226.84,0.0794141
11.07.2024 17:00:00.000,226.84,228.69,226.68,227.68,0.370305061
11.07.2024 18:00:00.000,227.67,228.24,226.57,226.79,-0.386524355
11.07.2024 19:00:00.000,226.79,228,226.74,227.85,0.467392742
11.07.2024 20:00:00.000,227.85,228.68,227.66,228.27,0.184331797
12.07.2024 14:00:00.000,230.12,231.38,229.22,231.31,0.517121502
12.07.2024 15:00:00.000,231.31,232.11,230.27,231.82,0.220483334
12.07.2024 16:00:00.000,231.82,232.37,230.82,230.89,-0.401173324
12.07.2024 17:00:00.000,230.85,231.44,230.52,231.43,0.251245397
12.07.2024 18:00:00.000,231.42,232.62,231.3,232.27,0.367297554
12.07.2024 19:00:00.000,232.27,232.46,231.84,232.21,-0.025832006
12.07.2024 20:00:00.000,232.2,232.24,229.89,231,-0.516795866
15.07.2024 14:00:00.000,236.5,236.93,233.35,234.48,-0.854122622
15.07.2024 15:00:00.000,234.5,235.6,234.11,235.47,0.413646055
15.07.2024 16:00:00.000,235.49,236.3,234.64,235.06,-0.182597987
15.07.2024 17:00:00.000,235.06,235.86,234.49,235.44,0.161660853
15.07.2024 18:00:00.000,235.43,235.47,234.1,234.52,-0.386526781
15.07.2024 19:00:00.000,234.52,234.81,233.89,234.77,0.106600716
15.07.2024 20:00:00.000,234.71,235.05,233.06,234.21,-0.213028844
16.07.2024 14:00:00.000,236.17,236.23,233.96,234.35,-0.770631325
16.07.2024 15:00:00.000,234.36,234.71,232.99,234.06,-0.128008193
16.07.2024 16:00:00.000,234.07,234.88,233.77,233.89,-0.076900073
16.07.2024 17:00:00.000,233.9,234.22,232.31,233.55,-0.149636597
16.07.2024 18:00:00.000,233.53,234.18,233.25,234.1,0.24407999
16.07.2024 19:00:00.000,234.1,234.85,233.67,234.75,0.27765912
16.07.2024 20:00:00.000,234.77,234.9,234.27,234.79,0.008518976
17.07.2024 14:00:00.000,230.87,231.29,227.88,228.99,-0.814311084
17.07.2024 15:00:00.000,229.01,229.04,226.62,227.74,-0.554560936
17.07.2024 16:00:00.000,227.73,228.98,227.71,228.69,0.421551838
17.07.2024 17:00:00.000,228.69,228.86,228.24,228.68,-0.004372732
17.07.2024 18:00:00.000,228.67,228.88,228.12,228.6,-0.030611799
17.07.2024 19:00:00.000,228.64,229.77,228.47,229.19,0.240552834
17.07.2024 20:00:00.000,229.17,229.79,228.54,228.78,-0.170179343
18.07.2024 14:00:00.000,230,230.38,226.58,226.99,-1.308695652
18.07.2024 15:00:00.000,226.99,228.64,225.11,226.54,-0.198246619
18.07.2024 16:00:00.000,226.55,226.65,222.5,223.44,-1.372765394
18.07.2024 17:00:00.000,223.47,224.21,222.46,224.18,0.317716025
18.07.2024 18:00:00.000,224.18,225.18,223.47,224.67,0.21857436
18.07.2024 19:00:00.000,224.67,225,224.14,224.77,0.044509725
18.07.2024 20:00:00.000,224.77,225.13,223.43,223.81,-0.427103261
19.07.2024 14:00:00.000,224.92,226.57,224.79,225.79,0.386804197
19.07.2024 15:00:00.000,225.8,226.77,224.6,224.77,-0.45615589
19.07.2024 16:00:00.000,224.77,225.24,223.54,224.95,0.080081861
19.07.2024 17:00:00.000,224.95,224.97,223.26,223.96,-0.4400978
19.07.2024 18:00:00.000,223.96,224.76,223.46,224.59,0.281300232
19.07.2024 19:00:00.000,224.59,224.93,223.87,224.43,-0.071240928
19.07.2024 20:00:00.000,224.42,225.1,223.99,224.37,-0.022279654
22.07.2024 14:00:00.000,226.41,227.23,225.54,226.68,0.119252683
22.07.2024 15:00:00.000,226.66,227.74,225.75,225.96,-0.308832613
22.07.2024 16:00:00.000,225.91,226.19,223.19,223.98,-0.854322518
22.07.2024 17:00:00.000,223.98,224.29,223.06,224.23,0.111617109
22.07.2024 18:00:00.000,224.23,225.18,223.98,225.15,0.410293003
22.07.2024 19:00:00.000,225.16,225.58,224.91,225.11,-0.022206431
22.07.2024 20:00:00.000,225.17,225.19,223.82,223.85,-0.586223742
23.07.2024 14:00:00.000,222.98,224.6,222.91,224.1,0.502287201
23.07.2024 15:00:00.000,224.12,225.11,223.95,224.61,0.218632875
23.07.2024 16:00:00.000,224.62,226.89,224.61,226.59,0.877036773
23.07.2024 17:00:00.000,226.59,226.61,225.05,225.23,-0.60020301
23.07.2024 18:00:00.000,225.21,225.36,224.52,224.98,-0.102126904
23.07.2024 19:00:00.000,224.98,225.02,224.29,224.75,-0.102231309
23.07.2024 20:00:00.000,224.75,225.18,224.29,224.35,-0.177975528
24.07.2024 14:00:00.000,222.85,223.06,220.67,221.26,-0.713484407
24.07.2024 15:00:00.000,221.26,221.38,218.78,218.81,-1.107294586
24.07.2024 16:00:00.000,218.82,219.15,218,218,-0.374737227
24.07.2024 17:00:00.000,217.99,218.53,217.1,217.81,-0.082572595
24.07.2024 18:00:00.000,217.77,218.51,217.72,218.16,0.179088029
24.07.2024 19:00:00.000,218.16,218.83,217.78,218.14,-0.009167583
24.07.2024 20:00:00.000,218.14,218.69,217.7,217.7,-0.201705327
25.07.2024 14:00:00.000,219.06,219.06,215.03,215.53,-1.611430658
25.07.2024 15:00:00.000,215.53,218.52,214.58,218.51,1.382638148
25.07.2024 16:00:00.000,218.51,219.37,217.73,219.28,0.352386618
25.07.2024 17:00:00.000,219.31,220.81,218.79,220.17,0.392138981
25.07.2024 18:00:00.000,220.17,220.73,219.23,220.29,0.054503338
25.07.2024 19:00:00.000,220.32,220.4,218.61,218.62,-0.771604938
25.07.2024 20:00:00.000,218.6,220.39,217.99,218.04,-0.256175663
26.07.2024 14:00:00.000,217.12,217.88,216.25,217.64,0.239498895
26.07.2024 15:00:00.000,217.56,217.91,215.99,217.48,-0.036771465
26.07.2024 16:00:00.000,217.48,218.86,217.36,218.48,0.459812397
26.07.2024 17:00:00.000,218.48,219.46,218.39,219.24,0.347857927
26.07.2024 18:00:00.000,219.21,219.38,217.66,218.07,-0.520049268
26.07.2024 19:00:00.000,218.06,218.46,217.53,217.76,-0.137576814
26.07.2024 20:00:00.000,217.76,218.73,217.24,217.27,-0.225018369
29.07.2024 14:00:00.000,217.03,219.26,216.64,218.93,0.875455006
29.07.2024 15:00:00.000,218.92,219.06,217.41,217.78,-0.520738169
29.07.2024 16:00:00.000,217.76,218.05,216.5,218.01,0.11480529
29.07.2024 17:00:00.000,218.01,218.91,218.01,218.76,0.344020916
29.07.2024 18:00:00.000,218.78,219.23,218.29,218.34,-0.201115276
29.07.2024 19:00:00.000,218.33,218.73,217.98,218.55,0.100764897
29.07.2024 20:00:00.000,218.55,219.1,218.22,218.3,-0.1143903
30.07.2024 14:00:00.000,218.7,220.26,218.65,219.58,0.402377686
30.07.2024 15:00:00.000,219.57,220.02,218.03,218.68,-0.405337706
30.07.2024 16:00:00.000,218.65,218.78,216.31,216.51,-0.978733135
30.07.2024 17:00:00.000,216.51,217.18,216.13,216.14,-0.170892799
30.07.2024 18:00:00.000,216.15,217.58,216.08,217.56,0.652324774
30.07.2024 19:00:00.000,217.56,218.71,217.55,218.18,0.284978856
30.07.2024 20:00:00.000,218.18,219.85,217.94,219.67,0.682922358
31.07.2024 14:00:00.000,221.56,222.61,221.13,221.93,0.166997653
31.07.2024 15:00:00.000,221.94,223.79,221.82,222.56,0.279354781
31.07.2024 16:00:00.000,222.57,223.33,222.28,222.51,-0.026957811
31.07.2024 17:00:00.000,222.51,222.73,222.06,222.5,-0.00449418
31.07.2024 18:00:00.000,222.49,222.97,221.29,222.12,-0.166299609
31.07.2024 19:00:00.000,222.12,223.32,221.91,222.63,0.229605619
31.07.2024 20:00:00.000,222.63,222.99,221.27,222.39,-0.107802183
01.08.2024 14:00:00.000,223.19,224.26,222.51,224.2,0.452529235
01.08.2024 15:00:00.000,224.15,224.15,220.33,220.94,-1.432076734
01.08.2024 16:00:00.000,220.93,221.14,219.18,219.75,-0.534105825
01.08.2024 17:00:00.000,219.77,220.15,218.42,218.7,-0.48687264
01.08.2024 18:00:00.000,218.69,218.87,217.17,218.61,-0.036581462
01.08.2024 19:00:00.000,218.59,218.74,217,217.45,-0.521524315
01.08.2024 20:00:00.000,217.47,219.07,217.11,217.58,0.050581689
02.08.2024 14:00:00.000,220.38,224.36,219.53,223.19,1.275070333
02.08.2024 15:00:00.000,223.22,224.33,220.64,222.38,-0.376310366
02.08.2024 16:00:00.000,222.35,223.63,221.39,223.15,0.359793119
02.08.2024 17:00:00.000,223.15,225.56,222.74,224.19,0.466054224
02.08.2024 18:00:00.000,224.19,225.22,223.28,224.16,-0.013381507
02.08.2024 19:00:00.000,224.17,224.19,221.89,222.67,-0.669135031
02.08.2024 20:00:00.000,222.68,223.33,219.32,219.77,-1.306807976
05.08.2024 14:00:00.000,205.64,210.87,204.14,207.69,0.996887765
05.08.2024 15:00:00.000,207.28,210.9,207.28,209.5,1.071015052
05.08.2024 16:00:00.000,209.5,213.38,208.72,210.33,0.396181384
05.08.2024 17:00:00.000,210.3,212.88,209.7,210.31,0.004755112
05.08.2024 18:00:00.000,210.32,211.84,209.89,210.72,0.190186383
05.08.2024 19:00:00.000,210.72,210.91,203.98,204.72,-2.84738041
05.08.2024 20:00:00.000,204.73,208.19,204.06,207.95,1.572803204
06.08.2024 14:00:00.000,205.25,205.66,201.05,203.09,-1.052375152
06.08.2024 15:00:00.000,203.09,207.64,202.39,207.48,2.16160323
06.08.2024 16:00:00.000,207.5,208.47,206,208.43,0.448192771
06.08.2024 17:00:00.000,208.41,209.95,208.22,209.64,0.590182813
06.08.2024 18:00:00.000,209.62,209.67,208.3,208.5,-0.534300162
06.08.2024 19:00:00.000,208.5,209.92,207.66,208.75,0.119904077
06.08.2024 20:00:00.000,208.68,208.81,206.57,206.69,-0.953613188
07.08.2024 14:00:00.000,209.65,212.39,209.37,212.37,1.297400429
07.08.2024 15:00:00.000,212.38,213.45,210.82,213.1,0.339014973
07.08.2024 16:00:00.000,213.1,213.61,211.94,212.53,-0.267480056
07.08.2024 17:00:00.000,212.53,212.95,211.13,211.53,-0.470521809
07.08.2024 18:00:00.000,211.51,211.79,210.32,210.91,-0.283674531
07.08.2024 19:00:00.000,210.91,211.23,208.86,208.89,-0.957754492
07.08.2024 20:00:00.000,208.9,210.94,208.45,209.91,0.483484921
08.08.2024 14:00:00.000,212.36,212.56,208.8,210.58,-0.838199284
08.08.2024 15:00:00.000,210.53,212.97,210.49,212.14,0.764736617
08.08.2024 16:00:00.000,212.17,212.65,211.08,212.42,0.117830042
08.08.2024 17:00:00.000,212.38,213.44,212.21,213.15,0.36255768
08.08.2024 18:00:00.000,213.16,214.16,212.6,213.66,0.234565585
08.08.2024 19:00:00.000,213.66,213.79,212.59,212.89,-0.360385659
08.08.2024 20:00:00.000,212.84,213.39,211.86,212.68,-0.07517384
09.08.2024 14:00:00.000,213.08,213.47,212.13,212.5,-0.272198235
09.08.2024 15:00:00.000,212.55,215.14,212.3,214.78,1.049164902
09.08.2024 16:00:00.000,214.79,215.71,214.5,214.65,-0.065179943
09.08.2024 17:00:00.000,214.68,215.42,214.38,215.42,0.344699087
09.08.2024 18:00:00.000,215.42,216.75,215.23,215.88,0.213536348
09.08.2024 19:00:00.000,215.89,216.06,214.88,215.59,-0.138959655
09.08.2024 20:00:00.000,215.59,216.59,215.22,215.91,0.14842989
12.08.2024 14:00:00.000,217.6,217.61,216.23,216.97,-0.289522059
12.08.2024 15:00:00.000,216.97,219.07,216.87,218.6,0.751255934
12.08.2024 16:00:00.000,218.61,219.48,217.11,218.72,0.050317918
12.08.2024 17:00:00.000,218.72,218.72,217.19,217.19,-0.699524506
12.08.2024 18:00:00.000,217.13,217.67,216.43,216.84,-0.13356054
12.08.2024 19:00:00.000,216.81,217.4,216.49,217.38,0.262903003
12.08.2024 20:00:00.000,217.39,217.41,216.56,216.77,-0.285201711
13.08.2024 14:00:00.000,220.93,221.42,220,221.07,0.063368488
13.08.2024 15:00:00.000,221.07,221.68,220.24,220.93,-0.063328358
13.08.2024 16:00:00.000,220.93,221.57,220.87,221.05,0.054315847
13.08.2024 17:00:00.000,221.05,221.55,220.89,221.54,0.221669306
13.08.2024 18:00:00.000,221.54,221.86,220.53,220.89,-0.29340074
13.08.2024 19:00:00.000,220.9,221.46,220.68,221.2,0.135808058
13.08.2024 20:00:00.000,221.2,221.27,220.4,220.57,-0.284810127
14.08.2024 14:00:00.000,220.87,221.98,220.56,220.91,0.018110201
14.08.2024 15:00:00.000,220.94,221.69,220.42,221.66,0.32588033
14.08.2024 16:00:00.000,221.66,222.98,221.57,222.92,0.568438149
14.08.2024 17:00:00.000,222.92,222.92,220.35,221.01,-0.856809618
14.08.2024 18:00:00.000,221.01,221.74,220.84,221.25,0.108592371
14.08.2024 19:00:00.000,221.21,221.66,220.91,221.55,0.153700104
14.08.2024 20:00:00.000,221.55,222.15,220.79,222.1,0.248250959
15.08.2024 14:00:00.000,223.21,224.48,222.74,224.41,0.537610322
15.08.2024 15:00:00.000,224.37,225.32,223.92,224.4,0.013370771
15.08.2024 16:00:00.000,224.41,224.79,223.82,224.64,0.102490976
15.08.2024 17:00:00.000,224.63,225,224.33,224.54,-0.040065886
15.08.2024 18:00:00.000,224.54,224.85,224.22,224.65,0.048989044
15.08.2024 19:00:00.000,224.66,225.16,224.6,225.09,0.191400338
15.08.2024 20:00:00.000,225.09,225.3,223.81,224.29,-0.35541339
16.08.2024 14:00:00.000,223.82,224.63,223.8,224.05,0.102761147
16.08.2024 15:00:00.000,223.98,225,223.94,224.11,0.058040897
16.08.2024 16:00:00.000,224.11,225.99,223.96,225.89,0.794252822
16.08.2024 17:00:00.000,225.85,226.79,225.75,226.58,0.323223378
16.08.2024 18:00:00.000,226.58,226.65,225.92,226.12,-0.203018801
16.08.2024 19:00:00.000,226.12,226.16,225.61,226.1,-0.008844861
16.08.2024 20:00:00.000,226.1,226.19,225.52,225.77,-0.145953118
19.08.2024 14:00:00.000,224.74,225.14,224.09,224.35,-0.173533861
19.08.2024 15:00:00.000,224.36,224.47,223.02,224.17,-0.084685327
19.08.2024 16:00:00.000,224.19,224.7,223.74,223.83,-0.160578081
19.08.2024 17:00:00.000,223.83,224.44,223.78,224.35,0.232319171
19.08.2024 18:00:00.000,224.35,224.4,223.73,224.29,-0.026743927
19.08.2024 19:00:00.000,224.29,224.9,224.25,224.74,0.200633109
19.08.2024 20:00:00.000,224.76,225.92,224.64,225.83,0.476063356
20.08.2024 14:00:00.000,226.47,227.13,226.08,227,0.234026582
20.08.2024 15:00:00.000,227.01,227.01,225.68,225.92,-0.480155059
20.08.2024 16:00:00.000,225.93,226.96,225.82,226.89,0.42491037
20.08.2024 17:00:00.000,226.9,227.07,226.44,226.49,-0.180696342
20.08.2024 18:00:00.000,226.49,226.76,226.09,226.73,0.105964943
20.08.2024 19:00:00.000,226.73,227.08,226.5,226.5,-0.101442244
20.08.2024 20:00:00.000,226.5,226.89,226.18,226.71,0.092715232
21.08.2024 14:00:00.000,226.37,227.04,225.89,227.04,0.295975615
21.08.2024 15:00:00.000,227.05,227.96,225.87,226.28,-0.33913235
21.08.2024 16:00:00.000,226.23,226.95,225.73,226.17,-0.026521681
21.08.2024 17:00:00.000,226.16,226.47,225.59,226.39,0.101697913
21.08.2024 18:00:00.000,226.39,226.43,225.8,226.12,-0.119263218
21.08.2024 19:00:00.000,226.12,226.56,225.85,226.4,0.123828056
21.08.2024 20:00:00.000,226.36,226.44,225.17,226.32,-0.017670967
22.08.2024 14:00:00.000,227.17,228.3,226.66,227.9,0.321345248
22.08.2024 15:00:00.000,227.93,228.25,226.34,226.76,-0.513315492
22.08.2024 16:00:00.000,226.76,227.17,224.89,225.47,-0.568883401
22.08.2024 17:00:00.000,225.47,226.58,225.29,225.47,0
22.08.2024 18:00:00.000,225.46,225.78,223.98,224.35,-0.492326799
22.08.2024 19:00:00.000,224.35,224.89,223.89,224.37,0.008914642
22.08.2024 20:00:00.000,224.4,224.9,224.08,224.59,0.084670232
23.08.2024 14:00:00.000,225.98,227.37,225.74,226.98,0.442517037
23.08.2024 15:00:00.000,226.99,228.18,225.49,226.23,-0.334816512
23.08.2024 16:00:00.000,226.19,226.7,225.18,225.8,-0.172421416
23.08.2024 17:00:00.000,225.84,225.89,224.31,225.28,-0.24796316
23.08.2024 18:00:00.000,225.31,226.5,225.11,226.19,0.390572988
23.08.2024 19:00:00.000,226.19,226.67,226.08,226.46,0.119368672
23.08.2024 20:00:00.000,226.46,227.14,226.19,227.04,0.25611587
26.08.2024 14:00:00.000,226.86,226.94,226.01,226.31,-0.242440272
26.08.2024 15:00:00.000,226.31,226.68,223.87,224.79,-0.671645089
26.08.2024 16:00:00.000,224.8,225.37,224.52,224.85,0.022241993
26.08.2024 17:00:00.000,224.85,226.21,224.61,226.17,0.587058039
26.08.2024 18:00:00.000,226.16,226.41,225.42,225.58,-0.256455607
26.08.2024 19:00:00.000,225.56,226.32,225.44,226.31,0.332505763
26.08.2024 20:00:00.000,226.3,226.83,226.1,226.44,0.061864781
27.08.2024 14:00:00.000,225.52,226.8,224.84,226.7,0.52323519
27.08.2024 15:00:00.000,226.7,228.3,226.7,228.27,0.692545214
27.08.2024 16:00:00.000,228.29,228.82,227.95,228.13,-0.070086294
27.08.2024 17:00:00.000,228.13,228.45,227.53,228.06,-0.030684259
27.08.2024 18:00:00.000,228.05,228.63,227.81,228.51,0.201710151
27.08.2024 19:00:00.000,228.5,228.55,228.23,228.41,-0.039387309
27.08.2024 20:00:00.000,228.41,228.42,227.73,227.74,-0.293332166
28.08.2024 14:00:00.000,229.11,229.61,228.04,228.56,-0.24005936
28.08.2024 15:00:00.000,228.58,229.83,227.41,227.46,-0.489981626
28.08.2024 16:00:00.000,227.43,227.67,226.23,226.8,-0.27700831
28.08.2024 17:00:00.000,226.8,227.56,226.62,227.52,0.317460317
28.08.2024 18:00:00.000,227.48,227.73,225.75,225.82,-0.729734482
28.08.2024 19:00:00.000,225.86,227.2,225.65,227.16,0.575577792
28.08.2024 20:00:00.000,227.09,227.62,226.91,226.95,-0.061649566
29.08.2024 14:00:00.000,229.79,231.62,229.51,231.52,0.752861308
29.08.2024 15:00:00.000,231.64,232.69,230.3,232.35,0.306510102
29.08.2024 16:00:00.000,232.31,232.87,231.47,231.64,-0.288407731
29.08.2024 17:00:00.000,231.65,232.66,231.57,232.51,0.37124973
29.08.2024 18:00:00.000,232.51,232.54,231.33,231.73,-0.335469442
29.08.2024 19:00:00.000,231.72,231.72,229.82,230.41,-0.565337476
29.08.2024 20:00:00.000,230.35,230.7,229.36,229.43,-0.399392229
30.08.2024 14:00:00.000,229.94,230.36,228.78,229.05,-0.387057493
30.08.2024 15:00:00.000,229.05,229.98,228.53,228.65,-0.174634359
30.08.2024 16:00:00.000,228.56,228.96,227.49,228.58,0.008750438
30.08.2024 17:00:00.000,228.58,228.84,227.47,228.34,-0.104996063
30.08.2024 18:00:00.000,228.3,228.65,227.65,227.73,-0.249671485
30.08.2024 19:00:00.000,227.74,228.66,227.66,228.54,0.351277773
30.08.2024 20:00:00.000,228.53,229.8,228.21,228.98,0.19691069
03.09.2024 14:00:00.000,226.99,227.64,225.27,226.14,-0.374465835
03.09.2024 15:00:00.000,226.12,226.43,223.49,223.6,-1.114452503
03.09.2024 16:00:00.000,223.62,224.64,223.24,223.49,-0.058134335
03.09.2024 17:00:00.000,223.51,224.26,223.31,223.68,0.076059237
03.09.2024 18:00:00.000,223.68,224.12,223.15,223.19,-0.219062947
03.09.2024 19:00:00.000,223.18,223.27,221.81,221.92,-0.564566717
03.09.2024 20:00:00.000,221.92,222.68,221.11,222.27,0.157714492
04.09.2024 14:00:00.000,219.5,220.63,219.02,219.51,0.004555809
04.09.2024 15:00:00.000,219.54,219.6,217.47,219.43,-0.050104765
04.09.2024 16:00:00.000,219.44,220.23,218,219.3,-0.06379876
04.09.2024 17:00:00.000,219.29,220.2,219.06,220.2,0.414975603
04.09.2024 18:00:00.000,220.18,220.89,219.76,220.82,0.290671269
04.09.2024 19:00:00.000,220.86,221.12,220.38,220.5,-0.162999185
04.09.2024 20:00:00.000,220.5,221.4,220.14,220.9,0.181405896
05.09.2024 14:00:00.000,223.34,224.87,222.78,224.66,0.591027134
05.09.2024 15:00:00.000,224.67,225.44,223.6,223.67,-0.445097254
05.09.2024 16:00:00.000,223.67,223.81,221.88,221.95,-0.76899003
05.09.2024 17:00:00.000,221.92,223.1,221.92,222.79,0.392033165
05.09.2024 18:00:00.000,222.8,223.69,222.31,223.58,0.350089767
05.09.2024 19:00:00.000,223.62,223.84,223.14,223.3,-0.143099902
05.09.2024 20:00:00.000,223.29,223.36,221.78,222.01,-0.573245555
06.09.2024 14:00:00.000,224.46,225.21,222.79,224.04,-0.187115744
06.09.2024 15:00:00.000,224.01,224.71,220.9,221.37,-1.178518816
06.09.2024 16:00:00.000,221.38,222.53,220.82,220.94,-0.198753275
06.09.2024 17:00:00.000,220.95,221.32,220.44,220.64,-0.140303236
06.09.2024 18:00:00.000,220.64,221.62,220.06,220.26,-0.172226251
06.09.2024 19:00:00.000,220.27,220.65,219.75,220.52,0.113497072
06.09.2024 20:00:00.000,220.52,221.47,220.38,220.52,0
09.09.2024 14:00:00.000,220.58,220.69,217.8,219.18,-0.634690362
09.09.2024 15:00:00.000,219.16,220.16,217.09,217.18,-0.903449535
09.09.2024 16:00:00.000,217.15,219.88,217.04,219.86,1.247985264
09.09.2024 17:00:00.000,219.86,220.59,219.61,220.14,0.127353771
09.09.2024 18:00:00.000,220.13,220.91,218.46,219.08,-0.476990869
09.09.2024 19:00:00.000,219.13,219.13,216.69,217.85,-0.584128143
09.09.2024 20:00:00.000,217.86,220.58,217.76,220.5,1.211787386
10.09.2024 14:00:00.000,218.39,218.75,216.71,217.48,-0.416685746
10.09.2024 15:00:00.000,217.48,219.94,217.43,219.12,0.75409233
10.09.2024 16:00:00.000,219.12,220.38,218.24,218.32,-0.365096751
10.09.2024 17:00:00.000,218.3,219.91,218.02,219.52,0.558863949
10.09.2024 18:00:00.000,219.52,220.92,219.51,220.77,0.569424198
10.09.2024 19:00:00.000,220.77,221.45,220.19,220.34,-0.194772841
10.09.2024 20:00:00.000,220.34,221.08,220,220.2,-0.063538168
11.09.2024 14:00:00.000,222.57,222.59,220.1,220.47,-0.943523386
11.09.2024 15:00:00.000,220.45,220.96,217.88,218.54,-0.866409617
11.09.2024 16:00:00.000,218.53,220.32,218.02,219.65,0.512515444
11.09.2024 17:00:00.000,219.65,221.29,219.62,221.03,0.628272251
11.09.2024 18:00:00.000,221.08,221.82,220.8,221.06,-0.009046499
11.09.2024 19:00:00.000,221.04,221.75,220.83,221.41,0.167390518
11.09.2024 20:00:00.000,221.43,222.63,221.08,222.6,0.528383688
12.09.2024 14:00:00.000,221.65,221.72,219.81,220.94,-0.320324836
12.09.2024 15:00:00.000,220.97,222.35,220.91,221.72,0.33941259
12.09.2024 16:00:00.000,221.7,223.02,221.66,221.95,0.112764998
12.09.2024 17:00:00.000,221.95,222.47,221.6,222.45,0.225275963
12.09.2024 18:00:00.000,222.45,223.2,222.41,223.05,0.269723533
12.09.2024 19:00:00.000,223.06,223.51,222.13,223.16,0.044830987
12.09.2024 20:00:00.000,223.16,223.44,222.48,222.55,-0.273346478
13.09.2024 14:00:00.000,222.88,223.18,222.33,222.47,-0.183955492
13.09.2024 15:00:00.000,222.47,223.45,221.9,223.13,0.296669214
13.09.2024 16:00:00.000,223.13,223.82,223.11,223.77,0.286828306
13.09.2024 17:00:00.000,223.77,223.97,223.03,223.85,0.035750994
13.09.2024 18:00:00.000,223.84,224,223.32,223.67,-0.075947105
13.09.2024 19:00:00.000,223.66,223.99,222.4,222.44,-0.545470804
13.09.2024 20:00:00.000,222.44,222.81,222.31,222.44,0
16.09.2024 14:00:00.000,214.34,215.98,214,215.22,0.410562657
16.09.2024 15:00:00.000,215.15,217.18,215.01,215.26,0.051127121
16.09.2024 16:00:00.000,215.28,216.56,214.83,215.94,0.30657748
16.09.2024 17:00:00.000,215.94,216.03,214.89,215.56,-0.175974808
16.09.2024 18:00:00.000,215.56,216.37,215.5,216.21,0.301540174
16.09.2024 19:00:00.000,216.19,216.49,215.98,216.38,0.087885656
16.09.2024 20:00:00.000,216.39,216.68,215.9,216.48,0.041591571
17.09.2024 14:00:00.000,214.67,216.56,214.46,216.17,0.698746914
17.09.2024 15:00:00.000,216.24,216.88,215.53,216.05,-0.087865335
17.09.2024 16:00:00.000,216.08,216.82,215.92,216.58,0.231395779
17.09.2024 17:00:00.000,216.58,216.6,215.21,215.79,-0.364761289
17.09.2024 18:00:00.000,215.78,216.36,215.03,216.1,0.148299194
17.09.2024 19:00:00.000,216.12,216.37,215.28,215.83,-0.134184712
17.09.2024 20:00:00.000,215.83,216.72,215.7,216.58,0.347495714
18.09.2024 14:00:00.000,218.47,219.52,218.35,219.17,0.320410125
18.09.2024 15:00:00.000,219.16,221.59,218.95,220.89,0.789377624
18.09.2024 16:00:00.000,220.91,221.38,219.49,219.6,-0.593001675
18.09.2024 17:00:00.000,219.6,221.32,219.52,221.24,0.746812386
18.09.2024 18:00:00.000,221.27,221.5,220.33,220.61,-0.298278122
18.09.2024 19:00:00.000,220.32,222.61,219.81,220,-0.145243282
18.09.2024 20:00:00.000,219.99,221.75,218.91,220.46,0.213646075
19.09.2024 14:00:00.000,225.92,227.39,225.39,227.26,0.593130312
19.09.2024 15:00:00.000,227.26,229.78,227.22,227.92,0.290416263
19.09.2024 16:00:00.000,227.92,228.83,227.66,228.33,0.17988768
19.09.2024 17:00:00.000,228.34,229.31,228.27,229.15,0.354734168
19.09.2024 18:00:00.000,229.16,229.44,228.7,229.35,0.082911503
19.09.2024 19:00:00.000,229.36,229.42,228.38,229.29,-0.030519707
19.09.2024 20:00:00.000,229.28,229.54,228.65,229.16,-0.052337753
20.09.2024 14:00:00.000,230.93,231.11,229.2,229.95,-0.424371022
20.09.2024 15:00:00.000,230.01,230.55,229.38,230.27,0.113038564
20.09.2024 16:00:00.000,230.28,230.93,229.2,230.77,0.212784436
20.09.2024 17:00:00.000,230.77,231.88,230.72,231.83,0.459331802
20.09.2024 18:00:00.000,231.82,231.87,230.58,230.64,-0.509015616
20.09.2024 19:00:00.000,230.64,231.58,229.49,231.46,0.355532431
20.09.2024 20:00:00.000,231.46,233.05,230.94,231.93,0.203058844
23.09.2024 14:00:00.000,226.65,227.79,226.16,226.91,0.114714317
23.09.2024 15:00:00.000,226.91,229.4,226.29,228.67,0.775637918
23.09.2024 16:00:00.000,228.66,228.85,228.08,228.3,-0.157438992
23.09.2024 17:00:00.000,228.29,228.29,226.68,226.75,-0.674580577
23.09.2024 18:00:00.000,226.74,227.1,226.49,227.06,0.141130811
23.09.2024 19:00:00.000,227.04,227.16,226.47,226.66,-0.167371388
23.09.2024 20:00:00.000,226.65,226.68,225.79,226.09,-0.247076991
24.09.2024 14:00:00.000,227.82,228.4,227.21,227.37,-0.197524361
24.09.2024 15:00:00.000,227.37,227.41,225.73,227.16,-0.09236047
24.09.2024 16:00:00.000,227.16,227.59,226.68,227.43,0.118858954
24.09.2024 17:00:00.000,227.42,227.74,226.95,226.99,-0.189077478
24.09.2024 18:00:00.000,226.98,227.46,226.79,227.27,0.127764561
24.09.2024 19:00:00.000,227.29,227.37,226.53,226.86,-0.189185622
24.09.2024 20:00:00.000,226.86,227.22,226.38,226.38,-0.211584237
25.09.2024 14:00:00.000,225.16,226.93,225.16,226.89,0.768342512
25.09.2024 15:00:00.000,226.86,227.26,226.1,226.36,-0.220400247
25.09.2024 16:00:00.000,226.35,226.62,225.27,225.48,-0.384360504
25.09.2024 17:00:00.000,225.48,226,225.36,225.78,0.133049494
25.09.2024 18:00:00.000,225.77,225.84,224.8,224.94,-0.367630775
25.09.2024 19:00:00.000,224.94,225.07,224,224.91,-0.01333689
25.09.2024 20:00:00.000,224.9,226.05,224.88,225.94,0.462427746
26.09.2024 14:00:00.000,226.57,226.95,225.43,226.45,-0.052963764
26.09.2024 15:00:00.000,226.48,228.46,226.01,227.16,0.300247262
26.09.2024 16:00:00.000,227.14,227.91,226.66,227.66,0.228933697
26.09.2024 17:00:00.000,227.65,227.67,226.98,227.23,-0.18449374
26.09.2024 18:00:00.000,227.23,227.47,226.64,227.11,-0.052809928
26.09.2024 19:00:00.000,227.11,227.83,226.95,227.77,0.290608075
26.09.2024 20:00:00.000,227.77,227.85,227.04,227.09,-0.29854678
27.09.2024 14:00:00.000,229.03,229.19,227.98,228.76,-0.117888486
27.09.2024 15:00:00.000,228.91,229.48,228.49,228.62,-0.126687344
27.09.2024 16:00:00.000,228.62,228.69,227.28,227.46,-0.507392179
27.09.2024 17:00:00.000,227.48,228.31,227.44,228.31,0.364867241
27.09.2024 18:00:00.000,228.32,228.6,227.79,228.35,0.013139453
27.09.2024 19:00:00.000,228.32,228.49,227.52,228.1,-0.096355992
27.09.2024 20:00:00.000,228.1,228.1,227.51,227.74,-0.157825515
30.09.2024 14:00:00.000,232.26,232.26,230.71,230.89,-0.589856196
30.09.2024 15:00:00.000,230.9,231.72,230.28,231.56,0.285838025
30.09.2024 16:00:00.000,231.56,232.38,231.35,232.21,0.280704785
30.09.2024 17:00:00.000,232.21,232.51,231.72,231.75,-0.198096551
30.09.2024 18:00:00.000,231.75,232.01,231.29,231.81,0.025889968
30.09.2024 19:00:00.000,231.8,231.87,230.52,231.73,-0.030198447
30.09.2024 20:00:00.000,231.73,232.18,231.02,232.11,0.163983947
01.10.2024 14:00:00.000,227.54,227.54,225.59,226.08,-0.641645425
01.10.2024 15:00:00.000,226.07,226.22,224.52,225.25,-0.362719512
01.10.2024 16:00:00.000,225.26,225.9,224.51,225.18,-0.035514517
01.10.2024 17:00:00.000,225.19,225.79,224.25,224.72,-0.208712643
01.10.2024 18:00:00.000,224.71,225.13,223.72,225.08,0.164656669
01.10.2024 19:00:00.000,225.05,225.7,225.02,225.59,0.239946679
01.10.2024 20:00:00.000,225.57,226.31,225.48,225.89,0.141862836
02.10.2024 14:00:00.000,224.51,224.62,223.18,223.33,-0.525589061
02.10.2024 15:00:00.000,223.32,226.37,223.01,226.01,1.204549525
02.10.2024 16:00:00.000,226.06,227,225.88,226.81,0.331770326
02.10.2024 17:00:00.000,226.81,226.99,226.6,226.61,-0.088179534
02.10.2024 18:00:00.000,226.61,227.12,226.33,227.09,0.21181766
02.10.2024 19:00:00.000,227.07,227.13,226.43,226.88,-0.083674638
02.10.2024 20:00:00.000,226.88,227.33,226.84,227,0.052891396
03.10.2024 14:00:00.000,225.67,226.65,225.55,226.25,0.257012452
03.10.2024 15:00:00.000,226.25,226.77,224.22,224.29,-0.866298343
03.10.2024 16:00:00.000,224.29,225.22,224.25,225.1,0.361139596
03.10.2024 17:00:00.000,225.11,225.32,223.6,223.77,-0.595264537
03.10.2024 18:00:00.000,223.78,224.29,223.31,224.25,0.210027706
03.10.2024 19:00:00.000,224.26,224.37,223.58,223.59,-0.298760367
03.10.2024 20:00:00.000,223.58,225.15,223.48,225.12,0.688791484
04.10.2024 14:00:00.000,227.02,227.17,225.03,225.13,-0.832525769
04.10.2024 15:00:00.000,225.15,225.58,224.13,225.07,-0.035531868
04.10.2024 16:00:00.000,225.07,225.49,224.29,225.48,0.182165548
04.10.2024 17:00:00.000,225.5,225.52,224.67,225.11,-0.172949002
04.10.2024 18:00:00.000,225.12,225.37,224.53,224.85,-0.119936034
04.10.2024 19:00:00.000,224.84,225.51,224.61,225.51,0.297989682
04.10.2024 20:00:00.000,225.51,226.53,225.26,226.5,0.439004922
07.10.2024 14:00:00.000,224.31,225.37,224.02,225.01,0.31206812
07.10.2024 15:00:00.000,224.98,225.66,224.43,225.28,0.133345186
07.10.2024 16:00:00.000,225.28,225.28,224.48,224.86,-0.186434659
07.10.2024 17:00:00.000,224.86,224.91,223.87,223.94,-0.409143467
07.10.2024 18:00:00.000,223.94,224.53,223.39,223.82,-0.053585782
07.10.2024 19:00:00.000,223.82,223.95,222.2,222.3,-0.679117148
07.10.2024 20:00:00.000,222.24,222.75,221.99,222.05,-0.085493161
08.10.2024 14:00:00.000,223.92,225.12,223.72,225.02,0.491246874
08.10.2024 15:00:00.000,225.03,225.91,224.52,225.01,-0.008887704
08.10.2024 16:00:00.000,225,225.58,224.63,225.32,0.142222222
08.10.2024 17:00:00.000,225.33,225.33,224.55,224.65,-0.301779612
08.10.2024 18:00:00.000,224.66,224.98,224.21,224.94,0.124632778
08.10.2024 19:00:00.000,224.93,225.42,224.76,225.31,0.168941448
08.10.2024 20:00:00.000,225.31,225.92,225.08,225.8,0.217478141
09.10.2024 14:00:00.000,225.21,226.45,225.08,226.09,0.390746414
09.10.2024 15:00:00.000,226.14,227.76,225.8,227.63,0.658883877
09.10.2024 16:00:00.000,227.62,228.6,227.62,228.41,0.347069678
09.10.2024 17:00:00.000,228.41,229.02,228.05,228.62,0.091939933
09.10.2024 18:00:00.000,228.61,228.96,228.01,228.49,-0.052491142
09.10.2024 19:00:00.000,228.49,229.64,228.4,229.27,0.341371614
09.10.2024 20:00:00.000,229.27,229.65,228.78,229.54,0.11776508
10.10.2024 14:00:00.000,227.82,228.79,227.15,228.42,0.263365815
10.10.2024 15:00:00.000,228.43,228.52,227.62,227.8,-0.275795649
10.10.2024 16:00:00.000,227.8,228.64,227.66,228.63,0.364354697
10.10.2024 17:00:00.000,228.65,229.2,228.11,228.42,-0.100590422
10.10.2024 18:00:00.000,228.42,228.79,228.01,228.62,0.087558007
10.10.2024 19:00:00.000,228.61,228.62,228.07,228.46,-0.065613928
10.10.2024 20:00:00.000,228.46,229.45,228.24,228.91,0.196971023
11.10.2024 14:00:00.000,228.1,228.42,227.32,227.95,-0.065760631
11.10.2024 15:00:00.000,227.92,229.15,227.59,228.07,0.065812566
11.10.2024 16:00:00.000,228.03,228.38,227.66,228.05,0.008770776
11.10.2024 17:00:00.000,228.04,228.06,227.39,227.85,-0.083318716
11.10.2024 18:00:00.000,227.83,228.06,227.47,227.81,-0.008778475
11.10.2024 19:00:00.000,227.79,228.61,227.79,228.57,0.342420651
11.10.2024 20:00:00.000,228.56,228.95,228,228.01,-0.240637032
14.10.2024 14:00:00.000,230.17,231.28,230.13,230.53,0.156406135
14.10.2024 15:00:00.000,230.53,230.83,229.28,229.46,-0.464147833
14.10.2024 16:00:00.000,229.46,230.32,229.13,230.32,0.374792992
14.10.2024 17:00:00.000,230.32,230.59,229.95,230.31,-0.004341785
14.10.2024 18:00:00.000,230.32,230.53,230.14,230.16,-0.069468565
14.10.2024 19:00:00.000,230.16,231.17,230.03,231.13,0.421445951
14.10.2024 20:00:00.000,231.14,231.71,231.03,231.09,-0.021631911
15.10.2024 14:00:00.000,233.97,237.09,233.97,236.59,1.119801684
15.10.2024 15:00:00.000,236.6,237.44,235.13,235.34,-0.532544379
15.10.2024 16:00:00.000,235.35,236.26,234.63,235.34,-0.004248991
15.10.2024 17:00:00.000,235.38,235.8,234.27,234.45,-0.395105786
15.10.2024 18:00:00.000,234.44,234.63,233.71,233.73,-0.302849343
15.10.2024 19:00:00.000,233.74,234.14,233.49,233.75,0.004278258
15.10.2024 20:00:00.000,233.76,234.03,232.79,233.86,0.042778919
16.10.2024 14:00:00.000,231.39,231.44,230.03,230.06,-0.574787156
16.10.2024 15:00:00.000,230.06,230.98,229.84,230.38,0.139094149
16.10.2024 16:00:00.000,230.38,231.12,230.09,230.18,-0.086813091
16.10.2024 17:00:00.000,230.17,231.05,230.04,231.02,0.369292262
16.10.2024 18:00:00.000,231.02,231.26,230.56,230.78,-0.103887109
16.10.2024 19:00:00.000,230.78,231.41,230.72,231.25,0.203657163
16.10.2024 20:00:00.000,231.25,231.92,231.18,231.5,0.108108108
17.10.2024 14:00:00.000,231.59,231.95,230.5,231.69,0.043179757
17.10.2024 15:00:00.000,231.75,232.54,231.16,231.33,-0.181229773
17.10.2024 16:00:00.000,231.33,232.52,231.22,232.52,0.514416634
17.10.2024 17:00:00.000,232.52,232.78,231.99,232.14,-0.163426802
17.10.2024 18:00:00.000,232.14,232.56,232.04,232.41,0.116309124
17.10.2024 19:00:00.000,232.42,232.55,231.25,232.07,-0.15058945
17.10.2024 20:00:00.000,232.07,232.17,231.64,231.88,-0.081871849
18.10.2024 14:00:00.000,234.89,235.67,234,235.44,0.234152156
18.10.2024 15:00:00.000,235.4,235.84,234.27,234.68,-0.305862362
18.10.2024 16:00:00.000,234.68,235.32,234.63,235,0.136355889
18.10.2024 17:00:00.000,235,235.63,234.84,235.45,0.191489362
18.10.2024 18:00:00.000,235.44,235.83,235.02,235.62,0.076452599
18.10.2024 19:00:00.000,235.61,235.73,235.28,235.54,-0.029710114
18.10.2024 20:00:00.000,235.53,235.53,234.78,235.04,-0.208041438
21.10.2024 14:00:00.000,234.88,235.45,234.74,235.15,0.114952316
21.10.2024 15:00:00.000,235.15,236.03,234.93,235.85,0.29768233
21.10.2024 16:00:00.000,235.84,236.42,235.14,236.21,0.156886024
21.10.2024 17:00:00.000,236.21,236.57,235.92,236.48,0.114305068
21.10.2024 18:00:00.000,236.48,236.81,236.17,236.65,0.071887686
21.10.2024 19:00:00.000,236.65,236.77,235.91,235.96,-0.291569829
21.10.2024 20:00:00.000,235.99,236.18,235.8,235.91,-0.033899742
22.10.2024 14:00:00.000,232.96,233.75,232.82,233.13,0.072973901
22.10.2024 15:00:00.000,233.12,234.27,232.97,234.21,0.46757035
22.10.2024 16:00:00.000,234.2,234.89,233.93,234.46,0.111016225
22.10.2024 17:00:00.000,234.47,234.92,234.11,234.9,0.183392332
22.10.2024 18:00:00.000,234.92,235.73,234.72,235.65,0.310744083
22.10.2024 19:00:00.000,235.65,235.98,235.16,235.34,-0.131551029
22.10.2024 20:00:00.000,235.34,236.15,235.24,236.08,0.314438684
23.10.2024 14:00:00.000,234.05,235.1,233.83,234.88,0.35462508
23.10.2024 15:00:00.000,234.87,235.08,234.1,234.25,-0.263975816
23.10.2024 16:00:00.000,234.25,234.53,230.56,231.52,-1.165421558
23.10.2024 17:00:00.000,231.53,231.86,228.94,229.62,-0.824947091
23.10.2024 18:00:00.000,229.61,230.15,228.26,228.34,-0.553111798
23.10.2024 19:00:00.000,228.34,229.63,227.74,229.25,0.39852851
23.10.2024 20:00:00.000,229.19,230.83,229.16,230.39,0.523583053
24.10.2024 14:00:00.000,229.34,230.35,228.39,229.78,0.191854888
24.10.2024 15:00:00.000,229.8,230.36,229.23,229.23,-0.248041775
24.10.2024 16:00:00.000,229.23,230.18,228.87,229.57,0.148322645
24.10.2024 17:00:00.000,229.57,230.32,228.66,230.3,0.3179858
24.10.2024 18:00:00.000,230.29,230.8,230.1,230.24,-0.021711755
24.10.2024 19:00:00.000,230.25,230.54,230.02,230.44,0.082519001
24.10.2024 20:00:00.000,230.42,230.78,230.12,230.69,0.117177328
25.10.2024 14:00:00.000,231.07,232.06,230.5,231.89,0.354870818
25.10.2024 15:00:00.000,231.94,232.87,231.7,232.83,0.383719928
25.10.2024 16:00:00.000,232.83,233.11,231.74,232.02,-0.347893313
25.10.2024 17:00:00.000,231.99,232.92,231.93,232.76,0.331910858
25.10.2024 18:00:00.000,232.76,232.76,231.11,231.46,-0.558515209
25.10.2024 19:00:00.000,231.46,232.18,231.05,232.12,0.285146462
25.10.2024 20:00:00.000,232.11,232.15,231.23,231.5,-0.262806428
28.10.2024 14:00:00.000,233.72,233.76,232.53,233.13,-0.252438816
28.10.2024 15:00:00.000,233.13,234.3,232.87,233.85,0.308840561
28.10.2024 16:00:00.000,233.9,234.12,233.18,233.55,-0.149636597
28.10.2024 17:00:00.000,233.52,234.69,233.11,234.29,0.329736211
28.10.2024 18:00:00.000,234.28,234.65,234.04,234.34,0.025610381
28.10.2024 19:00:00.000,234.37,234.37,233.54,233.74,-0.268805735
28.10.2024 20:00:00.000,233.66,233.97,233.39,233.49,-0.072755285
29.10.2024 14:00:00.000,233.05,233.91,232.58,233.58,0.227419009
29.10.2024 15:00:00.000,233.58,234.02,233.01,233.45,-0.05565545
29.10.2024 16:00:00.000,233.47,233.61,233.01,233.3,-0.072814494
29.10.2024 17:00:00.000,233.31,233.96,233,233.93,0.26574086
29.10.2024 18:00:00.000,233.94,234.19,233.76,233.8,-0.059844405
29.10.2024 19:00:00.000,233.8,234.16,233.73,234.06,0.111206159
29.10.2024 20:00:00.000,234.07,234.31,233.86,233.97,-0.042722263
30.10.2024 14:00:00.000,232.53,233.16,231.98,232.55,0.008601041
30.10.2024 15:00:00.000,232.55,232.76,231.11,231.13,-0.610621372
30.10.2024 16:00:00.000,231.13,231.63,230.48,231.37,0.103837667
30.10.2024 17:00:00.000,231.37,231.52,230.9,230.9,-0.203137831
30.10.2024 18:00:00.000,230.89,231.02,229.86,230.19,-0.303174672
30.10.2024 19:00:00.000,230.19,230.93,230.19,230.47,0.121638646
30.10.2024 20:00:00.000,230.45,230.91,230,230.07,-0.164894771
31.10.2024 14:00:00.000,228.77,229.78,228.57,229.2,0.187961708
31.10.2024 15:00:00.000,229.18,229.22,227.41,227.7,-0.645780609
31.10.2024 16:00:00.000,227.65,227.71,226.4,227.01,-0.281133319
31.10.2024 17:00:00.000,227.01,227.96,226.88,227.71,0.30835646
31.10.2024 18:00:00.000,227.7,228.14,226.86,226.87,-0.364514712
31.10.2024 19:00:00.000,226.88,227.21,226.68,227.05,0.074929478
31.10.2024 20:00:00.000,227.05,227.75,226.35,226.42,-0.277471922
01.11.2024 14:00:00.000,222.18,223.86,221.68,223.76,0.711135116
01.11.2024 15:00:00.000,223.79,225.31,221.58,222.42,-0.612181063
01.11.2024 16:00:00.000,222.42,223.22,221.86,222.05,-0.166351947
01.11.2024 17:00:00.000,222.04,222.67,221.76,222.58,0.243199424
01.11.2024 18:00:00.000,222.58,223.38,222.04,222.17,-0.184203432
01.11.2024 19:00:00.000,222.17,222.66,222.05,222.58,0.184543368
01.11.2024 20:00:00.000,222.58,223.07,222.27,222.83,0.112319166
04.11.2024 14:00:00.000,220.69,222.03,219.69,222.03,0.607186551
04.11.2024 15:00:00.000,222,222.51,221.33,221.59,-0.184684685
04.11.2024 16:00:00.000,221.6,221.98,220.78,221.06,-0.24368231
04.11.2024 17:00:00.000,221.08,222.12,220.39,221.76,0.307580966
04.11.2024 18:00:00.000,221.76,222.6,221.44,222.39,0.284090909
04.11.2024 19:00:00.000,222.44,222.74,222.18,222.61,0.076425103
04.11.2024 20:00:00.000,222.61,222.77,221.73,222,-0.274021832
05.11.2024 14:00:00.000,223.13,223.92,222.11,223.51,0.170304307
05.11.2024 15:00:00.000,223.54,223.81,222.04,222.16,-0.617339179
05.11.2024 16:00:00.000,222.18,223.31,221.91,223.22,0.468088937
05.11.2024 17:00:00.000,223.22,223.76,223.13,223.47,0.111997133
05.11.2024 18:00:00.000,223.47,223.5,222.38,222.83,-0.286391909
05.11.2024 19:00:00.000,222.82,223.43,222.78,222.9,0.03590342
05.11.2024 20:00:00.000,222.89,223.51,222.7,222.93,0.017946072
06.11.2024 14:00:00.000,225.12,225.58,223.06,224.41,-0.315387349
06.11.2024 15:00:00.000,224.41,226.04,223.95,224.17,-0.106947106
06.11.2024 16:00:00.000,224.18,225.15,223.66,224.64,0.205192256
06.11.2024 17:00:00.000,224.61,224.65,223.94,224.32,-0.129112684
06.11.2024 18:00:00.000,224.32,224.53,223.82,223.9,-0.187232525
06.11.2024 19:00:00.000,223.9,224.06,223.24,223.4,-0.223313979
06.11.2024 20:00:00.000,223.4,224.2,222.99,223.03,-0.165622202
07.11.2024 14:00:00.000,225.85,226.32,225.08,226.29,0.194819571
07.11.2024 15:00:00.000,226.29,226.32,225.33,226.21,-0.035352866
07.11.2024 16:00:00.000,226.21,227.08,225.77,227.05,0.371336369
07.11.2024 17:00:00.000,227.05,227.47,226.75,227.18,0.057256111
07.11.2024 18:00:00.000,227.19,227.24,226.72,227.06,-0.057220828
07.11.2024 19:00:00.000,227.06,227.49,226.77,227.49,0.189377257
07.11.2024 20:00:00.000,227.44,227.85,226.73,226.84,-0.263805839
08.11.2024 14:00:00.000,228.13,228.54,227.58,227.75,-0.166571692
08.11.2024 15:00:00.000,227.75,228.13,226.48,226.5,-0.54884742
08.11.2024 16:00:00.000,226.51,227.55,226.39,227.25,0.326696393
08.11.2024 17:00:00.000,227.25,227.43,226.73,227.01,-0.105610561
08.11.2024 18:00:00.000,227.01,227.59,226.77,227.5,0.215849522
08.11.2024 19:00:00.000,227.45,227.66,227.23,227.42,-0.013189712
08.11.2024 20:00:00.000,227.42,227.7,226.74,226.95,-0.20666608
11.11.2024 14:00:00.000,223.84,224.58,222.77,222.87,-0.433345247
11.11.2024 15:00:00.000,222.87,223.69,222.72,222.73,-0.062816889
11.11.2024 16:00:00.000,222.73,223.31,222.65,222.74,0.004489741
11.11.2024 17:00:00.000,222.76,222.85,221.68,221.84,-0.413000539
11.11.2024 18:00:00.000,221.8,222.96,221.48,222.88,0.486925158
11.11.2024 19:00:00.000,222.88,223.15,222.82,223.02,0.06281407
11.11.2024 20:00:00.000,223.02,224.21,222.99,223.93,0.408035154
12.11.2024 14:00:00.000,223.85,224.45,223.54,224.24,0.174223811
12.11.2024 15:00:00.000,224.26,225.01,223.65,224.55,0.129314189
12.11.2024 16:00:00.000,224.54,225.53,224.49,224.94,0.178141979
12.11.2024 17:00:00.000,224.94,225.04,223.35,223.4,-0.684627012
12.11.2024 18:00:00.000,223.39,224.58,223.33,224.11,0.32230628
12.11.2024 19:00:00.000,224.11,224.74,224.09,224.51,0.17848378
12.11.2024 20:00:00.000,224.5,224.79,223.92,224.43,-0.031180401
13.11.2024 14:00:00.000,223.62,224.11,222.74,223.46,-0.071549951
13.11.2024 15:00:00.000,223.51,224.28,223.13,224.02,0.22817771
13.11.2024 16:00:00.000,224.03,224.57,223.74,224.53,0.223184395
13.11.2024 17:00:00.000,224.53,226.57,224.53,226.51,0.88184207
13.11.2024 18:00:00.000,226.5,226.63,225.79,226,-0.220750552
13.11.2024 19:00:00.000,226,226.15,225.31,225.41,-0.261061947
13.11.2024 20:00:00.000,225.38,225.89,224.8,224.88,-0.221847546
14.11.2024 14:00:00.000,226.16,226.45,225.57,225.69,-0.207817474
14.11.2024 15:00:00.000,225.66,226.99,225.03,226.51,0.376672871
14.11.2024 16:00:00.000,226.49,227.05,226.32,226.71,0.097134531
14.11.2024 17:00:00.000,226.72,228.2,226.49,227.9,0.520465773
14.11.2024 18:00:00.000,227.89,228.68,227.8,228.02,0.057045066
14.11.2024 19:00:00.000,228.02,228.85,227.99,228.25,0.100868345
14.11.2024 20:00:00.000,228.25,228.32,226.96,228.26,0.004381161
15.11.2024 14:00:00.000,226.31,226.45,224.85,225.05,-0.556758429
15.11.2024 15:00:00.000,225.05,225.28,224.43,224.61,-0.195512108
15.11.2024 16:00:00.000,224.61,225.46,224.44,225.08,0.209251592
15.11.2024 17:00:00.000,225.09,225.16,224.25,224.72,-0.164378693
15.11.2024 18:00:00.000,224.71,224.93,224.43,224.65,-0.026701081
15.11.2024 19:00:00.000,224.65,224.94,224.28,224.81,0.071221901
15.11.2024 20:00:00.000,224.81,225.29,224.56,225.08,0.120101419
18.11.2024 14:00:00.000,226.45,227.14,226.15,226.81,0.158975491
18.11.2024 15:00:00.000,226.83,228.91,226.72,228.4,0.692148305
18.11.2024 16:00:00.000,228.4,229.18,228.35,228.51,0.048161121
18.11.2024 17:00:00.000,228.51,229.6,228.35,229.6,0.477003195
18.11.2024 18:00:00.000,229.58,229.72,228.65,229.42,-0.069692482
18.11.2024 19:00:00.000,229.42,229.42,228.67,228.84,-0.252811438
18.11.2024 20:00:00.000,228.84,228.89,227.29,227.34,-0.655479811
19.11.2024 14:00:00.000,227.66,228.52,227.11,228.4,0.325046121
19.11.2024 15:00:00.000,228.4,229.41,228,229.03,0.275831874
19.11.2024 16:00:00.000,229.03,229.64,229.03,229.32,0.126620967
19.11.2024 17:00:00.000,229.32,230.14,229.17,229.37,0.021803593
19.11.2024 18:00:00.000,229.36,229.94,229.22,229.91,0.239797698
19.11.2024 19:00:00.000,229.91,229.97,228.63,228.75,-0.504545257
19.11.2024 20:00:00.000,228.75,228.85,228,228.15,-0.262295082
20.11.2024 14:00:00.000,229.619,229.889,227.57,227.619,-0.871008061
20.11.2024 15:00:00.000,227.64,227.999,226.349,226.939,-0.307942365
20.11.2024 16:00:00.000,226.919,227.659,225.879,227.449,0.233563518
20.11.2024 17:00:00.000,227.449,227.559,226.569,226.889,-0.24620904
20.11.2024 18:00:00.000,226.839,227.089,226.359,226.889,0.022042065
20.11.2024 19:00:00.000,226.889,227.439,226.599,227.379,0.215964635
20.11.2024 20:00:00.000,227.369,228.849,227.2,228.619,0.549767119
21.11.2024 14:00:00.000,228.757,228.837,226.807,226.947,-0.791232618
21.11.2024 15:00:00.000,226.977,228.327,225.703,228.317,0.590368187
21.11.2024 16:00:00.000,228.337,229.097,228.067,228.847,0.223354078
21.11.2024 17:00:00.000,228.837,230.117,228.568,229.768,0.406839803
21.11.2024 18:00:00.000,229.757,230.038,229.197,229.457,-0.130572736
21.11.2024 19:00:00.000,229.467,229.647,228.977,229.367,-0.043579251
21.11.2024 20:00:00.000,229.377,229.567,228.327,228.407,-0.422884596
22.11.2024 14:00:00.000,228.74,230.076,228.64,229.926,0.518492612
22.11.2024 15:00:00.000,229.82,229.9,229,229.466,-0.154033592
22.11.2024 16:00:00.000,229.47,229.646,228.81,229.54,0.030505077
22.11.2024 17:00:00.000,229.55,230.496,229.51,230.37,0.357220649
22.11.2024 18:00:00.000,230.35,230.68,229.8,229.85,-0.217060994
22.11.2024 19:00:00.000,229.856,229.976,229.3,229.45,-0.176632326
22.11.2024 20:00:00.000,229.446,229.816,228.986,229.8,0.154284668
25.11.2024 14:00:00.000,232.289,233.229,231.95,232.509,0.094709607
25.11.2024 15:00:00.000,232.529,232.779,231.599,231.879,-0.279535026
25.11.2024 16:00:00.000,231.879,232.299,230.87,230.879,-0.431259407
25.11.2024 17:00:00.000,230.879,230.989,229.72,230.08,-0.34606872
25.11.2024 18:00:00.000,230.07,230.589,230.049,230.269,0.086495414
25.11.2024 19:00:00.000,230.25,230.839,230.218,230.65,0.173724213
25.11.2024 20:00:00.000,230.659,232.799,229.805,232.629,0.85407463
26.11.2024 14:00:00.000,234.402,235.422,234.211,234.812,0.174913183
26.11.2024 15:00:00.000,234.752,235.542,233.639,235.142,0.16613277
26.11.2024 16:00:00.000,235.132,235.422,234.599,235.012,-0.051035163
26.11.2024 17:00:00.000,235.002,235.139,234.249,234.992,-0.004255283
26.11.2024 18:00:00.000,234.982,235.042,234.342,235.042,0.025533871
26.11.2024 19:00:00.000,235.012,235.082,234.539,234.902,-0.046806121
26.11.2024 20:00:00.000,234.882,235.222,234.589,234.919,0.015752591
27.11.2024 14:00:00.000,234.623,234.833,233.783,234.273,-0.149175486
27.11.2024 15:00:00.000,234.303,235.653,233.933,234.593,0.123771356
27.11.2024 16:00:00.000,234.593,234.864,234.093,234.323,-0.115092948
27.11.2024 17:00:00.000,234.333,234.724,233.973,234.724,0.166856567
27.11.2024 18:00:00.000,234.703,234.998,234.593,234.904,0.085640149
27.11.2024 19:00:00.000,234.893,235.224,234.744,235.034,0.060027332
27.11.2024 20:00:00.000,235.043,235.164,234.554,234.873,-0.072327191
29.11.2024 14:00:00.000,234.55,235.674,234.55,235.64,0.464719676
29.11.2024 15:00:00.000,235.6,235.874,235.12,235.809,0.088709677
29.11.2024 16:00:00.000,235.804,237.119,235.74,237.03,0.519923326
29.11.2024 17:00:00.000,237.044,237.774,236.33,237.303,0.109262415
02.12.2024 14:00:00.000,239.256,239.517,238.217,239.219,-0.015464607
02.12.2024 15:00:00.000,239.247,240.767,238.947,240.076,0.346503822
02.12.2024 16:00:00.000,240.065,240.217,239.34,239.947,-0.049153354
02.12.2024 17:00:00.000,239.947,240.177,239.486,239.507,-0.183373828
02.12.2024 18:00:00.000,239.485,239.697,239.002,239.137,-0.145311815
02.12.2024 19:00:00.000,239.137,239.647,239.045,239.627,0.204903465
02.12.2024 20:00:00.000,239.607,239.917,239.136,239.477,-0.05425551
03.12.2024 14:00:00.000,239.522,240.892,238.982,240.872,0.563622548
03.12.2024 15:00:00.000,240.842,241.342,240.35,241.182,0.14117139
03.12.2024 16:00:00.000,241.172,241.522,240.792,241.392,0.091221203
03.12.2024 17:00:00.000,241.382,241.682,241.132,241.647,0.109784491
03.12.2024 18:00:00.000,241.652,241.807,241.292,241.715,0.026070548
03.12.2024 19:00:00.000,241.705,242.442,241.652,242.372,0.275956228
03.12.2024 20:00:00.000,242.362,242.472,241.827,242.452,0.037134534
04.12.2024 14:00:00.000,243.025,243.825,242.675,243.513,0.200802387
04.12.2024 15:00:00.000,243.445,244.085,243.125,243.445,0
04.12.2024 16:00:00.000,243.505,243.815,242.095,242.475,-0.422989261
04.12.2024 17:00:00.000,242.475,242.475,241.195,242.355,-0.049489638
04.12.2024 18:00:00.000,242.345,242.855,241.905,242.615,0.111411418
04.12.2024 19:00:00.000,242.475,243.155,242.304,242.895,0.173213733
04.12.2024 20:00:00.000,242.895,243.435,242.803,242.945,0.020585026
05.12.2024 14:00:00.000,243.67,243.74,242.71,243.46,-0.086182132
05.12.2024 15:00:00.000,243.45,243.55,242.22,242.35,-0.45183816
05.12.2024 16:00:00.000,242.36,242.76,242.2,242.61,0.103152335
05.12.2024 17:00:00.000,242.62,243.39,242.45,242.86,0.098920122
05.12.2024 18:00:00.000,242.89,243.31,242.6,243.2,0.127629791
05.12.2024 19:00:00.000,243.21,243.68,242.95,243.11,-0.04111673
05.12.2024 20:00:00.000,243.11,243.26,242.18,242.41,-0.287935502
06.12.2024 14:00:00.000,242.4,244.18,242.38,243.63,0.507425743
06.12.2024 15:00:00.000,243.65,244.63,243.17,243.59,-0.024625487
06.12.2024 16:00:00.000,243.6,244.06,243.5,243.65,0.020525452
06.12.2024 17:00:00.000,243.65,243.73,242.93,243.04,-0.250359122
06.12.2024 18:00:00.000,243.04,243.63,242.94,243.62,0.238643845
06.12.2024 19:00:00.000,243.61,243.62,242.92,242.95,-0.270924839
06.12.2024 20:00:00.000,242.95,243.39,242.53,242.59,-0.148178638
09.12.2024 14:00:00.000,243.24,244.13,242.64,243.92,0.279559283
09.12.2024 15:00:00.000,243.9,246.27,243.77,246.03,0.873308733
09.12.2024 16:00:00.000,246.02,247.23,246,246.87,0.345500366
09.12.2024 17:00:00.000,246.86,247.23,245.71,246.18,-0.275459775
09.12.2024 18:00:00.000,246.19,247,246.09,246.73,0.219342784
09.12.2024 19:00:00.000,246.71,246.73,245.88,246.42,-0.117546917
09.12.2024 20:00:00.000,246.41,247.08,246.2,246.36,-0.020291384
10.12.2024 14:00:00.000,246.62,247.76,246.12,247.64,0.413591761
10.12.2024 15:00:00.000,247.65,247.67,245.82,245.87,-0.718756309
10.12.2024 16:00:00.000,245.88,246.53,245.34,246.39,0.207418253
10.12.2024 17:00:00.000,246.4,247.31,246.4,246.84,0.178571429
10.12.2024 18:00:00.000,246.84,247.77,246.71,247.6,0.307891752
10.12.2024 19:00:00.000,247.61,248.08,247.36,248.02,0.165582973
10.12.2024 20:00:00.000,248.03,248.19,247.38,247.48,-0.221747369
11.12.2024 14:00:00.000,248.64,249.78,248.57,249.26,0.249356499
11.12.2024 15:00:00.000,249.28,250.2,249.12,250.14,0.344993582
11.12.2024 16:00:00.000,250.14,250.8,249.34,249.51,-0.251858959
11.12.2024 17:00:00.000,249.5,249.83,249.09,249.21,-0.116232465
11.12.2024 18:00:00.000,249.22,249.48,248.34,248.38,-0.337051601
11.12.2024 19:00:00.000,248.37,248.57,247.57,247.8,-0.229496316
11.12.2024 20:00:00.000,247.82,247.91,246.75,246.78,-0.41965943
12.12.2024 14:00:00.000,246.71,246.97,245.67,246.55,-0.064853472
12.12.2024 15:00:00.000,246.59,248.55,245.98,248.02,0.579909972
12.12.2024 16:00:00.000,248.03,248.58,247.67,248.18,0.060476555
12.12.2024 17:00:00.000,248.18,248.54,247.63,248.54,0.145056008
12.12.2024 18:00:00.000,248.53,248.71,248.34,248.51,-0.008047318
12.12.2024 19:00:00.000,248.53,248.73,247.8,247.92,-0.245443206
12.12.2024 20:00:00.000,247.9,248.19,247.44,248.09,0.076643808
13.12.2024 14:00:00.000,248.45,249.28,248.14,248.35,-0.040249547
13.12.2024 15:00:00.000,248.37,248.37,246.94,247.22,-0.463018883
13.12.2024 16:00:00.000,247.22,247.3,246.4,246.7,-0.210338969
13.12.2024 17:00:00.000,246.69,246.86,246.23,246.58,-0.044590377
13.12.2024 18:00:00.000,246.57,247.86,246.55,247.84,0.515066715
13.12.2024 19:00:00.000,247.83,248.02,247.58,247.87,0.016140096
13.12.2024 20:00:00.000,247.86,248.28,247.77,248.15,0.117001533
16.12.2024 14:00:00.000,249.91,249.98,248.52,248.6,-0.524188708
16.12.2024 15:00:00.000,248.67,249.48,248.48,249.3,0.25334781
16.12.2024 16:00:00.000,249.29,250.28,249.12,250.27,0.393116451
16.12.2024 17:00:00.000,250.25,251.37,249.75,251.27,0.407592408
16.12.2024 18:00:00.000,251.26,251.27,250.57,250.86,-0.159197644
16.12.2024 19:00:00.000,250.85,251.2,250.67,250.81,-0.015945784
16.12.2024 20:00:00.000,250.8,250.82,249.94,250.57,-0.091706539
17.12.2024 14:00:00.000,250.77,252.97,250.57,252.03,0.502452446
17.12.2024 15:00:00.000,252,252.65,251.77,252.34,0.134920635
17.12.2024 16:00:00.000,252.34,253.33,252.22,253.07,0.289292225
17.12.2024 17:00:00.000,253.06,253.28,252.58,252.93,-0.051371216
17.12.2024 18:00:00.000,252.9,253.63,252.68,253.32,0.166073547
17.12.2024 19:00:00.000,253.33,253.38,252.91,253.24,-0.035526783
17.12.2024 20:00:00.000,253.23,253.56,252.64,253.45,0.086877542
18.12.2024 14:00:00.000,252.11,252.33,251.3,252.01,-0.039665225
18.12.2024 15:00:00.000,252.02,253.78,251.98,253.47,0.575351163
18.12.2024 16:00:00.000,253.46,253.61,252.84,253.42,-0.015781583
18.12.2024 17:00:00.000,253.41,254.02,253.35,253.84,0.16968549
18.12.2024 18:00:00.000,253.84,254.27,253.6,254.08,0.094547747
18.12.2024 19:00:00.000,254.08,254.08,250.92,251.02,-1.204345088
18.12.2024 20:00:00.000,251.07,251.36,247.83,249.54,-0.609391803
19.12.2024 14:00:00.000,247.83,249.14,247.75,248.64,0.326836945
19.12.2024 15:00:00.000,248.65,251.02,248.63,250.46,0.727930826
19.12.2024 16:00:00.000,250.45,251.84,249.48,251.13,0.27151128
19.12.2024 17:00:00.000,251.12,251.68,249.72,250.64,-0.191143676
19.12.2024 18:00:00.000,250.64,251.34,249.81,251.32,0.271305458
19.12.2024 19:00:00.000,251.3,251.43,250.03,250.04,-0.501392758
19.12.2024 20:00:00.000,250.05,250.54,249.41,249.62,-0.171965607
20.12.2024 14:00:00.000,247.09,247.67,246.29,246.82,-0.109271925
20.12.2024 15:00:00.000,246.8,250.37,246.79,249.96,1.280388979
20.12.2024 16:00:00.000,249.98,253.37,249.86,253.1,1.248099848
20.12.2024 17:00:00.000,253.11,253.91,252.96,253.35,0.094820434
20.12.2024 18:00:00.000,253.36,253.44,252.69,252.83,-0.209188506
20.12.2024 19:00:00.000,252.84,253.81,252.67,253.57,0.288720139
20.12.2024 20:00:00.000,253.58,254.18,252.85,253.63,0.019717643
23.12.2024 14:00:00.000,254.31,255.4,253.99,254.96,0.255593567
23.12.2024 15:00:00.000,254.94,254.99,253.44,253.6,-0.52561387
23.12.2024 16:00:00.000,253.54,255.21,253.54,254.89,0.532460361
23.12.2024 17:00:00.000,254.88,255.14,254.18,254.2,-0.266792216
23.12.2024 18:00:00.000,254.2,254.3,253.72,254.21,0.00393391
23.12.2024 19:00:00.000,254.21,254.44,253.88,253.9,-0.121946422
23.12.2024 20:00:00.000,253.91,255.36,253.67,255.33,0.559253279
24.12.2024 14:00:00.000,256.88,256.98,256.24,256.73,-0.058393024
24.12.2024 15:00:00.000,256.77,257.99,256.56,257.55,0.303773805
24.12.2024 16:00:00.000,257.53,257.71,256.86,257.09,-0.170853881
24.12.2024 17:00:00.000,257.11,258.17,257,258.08,0.377270429
26.12.2024 14:00:00.000,259.52,260.06,258.01,258.76,-0.292848335
26.12.2024 15:00:00.000,258.74,258.82,257.62,258.34,-0.154595347
26.12.2024 16:00:00.000,258.37,259.21,258.3,258.88,0.197391338
26.12.2024 17:00:00.000,258.89,259.33,258.55,258.84,-0.019313222
26.12.2024 18:00:00.000,258.85,259.04,258.45,258.61,-0.09271779
26.12.2024 19:00:00.000,258.61,259.08,258.4,259.08,0.181740845
26.12.2024 20:00:00.000,259.08,259.5,259.06,259.35,0.104214914
27.12.2024 14:00:00.000,256.94,257.24,256.11,256.6,-0.132326613
27.12.2024 15:00:00.000,256.61,256.64,254.49,254.94,-0.650793032
27.12.2024 16:00:00.000,254.94,255.03,253.34,253.62,-0.517768887
27.12.2024 17:00:00.000,253.62,254.54,253.06,254.47,0.33514707
27.12.2024 18:00:00.000,254.47,255.33,254.3,255.27,0.314378905
27.12.2024 19:00:00.000,255.29,255.53,254.96,255.45,0.062673822
27.12.2024 20:00:00.000,255.44,255.8,254.95,255.34,-0.039148137
30.12.2024 14:00:00.000,251.42,252.34,250.89,251.22,-0.079548166
30.12.2024 15:00:00.000,251.22,252.13,250.75,251.66,0.175145291
30.12.2024 16:00:00.000,251.7,252.63,251.05,252.49,0.313865713
30.12.2024 17:00:00.000,252.5,253.46,252.35,253.4,0.356435644
30.12.2024 18:00:00.000,253.39,253.4,252.5,253.09,-0.11839457
30.12.2024 19:00:00.000,253.1,253.48,252.57,253.33,0.090873173
30.12.2024 20:00:00.000,253.32,253.46,252.55,252.57,-0.296068214
31.12.2024 14:00:00.000,252.43,252.68,251.56,252.27,-0.063383908
31.12.2024 15:00:00.000,252.26,252.37,251.31,251.8,-0.182351542
31.12.2024 16:00:00.000,251.82,251.84,251.01,251.3,-0.206496704
31.12.2024 17:00:00.000,251.31,251.52,250.06,250.66,-0.258644702
31.12.2024 18:00:00.000,250.64,250.72,249.43,249.86,-0.31120332
31.12.2024 19:00:00.000,249.86,250.41,249.66,250.4,0.216121028
31.12.2024 20:00:00.000,250.39,251.07,249.79,250.06,-0.131794401
02.01.2025 14:00:00.000,246.41,246.97,244.77,246.87,0.186680735
02.01.2025 15:00:00.000,246.85,247.8,244.81,245.4,-0.587401256
02.01.2025 16:00:00.000,245.39,245.46,244.16,244.67,-0.293410489
02.01.2025 17:00:00.000,244.66,245.22,242.3,242.97,-0.690754516
02.01.2025 18:00:00.000,242.98,243.02,241.81,242.24,-0.304551815
02.01.2025 19:00:00.000,242.23,242.82,241.86,241.95,-0.115592619
02.01.2025 20:00:00.000,241.97,243.75,241.97,243.45,0.611646072
03.01.2025 14:00:00.000,242.47,244.15,241.89,243.09,0.255701736
03.01.2025 15:00:00.000,243.09,243.98,242.13,243.01,-0.032909622
03.01.2025 16:00:00.000,243,244.03,242.67,243.31,0.127572016
03.01.2025 17:00:00.000,243.33,243.49,242.37,242.49,-0.345210208
03.01.2025 18:00:00.000,242.49,243.15,242.27,242.73,0.098973154
03.01.2025 19:00:00.000,242.7,243.43,242.57,243.25,0.226617223
03.01.2025 20:00:00.000,243.21,243.24,242.6,242.88,-0.13568521
06.01.2025 14:00:00.000,245.87,246.12,244.17,244.42,-0.589742547
06.01.2025 15:00:00.000,244.43,246.44,244.42,246.33,0.77731866
06.01.2025 16:00:00.000,246.34,247.32,245.89,246.25,-0.036534871
06.01.2025 17:00:00.000,246.24,246.48,244.72,244.96,-0.519818064
06.01.2025 18:00:00.000,244.96,245.11,244.47,244.81,-0.061234487
06.01.2025 19:00:00.000,244.83,245.17,244.5,244.57,-0.106196136
06.01.2025 20:00:00.000,244.56,245.33,244.41,245.28,0.294406281
07.01.2025 14:00:00.000,243.94,245.31,243.76,244.91,0.397638764
07.01.2025 15:00:00.000,244.83,245.52,244.02,244.65,-0.073520402
07.01.2025 16:00:00.000,244.66,244.77,242.98,243.05,-0.658056078
07.01.2025 17:00:00.000,243.04,243.29,241.35,242.24,-0.329163924
07.01.2025 18:00:00.000,242.28,243.39,242.06,242.31,0.012382368
07.01.2025 19:00:00.000,242.32,242.56,241.85,242.2,-0.049521294
07.01.2025 20:00:00.000,242.23,242.27,241.52,242.02,-0.086694464
08.01.2025 14:00:00.000,241.23,241.61,240.07,240.89,-0.140944327
08.01.2025 15:00:00.000,240.92,243.69,240.85,243.47,1.058442637
08.01.2025 16:00:00.000,243.46,243.64,242.65,243.25,-0.086256469
08.01.2025 17:00:00.000,243.25,243.27,241.21,241.39,-0.764645427
08.01.2025 18:00:00.000,241.38,242.51,241.11,241.41,0.012428536
08.01.2025 19:00:00.000,241.42,242.97,241.02,241.86,0.182254991
08.01.2025 20:00:00.000,241.85,242.47,241.69,242.36,0.210874509
10.01.2025 14:00:00.000,238.37,239.29,237.47,237.87,-0.209757939
10.01.2025 15:00:00.000,237.74,237.74,235.45,235.87,-0.786573568
10.01.2025 16:00:00.000,235.89,236.54,233,234.85,-0.440883463
10.01.2025 17:00:00.000,234.88,235.88,234.81,235.7,0.349114441
10.01.2025 18:00:00.000,235.7,237.58,235.63,237.42,0.729741196
10.01.2025 19:00:00.000,237.43,237.47,235.93,236.34,-0.459082677
10.01.2025 20:00:00.000,236.33,236.94,235.75,236.94,0.258113655
13.01.2025 14:00:00.000,231.25,231.59,230.21,230.3,-0.410810811
13.01.2025 15:00:00.000,230.33,231.78,229.73,231.11,0.338644553
13.01.2025 16:00:00.000,231.12,231.7,230.38,230.64,-0.20768432
13.01.2025 17:00:00.000,230.66,233.22,230.4,233.15,1.079510969
13.01.2025 18:00:00.000,233.13,233.89,232.82,233.84,0.304551109
13.01.2025 19:00:00.000,233.83,234.18,233.25,233.92,0.038489501
13.01.2025 20:00:00.000,233.91,234.38,233.42,234.38,0.200931982
14.01.2025 14:00:00.000,235.89,236.01,234.8,234.91,-0.415447878
14.01.2025 15:00:00.000,234.93,236.07,234.63,234.77,-0.068105393
14.01.2025 16:00:00.000,234.76,234.87,233.13,233.17,-0.677287442
14.01.2025 17:00:00.000,233.15,233.55,232.64,233.02,-0.055758096
14.01.2025 18:00:00.000,233.02,234.75,232.96,234.69,0.71667668
14.01.2025 19:00:00.000,234.7,234.91,233.04,233.13,-0.668939071
14.01.2025 20:00:00.000,233.12,233.41,232.47,233.28,0.06863418
15.01.2025 14:00:00.000,236.78,238.1,236.6,237.32,0.228059802
15.01.2025 15:00:00.000,237.35,238.36,237.35,237.96,0.257004424
15.01.2025 16:00:00.000,237.98,238.53,236.5,236.76,-0.512648122
15.01.2025 17:00:00.000,236.76,237.72,236.66,237.18,0.17739483
15.01.2025 18:00:00.000,237.2,237.71,236.97,237.55,0.147554806
15.01.2025 19:00:00.000,237.56,238.03,237.43,237.81,0.105236572
15.01.2025 20:00:00.000,237.83,238.07,237.51,237.66,-0.071479628
16.01.2025 14:00:00.000,236.21,236.96,234.73,234.83,-0.584225901
16.01.2025 15:00:00.000,234.83,235.16,231.15,231.96,-1.222160712
16.01.2025 16:00:00.000,231.95,232.3,229.75,230.68,-0.547531796
16.01.2025 17:00:00.000,230.67,231.19,230.36,230.47,-0.086703949
16.01.2025 18:00:00.000,230.46,230.67,228.62,229,-0.633515578
16.01.2025 19:00:00.000,228.99,229.93,228.56,229.85,0.375562252
16.01.2025 20:00:00.000,229.86,230.06,228.02,228.22,-0.713477769
17.01.2025 14:00:00.000,231.13,231.25,229.71,230.76,-0.16008307
17.01.2025 15:00:00.000,230.76,231.6,230,231.32,0.242676374
17.01.2025 16:00:00.000,231.32,231.49,229.55,229.67,-0.713297596
17.01.2025 17:00:00.000,229.65,230.42,229.49,230.14,0.213368169
17.01.2025 18:00:00.000,230.15,230.34,229.11,229.28,-0.378014338
17.01.2025 19:00:00.000,229.26,229.6,228.47,229.2,-0.026171159
17.01.2025 20:00:00.000,229.2,229.88,229.08,229.7,0.218150087
21.01.2025 14:00:00.000,222.26,222.7,220.78,221.84,-0.188967875
21.01.2025 15:00:00.000,221.86,222.27,220.6,221.3,-0.252411431
21.01.2025 16:00:00.000,221.31,221.42,219.37,220.16,-0.519633094
21.01.2025 17:00:00.000,220.17,221.05,219.82,220.24,0.031793614
21.01.2025 18:00:00.000,220.22,221.27,220,221.2,0.445009536
21.01.2025 19:00:00.000,221.17,221.68,220.38,221.13,-0.018085635
21.01.2025 20:00:00.000,221.11,222.44,220.3,222.44,0.60151056
22.01.2025 14:00:00.000,222.58,223.26,221.06,222.93,0.157246833
22.01.2025 15:00:00.000,222.95,223.35,221.51,222.92,-0.013455932
22.01.2025 16:00:00.000,222.93,223.07,221.7,221.94,-0.444085587
22.01.2025 17:00:00.000,221.92,222.82,221.8,222.72,0.360490267
22.01.2025 18:00:00.000,222.71,222.83,221.91,222.41,-0.134704324
22.01.2025 19:00:00.000,222.41,223.38,222.34,223.37,0.431635268
22.01.2025 20:00:00.000,223.38,223.9,222.81,223.81,0.19249709
23.01.2025 14:00:00.000,225.24,225.8,224.25,225.15,-0.039957379
23.01.2025 15:00:00.000,225.13,227,224.89,225.3,0.075511926
23.01.2025 16:00:00.000,225.3,225.37,223.8,224.04,-0.559254328
23.01.2025 17:00:00.000,224.05,224.15,223.18,223.69,-0.16067842
23.01.2025 18:00:00.000,223.69,223.77,223.02,223.06,-0.281639769
23.01.2025 19:00:00.000,223.07,223.14,222.43,222.73,-0.152418523
23.01.2025 20:00:00.000,222.73,223.15,222.3,222.84,0.04938715
24.01.2025 14:00:00.000,224.51,225.4,224.31,224.51,0
24.01.2025 15:00:00.000,224.51,224.57,222.54,223.06,-0.645850964
24.01.2025 16:00:00.000,223.04,223.48,222.35,222.73,-0.138988522
24.01.2025 17:00:00.000,222.71,223.25,221.95,222.39,-0.143684612
24.01.2025 18:00:00.000,222.39,222.55,221.91,222.04,-0.157381177
24.01.2025 19:00:00.000,222.04,222.86,222.01,222.58,0.243199424
24.01.2025 20:00:00.000,222.55,222.92,221.42,222.83,0.125814424
27.01.2025 14:00:00.000,226.47,227.64,225.33,225.65,-0.362078863
27.01.2025 15:00:00.000,225.64,228.55,224.81,227.75,0.935117887
27.01.2025 16:00:00.000,227.74,229.76,227.5,228.44,0.307368051
27.01.2025 17:00:00.000,228.45,230.47,228.31,230.13,0.735390676
27.01.2025 18:00:00.000,230.15,231.77,230.05,231.45,0.564849012
27.01.2025 19:00:00.000,231.43,232.12,230.13,231.56,0.056172493
27.01.2025 20:00:00.000,231.57,231.89,228.47,229.61,-0.846396338
28.01.2025 14:00:00.000,234.23,235.57,232.74,234.67,0.18784955
28.01.2025 15:00:00.000,234.64,239.22,234.35,238.83,1.785714286
28.01.2025 16:00:00.000,238.82,240.16,238.17,239.7,0.368478352
28.01.2025 17:00:00.000,239.69,240.15,238.19,238.71,-0.408861446
28.01.2025 18:00:00.000,238.72,239.21,238.48,238.8,0.033512064
28.01.2025 19:00:00.000,238.79,239.47,238.58,239.15,0.150760082
28.01.2025 20:00:00.000,239.13,239.24,237.75,238.24,-0.372182495
29.01.2025 14:00:00.000,234.93,236.23,234.93,235.77,0.357553314
29.01.2025 15:00:00.000,235.79,237.98,235.48,237.77,0.839730268
29.01.2025 16:00:00.000,237.78,237.91,236.13,236.5,-0.538312726
29.01.2025 17:00:00.000,236.52,237.17,235.94,236.03,-0.207170641
29.01.2025 18:00:00.000,236.02,237.67,235.45,236.97,0.402508262
29.01.2025 19:00:00.000,236.97,238.28,236.31,238.06,0.459973836
29.01.2025 20:00:00.000,238.04,239.6,237.71,239.48,0.604940346
30.01.2025 14:00:00.000,239.89,240.34,238.88,239.44,-0.187585977
30.01.2025 15:00:00.000,239.41,239.41,238.06,238.06,-0.56388622
30.01.2025 16:00:00.000,238.08,238.82,237.2,238.79,0.298219086
30.01.2025 17:00:00.000,238.77,238.86,237.68,238.38,-0.163337103
30.01.2025 18:00:00.000,238.38,239.66,238.29,239.63,0.52437285
30.01.2025 19:00:00.000,239.65,239.86,238.93,239.85,0.083455039
30.01.2025 20:00:00.000,239.86,240.03,237.73,238.42,-0.600350204
31.01.2025 14:00:00.000,245.26,245.71,241.35,241.59,-1.496371198
31.01.2025 15:00:00.000,241.56,243.22,240.01,240.95,-0.252525253
31.01.2025 16:00:00.000,240.9,241.09,238.58,238.92,-0.821917808
31.01.2025 17:00:00.000,238.93,239.8,238.3,238.3,-0.263675554
31.01.2025 18:00:00.000,238.33,238.53,235.09,235.27,-1.283934041
31.01.2025 19:00:00.000,235.26,235.88,233.45,234.09,-0.497322112
31.01.2025 20:00:00.000,234.09,236.23,233.54,235.88,0.764663164
03.02.2025 14:00:00.000,230.08,231.81,228.78,228.8,-0.556328234
03.02.2025 15:00:00.000,228.76,229.77,226.63,227.89,-0.380311243
03.02.2025 16:00:00.000,227.9,228.41,225.7,226.36,-0.675734971
03.02.2025 17:00:00.000,226.36,227.01,225.85,226.81,0.198798374
03.02.2025 18:00:00.000,226.81,228.28,226.21,228.22,0.621665711
03.02.2025 19:00:00.000,228.23,229.1,227.65,228.83,0.262892696
03.02.2025 20:00:00.000,228.82,229.19,228.16,228.6,-0.096145442
04.02.2025 14:00:00.000,226.88,229.18,226.88,228.91,0.894746121
04.02.2025 15:00:00.000,228.92,231.52,228.65,230.49,0.685829111
04.02.2025 16:00:00.000,230.52,232.45,230.12,232.15,0.707096998
04.02.2025 17:00:00.000,232.18,232.78,231.37,232.24,0.025842019
04.02.2025 18:00:00.000,232.25,232.37,231.47,231.47,-0.335844995
04.02.2025 19:00:00.000,231.48,232.74,231.37,232.52,0.449282875
04.02.2025 20:00:00.000,232.5,232.93,232.02,232.83,0.141935484
05.02.2025 14:00:00.000,229.19,230.58,229.01,230.14,0.414503251
05.02.2025 15:00:00.000,230.17,230.5,228.41,229.53,-0.27805535
05.02.2025 16:00:00.000,229.53,230.8,229.25,230.69,0.50538056
05.02.2025 17:00:00.000,230.71,231.26,229.99,230.04,-0.290407871
05.02.2025 18:00:00.000,230.04,230.54,229.63,230.54,0.217353504
05.02.2025 19:00:00.000,230.52,231.52,230.5,231.27,0.325351379
05.02.2025 20:00:00.000,231.28,232.12,231.1,231.89,0.263749568
06.02.2025 14:00:00.000,231.12,233.77,230.95,233.49,1.025441329
06.02.2025 15:00:00.000,233.44,233.49,230.42,230.95,-1.066655243
06.02.2025 16:00:00.000,230.93,231.88,230.87,231.05,0.051963799
06.02.2025 17:00:00.000,231.05,231.9,230.89,231.75,0.302964726
06.02.2025 18:00:00.000,231.77,232.47,231.74,232.42,0.280450447
06.02.2025 19:00:00.000,232.4,233.1,232.04,232.16,-0.103270224
06.02.2025 20:00:00.000,232.15,233.11,231.9,233.1,0.409218178
07.02.2025 14:00:00.000,233.39,233.97,232.58,232.66,-0.312781182
07.02.2025 15:00:00.000,232.6,232.6,229.14,230.51,-0.898538263
07.02.2025 16:00:00.000,230.51,230.54,228.55,229.02,-0.646392781
07.02.2025 17:00:00.000,228.99,229.34,228.19,228.71,-0.122276082
07.02.2025 18:00:00.000,228.7,229.5,228.05,228.1,-0.262352427
07.02.2025 19:00:00.000,228.09,228.41,227.8,228.28,0.083300452
07.02.2025 20:00:00.000,228.24,228.56,227.3,227.82,-0.184016824
10.02.2025 14:00:00.000,229.85,230.47,229.05,229.12,-0.317598434
10.02.2025 15:00:00.000,229.16,230.59,228.77,229.03,-0.056728923
10.02.2025 16:00:00.000,229.02,229.5,228.74,229.22,0.087328618
10.02.2025 17:00:00.000,229.21,229.25,228.24,228.67,-0.235591815
10.02.2025 18:00:00.000,228.68,228.88,228.36,228.56,-0.052475074
10.02.2025 19:00:00.000,228.56,229.04,227.93,228.03,-0.231886594
10.02.2025 20:00:00.000,228.02,228.06,227.2,227.66,-0.157880888
11.02.2025 14:00:00.000,231.17,231.81,229.35,230.32,-0.36769477
11.02.2025 15:00:00.000,230.34,234.66,230.14,234.3,1.719197708
11.02.2025 16:00:00.000,234.32,235.22,233.69,234.7,0.16217139
11.02.2025 17:00:00.000,234.69,235.17,233.71,234.22,-0.200264178
11.02.2025 18:00:00.000,234.23,234.41,233.25,233.82,-0.175041626
11.02.2025 19:00:00.000,233.79,233.88,233.12,233.35,-0.188203088
11.02.2025 20:00:00.000,233.37,233.91,232.61,232.67,-0.299952865
12.02.2025 14:00:00.000,231.2,232.98,231.18,232.56,0.588235294
12.02.2025 15:00:00.000,232.56,234.8,231.34,234.63,0.890092879
12.02.2025 16:00:00.000,234.65,235.5,234.01,235.37,0.306839974
12.02.2025 17:00:00.000,235.4,235.69,234.88,235.66,0.110450297
12.02.2025 18:00:00.000,235.64,235.89,235.08,235.61,-0.012731285
12.02.2025 19:00:00.000,235.6,236.51,235.55,236.47,0.369269949
12.02.2025 20:00:00.000,236.46,236.75,235.91,236.74,0.118413262
13.02.2025 14:00:00.000,238.36,238.71,235.91,236.28,-0.872629636
13.02.2025 15:00:00.000,236.26,239.51,235.59,239.3,1.286718023
13.02.2025 16:00:00.000,239.29,241.57,239.13,240.4,0.463872289
13.02.2025 17:00:00.000,240.41,241.15,240.09,240.69,0.116467701
13.02.2025 18:00:00.000,240.69,241.6,240.29,241.6,0.378079688
13.02.2025 19:00:00.000,241.59,242.35,241.39,242.23,0.264911627
13.02.2025 20:00:00.000,242.22,242.22,241.03,241.33,-0.367434564
14.02.2025 14:00:00.000,242.68,244.41,242.31,244.32,0.675787045
14.02.2025 15:00:00.000,244.31,245.05,243.17,244.27,-0.016372641
14.02.2025 16:00:00.000,244.26,244.42,243.16,244.37,0.04503398
14.02.2025 17:00:00.000,244.38,244.51,243.34,243.91,-0.192323431
14.02.2025 18:00:00.000,243.93,244.55,243.82,244.18,0.102488419
14.02.2025 19:00:00.000,244.16,244.37,243.96,244.26,0.04095675
14.02.2025 20:00:00.000,244.25,245.33,243.91,245.01,0.311156602
18.02.2025 14:00:00.000,243.74,245.16,242.92,245.03,0.529252482
18.02.2025 15:00:00.000,244.9,245.1,243.89,244.34,-0.228664761
18.02.2025 16:00:00.000,244.33,245.05,244.23,244.9,0.233291041
18.02.2025 17:00:00.000,244.89,244.94,243.95,243.98,-0.37159541
18.02.2025 18:00:00.000,243.94,244.12,242.33,242.62,-0.541116668
18.02.2025 19:00:00.000,242.68,243.84,241.86,243.7,0.420306577
18.02.2025 20:00:00.000,243.7,244.16,243.17,244.03,0.135412392
19.02.2025 14:00:00.000,244.49,245.16,244.22,245,0.208597489
19.02.2025 15:00:00.000,245.04,245.55,243.27,243.39,-0.673359452
19.02.2025 16:00:00.000,243.4,244.93,243.18,244.76,0.558751027
19.02.2025 17:00:00.000,244.77,245.64,244.62,244.72,-0.02042734
19.02.2025 18:00:00.000,244.68,245.16,244.23,244.71,0.012260912
19.02.2025 19:00:00.000,244.73,245.07,244.24,244.83,0.040861357
19.02.2025 20:00:00.000,244.83,245.17,244.54,244.72,-0.044929135
20.02.2025 14:00:00.000,245.72,246.49,244.68,244.97,-0.30522546
20.02.2025 15:00:00.000,244.94,245.34,244.31,245.08,0.057156855
20.02.2025 16:00:00.000,245.12,246.69,245.08,245.28,0.065274151
20.02.2025 17:00:00.000,245.27,246.41,245.04,245.37,0.040771395
20.02.2025 18:00:00.000,245.35,245.83,245.04,245.37,0.00815162
20.02.2025 19:00:00.000,245.34,245.75,244.87,245.34,0
20.02.2025 20:00:00.000,245.33,245.97,245.28,245.88,0.224187829
21.02.2025 14:00:00.000,246.24,246.9,245.46,245.69,-0.223359324
21.02.2025 15:00:00.000,245.64,246,245.21,245.81,0.06920697
21.02.2025 16:00:00.000,245.82,247.48,245.82,247.01,0.484094053
21.02.2025 17:00:00.000,247,248.68,246.88,248.39,0.562753036
21.02.2025 18:00:00.000,248.41,248.45,247.07,247.74,-0.26971539
21.02.2025 19:00:00.000,247.73,247.85,245.64,245.9,-0.738707464
21.02.2025 20:00:00.000,245.89,246.08,245.35,245.8,-0.036601732
24.02.2025 14:00:00.000,246.05,248.1,244.84,248.03,0.804714489
24.02.2025 15:00:00.000,248.07,248.83,246.06,247.21,-0.346676341
24.02.2025 16:00:00.000,247.21,248.3,246.26,248,0.319566361
24.02.2025 17:00:00.000,248.01,248.27,247.26,247.27,-0.298375066
24.02.2025 18:00:00.000,247.26,248.21,247.21,247.98,0.291191458
24.02.2025 19:00:00.000,247.97,248.78,247.43,247.96,-0.004032746
24.02.2025 20:00:00.000,247.96,248.22,247.1,247.24,-0.290369414
25.02.2025 14:00:00.000,247.94,248.91,247.12,247.8,-0.056465274
25.02.2025 15:00:00.000,247.77,247.86,244.91,246.08,-0.682084191
25.02.2025 16:00:00.000,246.08,249.92,245.66,249.56,1.414174252
25.02.2025 17:00:00.000,249.53,249.67,248.1,248.19,-0.537009578
25.02.2025 18:00:00.000,248.17,248.84,247.74,248.13,-0.016117984
25.02.2025 19:00:00.000,248.12,248.59,247.16,248.43,0.124939545
25.02.2025 20:00:00.000,248.36,248.53,246.05,246.53,-0.736833629
26.02.2025 14:00:00.000,243.42,243.97,241.44,243.41,-0.004108126
26.02.2025 15:00:00.000,243.39,244.59,242.02,242.17,-0.501253133
26.02.2025 16:00:00.000,242.19,243.48,241.57,243.19,0.412898964
26.02.2025 17:00:00.000,243.2,243.88,241.39,241.55,-0.678453947
26.02.2025 18:00:00.000,241.52,241.74,239.14,239.65,-0.774263001
26.02.2025 19:00:00.000,239.63,240.36,239.33,239.69,0.025038601
26.02.2025 20:00:00.000,239.73,240.7,239.54,240.45,0.30033788
27.02.2025 14:00:00.000,241.6,242.27,239.98,240.54,-0.438741722
27.02.2025 15:00:00.000,240.57,241.78,238.39,241.23,0.274348422
27.02.2025 16:00:00.000,241.21,242.48,240.27,240.43,-0.323369678
27.02.2025 17:00:00.000,240.44,241.35,239.6,240.79,0.145566461
27.02.2025 18:00:00.000,240.78,242.19,240.77,241.59,0.336406678
27.02.2025 19:00:00.000,241.63,241.77,239.58,239.71,-0.794603319
27.02.2025 20:00:00.000,239.73,239.92,237.25,237.32,-1.005297626
28.02.2025 14:00:00.000,235.57,237.38,235.44,236.72,0.488177612
28.02.2025 15:00:00.000,236.74,237.84,235.65,237.48,0.312579201
28.02.2025 16:00:00.000,237.49,237.69,236.5,237.1,-0.164217441
28.02.2025 17:00:00.000,237.09,237.92,236.56,237.36,0.113880805
28.02.2025 18:00:00.000,237.36,238.3,236.24,237.07,-0.122177283
28.02.2025 19:00:00.000,237.06,238.88,237.04,238.88,0.767738125
28.02.2025 20:00:00.000,238.85,241.06,238.8,241.02,0.908519992
03.03.2025 14:00:00.000,243.17,244.01,240.49,240.61,-1.052761443
03.03.2025 15:00:00.000,240.58,242.45,239.81,241.21,0.261867154
03.03.2025 16:00:00.000,241.26,242.62,240.68,241.78,0.215535107
03.03.2025 17:00:00.000,241.81,242.98,241.6,242.3,0.202638435
03.03.2025 18:00:00.000,242.29,242.34,240.48,241.31,-0.404473977
03.03.2025 19:00:00.000,241.29,241.99,239.87,240.3,-0.410294666
03.03.2025 20:00:00.000,240.3,240.3,236.11,238.02,-0.948813983
04.03.2025 14:00:00.000,237.74,239.32,236.52,236.58,-0.487927989
04.03.2025 15:00:00.000,236.62,239.78,236.33,239.1,1.04809399
04.03.2025 16:00:00.000,239.07,240.05,237.66,239.13,0.025097252
04.03.2025 17:00:00.000,239.15,239.21,236.26,236.6,-1.066276396
04.03.2025 18:00:00.000,236.61,238.03,236.17,237.89,0.5409746
04.03.2025 19:00:00.000,237.86,238.77,237.44,238.31,0.189186917
04.03.2025 20:00:00.000,238.29,239.24,234.71,235.82,-1.0365521
05.03.2025 14:00:00.000,235.13,235.4,231.04,231.71,-1.454514524
05.03.2025 15:00:00.000,232.1,233.18,230.55,232.55,0.193881947
05.03.2025 16:00:00.000,232.54,232.61,229.24,232.24,-0.129010063
05.03.2025 17:00:00.000,232.14,235.17,232.14,234.94,1.206168691
05.03.2025 18:00:00.000,234.93,235.83,234.04,235.83,0.383092836
05.03.2025 19:00:00.000,235.82,236.5,235.17,235.48,-0.144177763
05.03.2025 20:00:00.000,235.46,236.47,235.05,236.02,0.237832328
06.03.2025 14:00:00.000,234.2,236.42,233.77,235.36,0.49530316
06.03.2025 15:00:00.000,235.32,237.84,234.95,236.93,0.684174741
06.03.2025 16:00:00.000,236.94,237.72,234.82,234.93,-0.848316029
06.03.2025 17:00:00.000,234.92,235.3,234.03,235.03,0.046824451
06.03.2025 18:00:00.000,235.01,235.41,233.96,234.29,-0.306369942
06.03.2025 19:00:00.000,234.28,235.96,233.31,234.4,0.051220761
06.03.2025 20:00:00.000,234.37,235.75,234.17,235.63,0.537611469
07.03.2025 14:00:00.000,236.08,239.44,236.05,238.33,0.953066757
07.03.2025 15:00:00.000,238.35,240.05,237.05,238.87,0.218166562
07.03.2025 16:00:00.000,238.91,239.51,237.87,239.21,0.125570298
07.03.2025 17:00:00.000,239.2,240.8,237.88,240.03,0.346989967
07.03.2025 18:00:00.000,240.02,241.34,239.38,239.41,-0.254145488
07.03.2025 19:00:00.000,239.44,239.9,238.57,239.19,-0.104410291
07.03.2025 20:00:00.000,239.18,239.38,237.94,238.59,-0.246676143
