Gmt time,Open,High,Low,Close,% change
02.01.2017 22:00:00.000,115.8,116.31,114.76,116.15,0.30224525
03.01.2017 22:00:00.000,115.95,116.51,115.82,116.02,0.06037085
04.01.2017 22:00:00.000,115.9,116.86,115.87,116.61,0.612597066
05.01.2017 22:00:00.000,116.78,118.16,116.48,117.91,0.967631444
08.01.2017 22:00:00.000,117.94,119.43,117.94,118.99,0.890283195
09.01.2017 22:00:00.000,118.77,119.37,118.31,119.11,0.286267576
10.01.2017 22:00:00.000,118.7,119.93,118.6,119.75,0.884582982
11.01.2017 22:00:00.000,118.8,119.3,118.21,119.25,0.378787879
12.01.2017 22:00:00.000,119.1,119.62,118.81,119.04,-0.050377834
16.01.2017 22:00:00.000,118.22,120.23,118.22,120,1.5056674
17.01.2017 22:00:00.000,120,120.5,119.72,119.99,-0.008333333
18.01.2017 22:00:00.000,119.4,120.08,119.38,119.78,0.318257956
19.01.2017 22:00:00.000,120.41,120.41,119.74,120,-0.34050328
22.01.2017 22:00:00.000,120,120.81,119.77,120.08,0.066666667
23.01.2017 22:00:00.000,119.55,120.1,119.51,119.97,0.35131744
24.01.2017 22:00:00.000,120.28,122.1,120.28,121.88,1.330229465
25.01.2017 22:00:00.000,121.7,122.44,121.6,121.94,0.197206245
26.01.2017 22:00:00.000,122.14,122.35,121.6,121.95,-0.155559194
29.01.2017 22:00:00.000,120.93,121.63,120.66,121.63,0.578847267
30.01.2017 22:00:00.000,121.03,121.39,120.63,121.35,0.264397257
31.01.2017 22:00:00.000,127.1,130.49,127.08,128.75,1.298190401
01.02.2017 22:00:00.000,127.99,129.39,127.79,128.53,0.421907962
02.02.2017 22:00:00.000,128.31,129.18,128.165,129.08,0.600109111
05.02.2017 22:00:00.000,128.95,130.5,128.92,130.29,1.039162466
06.02.2017 22:00:00.000,130.5,132.09,130.45,131.53,0.789272031
07.02.2017 22:00:00.000,131.3,132.22,131.22,132.04,0.563594821
08.02.2017 22:00:00.000,131.67,132.44,131.13,132.42,0.569605833
09.02.2017 22:00:00.000,132.42,132.93,132.06,132.12,-0.22655188
12.02.2017 22:00:00.000,133,133.815,132.76,133.29,0.218045113
13.02.2017 22:00:00.000,133.46,135.09,133.26,135.02,1.168889555
14.02.2017 22:00:00.000,135.5,136.26,134.63,135.51,0.007380074
15.02.2017 22:00:00.000,135.68,135.9,134.84,135.345,-0.246904481
16.02.2017 22:00:00.000,135.1,135.78,135.1,135.72,0.458919319
20.02.2017 22:00:00.000,136.245,136.75,135.98,136.7,0.333957209
21.02.2017 22:00:00.000,136.41,137.12,136.12,137.11,0.513158859
22.02.2017 22:00:00.000,137.4,137.48,136.3,136.53,-0.633187773
23.02.2017 22:00:00.000,135.9,136.66,135.28,136.66,0.559234731
26.02.2017 22:00:00.000,137,137.43,136.29,136.93,-0.051094891
27.02.2017 22:00:00.000,137.08,137.435,136.7,136.99,-0.065655092
28.02.2017 22:00:00.000,137.9,140.145,137.6,139.79,1.370558376
01.03.2017 22:00:00.000,140,140.27,138.76,138.96,-0.742857143
02.03.2017 22:00:00.000,138.79,139.82,138.6,139.78,0.713307875
05.03.2017 22:00:00.000,139.33,139.77,138.6,139.34,0.007177205
06.03.2017 22:00:00.000,139.06,139.98,138.79,139.52,0.330792464
07.03.2017 22:00:00.000,138.92,139.79,138.83,139,0.0575871
08.03.2017 22:00:00.000,138.74,138.76,137.07,138.68,-0.04324636
09.03.2017 22:00:00.000,139.27,139.35,138.64,139.14,-0.093343864
12.03.2017 22:00:00.000,138.82,139.43,138.82,139.2,0.273735773
13.03.2017 22:00:00.000,139.3,139.65,138.85,138.99,-0.222541278
14.03.2017 22:00:00.000,139.42,140.75,139.03,140.46,0.745947497
15.03.2017 22:00:00.000,140.74,141.02,140.27,140.69,-0.035526503
16.03.2017 22:00:00.000,141,141,139.89,139.99,-0.716312057
19.03.2017 22:00:00.000,140.46,141.5,140.23,141.46,0.711946462
20.03.2017 22:00:00.000,142.15,142.8,139.74,139.84,-1.625043968
21.03.2017 22:00:00.000,139.83,141.59,139.79,141.42,1.137095044
22.03.2017 22:00:00.000,141.26,141.58,140.62,140.92,-0.240690925
23.03.2017 22:00:00.000,141.5,141.74,140.37,140.64,-0.607773852
26.03.2017 22:00:00.000,139.39,141.21,138.62,140.88,1.068943253
27.03.2017 22:00:00.000,140.89,144.03,140.62,143.8,2.065441124
28.03.2017 22:00:00.000,143.67,144.49,143.2,144.12,0.313217791
29.03.2017 22:00:00.000,144.14,144.5,143.5,143.93,-0.145691689
30.03.2017 22:00:00.000,143.63,144.26,143.01,143.66,0.020887001
02.04.2017 22:00:00.000,143.67,144.12,143.05,143.7,0.020881186
03.04.2017 22:00:00.000,143.25,144.885,143.17,144.77,1.061082024
04.04.2017 22:00:00.000,144.64,145.46,143.82,144.02,-0.428650442
05.04.2017 22:00:00.000,144.26,144.52,143.46,143.66,-0.415915708
06.04.2017 22:00:00.000,143.73,144.17,143.28,143.34,-0.2713421
09.04.2017 22:00:00.000,143.5,143.87,142.91,143.17,-0.229965157
10.04.2017 22:00:00.000,142.9,143.34,140.06,141.63,-0.88873338
11.04.2017 22:00:00.000,141.6,142.14,141.02,141.8,0.141242938
12.04.2017 22:00:00.000,141.94,142.375,141.05,141.05,-0.627025504
16.04.2017 22:00:00.000,141.17,141.86,140.87,141.83,0.467521428
17.04.2017 22:00:00.000,141.41,142.04,141.12,141.2,-0.148504349
18.04.2017 22:00:00.000,141.82,141.99,140.46,140.68,-0.803835848
19.04.2017 22:00:00.000,141.21,142.92,141.2,142.44,0.871043127
20.04.2017 22:00:00.000,142.44,142.67,141.85,142.27,-0.119348498
23.04.2017 22:00:00.000,143.52,143.95,143.2,143.64,0.08361204
24.04.2017 22:00:00.000,144.05,144.895,143.98,144.53,0.333217633
25.04.2017 22:00:00.000,144.45,144.6,143.38,143.68,-0.533056421
26.04.2017 22:00:00.000,143.89,144.15,143.31,143.79,-0.069497533
27.04.2017 22:00:00.000,144.07,144.3,143.27,143.65,-0.291524953
30.04.2017 22:00:00.000,145,147.19,144.96,146.58,1.089655172
01.05.2017 22:00:00.000,147.54,148.085,146.84,147.51,-0.020333469
02.05.2017 22:00:00.000,145.52,147.49,144.28,147.06,1.058273777
03.05.2017 22:00:00.000,146.52,147.14,145.82,146.53,0.006825007
04.05.2017 22:00:00.000,146.76,148.97,146.76,148.96,1.499046062
07.05.2017 22:00:00.000,149.03,153.7,149.03,153.01,2.670603234
08.05.2017 22:00:00.000,153.88,154.87,153.45,153.99,0.071484273
09.05.2017 22:00:00.000,153.63,153.94,152.11,153.26,-0.240838378
10.05.2017 22:00:00.000,152.69,154.06,152.31,153.95,0.825201388
11.05.2017 22:00:00.000,155,156.42,154.91,156.1,0.709677419
14.05.2017 22:00:00.000,156.01,156.64,155.05,155.7,-0.198705211
15.05.2017 22:00:00.000,156,156.05,154.72,155.47,-0.33974359
16.05.2017 22:00:00.000,153.94,154.55,149.71,150.25,-2.397037807
17.05.2017 22:00:00.000,151.25,153.34,151.14,152.54,0.852892562
18.05.2017 22:00:00.000,153.43,153.97,152.63,153.06,-0.241152317
21.05.2017 22:00:00.000,154.06,154.58,152.91,153.99,-0.045436843
22.05.2017 22:00:00.000,154.9,154.9,153.32,153.8,-0.710135571
23.05.2017 22:00:00.000,153.84,154.16,152.68,153.34,-0.325013001
24.05.2017 22:00:00.000,153.73,154.34,153.03,153.87,0.091068757
25.05.2017 22:00:00.000,153.8,154.24,153.31,153.61,-0.123537061
29.05.2017 22:00:00.000,153.35,154.42,153.33,153.67,0.20867297
30.05.2017 22:00:00.000,154,154.17,152.38,152.76,-0.805194805
31.05.2017 22:00:00.000,153.15,153.33,152.22,153.18,0.019588639
01.06.2017 22:00:00.000,153.6,155.45,152.9,155.45,1.204427083
04.06.2017 22:00:00.000,154.41,154.45,153.46,153.93,-0.310860696
05.06.2017 22:00:00.000,153.89,155.81,153.8,154.45,0.36389629
06.06.2017 22:00:00.000,155,155.98,154.48,155.37,0.238709677
07.06.2017 22:00:00.000,155.25,155.51,154.4,154.99,-0.16747182
08.06.2017 22:00:00.000,155.15,155.18,146.03,148.98,-3.976796648
11.06.2017 22:00:00.000,145.57,146.08,142.51,145.42,-0.103043209
12.06.2017 22:00:00.000,147.15,147.44,145.15,146.59,-0.38056405
13.06.2017 22:00:00.000,147.48,147.49,143.84,145.16,-1.573094657
14.06.2017 22:00:00.000,143.2,144.47,142.22,144.29,0.761173184
15.06.2017 22:00:00.000,143.75,144.5,142.2,142.27,-1.029565217
18.06.2017 22:00:00.000,144,146.74,143.71,146.34,1.625
19.06.2017 22:00:00.000,146.87,146.87,144.94,145.01,-1.266426091
20.06.2017 22:00:00.000,145.5,146.065,144.61,145.87,0.254295533
21.06.2017 22:00:00.000,145.75,146.7,145.12,145.63,-0.082332762
22.06.2017 22:00:00.000,145.16,147.15,145.11,146.28,0.771562414
25.06.2017 22:00:00.000,147.23,148.28,145.38,145.82,-0.957685254
26.06.2017 22:00:00.000,145,146.15,143.62,143.73,-0.875862069
27.06.2017 22:00:00.000,143.95,146.1,143.17,145.83,1.306009031
28.06.2017 22:00:00.000,144.73,145.11,142.29,143.68,-0.725488841
29.06.2017 22:00:00.000,144.72,144.95,143.79,144.02,-0.483692648
02.07.2017 22:00:00.000,144.93,145.3,143.11,143.5,-0.986683226
04.07.2017 22:00:00.000,143.75,144.79,142.73,144.09,0.236521739
05.07.2017 22:00:00.000,143.02,143.49,142.41,142.73,-0.202768844
06.07.2017 22:00:00.000,142.94,144.74,142.91,144.18,0.867496852
09.07.2017 22:00:00.000,144.19,145.94,143.37,145.06,0.603370553
10.07.2017 22:00:00.000,144.72,145.84,144.38,145.53,0.559701493
11.07.2017 22:00:00.000,145.9,146.18,144.83,145.74,-0.109664154
12.07.2017 22:00:00.000,145.58,148.49,145.5,147.77,1.504327518
13.07.2017 22:00:00.000,148,149.33,147.34,149.04,0.702702703
16.07.2017 22:00:00.000,148.91,150.86,148.57,149.56,0.436505272
17.07.2017 22:00:00.000,149.2,150.13,148.67,150.08,0.589812332
18.07.2017 22:00:00.000,150.55,151.42,149.95,151.02,0.312188642
19.07.2017 22:00:00.000,151.64,151.74,150.19,150.34,-0.85729359
20.07.2017 22:00:00.000,149.89,150.44,148.89,150.27,0.253519247
23.07.2017 22:00:00.000,150.56,152.43,150.02,152.09,1.016206164
24.07.2017 22:00:00.000,152.24,153.84,152.24,152.74,0.328428797
25.07.2017 22:00:00.000,153.4,153.93,153.06,153.46,0.039113429
26.07.2017 22:00:00.000,153.97,153.99,147.4,150.56,-2.214717153
27.07.2017 22:00:00.000,149.72,150.23,149.19,149.5,-0.146940956
30.07.2017 22:00:00.000,149.95,150.32,148.13,148.73,-0.813604535
31.07.2017 22:00:00.000,149.27,150.22,148.41,150.05,0.522543043
01.08.2017 22:00:00.000,159.5,159.75,156.16,157.14,-1.479623824
02.08.2017 22:00:00.000,157.03,157.2,155.02,155.57,-0.929758645
03.08.2017 22:00:00.000,156.12,157.36,155.69,156.39,0.172943889
06.08.2017 22:00:00.000,157,158.92,156.68,158.81,1.152866242
07.08.2017 22:00:00.000,158.57,161.83,158.27,160.08,0.952260831
08.08.2017 22:00:00.000,159.12,161.27,159.12,161.06,1.219205631
09.08.2017 22:00:00.000,159.94,159.99,154.63,155.32,-2.888583219
10.08.2017 22:00:00.000,156.5,158.57,156.07,157.48,0.626198083
13.08.2017 22:00:00.000,159.38,160.205,158.75,159.85,0.294892709
14.08.2017 22:00:00.000,160.63,162.19,160.15,161.6,0.603872253
15.08.2017 22:00:00.000,161.87,162.51,160.17,160.95,-0.568357324
16.08.2017 22:00:00.000,160.63,160.71,157.84,157.86,-1.724459939
17.08.2017 22:00:00.000,157.86,159.5,156.74,157.5,-0.228050171
20.08.2017 22:00:00.000,157.42,157.89,155.12,157.21,-0.133401093
21.08.2017 22:00:00.000,158.26,160,158.02,159.78,0.960444838
22.08.2017 22:00:00.000,159.07,160.47,158.88,159.98,0.572075187
23.08.2017 22:00:00.000,160.43,160.74,158.55,159.27,-0.723056785
24.08.2017 22:00:00.000,159.65,160.56,159.27,159.86,0.131537739
27.08.2017 22:00:00.000,160.14,162,159.93,161.47,0.830523292
28.08.2017 22:00:00.000,160.07,163.12,160,162.91,1.774223777
29.08.2017 22:00:00.000,163.8,163.89,162.62,163.35,-0.274725275
30.08.2017 22:00:00.000,163.64,164.52,163.49,164,0.219995111
31.08.2017 22:00:00.000,164.8,164.94,163.63,164.05,-0.455097087
04.09.2017 22:00:00.000,163.69,164.24,160.56,162.08,-0.983566498
05.09.2017 22:00:00.000,162.72,162.98,160.52,161.91,-0.497787611
06.09.2017 22:00:00.000,162.09,162.22,160.36,161.26,-0.512061201
07.09.2017 22:00:00.000,160.86,161.13,158.53,158.63,-1.386298645
10.09.2017 22:00:00.000,160.6,162.05,159.91,161.5,0.560398506
11.09.2017 22:00:00.000,162.73,163.96,158.78,160.86,-1.149142752
12.09.2017 22:00:00.000,159.92,159.92,157.91,159.65,-0.168834417
13.09.2017 22:00:00.000,159,159.4,158.09,158.28,-0.452830189
14.09.2017 22:00:00.000,158.3,160.96,158,159.88,0.998104864
17.09.2017 22:00:00.000,160.11,160.5,157.995,158.67,-0.899381675
18.09.2017 14:00:00.000,160.1,160.47,159.71,160.06,-0.024984385
18.09.2017 15:00:00.000,160.05,160.112,159.05,159.32,-0.456107466
18.09.2017 16:00:00.000,159.313,160.083,159.31,159.73,0.261748884
18.09.2017 17:00:00.000,159.74,159.891,159.47,159.593,-0.09202454
18.09.2017 18:00:00.000,159.583,159.615,159.202,159.281,-0.189243215
18.09.2017 19:00:00.000,159.28,159.341,157.991,158.42,-0.539929684
18.09.2017 20:00:00.000,158.433,158.973,158.101,158.643,0.132548143
18.09.2017 21:00:00.000,158.64,158.64,158.64,158.64,0
19.09.2017 14:00:00.000,159.46,159.76,158.45,158.532,-0.581964129
19.09.2017 15:00:00.000,158.542,159.422,158.533,159.25,0.446569363
19.09.2017 16:00:00.000,159.261,159.28,158.65,159.08,-0.113649921
19.09.2017 17:00:00.000,159.08,159.49,159.08,159.11,0.018858436
19.09.2017 18:00:00.000,159.11,159.24,158.84,159.03,-0.050279681
19.09.2017 19:00:00.000,159.033,159.142,158.691,158.76,-0.171662485
19.09.2017 20:00:00.000,158.76,158.912,158.572,158.715,-0.028344671
19.09.2017 21:00:00.000,158.72,158.72,158.72,158.72,0
20.09.2017 14:00:00.000,158.72,158.72,156.054,156.212,-1.580141129
20.09.2017 15:00:00.000,156.201,156.62,154.38,154.462,-1.113309134
20.09.2017 16:00:00.000,154.48,155.172,153.84,154.781,0.194847229
20.09.2017 17:00:00.000,154.772,155.9,154.71,155.685,0.589899982
20.09.2017 18:00:00.000,155.673,155.99,155.5,155.88,0.132971035
20.09.2017 19:00:00.000,155.87,156.045,154.87,155.431,-0.281644961
20.09.2017 20:00:00.000,155.43,156.19,155.16,156.035,0.389242746
20.09.2017 21:00:00.000,156.03,156.03,156.03,156.03,0
21.09.2017 14:00:00.000,155.66,155.69,153.6,153.86,-1.15636644
21.09.2017 15:00:00.000,153.85,154.055,152.76,153.931,0.052648684
21.09.2017 16:00:00.000,153.94,154.291,153.63,154.03,0.058464337
21.09.2017 17:00:00.000,154.04,154.19,153.56,153.89,-0.097377305
21.09.2017 18:00:00.000,153.883,154.543,153.831,154.13,0.160511557
21.09.2017 19:00:00.000,154.13,154.354,153.754,153.95,-0.116784533
21.09.2017 20:00:00.000,153.951,153.99,153.34,153.393,-0.362452988
21.09.2017 21:00:00.000,153.395,153.395,153.39,153.39,-0.003259559
22.09.2017 14:00:00.000,153.39,153.39,150.77,151.052,-1.52421931
22.09.2017 15:00:00.000,151.06,151.8,150.57,150.58,-0.317754535
22.09.2017 16:00:00.000,150.59,151.13,150.56,151.08,0.325386812
22.09.2017 17:00:00.000,151.073,151.66,150.87,151.14,0.04434942
22.09.2017 18:00:00.000,151.131,151.58,150.91,151.451,0.211736838
22.09.2017 19:00:00.000,151.452,151.922,151.41,151.671,0.144600269
22.09.2017 20:00:00.000,151.663,151.99,151.34,151.763,0.06593566
22.09.2017 21:00:00.000,151.753,151.78,151.742,151.742,-0.007248621
25.09.2017 14:00:00.000,150,151.234,149.164,151.13,0.753333333
25.09.2017 15:00:00.000,151.14,151.81,149.914,150.062,-0.713245997
25.09.2017 16:00:00.000,150.045,150.58,149.68,150.462,0.277916625
25.09.2017 17:00:00.000,150.473,150.89,149.92,150.762,0.192061034
25.09.2017 18:00:00.000,150.77,150.834,150.46,150.66,-0.072958811
25.09.2017 19:00:00.000,150.654,150.813,149.96,150.26,-0.261526412
25.09.2017 20:00:00.000,150.26,150.57,150.005,150.54,0.186343671
25.09.2017 21:00:00.000,150.55,150.55,150.55,150.55,0
26.09.2017 14:00:00.000,151.84,152.76,151.691,152.15,0.204162276
26.09.2017 15:00:00.000,152.16,153.02,152.14,152.53,0.243165089
26.09.2017 16:00:00.000,152.52,152.522,151.774,152.512,-0.005245214
26.09.2017 17:00:00.000,152.51,152.761,152.104,152.554,0.028850567
26.09.2017 18:00:00.000,152.56,153.79,152.56,153.71,0.753801783
26.09.2017 19:00:00.000,153.715,153.91,153.314,153.36,-0.230946882
26.09.2017 20:00:00.000,153.353,153.803,153.06,153.195,-0.103030264
26.09.2017 21:00:00.000,153.215,153.215,153.203,153.203,-0.007832131
27.09.2017 14:00:00.000,153.203,154.664,153.203,154.43,0.800898155
27.09.2017 15:00:00.000,154.41,154.62,153.864,154.093,-0.205297584
27.09.2017 16:00:00.000,154.1,154.29,153.76,153.92,-0.116807268
27.09.2017 17:00:00.000,153.928,154.19,153.54,154.13,0.131230186
27.09.2017 18:00:00.000,154.14,154.214,153.833,154.203,0.040871935
27.09.2017 19:00:00.000,154.205,154.71,154.2,154.284,0.051230505
27.09.2017 20:00:00.000,154.294,154.67,154.14,154.2,-0.060922654
27.09.2017 21:00:00.000,154.193,154.193,154.193,154.193,0
28.09.2017 14:00:00.000,154.193,154.25,153.293,153.363,-0.538286433
28.09.2017 15:00:00.000,153.352,153.44,152.7,152.89,-0.301267672
28.09.2017 16:00:00.000,152.89,153.182,152.734,152.92,0.01962195
28.09.2017 17:00:00.000,152.92,153.234,152.84,153.17,0.163484175
28.09.2017 18:00:00.000,153.154,153.543,153.05,153.5,0.225916398
28.09.2017 19:00:00.000,153.5,153.525,152.92,153.11,-0.254071661
28.09.2017 20:00:00.000,153.104,153.25,152.89,153.25,0.095360017
28.09.2017 21:00:00.000,153.24,153.24,153.24,153.24,0
29.09.2017 14:00:00.000,153.24,153.98,152.013,152.125,-0.72761681
29.09.2017 15:00:00.000,152.182,153.32,152,153.284,0.724132946
29.09.2017 16:00:00.000,153.281,153.75,153.07,153.644,0.236819958
29.09.2017 17:00:00.000,153.65,153.97,153.51,153.82,0.110641067
29.09.2017 18:00:00.000,153.82,153.91,153.59,153.77,-0.032505526
29.09.2017 19:00:00.000,153.772,153.92,153.62,153.763,-0.005852821
29.09.2017 20:00:00.000,153.752,154.11,153.48,154.05,0.193818617
29.09.2017 21:00:00.000,154.05,154.05,154.05,154.05,0
02.10.2017 14:00:00.000,154.05,154.44,153.41,153.922,-0.083089906
02.10.2017 15:00:00.000,153.92,153.933,153.46,153.753,-0.108497921
02.10.2017 16:00:00.000,153.76,153.88,153,153.02,-0.481269511
02.10.2017 17:00:00.000,153.022,153.12,152.72,153.1,0.050973063
02.10.2017 18:00:00.000,153.1,153.74,152.98,153.721,0.405617244
02.10.2017 19:00:00.000,153.733,154.01,153.54,153.663,-0.04553349
02.10.2017 20:00:00.000,153.661,153.93,153.512,153.79,0.083951035
02.10.2017 21:00:00.000,153.801,153.801,153.801,153.801,0
03.10.2017 14:00:00.000,153.801,155.01,153.801,154.29,0.317943316
03.10.2017 15:00:00.000,154.3,154.591,154.03,154.392,0.059624109
03.10.2017 16:00:00.000,154.391,154.72,154.32,154.67,0.180710015
03.10.2017 17:00:00.000,154.671,155.08,154.601,154.713,0.027154412
03.10.2017 18:00:00.000,154.712,154.74,154.51,154.732,0.012927245
03.10.2017 19:00:00.000,154.731,154.95,154.632,154.74,0.005816546
03.10.2017 20:00:00.000,154.742,154.75,154.31,154.474,-0.173191506
03.10.2017 21:00:00.000,154.485,154.485,154.485,154.485,0
04.10.2017 14:00:00.000,154.485,154.485,153.08,153.503,-0.63566042
04.10.2017 15:00:00.000,153.521,153.55,152.46,153.03,-0.319825952
04.10.2017 16:00:00.000,153.023,153.82,153.023,153.474,0.294726936
04.10.2017 17:00:00.000,153.47,153.85,153.404,153.58,0.071675246
04.10.2017 18:00:00.000,153.58,153.63,153.113,153.353,-0.147805704
04.10.2017 19:00:00.000,153.354,153.43,153.17,153.382,0.018258409
04.10.2017 20:00:00.000,153.38,153.523,153.171,153.464,0.054765941
04.10.2017 21:00:00.000,153.453,153.453,153.453,153.453,0
05.10.2017 14:00:00.000,154.11,155.353,154.055,154.99,0.5710207
05.10.2017 15:00:00.000,154.98,155.31,154.62,154.69,-0.187120919
05.10.2017 16:00:00.000,154.681,154.99,154.593,154.84,0.102792198
05.10.2017 17:00:00.000,154.84,155.27,154.78,154.89,0.032291398
05.10.2017 18:00:00.000,154.89,155.05,154.781,154.862,-0.018077345
05.10.2017 19:00:00.000,154.861,155.243,154.72,155.23,0.238278198
05.10.2017 20:00:00.000,155.24,155.422,155.191,155.39,0.096624581
05.10.2017 21:00:00.000,155.384,155.39,155.384,155.39,0.003861401
06.10.2017 14:00:00.000,155.39,155.49,154.562,154.73,-0.424737757
06.10.2017 15:00:00.000,154.731,155.15,154.62,154.76,0.018742204
06.10.2017 16:00:00.000,154.76,155.17,154.723,154.753,-0.004523133
06.10.2017 17:00:00.000,154.754,155.113,154.604,155.03,0.178347571
06.10.2017 18:00:00.000,155.03,155.24,154.913,155.112,0.052892988
06.10.2017 19:00:00.000,155.11,155.2,154.951,155.09,-0.012894075
06.10.2017 20:00:00.000,155.09,155.342,154.982,155.294,0.131536527
06.10.2017 21:00:00.000,155.293,155.293,155.293,155.293,0
09.10.2017 14:00:00.000,155.8,156.27,155.48,156.19,0.250320924
09.10.2017 15:00:00.000,156.2,156.72,155.86,156.03,-0.108834827
09.10.2017 16:00:00.000,156.02,156.19,155.77,156.06,0.025637739
09.10.2017 17:00:00.000,156.06,156.12,155.79,156.05,-0.006407792
09.10.2017 18:00:00.000,156.04,156.1,155.91,155.96,-0.051268905
09.10.2017 19:00:00.000,155.96,156.04,155.76,155.83,-0.083354706
09.10.2017 20:00:00.000,155.82,155.95,155.6,155.84,0.012835323
09.10.2017 21:00:00.000,155.83,155.85,155.83,155.85,0.012834499
10.10.2017 14:00:00.000,155.91,156.55,155.91,156.11,0.128279135
10.10.2017 15:00:00.000,156.12,156.18,155.09,155.58,-0.345887779
10.10.2017 16:00:00.000,155.59,155.81,155.27,155.45,-0.089980076
10.10.2017 17:00:00.000,155.44,156.01,155.25,155.96,0.334534225
10.10.2017 18:00:00.000,155.97,156.18,155.78,155.81,-0.10258383
10.10.2017 19:00:00.000,155.81,155.93,155.64,155.77,-0.025672293
10.10.2017 20:00:00.000,155.79,155.93,155.62,155.87,0.051351178
10.10.2017 21:00:00.000,155.89,155.89,155.89,155.89,0
11.10.2017 14:00:00.000,155.85,156.3,155.74,156.22,0.237407764
11.10.2017 15:00:00.000,156.2,156.96,156.19,156.74,0.345710627
11.10.2017 16:00:00.000,156.74,156.861,156.52,156.66,-0.051039939
11.10.2017 17:00:00.000,156.671,156.83,156.58,156.692,0.013403885
11.10.2017 18:00:00.000,156.68,156.81,156.44,156.461,-0.139775338
11.10.2017 19:00:00.000,156.44,156.74,156.38,156.514,0.04730248
11.10.2017 20:00:00.000,156.51,156.674,156.42,156.53,0.012778736
11.10.2017 21:00:00.000,156.54,156.541,156.54,156.541,0.000638814
12.10.2017 14:00:00.000,156.712,157.36,156.55,156.883,0.109117362
12.10.2017 15:00:00.000,156.881,157.095,156.5,156.801,-0.050994066
12.10.2017 16:00:00.000,156.803,156.951,156.75,156.88,0.049106203
12.10.2017 17:00:00.000,156.89,157.14,156.76,156.77,-0.07648671
12.10.2017 18:00:00.000,156.76,156.98,156.71,156.78,0.012758357
12.10.2017 19:00:00.000,156.78,156.79,156.25,156.28,-0.318918229
12.10.2017 20:00:00.000,156.28,156.42,155.72,155.8,-0.307141029
13.10.2017 14:00:00.000,156.67,156.95,156.41,156.68,0.006382843
13.10.2017 15:00:00.000,156.7,157.12,156.69,157.09,0.248883216
13.10.2017 16:00:00.000,157.09,157.14,156.9,157.05,-0.02546311
13.10.2017 17:00:00.000,157.04,157.1,156.55,156.71,-0.210137545
13.10.2017 18:00:00.000,156.72,157.01,156.68,157.01,0.185043389
13.10.2017 19:00:00.000,156.99,157.27,156.99,157.16,0.108287152
13.10.2017 20:00:00.000,157.17,157.17,156.83,156.91,-0.165425972
16.10.2017 14:00:00.000,158.59,159.35,158.33,159.13,0.340500662
16.10.2017 15:00:00.000,159.13,159.66,159.03,159.33,0.125683404
16.10.2017 16:00:00.000,159.34,159.45,158.92,159.35,0.006275888
16.10.2017 17:00:00.000,159.35,159.55,158.97,159.44,0.056479448
16.10.2017 18:00:00.000,159.43,159.53,159.36,159.44,0.006272345
16.10.2017 19:00:00.000,159.45,159.73,159.43,159.71,0.163060521
16.10.2017 20:00:00.000,159.7,159.99,159.68,159.77,0.043832185
17.10.2017 14:00:00.000,159.95,160.04,159.22,159.58,-0.231322288
17.10.2017 15:00:00.000,159.57,159.94,159.33,159.84,0.169204738
17.10.2017 16:00:00.000,159.85,160.86,159.73,159.89,0.025023459
17.10.2017 17:00:00.000,159.88,160.02,159.66,159.76,-0.075056292
17.10.2017 18:00:00.000,159.75,160.49,159.72,160.03,0.175273865
17.10.2017 19:00:00.000,160.03,160.34,160.01,160.2,0.106230082
17.10.2017 20:00:00.000,160.19,160.53,160.11,160.41,0.137336912
18.10.2017 14:00:00.000,160.38,160.69,159.81,160.27,-0.068587106
18.10.2017 15:00:00.000,160.26,160.43,160.11,160.12,-0.087358043
18.10.2017 16:00:00.000,160.12,160.17,159.75,159.78,-0.212340744
18.10.2017 17:00:00.000,159.79,160.47,159.77,160.36,0.356718193
18.10.2017 18:00:00.000,160.35,160.38,159.99,160.33,-0.012472716
18.10.2017 19:00:00.000,160.32,160.35,159.99,160.08,-0.149700599
18.10.2017 20:00:00.000,160.07,160.16,159.6,159.77,-0.187418005
18.10.2017 21:00:00.000,159.76,159.76,159.76,159.76,0
19.10.2017 14:00:00.000,156.61,156.62,155.65,155.93,-0.434199604
19.10.2017 15:00:00.000,155.92,156.21,155.26,155.94,0.012827091
19.10.2017 16:00:00.000,155.95,156.01,155.35,155.42,-0.339852517
19.10.2017 17:00:00.000,155.41,155.88,155.05,155.07,-0.218776141
19.10.2017 18:00:00.000,155.06,155.82,155.02,155.46,0.257964659
19.10.2017 19:00:00.000,155.45,155.58,155.17,155.46,0.006432937
19.10.2017 20:00:00.000,155.47,155.99,155.46,155.89,0.270148582
20.10.2017 14:00:00.000,156.79,157.18,156.53,156.83,0.025511831
20.10.2017 15:00:00.000,156.82,157.74,156.82,157.32,0.318836883
20.10.2017 16:00:00.000,157.31,157.51,156.7,157.46,0.095353124
20.10.2017 17:00:00.000,157.47,157.49,157.19,157.43,-0.025401664
20.10.2017 18:00:00.000,157.42,157.47,157.17,157.19,-0.146105959
20.10.2017 19:00:00.000,157.19,157.24,156.75,156.78,-0.260830842
20.10.2017 20:00:00.000,156.79,156.87,156.1,156.1,-0.440079087
23.10.2017 14:00:00.000,156.78,157.04,156.6,156.85,0.044648552
23.10.2017 15:00:00.000,156.84,156.84,155.9,156.12,-0.459066565
23.10.2017 16:00:00.000,156.11,156.55,156.11,156.35,0.153737749
23.10.2017 17:00:00.000,156.36,157.68,156.34,157.48,0.716295728
23.10.2017 18:00:00.000,157.49,157.56,156.95,156.99,-0.317480475
23.10.2017 19:00:00.000,157,157.16,156.47,156.7,-0.191082803
23.10.2017 20:00:00.000,156.71,156.73,155.52,156.01,-0.446684959
24.10.2017 14:00:00.000,156.88,156.94,156.2,156.8,-0.050994391
24.10.2017 15:00:00.000,156.79,157.41,156.79,156.92,0.082913451
24.10.2017 16:00:00.000,156.91,157.24,156.84,156.96,0.031865401
24.10.2017 17:00:00.000,156.95,157.17,156.86,157,0.031857279
24.10.2017 18:00:00.000,157.01,157.28,156.87,157.12,0.070059232
24.10.2017 19:00:00.000,157.12,157.16,156.72,156.75,-0.235488798
24.10.2017 20:00:00.000,156.76,157.05,156.52,156.9,0.089308497
25.10.2017 14:00:00.000,157.36,157.47,156.45,156.82,-0.343162176
25.10.2017 15:00:00.000,156.85,157.19,156.62,156.86,0.006375518
25.10.2017 16:00:00.000,156.86,156.87,155.64,156.15,-0.452632921
25.10.2017 17:00:00.000,156.14,156.31,155.26,156.01,-0.083258614
25.10.2017 18:00:00.000,156.01,156.4,155.84,156.28,0.173065829
25.10.2017 19:00:00.000,156.29,156.47,155.93,156.13,-0.102373792
25.10.2017 20:00:00.000,156.12,156.54,156.02,156.39,0.172943889
25.10.2017 21:00:00.000,156.4,156.4,156.4,156.4,0
26.10.2017 14:00:00.000,157.72,157.81,157.14,157.27,-0.285315749
26.10.2017 15:00:00.000,157.25,157.73,156.77,157.54,0.184419714
26.10.2017 16:00:00.000,157.53,157.69,157.27,157.48,-0.031739986
26.10.2017 17:00:00.000,157.49,157.69,157.25,157.36,-0.082544923
26.10.2017 18:00:00.000,157.37,157.48,157.09,157.39,0.012708903
26.10.2017 19:00:00.000,157.4,157.74,157.3,157.66,0.165184244
26.10.2017 20:00:00.000,157.66,157.71,157.38,157.48,-0.114169732
27.10.2017 14:00:00.000,159.1,159.72,158.7,159.47,0.23255814
27.10.2017 15:00:00.000,159.45,160.99,159.45,160.82,0.859203512
27.10.2017 16:00:00.000,160.81,162.44,160.61,162.39,0.982525962
27.10.2017 17:00:00.000,162.38,162.94,162.06,162.21,-0.104692696
27.10.2017 18:00:00.000,162.22,163.14,162.17,163.11,0.548637653
27.10.2017 19:00:00.000,163.11,163.6,162.32,162.58,-0.324934094
27.10.2017 20:00:00.000,162.59,163.14,162.51,163.06,0.289070669
30.10.2017 14:00:00.000,164.93,166.32,164.93,166.22,0.782150003
30.10.2017 15:00:00.000,166.23,168.06,166.09,167.11,0.529386994
30.10.2017 16:00:00.000,167.12,167.13,166.13,167.03,-0.053853518
30.10.2017 17:00:00.000,167.02,167.02,165.84,166.49,-0.317327266
30.10.2017 18:00:00.000,166.48,166.89,166.12,166.21,-0.162181643
30.10.2017 19:00:00.000,166.22,166.74,166.22,166.54,0.192515943
30.10.2017 20:00:00.000,166.53,166.96,166.25,166.94,0.246201886
31.10.2017 14:00:00.000,167.61,167.81,166.94,167.2,-0.244615476
31.10.2017 15:00:00.000,167.18,168.46,167.17,168.37,0.711807632
31.10.2017 16:00:00.000,168.38,169.08,168.35,168.9,0.308825276
31.10.2017 17:00:00.000,168.91,169.19,168.62,168.84,-0.041442188
31.10.2017 18:00:00.000,168.85,169.16,168.51,169.15,0.17767249
31.10.2017 19:00:00.000,169.15,169.64,168.84,169.05,-0.059119125
31.10.2017 20:00:00.000,169.05,169.31,168.8,168.83,-0.130139012
01.11.2017 14:00:00.000,169.23,169.77,167.31,167.81,-0.839094723
01.11.2017 15:00:00.000,167.84,167.84,166.57,167.03,-0.482602479
01.11.2017 16:00:00.000,167.05,167.59,166.19,166.23,-0.490870997
01.11.2017 17:00:00.000,166.23,167.06,166.18,166.55,0.192504361
01.11.2017 18:00:00.000,166.55,166.59,165.62,166.23,-0.192134494
01.11.2017 19:00:00.000,166.23,166.74,166.09,166.66,0.258677736
01.11.2017 20:00:00.000,166.65,166.88,166.51,166.85,0.120012001
01.11.2017 21:00:00.000,166.82,166.82,166.82,166.82,0
02.11.2017 14:00:00.000,166.81,167.27,165.9,166.72,-0.0539536
02.11.2017 15:00:00.000,166.71,166.86,165.77,166.48,-0.137964129
02.11.2017 16:00:00.000,166.49,166.85,165.27,166.21,-0.168178269
02.11.2017 17:00:00.000,166.22,168.2,165.91,167.73,0.908434605
02.11.2017 18:00:00.000,167.71,167.89,167.21,167.65,-0.035776042
02.11.2017 19:00:00.000,167.65,168.49,167.65,168.05,0.238592305
02.11.2017 20:00:00.000,168.04,168.38,167.67,168.27,0.136872173
03.11.2017 14:00:00.000,173.44,173.49,171.11,171.74,-0.980166052
03.11.2017 15:00:00.000,171.75,172.68,171.18,172.04,0.168850073
03.11.2017 16:00:00.000,172.01,172.93,171.8,172.92,0.529039009
03.11.2017 17:00:00.000,172.88,173.23,172.62,173.08,0.115687182
03.11.2017 18:00:00.000,173.07,173.81,172.96,173.46,0.225342347
03.11.2017 19:00:00.000,173.47,173.48,172.55,172.82,-0.37470456
03.11.2017 20:00:00.000,172.82,172.9,172.31,172.45,-0.214095591
06.11.2017 14:00:00.000,172.38,172.65,171.84,172.27,-0.063812507
06.11.2017 15:00:00.000,172.28,174.76,172.21,174.7,1.404690039
06.11.2017 16:00:00.000,174.7,174.9,174.11,174.56,-0.080137378
06.11.2017 17:00:00.000,174.56,174.84,174.4,174.57,0.005728689
06.11.2017 18:00:00.000,174.56,174.89,174.42,174.88,0.183318057
06.11.2017 19:00:00.000,174.87,174.98,174.46,174.81,-0.034311203
06.11.2017 20:00:00.000,174.82,174.98,174.38,174.45,-0.211646265
07.11.2017 14:00:00.000,174.28,175.24,173.94,174.9,0.355749369
07.11.2017 15:00:00.000,174.89,175.16,174.02,174.56,-0.188690034
07.11.2017 16:00:00.000,174.55,175.13,174.36,174.45,-0.057290175
07.11.2017 17:00:00.000,174.46,174.73,174.03,174.71,0.143299324
07.11.2017 18:00:00.000,174.71,174.97,174.45,174.55,-0.091580333
07.11.2017 19:00:00.000,174.54,174.66,174.26,174.57,0.017188037
07.11.2017 20:00:00.000,174.58,174.81,174.4,174.74,0.091648528
08.11.2017 14:00:00.000,174.73,175.02,174.33,174.59,-0.080123619
08.11.2017 15:00:00.000,174.61,175.37,174.61,175.23,0.355077029
08.11.2017 16:00:00.000,175.23,175.49,175.1,175.41,0.102722137
08.11.2017 17:00:00.000,175.42,175.66,175.32,175.56,0.07980846
08.11.2017 18:00:00.000,175.55,175.78,175.5,175.73,0.10253489
08.11.2017 19:00:00.000,175.73,176.02,175.62,175.96,0.130882604
08.11.2017 20:00:00.000,175.97,176.22,175.81,176.19,0.12502131
08.11.2017 21:00:00.000,176.18,176.21,176.18,176.21,0.01702804
09.11.2017 14:00:00.000,175.62,175.91,174.79,175.35,-0.153741032
09.11.2017 15:00:00.000,175.35,176.09,175.18,175.7,0.199600798
09.11.2017 16:00:00.000,175.71,175.74,174.67,174.84,-0.495134028
09.11.2017 17:00:00.000,174.85,175.02,173.14,173.85,-0.571918788
09.11.2017 18:00:00.000,173.85,174.82,173.42,174.8,0.546448087
09.11.2017 19:00:00.000,174.8,175.39,174.71,175.3,0.28604119
09.11.2017 20:00:00.000,175.3,175.87,174.99,175.72,0.239589276
10.11.2017 14:00:00.000,174.76,175.14,174.27,174.86,0.057221332
10.11.2017 15:00:00.000,174.85,175.24,174.42,175.23,0.217329139
10.11.2017 16:00:00.000,175.24,175.34,174.65,175.01,-0.131248573
10.11.2017 17:00:00.000,175.01,175.08,174.77,174.8,-0.119993143
10.11.2017 18:00:00.000,174.81,175.13,174.7,174.81,0
10.11.2017 19:00:00.000,174.81,175.04,174.77,174.96,0.085807448
10.11.2017 20:00:00.000,174.95,175,174.65,174.81,-0.080022864
13.11.2017 14:00:00.000,173.98,174.01,173.4,173.9,-0.045982297
13.11.2017 15:00:00.000,173.87,174.49,173.76,174.19,0.184045551
13.11.2017 16:00:00.000,174.19,174.41,174.07,174.23,0.022963431
13.11.2017 17:00:00.000,174.24,174.39,174.06,174.33,0.051652893
13.11.2017 18:00:00.000,174.33,174.39,174.11,174.36,0.017208742
13.11.2017 19:00:00.000,174.36,174.38,174.05,174.12,-0.137646249
13.11.2017 20:00:00.000,174.11,174.25,173.72,173.79,-0.183791856
14.11.2017 14:00:00.000,173.12,173.17,172.53,172.72,-0.231053604
14.11.2017 15:00:00.000,172.74,173.23,172.11,172.88,0.08104666
14.11.2017 16:00:00.000,172.86,173.25,172.72,172.99,0.075205369
14.11.2017 17:00:00.000,172.98,173,172.18,172.37,-0.352641924
14.11.2017 18:00:00.000,172.35,172.35,171.47,171.81,-0.313315927
14.11.2017 19:00:00.000,171.83,172,171.75,171.94,0.064016761
14.11.2017 20:00:00.000,171.94,172.13,171.18,171.54,-0.232639293
15.11.2017 14:00:00.000,168.75,169.15,168.38,168.99,0.142222222
15.11.2017 15:00:00.000,168.99,170.31,168.89,170.24,0.739688739
15.11.2017 16:00:00.000,170.26,170.3,169.44,169.46,-0.469869611
15.11.2017 17:00:00.000,169.47,169.68,169.11,169.57,0.059007494
15.11.2017 18:00:00.000,169.58,169.6,168.95,169.2,-0.224083029
15.11.2017 19:00:00.000,169.19,169.52,169,169.35,0.094568237
15.11.2017 20:00:00.000,169.35,169.52,168.68,169.08,-0.159433127
15.11.2017 21:00:00.000,169.08,169.08,169.08,169.08,0
16.11.2017 14:00:00.000,170.97,171.03,170.3,170.54,-0.251506112
16.11.2017 15:00:00.000,170.52,171.05,170.43,170.89,0.216983345
16.11.2017 16:00:00.000,170.88,171.4,170.84,171.29,0.239934457
16.11.2017 17:00:00.000,171.29,171.73,171.25,171.5,0.122599101
16.11.2017 18:00:00.000,171.5,171.81,171.43,171.76,0.151603499
16.11.2017 19:00:00.000,171.76,171.87,171.42,171.54,-0.128085701
16.11.2017 20:00:00.000,171.54,171.61,171.3,171.44,-0.058295441
17.11.2017 14:00:00.000,170.35,170.4,169.83,170.09,-0.152626945
17.11.2017 15:00:00.000,170.08,171.38,169.83,170.88,0.470366886
17.11.2017 16:00:00.000,170.88,170.91,170.25,170.73,-0.087780899
17.11.2017 17:00:00.000,170.72,170.74,170.36,170.57,-0.087863168
17.11.2017 18:00:00.000,170.58,170.6,170.22,170.38,-0.11724704
17.11.2017 19:00:00.000,170.37,170.42,170.02,170.21,-0.093913248
17.11.2017 20:00:00.000,170.2,170.27,169.64,169.99,-0.123384254
21.11.2017 15:00:00.000,173.614,173.643,172.975,173.26,-0.203900607
21.11.2017 16:00:00.000,173.25,173.64,173.22,173.52,0.155844156
21.11.2017 17:00:00.000,173.52,173.604,173.104,173.171,-0.201129553
21.11.2017 18:00:00.000,173.154,173.232,172.941,173.103,-0.02945355
21.11.2017 19:00:00.000,173.12,173.142,172.684,172.962,-0.091266174
21.11.2017 20:00:00.000,172.963,173.21,172.694,172.95,-0.007516058
22.11.2017 14:00:00.000,174.172,174.25,173.05,173.36,-0.46620582
22.11.2017 15:00:00.000,173.345,174.59,173.3,174.494,0.662840001
22.11.2017 16:00:00.000,174.492,174.99,173.86,174.262,-0.131811201
22.11.2017 17:00:00.000,174.261,174.53,174.011,174.273,0.006886222
22.11.2017 18:00:00.000,174.262,174.343,173.903,174.31,0.027544731
22.11.2017 19:00:00.000,174.33,174.69,174.204,174.483,0.087764584
22.11.2017 20:00:00.000,174.48,174.99,174.351,174.91,0.246446584
22.11.2017 21:00:00.000,174.92,174.92,174.92,174.92,0
24.11.2017 14:00:00.000,174.922,175.47,174.922,175.193,0.154926196
24.11.2017 15:00:00.000,175.184,175.311,174.88,175.05,-0.076491004
24.11.2017 16:00:00.000,175.05,175.303,175.003,175.13,0.045701228
24.11.2017 17:00:00.000,175.142,175.243,174.911,174.96,-0.10391568
27.11.2017 14:00:00.000,174.093,174.962,173.34,174.62,0.302711769
27.11.2017 15:00:00.000,174.635,174.97,174.45,174.51,-0.071577862
27.11.2017 16:00:00.000,174.523,174.533,173.601,174.06,-0.265294546
27.11.2017 17:00:00.000,174.06,174.345,173.86,174.08,0.011490291
27.11.2017 18:00:00.000,174.07,174.484,174.06,174.4,0.189578905
27.11.2017 19:00:00.000,174.401,174.413,174.05,174.281,-0.068806945
27.11.2017 20:00:00.000,174.28,174.306,174.013,174.03,-0.143447326
28.11.2017 14:00:00.000,174.59,174.86,173.79,173.86,-0.418122458
28.11.2017 15:00:00.000,173.88,174.191,173.071,173.31,-0.327812284
28.11.2017 16:00:00.000,173.3,173.455,172.69,172.972,-0.189267167
28.11.2017 17:00:00.000,172.97,173.373,172.55,172.88,-0.052032144
28.11.2017 18:00:00.000,172.89,173.192,172.37,172.45,-0.254497079
28.11.2017 19:00:00.000,172.453,173.093,171.864,172.83,0.218610288
28.11.2017 20:00:00.000,172.83,173.19,172.73,172.94,0.063646358
29.11.2017 14:00:00.000,172.41,172.701,171.68,171.8,-0.353807784
29.11.2017 15:00:00.000,171.8,171.822,168.73,168.79,-1.752037253
29.11.2017 16:00:00.000,168.78,169.615,167.26,167.364,-0.838961962
29.11.2017 17:00:00.000,167.364,169.34,167.153,168.601,0.739107574
29.11.2017 18:00:00.000,168.601,169.452,168.253,168.452,-0.088374328
29.11.2017 19:00:00.000,168.453,169.4,168.4,168.95,0.295037785
29.11.2017 20:00:00.000,168.961,169.63,168.49,169.363,0.237924728
30.11.2017 14:00:00.000,169.99,170.369,168.44,170,0.005882699
30.11.2017 15:00:00.000,170.01,171.08,169.94,170.43,0.247044292
30.11.2017 16:00:00.000,170.433,171.49,170.34,170.961,0.309799159
30.11.2017 17:00:00.000,170.971,171.47,170.77,171.28,0.180732405
30.11.2017 18:00:00.000,171.28,171.87,171.22,171.81,0.309434844
30.11.2017 19:00:00.000,171.803,171.95,171.53,171.73,-0.042490527
30.11.2017 20:00:00.000,171.741,172.13,171.25,172.037,0.172352554
01.12.2017 14:00:00.000,170.39,170.884,169.635,170.17,-0.129115558
01.12.2017 15:00:00.000,170.19,171.66,170.03,170.953,0.448322463
01.12.2017 16:00:00.000,170.952,171.382,168.505,169.84,-0.650474987
01.12.2017 17:00:00.000,169.88,170.63,169.472,170.23,0.206027784
01.12.2017 18:00:00.000,170.24,170.822,170.15,170.454,0.125704887
01.12.2017 19:00:00.000,170.473,171.07,170.26,170.55,0.045168443
01.12.2017 20:00:00.000,170.541,171.19,170.23,171.082,0.31722577
04.12.2017 14:00:00.000,172.053,172.56,171.45,171.63,-0.245854475
04.12.2017 15:00:00.000,171.62,171.88,170.133,170.493,-0.65668337
04.12.2017 16:00:00.000,170.49,171.675,170.08,171.49,0.586544665
04.12.2017 17:00:00.000,171.48,172.19,171.032,171.47,-0.005831584
04.12.2017 18:00:00.000,171.47,171.755,171.1,171.474,0.00233277
04.12.2017 19:00:00.000,171.484,171.49,170.321,170.9,-0.340556553
04.12.2017 20:00:00.000,170.893,170.96,169.92,169.945,-0.554733079
05.12.2017 14:00:00.000,169.343,170.26,168.99,169.991,0.382655321
05.12.2017 15:00:00.000,169.996,171.335,169.79,170.883,0.521776983
05.12.2017 16:00:00.000,170.904,171.51,170.82,170.85,-0.031596686
05.12.2017 17:00:00.000,170.85,170.96,170.252,170.412,-0.256365233
05.12.2017 18:00:00.000,170.39,171.155,170.25,170.912,0.306356007
05.12.2017 19:00:00.000,170.914,170.923,169.561,169.743,-0.685139895
05.12.2017 20:00:00.000,169.74,170.301,169.56,169.63,-0.064804996
06.12.2017 14:00:00.000,168.332,169.213,167.81,169.122,0.469310648
06.12.2017 15:00:00.000,169.13,169.49,168.55,169.484,0.209306451
06.12.2017 16:00:00.000,169.49,170.2,169.18,169.57,0.047200425
06.12.2017 17:00:00.000,169.57,169.844,168.89,169.23,-0.200507165
06.12.2017 18:00:00.000,169.26,169.645,169.083,169.551,0.171924849
06.12.2017 19:00:00.000,169.552,170.022,169.21,169.311,-0.142139285
06.12.2017 20:00:00.000,169.31,169.441,168.83,169.045,-0.15651763
07.12.2017 14:00:00.000,169.643,170.37,169.6,169.98,0.198652464
07.12.2017 15:00:00.000,169.963,170.104,168.96,169.73,-0.13708866
07.12.2017 16:00:00.000,169.73,169.85,169.14,169.75,0.011783421
07.12.2017 17:00:00.000,169.75,169.972,169.54,169.94,0.111929308
07.12.2017 18:00:00.000,169.934,170.433,169.302,169.761,-0.10180423
07.12.2017 19:00:00.000,169.762,170,168.956,169.472,-0.170827394
07.12.2017 20:00:00.000,169.472,169.781,169.36,169.48,0.004720544
08.12.2017 14:00:00.000,170.923,170.99,169.93,170.092,-0.486183837
08.12.2017 15:00:00.000,170.08,170.523,169.853,170.204,0.072906867
08.12.2017 16:00:00.000,170.223,170.384,169.63,169.9,-0.189751091
08.12.2017 17:00:00.000,169.89,170.08,169.72,169.903,0.00765201
08.12.2017 18:00:00.000,169.912,170.011,169.704,169.86,-0.030604077
08.12.2017 19:00:00.000,169.86,169.923,168.95,169.36,-0.294360061
08.12.2017 20:00:00.000,169.372,169.5,168.82,169,-0.219634887
11.12.2017 14:00:00.000,169.313,170.17,169.313,169.84,0.311257848
11.12.2017 15:00:00.000,169.83,172.17,169.543,171.87,1.201201201
11.12.2017 16:00:00.000,171.882,172.19,171.564,171.785,-0.056434065
11.12.2017 17:00:00.000,171.795,172.88,171.785,172.78,0.573357781
11.12.2017 18:00:00.000,172.781,172.862,172.231,172.32,-0.266811744
11.12.2017 19:00:00.000,172.32,172.484,172.073,172.453,0.077181987
11.12.2017 20:00:00.000,172.451,172.7,172.21,172.62,0.097998852
12.12.2017 14:00:00.000,172.024,172.37,171.47,171.94,-0.048830396
12.12.2017 15:00:00.000,171.95,172.152,171.603,171.951,0.000581564
12.12.2017 16:00:00.000,171.93,172.235,171.81,171.974,0.025591811
12.12.2017 17:00:00.000,171.972,172.19,171.66,172.024,0.030237481
12.12.2017 18:00:00.000,172.013,172.14,171.64,171.82,-0.112200822
12.12.2017 19:00:00.000,171.83,172.07,171.67,171.91,0.046557644
12.12.2017 20:00:00.000,171.911,172.02,171.66,171.692,-0.127391499
13.12.2017 14:00:00.000,173.19,173.521,172.94,172.94,-0.144350136
13.12.2017 15:00:00.000,172.955,173.18,172.56,172.98,0.014454627
13.12.2017 16:00:00.000,172.982,173.135,172.67,172.893,-0.05145044
13.12.2017 17:00:00.000,172.891,172.891,172.004,172.65,-0.139394185
13.12.2017 18:00:00.000,172.653,172.75,172.31,172.36,-0.169704552
13.12.2017 19:00:00.000,172.36,173.173,172.36,173.041,0.395103272
13.12.2017 20:00:00.000,173.042,173.122,172.352,172.5,-0.313218756
14.12.2017 14:00:00.000,172.944,173.034,172.31,172.39,-0.320334906
14.12.2017 15:00:00.000,172.37,172.79,172.21,172.343,-0.015663979
14.12.2017 16:00:00.000,172.335,172.514,171.651,172.275,-0.034815911
14.12.2017 17:00:00.000,172.265,172.49,172.06,172.113,-0.088236148
14.12.2017 18:00:00.000,172.1,172.4,171.683,172.132,0.018593841
14.12.2017 19:00:00.000,172.13,172.385,171.83,172.2,0.040666938
14.12.2017 20:00:00.000,172.22,172.42,172.045,172.24,0.011613053
15.12.2017 14:00:00.000,172.93,173.085,172.6,172.843,-0.050309374
15.12.2017 15:00:00.000,172.854,173.06,172.64,172.71,-0.0833073
15.12.2017 16:00:00.000,172.715,173.013,172.67,173,0.165011725
15.12.2017 17:00:00.000,173,173.64,172.96,173.451,0.260693642
15.12.2017 18:00:00.000,173.45,173.63,173.25,173.55,0.057653502
15.12.2017 19:00:00.000,173.551,173.66,173.32,173.641,0.051857955
15.12.2017 20:00:00.000,173.64,174.17,173.552,173.86,0.126698917
18.12.2017 14:00:00.000,175.764,176.27,175.22,176.21,0.253749346
18.12.2017 15:00:00.000,176.202,176.595,175.95,176.342,0.079454263
18.12.2017 16:00:00.000,176.33,176.68,176.22,176.5,0.09641014
18.12.2017 17:00:00.000,176.52,176.62,176.28,176.46,-0.033990483
18.12.2017 18:00:00.000,176.46,177,176.365,176.994,0.302618157
18.12.2017 19:00:00.000,177,177.16,176.68,177.09,0.050847458
18.12.2017 20:00:00.000,177.091,177.19,176.62,176.781,-0.175051245
19.12.2017 14:00:00.000,174.974,175.254,174.09,174.92,-0.030861728
19.12.2017 15:00:00.000,174.92,175.084,174.22,174.41,-0.291561857
19.12.2017 16:00:00.000,174.41,174.972,174.26,174.51,0.057336162
19.12.2017 17:00:00.000,174.512,174.69,174.214,174.61,0.056156597
19.12.2017 18:00:00.000,174.61,175.07,174.581,174.76,0.085905733
19.12.2017 19:00:00.000,174.75,174.892,174.422,174.454,-0.169384835
19.12.2017 20:00:00.000,174.45,174.662,174.21,174.48,0.017196905
20.12.2017 14:00:00.000,175.25,175.25,173.422,174.024,-0.69957204
20.12.2017 15:00:00.000,174.023,174.283,173.26,173.54,-0.277549519
20.12.2017 16:00:00.000,173.545,174.431,173.504,174.302,0.436198104
20.12.2017 17:00:00.000,174.301,174.69,174.102,174.534,0.1336768
20.12.2017 18:00:00.000,174.54,174.815,174.41,174.743,0.116305718
20.12.2017 19:00:00.000,174.742,174.764,173.96,174.19,-0.31589429
20.12.2017 20:00:00.000,174.18,174.633,174.13,174.41,0.132047307
21.12.2017 14:00:00.000,175.03,175.29,174.68,174.875,-0.088556248
21.12.2017 15:00:00.000,174.885,175.23,174.572,175.19,0.17440032
21.12.2017 16:00:00.000,175.203,176.01,175.203,175.47,0.152394651
21.12.2017 17:00:00.000,175.47,175.665,175.414,175.642,0.098022454
21.12.2017 18:00:00.000,175.64,175.85,175.52,175.65,0.005693464
21.12.2017 19:00:00.000,175.65,175.65,175.24,175.403,-0.140620552
21.12.2017 20:00:00.000,175.404,175.475,174.93,174.933,-0.268522953
22.12.2017 14:00:00.000,175.24,175.364,174.87,175.19,-0.028532299
22.12.2017 15:00:00.000,175.17,175.312,174.852,175.254,0.047953417
22.12.2017 16:00:00.000,175.263,175.33,174.952,175.09,-0.098708798
22.12.2017 17:00:00.000,175.09,175.094,174.84,174.97,-0.068536181
22.12.2017 18:00:00.000,174.97,175.153,174.91,175.03,0.034291593
22.12.2017 19:00:00.000,175.03,175.2,174.932,175.152,0.069702337
22.12.2017 20:00:00.000,175.152,175.172,174.89,174.972,-0.102767882
26.12.2017 14:00:00.000,170.29,170.53,169.67,170.191,-0.058136121
26.12.2017 15:00:00.000,170.183,171.38,169.99,170.6,0.24503035
26.12.2017 16:00:00.000,170.601,170.722,170.22,170.34,-0.152988552
26.12.2017 17:00:00.000,170.33,170.833,170.205,170.56,0.135031997
26.12.2017 18:00:00.000,170.55,170.633,170.252,170.551,0.000586338
26.12.2017 19:00:00.000,170.55,170.69,170.374,170.48,-0.041043682
26.12.2017 20:00:00.000,170.481,170.59,170.111,170.31,-0.100304433
27.12.2017 14:00:00.000,170.484,170.484,169.952,170.121,-0.212923207
27.12.2017 15:00:00.000,170.125,170.304,169.83,169.923,-0.118736223
27.12.2017 16:00:00.000,169.93,170.514,169.93,170.363,0.254810804
27.12.2017 17:00:00.000,170.39,170.584,170.28,170.524,0.078643113
27.12.2017 18:00:00.000,170.53,170.59,170.255,170.37,-0.093825133
27.12.2017 19:00:00.000,170.37,170.393,169.99,170.184,-0.10917415
27.12.2017 20:00:00.000,170.174,170.478,170.115,170.4,0.132805246
28.12.2017 14:00:00.000,171.614,171.7,171.32,171.532,-0.04778165
28.12.2017 15:00:00.000,171.533,171.842,171.34,171.481,-0.030314867
28.12.2017 16:00:00.000,171.48,171.53,171.23,171.31,-0.099136926
28.12.2017 17:00:00.000,171.31,171.384,171.005,171.03,-0.163446384
28.12.2017 18:00:00.000,171.032,171.052,170.7,170.83,-0.118106553
28.12.2017 19:00:00.000,170.831,170.872,170.48,170.53,-0.176197529
28.12.2017 20:00:00.000,170.54,170.89,170.5,170.84,0.17591181
29.12.2017 14:00:00.000,170.085,170.152,169.71,169.924,-0.094658553
29.12.2017 15:00:00.000,169.914,169.943,169.31,169.631,-0.166554845
29.12.2017 16:00:00.000,169.632,170.083,169.48,170.073,0.259974533
29.12.2017 17:00:00.000,170.082,170.214,169.99,170.11,0.016462647
29.12.2017 18:00:00.000,170.11,170.251,170,170.031,-0.046440538
29.12.2017 19:00:00.000,170.03,170.062,169.911,169.98,-0.029406575
29.12.2017 20:00:00.000,169.97,170.081,169.35,169.39,-0.341236689
02.01.2018 14:00:00.000,169.64,171.06,169.51,170.972,0.785192172
02.01.2018 15:00:00.000,170.96,171.59,170.862,171.5,0.31586336
02.01.2018 16:00:00.000,171.5,171.52,171.095,171.201,-0.174344023
02.01.2018 17:00:00.000,171.2,171.49,171.19,171.283,0.048481308
02.01.2018 18:00:00.000,171.29,171.69,171.28,171.67,0.221845992
02.01.2018 19:00:00.000,171.675,172.1,171.65,171.98,0.177661279
02.01.2018 20:00:00.000,171.97,172.22,171.691,172.17,0.116299355
03.01.2018 14:00:00.000,173.085,173.871,172.82,173.871,0.454112141
03.01.2018 15:00:00.000,173.87,174.54,173.764,174.151,0.161615
03.01.2018 16:00:00.000,174.15,174.29,173.503,173.65,-0.287108814
03.01.2018 17:00:00.000,173.651,173.72,173.22,173.304,-0.199826088
03.01.2018 18:00:00.000,173.31,173.474,172.93,172.962,-0.200796261
03.01.2018 19:00:00.000,172.961,173.08,172.33,172.384,-0.333601216
03.01.2018 20:00:00.000,172.381,172.582,172.08,172.22,-0.093397764
04.01.2018 14:00:00.000,172.703,173.15,172.08,172.924,0.127965351
04.01.2018 15:00:00.000,172.931,173.453,172.654,172.952,0.012143572
04.01.2018 16:00:00.000,172.953,173.46,172.75,173.02,0.038738848
04.01.2018 17:00:00.000,173.02,173.21,172.65,172.831,-0.109235926
04.01.2018 18:00:00.000,172.83,172.934,172.59,172.93,0.057860325
04.01.2018 19:00:00.000,172.934,173.18,172.843,173.123,0.109290249
04.01.2018 20:00:00.000,173.124,173.23,172.95,173.122,-0.001155241
05.01.2018 14:00:00.000,173.71,174.17,173.51,174.061,0.202060906
05.01.2018 15:00:00.000,174.063,175.19,173.782,175.13,0.612996444
05.01.2018 16:00:00.000,175.145,175.17,174.734,174.94,-0.117045876
05.01.2018 17:00:00.000,174.94,174.94,174.56,174.855,-0.048588087
05.01.2018 18:00:00.000,174.853,175.03,174.75,175.014,0.092077345
05.01.2018 19:00:00.000,175.02,175.08,174.65,174.844,-0.100559936
05.01.2018 20:00:00.000,174.84,175.28,174.75,175.045,0.117250057
08.01.2018 14:00:00.000,175.345,175.58,174.62,174.992,-0.201317403
08.01.2018 15:00:00.000,174.991,175.09,174.47,174.851,-0.080004114
08.01.2018 16:00:00.000,174.841,175.13,174.77,174.9,0.033744945
08.01.2018 17:00:00.000,174.91,174.95,174.471,174.535,-0.214395975
08.01.2018 18:00:00.000,174.532,174.923,174.532,174.69,0.090527812
08.01.2018 19:00:00.000,174.69,174.703,174.282,174.44,-0.143110653
08.01.2018 20:00:00.000,174.44,174.482,173.93,174.391,-0.028089888
09.01.2018 14:00:00.000,174.61,174.67,173.4,173.612,-0.571559475
09.01.2018 15:00:00.000,173.63,174.18,173.41,174.01,0.218856188
09.01.2018 16:00:00.000,174.01,174.605,173.92,174.53,0.2988334
09.01.2018 17:00:00.000,174.531,174.91,174.344,174.77,0.136938424
09.01.2018 18:00:00.000,174.77,175.05,174.702,174.751,-0.010871431
09.01.2018 19:00:00.000,174.75,174.785,174.44,174.784,0.019456366
09.01.2018 20:00:00.000,174.77,174.814,174.2,174.29,-0.274646678
10.01.2018 14:00:00.000,173.623,173.9,173.144,173.34,-0.162996838
10.01.2018 15:00:00.000,173.353,174.2,173.03,173.57,0.125178105
10.01.2018 16:00:00.000,173.57,173.9,173.18,173.204,-0.210865933
10.01.2018 17:00:00.000,173.205,173.441,173,173.36,0.089489333
10.01.2018 18:00:00.000,173.37,173.724,173.035,173.69,0.18457634
10.01.2018 19:00:00.000,173.691,173.903,173.423,173.721,0.017272052
10.01.2018 20:00:00.000,173.722,174.122,173.53,174.074,0.202622581
11.01.2018 14:00:00.000,175.27,175.47,174.8,175.092,-0.101557597
11.01.2018 15:00:00.000,175.1,175.47,174.815,175.23,0.07424329
11.01.2018 16:00:00.000,175.24,175.381,174.982,175.083,-0.089591417
11.01.2018 17:00:00.000,175.081,175.276,174.944,175.212,0.074822511
11.01.2018 18:00:00.000,175.223,175.264,174.904,175.03,-0.110145358
11.01.2018 19:00:00.000,175.03,175.2,174.954,175.052,0.012569274
11.01.2018 20:00:00.000,175.041,175.27,174.99,175.2,0.090835861
12.01.2018 14:00:00.000,176.18,176.313,175.67,175.961,-0.124304688
12.01.2018 15:00:00.000,175.97,177.04,175.94,176.8,0.471671308
12.01.2018 16:00:00.000,176.803,176.955,176.284,176.785,-0.010180823
12.01.2018 17:00:00.000,176.782,176.97,176.63,176.94,0.089375615
12.01.2018 18:00:00.000,176.94,177.09,176.77,177,0.0339098
12.01.2018 19:00:00.000,177,177.34,176.93,177.023,0.01299435
12.01.2018 20:00:00.000,177.02,177.25,176.82,177.07,0.028245396
16.01.2018 14:00:00.000,177.81,179.1,177.771,178.96,0.646757775
16.01.2018 15:00:00.000,178.952,179.39,178.16,178.25,-0.392283964
16.01.2018 16:00:00.000,178.26,178.26,177.32,177.502,-0.425221586
16.01.2018 17:00:00.000,177.515,177.88,177.154,177.312,-0.114356533
16.01.2018 18:00:00.000,177.321,177.575,177.01,177.06,-0.147190688
16.01.2018 19:00:00.000,177.075,177.234,176.14,176.424,-0.36764083
16.01.2018 20:00:00.000,176.444,176.942,176.29,176.39,-0.030604611
17.01.2018 14:00:00.000,175.77,176.12,175.33,175.642,-0.072822438
17.01.2018 15:00:00.000,175.62,176.05,175.21,175.67,0.028470561
17.01.2018 16:00:00.000,175.663,175.902,175.41,175.56,-0.058635
17.01.2018 17:00:00.000,175.56,175.99,175.43,175.95,0.222146275
17.01.2018 18:00:00.000,175.941,177.5,175.633,176.73,0.448445786
17.01.2018 19:00:00.000,176.712,178.554,176.62,178.47,0.99483906
17.01.2018 20:00:00.000,178.46,179.24,178.44,179.11,0.364227278
18.01.2018 14:00:00.000,178.77,180.04,178.77,179.702,0.52134027
18.01.2018 15:00:00.000,179.7,179.81,178.24,179.12,-0.322760156
18.01.2018 16:00:00.000,179.141,179.73,178.94,179.281,0.07815073
18.01.2018 17:00:00.000,179.282,179.764,179.1,179.71,0.238730045
18.01.2018 18:00:00.000,179.72,180.022,179.41,179.91,0.105720009
18.01.2018 19:00:00.000,179.911,180.09,179.72,179.96,0.027235689
18.01.2018 20:00:00.000,179.96,179.961,179.01,179.201,-0.421760391
19.01.2018 14:00:00.000,179.3,179.55,178.373,178.75,-0.306748466
19.01.2018 15:00:00.000,178.744,178.744,177.57,177.834,-0.509107998
19.01.2018 16:00:00.000,177.823,178.615,177.4,178.031,0.116970246
19.01.2018 17:00:00.000,178.03,178.64,178.01,178.44,0.230298264
19.01.2018 18:00:00.000,178.43,178.682,178.3,178.33,-0.056044387
19.01.2018 19:00:00.000,178.322,178.57,178.254,178.44,0.06617243
19.01.2018 20:00:00.000,178.44,178.59,177.96,178.23,-0.117686617
22.01.2018 14:00:00.000,177.05,177.77,176.93,177.36,0.175091782
22.01.2018 15:00:00.000,177.344,177.423,176.88,177.002,-0.192845543
22.01.2018 16:00:00.000,177.004,177.232,176.834,177.133,0.072879709
22.01.2018 17:00:00.000,177.132,177.473,177.093,177.33,0.111781045
22.01.2018 18:00:00.000,177.33,177.665,177.32,177.44,0.062031241
22.01.2018 19:00:00.000,177.441,177.485,176.812,177,-0.248533315
22.01.2018 20:00:00.000,177,177.094,176.704,176.794,-0.116384181
23.01.2018 14:00:00.000,177.05,178.54,176.833,177.98,0.525275346
23.01.2018 15:00:00.000,177.975,178.75,177.752,178.59,0.345554151
23.01.2018 16:00:00.000,178.59,179.01,178.471,178.492,-0.054874293
23.01.2018 17:00:00.000,178.5,178.973,178.46,178.79,0.162464986
23.01.2018 18:00:00.000,178.793,179.37,178.723,179.321,0.295313575
23.01.2018 19:00:00.000,179.33,179.43,177.03,177.04,-1.276975408
23.01.2018 20:00:00.000,177.054,177.74,176.823,177.05,-0.002259198
24.01.2018 14:00:00.000,176.731,176.74,174.804,175.7,-0.58337247
24.01.2018 15:00:00.000,175.71,175.862,174.884,174.91,-0.455295658
24.01.2018 16:00:00.000,174.91,175.393,174.57,174.98,0.040020582
24.01.2018 17:00:00.000,174.981,175.332,174.343,174.37,-0.349180768
24.01.2018 18:00:00.000,174.372,174.601,173.2,174.18,-0.110109421
24.01.2018 19:00:00.000,174.202,174.75,173.854,174.342,0.080366471
24.01.2018 20:00:00.000,174.36,174.465,173.813,174.02,-0.194998853
25.01.2018 14:00:00.000,174.273,174.94,172.453,173.032,-0.712101129
25.01.2018 15:00:00.000,173.03,173.403,172.26,173.06,0.017338034
25.01.2018 16:00:00.000,173.073,173.571,172.974,173.514,0.254805776
25.01.2018 17:00:00.000,173.525,173.69,172.64,172.644,-0.507707823
25.01.2018 18:00:00.000,172.642,172.781,172.16,172.33,-0.180720798
25.01.2018 19:00:00.000,172.34,172.34,170.77,171.205,-0.658581873
25.01.2018 20:00:00.000,171.22,171.259,170.53,170.95,-0.157691858
26.01.2018 14:00:00.000,171.16,171.86,170.77,171.513,0.206239776
26.01.2018 15:00:00.000,171.502,171.553,170.3,171.29,-0.123613719
26.01.2018 16:00:00.000,171.29,171.334,170.71,171.09,-0.116761049
26.01.2018 17:00:00.000,171.09,171.1,170.22,170.243,-0.495061079
26.01.2018 18:00:00.000,170.252,171.134,170.06,171.08,0.486337899
26.01.2018 19:00:00.000,171.081,171.55,170.804,171.051,-0.017535553
26.01.2018 20:00:00.000,171.06,171.44,170.854,171.44,0.222144277
29.01.2018 14:00:00.000,168.36,168.88,167.23,168.66,0.178189594
29.01.2018 15:00:00.000,168.66,168.714,167.07,168.32,-0.201588996
29.01.2018 16:00:00.000,168.321,169.233,167.91,169.19,0.51627545
29.01.2018 17:00:00.000,169.19,169.203,168.44,168.78,-0.242331107
29.01.2018 18:00:00.000,168.794,168.99,168.45,168.5,-0.174176807
29.01.2018 19:00:00.000,168.5,168.531,167.76,168.2,-0.178041543
29.01.2018 20:00:00.000,168.2,168.535,167.804,168.14,-0.035671819
30.01.2018 14:00:00.000,165.83,166.913,165.794,166.7,0.524633661
30.01.2018 15:00:00.000,166.68,167.31,165.854,167.05,0.221982241
30.01.2018 16:00:00.000,167.07,167.36,165.742,165.901,-0.69970671
30.01.2018 17:00:00.000,165.92,166.455,165.861,166.003,0.050024108
30.01.2018 18:00:00.000,165.99,166.22,165.11,166.031,0.024700283
30.01.2018 19:00:00.000,166.03,166.65,165.951,166.312,0.169848823
30.01.2018 20:00:00.000,166.31,166.965,166.22,166.854,0.327099994
31.01.2018 14:00:00.000,168.07,168.44,167.324,167.56,-0.303444993
31.01.2018 15:00:00.000,167.563,168.22,167.35,167.53,-0.019694085
31.01.2018 16:00:00.000,167.532,167.7,166.72,166.793,-0.441109758
31.01.2018 17:00:00.000,166.783,167.24,166.65,166.701,-0.049165682
31.01.2018 18:00:00.000,166.7,167.155,166.673,167.02,0.191961608
31.01.2018 19:00:00.000,167.02,167.363,166.5,166.89,-0.07783499
31.01.2018 20:00:00.000,166.874,167.653,166.755,167.184,0.185768903
01.02.2018 14:00:00.000,167.35,168.084,166.754,167.82,0.280848521
01.02.2018 15:00:00.000,167.83,168.18,166.974,167.12,-0.423047131
01.02.2018 16:00:00.000,167.121,168.035,166.971,168.035,0.546909126
01.02.2018 17:00:00.000,168.04,168.61,167.72,167.795,-0.145798619
01.02.2018 18:00:00.000,167.8,168.16,167.323,167.44,-0.21454112
01.02.2018 19:00:00.000,167.442,168.12,167.12,168.104,0.395360782
01.02.2018 20:00:00.000,168.102,168.102,166.814,168.04,-0.036882369
02.02.2018 14:00:00.000,164.9,166.05,163.204,163.59,-0.794420861
02.02.2018 15:00:00.000,163.61,164.18,162.86,163.64,0.018336288
02.02.2018 16:00:00.000,163.632,163.852,162.73,162.93,-0.42901144
02.02.2018 17:00:00.000,162.931,163.13,162.423,162.693,-0.146074105
02.02.2018 18:00:00.000,162.66,162.69,160.895,162.37,-0.178285995
02.02.2018 19:00:00.000,162.37,162.42,160.994,161.62,-0.461907988
02.02.2018 20:00:00.000,161.62,161.862,160.24,160.3,-0.816730603
05.02.2018 14:00:00.000,160.14,163.2,159.72,163.13,1.867116273
05.02.2018 15:00:00.000,163.12,163.87,162.662,163.36,0.147130947
05.02.2018 16:00:00.000,163.38,163.84,161.1,161.633,-1.069286326
05.02.2018 17:00:00.000,161.63,162.033,160.68,161.5,-0.080430613
05.02.2018 18:00:00.000,161.501,162.46,160.755,162.403,0.558510474
05.02.2018 19:00:00.000,162.422,162.462,160.39,160.62,-1.109455616
05.02.2018 20:00:00.000,160.63,161.08,155.995,156.631,-2.489572309
06.02.2018 14:00:00.000,157.6,160.99,157.42,158.84,0.78680203
06.02.2018 15:00:00.000,158.79,160.32,156.212,157.82,-0.610869702
06.02.2018 16:00:00.000,157.86,159.36,156.512,158.504,0.407956417
06.02.2018 17:00:00.000,158.5,160.874,158.5,160.483,1.251104101
06.02.2018 18:00:00.000,160.483,160.69,158.98,159.314,-0.728426064
06.02.2018 19:00:00.000,159.26,161.92,158.62,161.764,1.572271757
06.02.2018 20:00:00.000,161.764,163.71,161.505,162.5,0.454983804
07.02.2018 14:00:00.000,161.35,162.152,161.16,161.96,0.378060118
07.02.2018 15:00:00.000,161.92,162.592,161.354,161.983,0.038908103
07.02.2018 16:00:00.000,162,162.38,161.27,161.682,-0.196296296
07.02.2018 17:00:00.000,161.693,161.825,160.11,160.47,-0.756371643
07.02.2018 18:00:00.000,160.5,161.37,159.05,161.152,0.40623053
07.02.2018 19:00:00.000,161.15,161.415,159.853,160.44,-0.440583307
07.02.2018 20:00:00.000,160.44,161.29,159.782,160.074,-0.228122663
08.02.2018 14:00:00.000,160.15,160.732,159.63,160.14,-0.006244146
08.02.2018 15:00:00.000,160.14,160.88,159.58,160.09,-0.03122268
08.02.2018 16:00:00.000,160.08,161,159.483,160.39,0.193653173
08.02.2018 17:00:00.000,160.39,160.53,157.865,158.74,-1.02874244
08.02.2018 18:00:00.000,158.7,160.21,158.422,159.814,0.701953371
08.02.2018 19:00:00.000,159.815,160.104,158.47,158.84,-0.610080405
08.02.2018 20:00:00.000,158.83,159.37,156.63,157.001,-1.151545678
09.02.2018 14:00:00.000,157.15,157.65,155.814,157.153,0.001909004
09.02.2018 15:00:00.000,157.14,157.88,154.715,155.874,-0.805651012
09.02.2018 16:00:00.000,155.92,156.44,154.85,154.941,-0.627886095
09.02.2018 17:00:00.000,154.94,155.32,151.49,153.92,-0.658319349
09.02.2018 18:00:00.000,153.91,153.91,150.241,151.753,-1.401468391
09.02.2018 19:00:00.000,151.722,155.463,151.602,154.73,1.982573391
09.02.2018 20:00:00.000,154.704,157.164,153.46,156.67,1.270813941
12.02.2018 14:00:00.000,158.3,160.29,158.152,159.573,0.804169299
12.02.2018 15:00:00.000,159.57,160.82,158.79,160.782,0.759541267
12.02.2018 16:00:00.000,160.773,162.11,160.533,162.07,0.806727498
12.02.2018 17:00:00.000,162.07,162.86,161.824,162.504,0.267785525
12.02.2018 18:00:00.000,162.522,162.98,161.854,162.86,0.207971844
12.02.2018 19:00:00.000,162.87,163.27,162.5,163.102,0.142444895
12.02.2018 20:00:00.000,163.11,163.88,162.49,162.98,-0.079700815
13.02.2018 14:00:00.000,162.22,163.26,161.964,162.5,0.172605104
13.02.2018 15:00:00.000,162.463,163.78,162.262,163.61,0.706006906
13.02.2018 16:00:00.000,163.56,163.61,162.48,162.962,-0.365615065
13.02.2018 17:00:00.000,162.96,163.114,162.454,162.752,-0.127638684
13.02.2018 18:00:00.000,162.744,164.21,162.74,163.455,0.436882466
13.02.2018 19:00:00.000,163.465,164.42,163.37,164.29,0.504695195
13.02.2018 20:00:00.000,164.272,164.74,163.8,164.353,0.049308464
14.02.2018 14:00:00.000,163.78,164.294,163.301,163.642,-0.084259372
14.02.2018 15:00:00.000,163.65,165.54,163.361,165.355,1.041857623
14.02.2018 16:00:00.000,165.324,165.79,164.945,165.2,-0.075004234
14.02.2018 17:00:00.000,165.21,165.97,164.943,165.883,0.407360329
14.02.2018 18:00:00.000,165.89,166.19,165.644,166.071,0.109108445
14.02.2018 19:00:00.000,166.07,167.3,166.07,167.21,0.686457518
14.02.2018 20:00:00.000,167.213,167.51,167.013,167.451,0.142333431
15.02.2018 14:00:00.000,169.26,172.05,169.005,171.354,1.237149947
15.02.2018 15:00:00.000,171.364,171.474,169.633,169.653,-0.99845942
15.02.2018 16:00:00.000,169.68,171.68,169.203,171.33,0.97241867
15.02.2018 17:00:00.000,171.304,172.07,171.04,172,0.406295241
15.02.2018 18:00:00.000,172.01,172.76,171.64,171.97,-0.023254462
15.02.2018 19:00:00.000,171.97,173.01,171.97,172.85,0.51171716
15.02.2018 20:00:00.000,172.855,173.08,172.505,172.554,-0.17413439
16.02.2018 14:00:00.000,172.67,173.89,172.55,173.27,0.347483639
16.02.2018 15:00:00.000,173.28,174.58,172.62,174.02,0.427054478
16.02.2018 16:00:00.000,174.04,174.55,173.77,174.3,0.149390945
16.02.2018 17:00:00.000,174.31,174.81,173.833,174.28,-0.017210717
16.02.2018 18:00:00.000,174.292,174.505,172.68,173.084,-0.693089757
16.02.2018 19:00:00.000,173.083,173.753,172.512,173.38,0.171593975
16.02.2018 20:00:00.000,173.392,173.804,172.77,172.83,-0.324121067
20.02.2018 14:00:00.000,172.884,173.03,172.13,172.85,-0.019666366
20.02.2018 15:00:00.000,172.85,173.99,172.704,173.43,0.335551056
20.02.2018 16:00:00.000,173.424,174.25,173.34,174.06,0.366731248
20.02.2018 17:00:00.000,174.063,174.235,173.682,173.772,-0.167180848
20.02.2018 18:00:00.000,173.76,174.17,173.33,174.1,0.195672192
20.02.2018 19:00:00.000,174.113,174.153,171.505,172.57,-0.886206085
20.02.2018 20:00:00.000,172.59,172.78,171.422,171.913,-0.392259111
21.02.2018 14:00:00.000,173.233,173.57,172.71,173.022,-0.121801273
21.02.2018 15:00:00.000,173.032,173.76,172.803,173.7,0.386055758
21.02.2018 16:00:00.000,173.684,174.06,172.983,173.693,0.005181824
21.02.2018 17:00:00.000,173.7,173.73,172.65,173.08,-0.356937248
21.02.2018 18:00:00.000,173.07,173.42,172.752,173.31,0.138672214
21.02.2018 19:00:00.000,173.32,174.11,173.095,173.42,0.057696746
21.02.2018 20:00:00.000,173.42,173.48,171.55,171.763,-0.955483797
22.02.2018 14:00:00.000,173.222,173.33,172.36,172.743,-0.276523767
22.02.2018 15:00:00.000,172.78,173.89,172.413,173.453,0.389512675
22.02.2018 16:00:00.000,173.47,173.94,173.113,173.81,0.195999308
22.02.2018 17:00:00.000,173.82,173.902,172.74,173.02,-0.460246232
22.02.2018 18:00:00.000,173.002,173.38,172.31,172.84,-0.093640536
22.02.2018 19:00:00.000,172.85,173.34,172.1,172.22,-0.364477871
22.02.2018 20:00:00.000,172.24,172.99,171.82,172.46,0.127728751
23.02.2018 14:00:00.000,174.331,174.482,173.6,174.075,-0.14684709
23.02.2018 15:00:00.000,174.08,174.44,173.54,174.39,0.178079044
23.02.2018 16:00:00.000,174.394,174.78,174.13,174.66,0.152528183
23.02.2018 17:00:00.000,174.66,174.75,174.264,174.57,-0.051528684
23.02.2018 18:00:00.000,174.57,174.572,174.164,174.53,-0.022913444
23.02.2018 19:00:00.000,174.531,174.99,174.27,174.98,0.257260888
23.02.2018 20:00:00.000,174.97,175.64,174.95,175.3,0.188603761
26.02.2018 14:00:00.000,177.252,177.99,177.252,177.72,0.264030871
26.02.2018 15:00:00.000,177.71,178.4,177.294,177.66,-0.028135727
26.02.2018 16:00:00.000,177.66,178.99,177.593,178.83,0.658561297
26.02.2018 17:00:00.000,178.82,179.13,178.343,178.52,-0.167766469
26.02.2018 18:00:00.000,178.532,178.99,178.502,178.942,0.229650707
26.02.2018 19:00:00.000,178.94,179.38,178.92,179.01,0.039119258
26.02.2018 20:00:00.000,178.99,179.29,178.5,178.62,-0.206715459
27.02.2018 14:00:00.000,179.694,179.89,179.015,179.39,-0.169176489
27.02.2018 15:00:00.000,179.38,180.46,178.794,179.03,-0.195116512
27.02.2018 16:00:00.000,179.05,179.55,178.7,178.76,-0.161965931
27.02.2018 17:00:00.000,178.76,179.42,178.15,179.35,0.330051466
27.02.2018 18:00:00.000,179.341,179.91,179.11,179.47,0.07193001
27.02.2018 19:00:00.000,179.481,179.77,178.973,179.503,0.012257565
27.02.2018 20:00:00.000,179.5,179.655,178.701,178.785,-0.398328691
28.02.2018 14:00:00.000,179.2,179.92,179.14,179.85,0.362723214
28.02.2018 15:00:00.000,179.83,180.61,179.2,179.62,-0.116776956
28.02.2018 16:00:00.000,179.63,179.78,178.511,179.115,-0.28670044
28.02.2018 17:00:00.000,179.11,179.99,178.88,179.87,0.42432025
28.02.2018 18:00:00.000,179.86,180.34,179.465,180.3,0.244634716
28.02.2018 19:00:00.000,180.302,180.48,179.27,179.434,-0.481414516
28.02.2018 20:00:00.000,179.452,179.601,178.07,178.17,-0.714397165
01.03.2018 14:00:00.000,178.87,178.96,177.48,177.905,-0.539497959
01.03.2018 15:00:00.000,177.904,179.75,177.64,178.37,0.261939023
01.03.2018 16:00:00.000,178.382,178.97,178.17,178.35,-0.01793903
01.03.2018 17:00:00.000,178.332,178.421,175.8,175.97,-1.324495884
01.03.2018 18:00:00.000,175.94,175.94,173.27,173.295,-1.503353416
01.03.2018 19:00:00.000,173.31,175.07,172.68,174.93,0.934741215
01.03.2018 20:00:00.000,174.942,175.842,173.925,175.29,0.198923072
02.03.2018 14:00:00.000,173.73,174.052,172.454,173.535,-0.112243136
02.03.2018 15:00:00.000,173.521,175.24,173.29,174.55,0.593011797
02.03.2018 16:00:00.000,174.524,175.27,174.01,175.064,0.309413032
02.03.2018 17:00:00.000,175.054,176.12,174.871,175.802,0.42729672
02.03.2018 18:00:00.000,175.815,175.901,174.14,174.8,-0.577311378
02.03.2018 19:00:00.000,174.82,175.77,174.73,175.015,0.111543302
02.03.2018 20:00:00.000,175.03,176.073,174.613,176.04,0.577043935
05.03.2018 14:00:00.000,176.45,176.46,174.52,175.31,-0.646075375
05.03.2018 15:00:00.000,175.3,176.45,174.77,176.38,0.616086708
05.03.2018 16:00:00.000,176.38,177.42,176.16,177.28,0.510261934
05.03.2018 17:00:00.000,177.27,177.59,176.73,177.37,0.056411124
05.03.2018 18:00:00.000,177.38,177.73,176.83,177.4,0.011275228
05.03.2018 19:00:00.000,177.4,177.41,176.45,177.35,-0.028184893
05.03.2018 20:00:00.000,177.35,177.59,176.81,177,-0.197349873
06.03.2018 14:00:00.000,177.9,178.23,177.41,177.89,-0.005621135
06.03.2018 15:00:00.000,177.9,178.25,176.8,177.04,-0.48341765
06.03.2018 16:00:00.000,177.03,177.06,176.34,176.95,-0.045190081
06.03.2018 17:00:00.000,176.95,177.41,176.56,177.39,0.248657813
06.03.2018 18:00:00.000,177.4,177.53,176.34,176.48,-0.518602029
06.03.2018 19:00:00.000,176.47,176.99,176.14,176.7,0.130333768
06.03.2018 20:00:00.000,176.68,176.82,176.2,176.41,-0.152818655
07.03.2018 14:00:00.000,175.26,175.85,174.81,174.86,-0.228232341
07.03.2018 15:00:00.000,174.85,175.46,174.65,175.32,0.26880183
07.03.2018 16:00:00.000,175.33,175.35,174.68,174.72,-0.34791536
07.03.2018 17:00:00.000,174.71,175.34,174.26,175.22,0.291912312
07.03.2018 18:00:00.000,175.21,175.7,174.44,175.25,0.022829747
07.03.2018 19:00:00.000,175.24,175.6,174.9,175.04,-0.114129194
07.03.2018 20:00:00.000,175.03,175.57,174.88,174.93,-0.057133063
08.03.2018 14:00:00.000,175.76,175.91,175.23,175.33,-0.244651798
08.03.2018 15:00:00.000,175.32,175.69,175.07,175.48,0.091261693
08.03.2018 16:00:00.000,175.5,176.49,175.43,176.41,0.518518519
08.03.2018 17:00:00.000,176.43,176.7,176.06,176.61,0.102023465
08.03.2018 18:00:00.000,176.62,176.95,176.06,176.64,0.011323746
08.03.2018 19:00:00.000,176.65,177.09,176.25,176.96,0.175488254
08.03.2018 20:00:00.000,176.94,177.1,176.27,176.61,-0.1865039
09.03.2018 14:00:00.000,177.78,178.04,177.38,177.98,0.112498594
09.03.2018 15:00:00.000,177.97,178.9,177.94,178.59,0.348373321
09.03.2018 16:00:00.000,178.6,179.62,178.56,179.42,0.45912654
09.03.2018 17:00:00.000,179.44,179.65,178.92,179.082,-0.199509585
09.03.2018 18:00:00.000,179.09,179.521,178.911,179.5,0.228935172
09.03.2018 19:00:00.000,179.512,179.71,179.27,179.64,0.071304425
09.03.2018 20:00:00.000,179.64,179.98,179.56,179.78,0.077933645
12.03.2018 14:00:00.000,180.51,181.91,180.51,181.37,0.476427899
12.03.2018 15:00:00.000,181.373,182.19,181.373,181.591,0.120194296
12.03.2018 16:00:00.000,181.594,181.882,180.86,181.88,0.15749419
12.03.2018 17:00:00.000,181.881,182.07,181.653,181.733,-0.081371886
12.03.2018 18:00:00.000,181.75,182.18,181.6,181.64,-0.060522696
12.03.2018 19:00:00.000,181.641,181.793,181.06,181.7,0.032481653
12.03.2018 20:00:00.000,181.7,182.38,181.53,181.88,0.099064392
13.03.2018 14:00:00.000,182.65,183.282,182.57,183.16,0.279222557
13.03.2018 15:00:00.000,183.172,183.49,182.51,182.72,-0.246762606
13.03.2018 16:00:00.000,182.7,182.752,181.34,181.904,-0.435686918
13.03.2018 17:00:00.000,181.922,182.203,180.81,181.99,0.037378657
13.03.2018 18:00:00.000,181.99,182.53,181.343,181.41,-0.31869883
13.03.2018 19:00:00.000,181.42,181.712,180.46,180.903,-0.284974093
13.03.2018 20:00:00.000,180.914,181.14,179.23,180.13,-0.433355075
14.03.2018 14:00:00.000,179.472,179.495,178.555,179.02,-0.251849871
14.03.2018 15:00:00.000,179.031,179.78,178.304,179.02,-0.006144187
14.03.2018 16:00:00.000,179.03,179.265,177.81,178.31,-0.402167235
14.03.2018 17:00:00.000,178.33,179.073,178.034,178.953,0.349352324
14.03.2018 18:00:00.000,178.95,179.613,178.46,179.37,0.234702431
14.03.2018 19:00:00.000,179.382,179.54,178.182,178.64,-0.413642394
14.03.2018 20:00:00.000,178.64,178.705,177.99,178.404,-0.13210927
15.03.2018 14:00:00.000,178.55,178.75,178.272,178.632,0.045925511
15.03.2018 15:00:00.000,178.63,179.73,178.63,179.49,0.481442087
15.03.2018 16:00:00.000,179.484,180.21,179.441,179.78,0.164917207
15.03.2018 17:00:00.000,179.791,179.87,179.154,179.512,-0.155180181
15.03.2018 18:00:00.000,179.51,179.614,178.1,178.183,-0.739234583
15.03.2018 19:00:00.000,178.17,178.95,178.07,178.94,0.432171522
15.03.2018 20:00:00.000,178.94,179.251,178.603,178.652,-0.160947804
16.03.2018 14:00:00.000,178.55,179.12,178.14,178.67,0.067208065
16.03.2018 15:00:00.000,178.672,178.843,178.303,178.601,-0.03973762
16.03.2018 16:00:00.000,178.6,178.743,177.61,177.73,-0.48712206
16.03.2018 17:00:00.000,177.743,178.593,177.69,178.572,0.46640374
16.03.2018 18:00:00.000,178.571,178.71,178.25,178.532,-0.021840052
16.03.2018 19:00:00.000,178.54,178.69,178.19,178.643,0.057690153
16.03.2018 20:00:00.000,178.642,178.733,178.232,178.33,-0.174650978
19.03.2018 14:00:00.000,176.84,177.083,176.3,176.805,-0.019791902
19.03.2018 15:00:00.000,176.8,176.88,175.57,175.832,-0.547511312
19.03.2018 16:00:00.000,175.83,176.023,174.5,174.67,-0.659728147
19.03.2018 17:00:00.000,174.68,175.384,174.025,174.512,-0.096175864
19.03.2018 18:00:00.000,174.5,174.74,173.653,174.48,-0.011461318
19.03.2018 19:00:00.000,174.49,174.87,173.825,174.64,0.085964812
19.03.2018 20:00:00.000,174.64,175.33,174.32,174.993,0.202130096
20.03.2018 14:00:00.000,176.522,176.78,176.031,176.22,-0.171083491
20.03.2018 15:00:00.000,176.233,176.4,175.504,176.144,-0.050501325
20.03.2018 16:00:00.000,176.152,176.35,175.372,175.65,-0.284981153
20.03.2018 17:00:00.000,175.66,176.29,175.544,175.85,0.108163498
20.03.2018 18:00:00.000,175.85,175.952,174.99,175.12,-0.415126528
20.03.2018 19:00:00.000,175.132,175.762,174.94,175.671,0.307767855
20.03.2018 20:00:00.000,175.68,175.94,175.14,175.191,-0.278346995
21.03.2018 14:00:00.000,174.814,174.872,174.34,174.421,-0.22481037
21.03.2018 15:00:00.000,174.43,174.58,173.71,174.09,-0.194920599
21.03.2018 16:00:00.000,174.092,174.3,173.91,174.223,0.07524757
21.03.2018 17:00:00.000,174.222,174.252,173.885,173.89,-0.190561468
21.03.2018 18:00:00.000,173.893,173.893,173.063,173.46,-0.249003698
21.03.2018 19:00:00.000,173.48,174.18,171.322,171.921,-0.89866267
21.03.2018 20:00:00.000,171.93,172.57,171.51,171.641,-0.168091665
22.03.2018 14:00:00.000,169.79,170.35,169.53,169.783,-0.00412274
22.03.2018 15:00:00.000,169.78,170.38,169.17,169.313,-0.275061845
22.03.2018 16:00:00.000,169.322,169.97,168.93,169.561,0.141151179
22.03.2018 17:00:00.000,169.56,171.283,169.303,170.562,0.59094126
22.03.2018 18:00:00.000,170.54,172.67,170.08,172.104,0.9170869
22.03.2018 19:00:00.000,172.094,172.404,170.724,170.815,-0.743198485
22.03.2018 20:00:00.000,170.813,171.32,168.89,168.98,-1.073103335
23.03.2018 14:00:00.000,168.691,169.052,167.54,168.931,0.142271965
23.03.2018 15:00:00.000,168.96,169.65,168.223,169.62,0.390625
23.03.2018 16:00:00.000,169.611,169.74,167.38,167.434,-1.283525243
23.03.2018 17:00:00.000,167.44,168.57,167.38,167.79,0.2090301
23.03.2018 18:00:00.000,167.79,169.91,167.601,169.72,1.150247333
23.03.2018 19:00:00.000,169.72,169.865,167.115,167.115,-1.53488098
23.03.2018 20:00:00.000,167.13,167.643,164.99,165.02,-1.262490277
26.03.2018 14:00:00.000,168.012,169.87,167.813,169.414,0.834464205
26.03.2018 15:00:00.000,169.4,169.72,167.91,168.22,-0.696576151
26.03.2018 16:00:00.000,168.23,168.58,166.42,167.683,-0.325150092
26.03.2018 17:00:00.000,167.683,169.194,167.29,168.74,0.630356089
26.03.2018 18:00:00.000,168.73,169.97,168.72,169.473,0.440348486
26.03.2018 19:00:00.000,169.5,171.95,169.5,171.5,1.179941003
26.03.2018 20:00:00.000,171.5,172.93,171.421,172.802,0.759183673
27.03.2018 14:00:00.000,174.28,175.13,174.094,174.62,0.195088364
27.03.2018 15:00:00.000,174.65,174.65,173.15,173.475,-0.67277412
27.03.2018 16:00:00.000,173.453,174.605,172.89,174.33,0.505612471
27.03.2018 17:00:00.000,174.32,174.65,172.62,173.213,-0.635039009
27.03.2018 18:00:00.000,173.24,173.61,171.35,171.75,-0.860078504
27.03.2018 19:00:00.000,171.753,171.753,169.69,169.87,-1.09634184
27.03.2018 20:00:00.000,169.871,170.02,167.005,167.731,-1.25977948
28.03.2018 14:00:00.000,167.24,167.514,165.18,166.954,-0.17101172
28.03.2018 15:00:00.000,166.944,167.74,165.34,166.504,-0.263561434
28.03.2018 16:00:00.000,166.5,168.93,166.5,167.992,0.896096096
28.03.2018 17:00:00.000,168.025,170.004,167.07,167.172,-0.50766255
28.03.2018 18:00:00.000,167.15,168.723,166.71,167.724,0.343404128
28.03.2018 19:00:00.000,167.7,168.212,166.75,166.99,-0.423375075
28.03.2018 20:00:00.000,166.973,167.76,165.92,166.91,-0.037730651
29.03.2018 14:00:00.000,168.035,168.22,166.933,167.24,-0.47311572
29.03.2018 15:00:00.000,167.231,170.36,166.89,170.36,1.871064575
29.03.2018 16:00:00.000,170.34,170.615,169.1,169.793,-0.321122461
29.03.2018 17:00:00.000,169.8,170.194,169.07,170.04,0.141342756
29.03.2018 18:00:00.000,170.034,170.95,169.223,170.68,0.379924015
29.03.2018 19:00:00.000,170.68,171.564,170.26,171.33,0.380829623
29.03.2018 20:00:00.000,171.334,171.745,169.26,169.41,-1.122952829
02.04.2018 14:00:00.000,168.374,168.93,167.333,167.884,-0.291018803
02.04.2018 15:00:00.000,167.891,167.973,166.84,166.97,-0.548570203
02.04.2018 16:00:00.000,166.963,167.113,164.82,165.32,-0.984050358
02.04.2018 17:00:00.000,165.321,166.551,164.74,165.715,0.23832423
02.04.2018 18:00:00.000,165.7,165.93,164.85,165.204,-0.29933615
02.04.2018 19:00:00.000,165.2,166.115,164.472,166.1,0.544794189
02.04.2018 20:00:00.000,166.09,167.052,165.31,166.93,0.505749895
03.04.2018 14:00:00.000,166.655,167.78,166.42,166.7,0.02700189
03.04.2018 15:00:00.000,166.703,166.73,164.88,166.45,-0.151766915
03.04.2018 16:00:00.000,166.47,167.59,165.693,165.7,-0.462545804
03.04.2018 17:00:00.000,165.72,166.49,165.36,166.11,0.235336713
03.04.2018 18:00:00.000,166.12,167.13,165.75,166.93,0.487599326
03.04.2018 19:00:00.000,166.93,167.642,165.603,167.47,0.323488888
03.04.2018 20:00:00.000,167.443,168.72,167.203,168.071,0.375053003
04.04.2018 14:00:00.000,166.381,166.91,165.81,166.34,-0.024642237
04.04.2018 15:00:00.000,166.391,168.09,165.611,168.07,1.009069
04.04.2018 16:00:00.000,168.05,169.79,167.41,169.405,0.806307647
04.04.2018 17:00:00.000,169.4,170.52,169.27,169.6,0.118063754
04.04.2018 18:00:00.000,169.61,169.714,168.47,169.401,-0.123223867
04.04.2018 19:00:00.000,169.42,170.99,169.35,170.93,0.891276119
04.04.2018 20:00:00.000,170.904,171.99,170.673,171.85,0.553527126
05.04.2018 14:00:00.000,173.284,173.551,172.592,172.985,-0.17254911
05.04.2018 15:00:00.000,172.97,173.083,172.342,172.91,-0.034688096
05.04.2018 16:00:00.000,172.911,174.173,172.87,174.15,0.716553603
05.04.2018 17:00:00.000,174.165,174.222,173.06,173.794,-0.213016393
05.04.2018 18:00:00.000,173.81,174.055,172.46,173.17,-0.368218169
05.04.2018 19:00:00.000,173.18,174.022,173.06,174.003,0.475228086
05.04.2018 20:00:00.000,174,174.193,172.67,173.38,-0.356321839
06.04.2018 14:00:00.000,171.924,172.47,171.451,172.1,0.102370815
06.04.2018 15:00:00.000,172.1,172.222,170.31,170.66,-0.836722836
06.04.2018 16:00:00.000,170.644,171.04,169.721,170.88,0.138299618
06.04.2018 17:00:00.000,170.88,171.28,169.95,171.203,0.189021536
06.04.2018 18:00:00.000,171.182,171.182,169.08,169.103,-1.214496851
06.04.2018 19:00:00.000,169.1,169.57,168.43,168.722,-0.223536369
06.04.2018 20:00:00.000,168.75,169.23,168.203,168.9,0.088888889
09.04.2018 14:00:00.000,170.765,171.6,170.454,171.343,0.338476854
09.04.2018 15:00:00.000,171.36,171.95,170.815,171.754,0.229925303
09.04.2018 16:00:00.000,171.753,172.47,171.37,172.44,0.399993013
09.04.2018 17:00:00.000,172.445,172.972,171.94,172.79,0.200063788
09.04.2018 18:00:00.000,172.805,173.03,172.56,172.973,0.097219409
09.04.2018 19:00:00.000,172.98,173.02,171.54,172.4,-0.335298878
09.04.2018 20:00:00.000,172.4,172.445,170.26,170.65,-1.015081206
10.04.2018 14:00:00.000,172.745,173.5,171.92,172.392,-0.204347449
10.04.2018 15:00:00.000,172.39,173.45,172.313,173.191,0.464644121
10.04.2018 16:00:00.000,173.2,173.49,172.521,173.18,-0.011547344
10.04.2018 17:00:00.000,173.171,173.253,171.56,172.57,-0.3470558
10.04.2018 18:00:00.000,172.59,173.19,172.37,173.17,0.33605655
10.04.2018 19:00:00.000,173.18,173.39,172.54,173.382,0.116641645
10.04.2018 20:00:00.000,173.373,173.96,173.062,173.13,-0.140160233
11.04.2018 14:00:00.000,172.274,172.73,171.932,172.66,0.224061669
11.04.2018 15:00:00.000,172.66,173.23,172.103,172.75,0.052125565
11.04.2018 16:00:00.000,172.74,173.48,172.26,173.252,0.296399213
11.04.2018 17:00:00.000,173.242,173.92,172.69,173,-0.13968899
11.04.2018 18:00:00.000,172.993,173.394,172.62,173.273,0.16185626
11.04.2018 19:00:00.000,173.28,173.634,172.851,173.174,-0.061172669
11.04.2018 20:00:00.000,173.173,173.29,172.07,172.201,-0.561288423
12.04.2018 14:00:00.000,173.423,174.52,173.35,174.48,0.609492397
12.04.2018 15:00:00.000,174.47,174.74,174.19,174.352,-0.067633404
12.04.2018 16:00:00.000,174.341,174.853,174.11,174.55,0.119880005
12.04.2018 17:00:00.000,174.55,174.85,174.252,174.814,0.151246061
12.04.2018 18:00:00.000,174.812,174.86,173.71,174.05,-0.435896849
12.04.2018 19:00:00.000,174.04,174.803,173.944,174.74,0.402206389
12.04.2018 20:00:00.000,174.751,174.98,174.253,174.284,-0.267237383
13.04.2018 14:00:00.000,175.353,175.83,175.12,175.24,-0.064441441
13.04.2018 15:00:00.000,175.24,175.28,173.85,174.58,-0.376626341
13.04.2018 16:00:00.000,174.57,175.32,174.113,175.2,0.36088675
13.04.2018 17:00:00.000,175.2,175.34,174.674,175.102,-0.055936073
13.04.2018 18:00:00.000,175.103,175.47,174.97,175.42,0.181036304
13.04.2018 19:00:00.000,175.42,175.445,174.6,174.773,-0.368829096
13.04.2018 20:00:00.000,174.77,174.99,174.08,174.873,0.0589346
16.04.2018 14:00:00.000,175.37,175.99,175.25,175.653,0.161373097
16.04.2018 15:00:00.000,175.663,175.96,175.034,175.32,-0.195260243
16.04.2018 16:00:00.000,175.33,175.65,174.923,175.514,0.104944961
16.04.2018 17:00:00.000,175.511,175.98,175.091,175.9,0.22163853
16.04.2018 18:00:00.000,175.92,176.18,175.8,175.99,0.039790814
16.04.2018 19:00:00.000,175.99,176.09,175.7,175.943,-0.026706063
16.04.2018 20:00:00.000,175.95,176.1,175.453,176.013,0.035805627
17.04.2018 14:00:00.000,176.804,177.37,176.804,176.984,0.101807651
17.04.2018 15:00:00.000,176.99,177.84,176.971,177.78,0.446352901
17.04.2018 16:00:00.000,177.8,178.48,177.8,178.38,0.326209224
17.04.2018 17:00:00.000,178.39,178.65,177.99,178.17,-0.123325299
17.04.2018 18:00:00.000,178.16,178.483,177.834,178.44,0.157162101
17.04.2018 19:00:00.000,178.43,178.66,178.22,178.463,0.018494648
17.04.2018 20:00:00.000,178.47,178.93,178.14,178.2,-0.15128593
18.04.2018 14:00:00.000,178.444,178.82,177.58,177.7,-0.416937527
18.04.2018 15:00:00.000,177.69,177.72,176.88,177.68,-0.005627779
18.04.2018 16:00:00.000,177.68,178.13,177.64,177.94,0.146330482
18.04.2018 17:00:00.000,177.945,178.321,177.72,177.9,-0.025288713
18.04.2018 18:00:00.000,177.9,178.305,177.86,177.92,0.011242271
18.04.2018 19:00:00.000,177.92,178.635,177.783,178.302,0.214703237
18.04.2018 20:00:00.000,178.31,178.71,177.83,177.942,-0.206382143
19.04.2018 14:00:00.000,174.94,175.002,174.11,174.532,-0.233222819
19.04.2018 15:00:00.000,174.54,174.63,173.65,173.71,-0.475535694
19.04.2018 16:00:00.000,173.701,174.002,173.26,173.4,-0.173286279
19.04.2018 17:00:00.000,173.393,173.792,173.15,173.332,-0.035180198
19.04.2018 18:00:00.000,173.34,173.972,173.21,173.87,0.305757471
19.04.2018 19:00:00.000,173.86,173.944,172.66,173.112,-0.430231221
19.04.2018 20:00:00.000,173.111,173.53,172.772,172.91,-0.116110472
20.04.2018 14:00:00.000,168.703,169.07,166.87,167.382,-0.783032904
20.04.2018 15:00:00.000,167.38,168.093,166.73,166.95,-0.256900466
20.04.2018 16:00:00.000,166.942,167.27,166.52,166.893,-0.029351511
20.04.2018 17:00:00.000,166.9,166.99,165.59,165.932,-0.579988017
20.04.2018 18:00:00.000,165.915,166.45,165.685,165.85,-0.039176687
20.04.2018 19:00:00.000,165.852,166.095,165.52,165.84,-0.007235366
20.04.2018 20:00:00.000,165.833,166.392,165.432,165.981,0.089246411
23.04.2018 14:00:00.000,166.13,166.57,165.21,165.913,-0.130620598
23.04.2018 15:00:00.000,165.92,166.79,165.593,166.58,0.397782064
23.04.2018 16:00:00.000,166.58,166.74,166.343,166.54,-0.024012486
23.04.2018 17:00:00.000,166.54,166.613,164.82,164.975,-0.939714183
23.04.2018 18:00:00.000,164.97,165.285,164.55,165.023,0.032127053
23.04.2018 19:00:00.000,165.02,165.12,164.08,164.293,-0.44055266
23.04.2018 20:00:00.000,164.291,165.24,164.22,165.061,0.468680573
24.04.2018 14:00:00.000,165.67,166.32,164.76,165.29,-0.229371642
24.04.2018 15:00:00.000,165.27,165.441,163.42,164.173,-0.663762328
24.04.2018 16:00:00.000,164.172,164.625,163.643,163.68,-0.299685695
24.04.2018 17:00:00.000,163.672,164.171,162.36,162.36,-0.801603206
24.04.2018 18:00:00.000,162.34,163.342,162.07,162.312,-0.017247752
24.04.2018 19:00:00.000,162.301,162.88,161.22,162.652,0.216264841
24.04.2018 20:00:00.000,162.674,163.041,161.94,162.931,0.157984681
25.04.2018 14:00:00.000,163.193,164.56,163.07,163.675,0.295355806
25.04.2018 15:00:00.000,163.671,165.02,163.112,164.79,0.683688619
25.04.2018 16:00:00.000,164.79,165.14,164.034,164.503,-0.174161053
25.04.2018 17:00:00.000,164.5,165.092,164.103,164.7,0.121580547
25.04.2018 18:00:00.000,164.7,165.41,164.633,164.99,0.176077717
25.04.2018 19:00:00.000,164.99,165.052,164.171,164.993,0.001818292
25.04.2018 20:00:00.000,164.991,165.16,163.342,163.53,-0.885502846
26.04.2018 14:00:00.000,164.552,165.05,164.46,164.862,0.188390296
26.04.2018 15:00:00.000,164.88,165.59,164.531,165.582,0.425764192
26.04.2018 16:00:00.000,165.585,165.71,164.343,164.555,-0.62203702
26.04.2018 17:00:00.000,164.553,164.63,163.66,164.08,-0.287445382
26.04.2018 18:00:00.000,164.09,164.48,163.94,164.154,0.039002986
26.04.2018 19:00:00.000,164.16,164.29,163.37,164.191,0.018884016
26.04.2018 20:00:00.000,164.2,164.403,163.702,164.13,-0.042630938
27.04.2018 14:00:00.000,163.54,163.753,161.94,162.04,-0.9172068
27.04.2018 15:00:00.000,162.03,162.174,160.63,161.69,-0.209837684
27.04.2018 16:00:00.000,161.69,162.59,161.522,161.683,-0.004329272
27.04.2018 17:00:00.000,161.682,162.31,161.433,162.31,0.388416769
27.04.2018 18:00:00.000,162.31,162.805,162.09,162.2,-0.067771548
27.04.2018 19:00:00.000,162.2,163.2,162.13,162.85,0.400739827
27.04.2018 20:00:00.000,162.85,163.18,162.42,162.44,-0.251765428
30.04.2018 14:00:00.000,163.76,167.02,163.76,166.24,1.514411334
30.04.2018 15:00:00.000,166.24,167.25,165.89,166.2,-0.024061598
30.04.2018 16:00:00.000,166.22,166.4,165.03,165.5,-0.433160871
30.04.2018 17:00:00.000,165.5,165.64,164.72,165.24,-0.157099698
30.04.2018 18:00:00.000,165.23,165.5,164.4,165.43,0.121043394
30.04.2018 19:00:00.000,165.41,165.44,164.43,164.7,-0.429236443
30.04.2018 20:00:00.000,164.68,165.98,164.63,165.45,0.467573476
01.05.2018 14:00:00.000,166.35,166.96,165.28,166.81,0.276525398
01.05.2018 15:00:00.000,166.85,168.11,166.75,166.97,0.071920887
01.05.2018 16:00:00.000,166.95,167.28,166.5,167.09,0.083857442
01.05.2018 17:00:00.000,167.08,168.18,167.07,167.56,0.287287527
01.05.2018 18:00:00.000,167.57,168.07,166.93,168.03,0.274512144
01.05.2018 19:00:00.000,168.02,168.12,167.54,167.93,-0.053565052
01.05.2018 20:00:00.000,167.93,168.99,167.81,168.96,0.613350801
02.05.2018 14:00:00.000,174.6,176.06,173.81,175.45,0.486827033
02.05.2018 15:00:00.000,175.49,176.73,175.49,175.9,0.233631546
02.05.2018 16:00:00.000,175.92,176.58,175.2,175.97,0.02842201
02.05.2018 17:00:00.000,175.95,176.74,175.77,176.22,0.153452685
02.05.2018 18:00:00.000,176.22,176.99,176.16,176.98,0.431279083
02.05.2018 19:00:00.000,176.98,177.74,176.87,177.43,0.254266019
02.05.2018 20:00:00.000,177.43,177.64,176.17,176.43,-0.563602547
03.05.2018 14:00:00.000,175.88,176.72,174.81,176.66,0.443484194
03.05.2018 15:00:00.000,176.65,176.69,174.45,174.79,-1.052929522
03.05.2018 16:00:00.000,174.78,175.72,174.49,175.5,0.411946447
03.05.2018 17:00:00.000,175.52,176.88,174.96,176.83,0.746353692
03.05.2018 18:00:00.000,176.83,177.32,176.42,176.91,0.045241192
03.05.2018 19:00:00.000,176.92,177.49,176.58,176.88,-0.022609089
03.05.2018 20:00:00.000,176.88,177.21,176.56,176.8,-0.045228403
04.05.2018 14:00:00.000,179.21,181.2,179.2,181.18,1.099269014
04.05.2018 15:00:00.000,181.2,183.63,180.56,182.88,0.927152318
04.05.2018 16:00:00.000,182.87,183.21,182.52,182.67,-0.10936731
04.05.2018 17:00:00.000,182.68,183.85,182.55,183.35,0.36676155
04.05.2018 18:00:00.000,183.38,183.67,182.73,183.65,0.147235249
04.05.2018 19:00:00.000,183.64,183.99,183.27,183.69,0.027227184
04.05.2018 20:00:00.000,183.69,184.24,183.67,183.71,0.010887909
07.05.2018 14:00:00.000,186.35,186.87,185.88,186.49,0.075127448
07.05.2018 15:00:00.000,186.46,187.66,185.91,187.36,0.48267725
07.05.2018 16:00:00.000,187.36,187.47,186.81,187.37,0.005337319
07.05.2018 17:00:00.000,187.38,187.41,185.17,185.66,-0.917920803
07.05.2018 18:00:00.000,185.64,186.36,184.83,186.25,0.328592976
07.05.2018 19:00:00.000,186.23,186.57,185.29,185.48,-0.40272781
07.05.2018 20:00:00.000,185.48,185.96,184.75,185.14,-0.183308173
08.05.2018 14:00:00.000,184.69,184.97,183.69,184.36,-0.178677784
08.05.2018 15:00:00.000,184.32,185.64,184.3,185.14,0.444878472
08.05.2018 16:00:00.000,185.14,186.2,184.95,185.21,0.037809225
08.05.2018 17:00:00.000,185.18,185.62,184.9,185.13,-0.027000756
08.05.2018 18:00:00.000,185.12,185.47,185,185.05,-0.03781331
08.05.2018 19:00:00.000,185.05,185.83,184.45,184.95,-0.054039449
08.05.2018 20:00:00.000,184.97,185.99,184.78,185.9,0.502784235
09.05.2018 14:00:00.000,186.25,186.31,185.66,185.71,-0.289932886
09.05.2018 15:00:00.000,185.7,186.12,185.21,185.47,-0.123855681
09.05.2018 16:00:00.000,185.5,185.99,185.36,185.89,0.210242588
09.05.2018 17:00:00.000,185.91,186.44,185.66,186.24,0.177505244
09.05.2018 18:00:00.000,186.25,186.83,186.09,186.81,0.300671141
09.05.2018 19:00:00.000,186.82,186.98,186.51,186.96,0.074938443
09.05.2018 20:00:00.000,186.94,187.27,186.9,187.15,0.112335509
10.05.2018 14:00:00.000,187.97,188.55,187.82,187.99,0.010639996
10.05.2018 15:00:00.000,188,188.71,187.73,188.67,0.356382979
10.05.2018 16:00:00.000,188.66,189.84,188.59,189.77,0.588360013
10.05.2018 17:00:00.000,189.77,189.99,189.44,189.84,0.036886758
10.05.2018 18:00:00.000,189.85,190.36,189.67,189.89,0.021069265
10.05.2018 19:00:00.000,189.88,190.18,189.46,189.96,0.042131873
10.05.2018 20:00:00.000,189.95,190.2,189.71,189.94,-0.005264543
11.05.2018 14:00:00.000,189.82,189.82,188.6,189.5,-0.168580761
11.05.2018 15:00:00.000,189.51,189.57,188.98,189.24,-0.142472693
11.05.2018 16:00:00.000,189.24,189.24,188.43,189,-0.126823082
11.05.2018 17:00:00.000,189.01,189.08,188.25,188.55,-0.243373366
11.05.2018 18:00:00.000,188.56,188.83,188.4,188.64,0.042426814
11.05.2018 19:00:00.000,188.65,188.69,187.44,187.65,-0.530082163
11.05.2018 20:00:00.000,187.63,188.72,187.63,188.33,0.373074668
14.05.2018 14:00:00.000,188.9,189.13,188.34,188.41,-0.259396506
14.05.2018 15:00:00.000,188.42,189.42,188.27,188.9,0.254750027
14.05.2018 16:00:00.000,188.91,189.44,188.82,188.99,0.042348208
14.05.2018 17:00:00.000,188.99,189.27,188.77,188.8,-0.10053442
14.05.2018 18:00:00.000,188.79,188.81,188.35,188.48,-0.164203612
14.05.2018 19:00:00.000,188.48,188.49,187.93,188.36,-0.063667233
14.05.2018 20:00:00.000,188.36,188.56,187.85,187.86,-0.26544914
15.05.2018 14:00:00.000,186.51,186.83,185.63,186.03,-0.257358855
15.05.2018 15:00:00.000,186.04,187.05,185.9,186.09,0.026875941
15.05.2018 16:00:00.000,186.08,186.48,185.77,186.08,0
15.05.2018 17:00:00.000,186.07,186.4,185.84,186.03,-0.021497286
15.05.2018 18:00:00.000,186.03,186.09,185.1,185.22,-0.435413643
15.05.2018 19:00:00.000,185.18,186.19,185.11,185.63,0.243006804
15.05.2018 20:00:00.000,185.63,186.3,185.57,186.22,0.317836557
16.05.2018 14:00:00.000,186.15,187.05,186.01,186.98,0.445876981
16.05.2018 15:00:00.000,186.99,188.37,186.85,187.86,0.465265522
16.05.2018 16:00:00.000,187.85,187.88,187.07,187.84,-0.005323396
16.05.2018 17:00:00.000,187.86,188.24,187.8,188.09,0.122431598
16.05.2018 18:00:00.000,188.1,188.21,187.82,188.1,0
16.05.2018 19:00:00.000,188.1,188.45,187.96,188.39,0.154173312
16.05.2018 20:00:00.000,188.38,188.39,187.59,187.92,-0.244187281
17.05.2018 14:00:00.000,187.85,188.11,187.28,187.36,-0.26084642
17.05.2018 15:00:00.000,187.36,188.89,187.32,188.86,0.80059778
17.05.2018 16:00:00.000,188.85,188.89,187.7,187.93,-0.487159121
17.05.2018 17:00:00.000,187.95,188.12,187.25,187.49,-0.244745943
17.05.2018 18:00:00.000,187.49,187.66,186.83,186.86,-0.336017921
17.05.2018 19:00:00.000,186.84,187.37,186.35,187.27,0.230143438
17.05.2018 20:00:00.000,187.28,187.39,186.8,187.07,-0.112131568
18.05.2018 14:00:00.000,186.77,187.31,186.47,186.71,-0.032125074
18.05.2018 15:00:00.000,186.74,187.81,186.45,186.89,0.080325586
18.05.2018 16:00:00.000,186.91,187.77,186.87,187.37,0.246107752
18.05.2018 17:00:00.000,187.38,187.49,187.06,187.33,-0.026683744
18.05.2018 18:00:00.000,187.34,187.47,186.68,186.8,-0.28824597
18.05.2018 19:00:00.000,186.8,186.91,186.61,186.88,0.042826552
18.05.2018 20:00:00.000,186.89,186.9,186.12,186.35,-0.288940018
21.05.2018 14:00:00.000,188.51,189.27,188.5,188.97,0.244018885
21.05.2018 15:00:00.000,189,189.27,188.33,188.57,-0.227513228
21.05.2018 16:00:00.000,188.58,188.65,187.11,187.6,-0.519673348
21.05.2018 17:00:00.000,187.62,188.05,187.55,187.83,0.111928366
21.05.2018 18:00:00.000,187.84,188.26,187.73,187.86,0.010647359
21.05.2018 19:00:00.000,187.86,187.87,186.91,187.32,-0.2874481
21.05.2018 20:00:00.000,187.31,187.66,187.08,187.58,0.144146068
22.05.2018 14:00:00.000,188.58,188.81,187.86,187.97,-0.323470145
22.05.2018 15:00:00.000,187.94,188.18,187.33,187.45,-0.260721507
22.05.2018 16:00:00.000,187.44,187.62,187.25,187.43,-0.005335041
22.05.2018 17:00:00.000,187.44,187.65,187.01,187.36,-0.042680324
22.05.2018 18:00:00.000,187.37,187.61,187.26,187.48,0.05870737
22.05.2018 19:00:00.000,187.46,187.85,187.38,187.46,0
22.05.2018 20:00:00.000,187.46,187.66,186.78,186.93,-0.282726982
23.05.2018 14:00:00.000,186.28,186.43,185.95,186.08,-0.107365257
23.05.2018 15:00:00.000,186.08,186.79,185.75,185.91,-0.091358555
23.05.2018 16:00:00.000,185.9,186.54,185.86,186.29,0.20979021
23.05.2018 17:00:00.000,186.29,186.97,186.21,186.91,0.332814429
23.05.2018 18:00:00.000,186.91,186.96,186.51,186.69,-0.117703708
23.05.2018 19:00:00.000,186.71,187.68,186.58,187.65,0.503454555
23.05.2018 20:00:00.000,187.64,188.28,187.57,188.16,0.277126412
24.05.2018 14:00:00.000,188.52,188.78,186.95,187.17,-0.716104392
24.05.2018 15:00:00.000,187.16,187.84,186.21,186.43,-0.390040607
24.05.2018 16:00:00.000,186.4,187.63,186.36,187.62,0.654506438
24.05.2018 17:00:00.000,187.61,188.04,187.51,187.97,0.191887426
24.05.2018 18:00:00.000,187.97,188.65,187.95,188.21,0.127679949
24.05.2018 19:00:00.000,188.21,188.53,187.99,188.17,-0.021252856
24.05.2018 20:00:00.000,188.16,188.5,187.93,187.97,-0.100977891
25.05.2018 14:00:00.000,187.7,188.53,187.69,188.45,0.399573788
25.05.2018 15:00:00.000,188.46,189.48,188.36,189.33,0.461636422
25.05.2018 16:00:00.000,189.33,189.64,189.07,189.38,0.026408916
25.05.2018 17:00:00.000,189.38,189.57,189.07,189.44,0.031682332
25.05.2018 18:00:00.000,189.44,189.62,188.78,188.85,-0.311444257
25.05.2018 19:00:00.000,188.84,188.97,188.34,188.61,-0.12179623
25.05.2018 20:00:00.000,188.61,188.74,188.31,188.62,0.005301946
29.05.2018 14:00:00.000,187.22,188.42,186.88,188.35,0.603567995
29.05.2018 15:00:00.000,188.37,188.73,187.81,188.14,-0.122100122
29.05.2018 16:00:00.000,188.13,188.18,187.03,187.23,-0.478392601
29.05.2018 17:00:00.000,187.22,187.8,186.93,187.65,0.229676317
29.05.2018 18:00:00.000,187.64,187.66,187.09,187.3,-0.181198039
29.05.2018 19:00:00.000,187.27,187.81,187,187.14,-0.069418487
29.05.2018 20:00:00.000,187.13,188.14,187.01,188.03,0.480949073
30.05.2018 14:00:00.000,187.26,187.81,187.05,187.12,-0.074762362
30.05.2018 15:00:00.000,187.11,187.4,186.77,187.06,-0.026722249
30.05.2018 16:00:00.000,187.07,187.29,186.81,187.1,0.016036778
30.05.2018 17:00:00.000,187.11,187.52,187,187.22,0.058788948
30.05.2018 18:00:00.000,187.21,187.5,186.96,187.34,0.069440735
30.05.2018 19:00:00.000,187.34,187.58,187.31,187.53,0.101419878
30.05.2018 20:00:00.000,187.53,187.67,187.1,187.64,0.058657282
31.05.2018 14:00:00.000,187.35,187.84,187.16,187.31,-0.021350414
31.05.2018 15:00:00.000,187.33,187.43,186.14,186.57,-0.405701169
31.05.2018 16:00:00.000,186.59,188.225,186.481,187.85,0.675277346
31.05.2018 17:00:00.000,187.85,187.862,187.334,187.633,-0.1155177
31.05.2018 18:00:00.000,187.632,187.66,186.853,186.89,-0.395454933
31.05.2018 19:00:00.000,186.895,187.27,186.504,187.27,0.200647422
31.05.2018 20:00:00.000,187.263,187.454,186.692,186.87,-0.20986527
01.06.2018 14:00:00.000,188.102,188.67,188.102,188.462,0.191385525
01.06.2018 15:00:00.000,188.461,189.27,187.932,189.18,0.381511294
01.06.2018 16:00:00.000,189.192,189.89,189.182,189.731,0.284895767
01.06.2018 17:00:00.000,189.75,189.99,189.561,189.872,0.064295125
01.06.2018 18:00:00.000,189.88,190.11,189.861,190.08,0.105329682
01.06.2018 19:00:00.000,190.093,190.11,189.731,189.943,-0.078908745
01.06.2018 20:00:00.000,189.94,190.11,189.503,190.043,0.054227651
04.06.2018 14:00:00.000,192.063,192.91,191.873,192.22,0.081744011
04.06.2018 15:00:00.000,192.24,192.48,191.61,192.15,-0.046816479
04.06.2018 16:00:00.000,192.15,192.47,191.853,192.431,0.146239917
04.06.2018 17:00:00.000,192.432,193.4,192.41,192.82,0.201629667
04.06.2018 18:00:00.000,192.812,193.19,192.015,192.23,-0.301848433
04.06.2018 19:00:00.000,192.233,192.332,191.632,192.053,-0.093636368
04.06.2018 20:00:00.000,192.05,192.212,191.44,191.912,-0.071856287
05.06.2018 14:00:00.000,193.121,193.16,192.36,193,-0.062655019
05.06.2018 15:00:00.000,193,193.93,192.932,193.681,0.352849741
05.06.2018 16:00:00.000,193.69,193.73,192.893,193.191,-0.257628169
05.06.2018 17:00:00.000,193.19,193.26,192.65,193.092,-0.050727263
05.06.2018 18:00:00.000,193.091,193.232,192.911,193.053,-0.01967984
05.06.2018 19:00:00.000,193.05,193.27,192.854,193.23,0.093240093
05.06.2018 20:00:00.000,193.22,193.57,192.85,193.38,0.082807163
06.06.2018 14:00:00.000,193.66,193.81,192.94,192.98,-0.351130848
06.06.2018 15:00:00.000,193.01,193.05,191.92,192.44,-0.295321486
06.06.2018 16:00:00.000,192.43,193.27,192.43,193.08,0.337785169
06.06.2018 17:00:00.000,193.07,193.11,192.69,192.97,-0.051794686
06.06.2018 18:00:00.000,192.97,193.09,192.47,192.69,-0.145100275
06.06.2018 19:00:00.000,192.69,193.53,192.69,193.44,0.389226218
06.06.2018 20:00:00.000,193.43,193.9,193.24,193.89,0.237812128
07.06.2018 14:00:00.000,193.52,194.02,193.12,193.78,0.134353038
07.06.2018 15:00:00.000,193.79,193.79,192.34,193.26,-0.273491924
07.06.2018 16:00:00.000,193.28,193.48,192.86,193.3,0.010347682
07.06.2018 17:00:00.000,193.31,193.45,192.94,193.21,-0.051730381
07.06.2018 18:00:00.000,193.22,193.39,192.55,192.58,-0.331228651
07.06.2018 19:00:00.000,192.58,193.48,192.43,193.35,0.399833835
07.06.2018 20:00:00.000,193.37,193.9,193.08,193.52,0.077571495
08.06.2018 14:00:00.000,190.4,190.84,189.77,190.82,0.220588235
08.06.2018 15:00:00.000,190.81,190.81,189.85,190.44,-0.193910172
08.06.2018 16:00:00.000,190.45,190.94,190.16,190.52,0.036755054
08.06.2018 17:00:00.000,190.53,191.19,190.53,191.07,0.283419934
08.06.2018 18:00:00.000,191.08,191.42,190.88,191.13,0.02616705
08.06.2018 19:00:00.000,191.14,191.54,191.13,191.38,0.125562415
08.06.2018 20:00:00.000,191.37,191.99,191.37,191.93,0.292626849
11.06.2018 14:00:00.000,191.84,191.96,190.9,191.11,-0.380525438
11.06.2018 15:00:00.000,191.1,191.19,190.21,190.52,-0.303506018
11.06.2018 16:00:00.000,190.52,191.36,190.43,191.18,0.346420323
11.06.2018 17:00:00.000,191.19,191.85,191.15,191.72,0.277211151
11.06.2018 18:00:00.000,191.71,191.78,191.36,191.36,-0.18256742
11.06.2018 19:00:00.000,191.38,191.52,191.15,191.38,0
11.06.2018 20:00:00.000,191.38,191.48,191.13,191.15,-0.120179747
12.06.2018 14:00:00.000,191.55,191.78,191.15,191.22,-0.172278778
12.06.2018 15:00:00.000,191.23,191.88,191.2,191.48,0.130732626
12.06.2018 16:00:00.000,191.49,191.74,191.2,191.68,0.099221891
12.06.2018 17:00:00.000,191.68,191.85,191.63,191.82,0.073038397
12.06.2018 18:00:00.000,191.81,192.61,191.81,192.42,0.318023044
12.06.2018 19:00:00.000,192.41,192.41,191.29,191.31,-0.571695858
12.06.2018 20:00:00.000,191.32,192.14,191.28,192.03,0.371106
13.06.2018 14:00:00.000,192.31,192.47,191.8,192.35,0.02079975
13.06.2018 15:00:00.000,192.36,192.57,192.05,192.5,0.072780204
13.06.2018 16:00:00.000,192.5,192.85,192.5,192.74,0.124675325
13.06.2018 17:00:00.000,192.75,192.75,192.13,192.17,-0.300907912
13.06.2018 18:00:00.000,192.16,192.28,191.95,192.17,0.005203997
13.06.2018 19:00:00.000,192.02,192.26,190.7,191.46,-0.291636288
13.06.2018 20:00:00.000,191.46,191.9,190.52,190.56,-0.470072078
14.06.2018 14:00:00.000,191.09,191.51,190.22,190.61,-0.251190538
14.06.2018 15:00:00.000,190.61,191.52,190.52,190.53,-0.041970516
14.06.2018 16:00:00.000,190.54,191.44,190.36,191.11,0.299149785
14.06.2018 17:00:00.000,191.1,191.24,190.62,190.76,-0.177917321
14.06.2018 18:00:00.000,190.77,191.33,190.68,190.95,0.094354458
14.06.2018 19:00:00.000,190.95,191.12,190.56,190.6,-0.183294056
14.06.2018 20:00:00.000,190.62,191.16,190.5,190.56,-0.031476235
15.06.2018 14:00:00.000,189.76,189.94,188.88,189.26,-0.263490725
15.06.2018 15:00:00.000,189.28,189.49,188.29,188.72,-0.295857988
15.06.2018 16:00:00.000,188.73,189.26,188.3,189.1,0.196047263
15.06.2018 17:00:00.000,189.09,189.11,188.7,188.83,-0.137500661
15.06.2018 18:00:00.000,188.83,189.21,188.62,188.67,-0.084732299
15.06.2018 19:00:00.000,188.68,189.48,188.55,189.22,0.286198855
15.06.2018 20:00:00.000,189.23,189.24,188.55,188.64,-0.311789885
18.06.2018 14:00:00.000,187.64,188.33,187.5,188.08,0.23449158
18.06.2018 15:00:00.000,188.07,189.21,187.72,188.9,0.441325039
18.06.2018 16:00:00.000,188.89,189.21,188.87,189.17,0.148234422
18.06.2018 19:00:00.000,189.08,189.16,188.83,188.96,-0.0634652
18.06.2018 20:00:00.000,188.96,189.08,188.71,188.86,-0.052921253
19.06.2018 14:00:00.000,186.21,186.21,185.07,185.19,-0.547768648
19.06.2018 15:00:00.000,185.18,185.19,183.45,184.81,-0.199805595
19.06.2018 16:00:00.000,184.82,185.27,184.48,185.12,0.162320095
19.06.2018 17:00:00.000,185.13,185.33,184.8,185.16,0.016204829
19.06.2018 18:00:00.000,185.15,185.9,185.03,185.67,0.280853362
19.06.2018 19:00:00.000,185.68,185.83,185.49,185.7,0.010771219
19.06.2018 20:00:00.000,185.7,185.74,185.27,185.62,-0.043080237
20.06.2018 14:00:00.000,186.46,186.97,186.34,186.74,0.150166255
20.06.2018 15:00:00.000,186.72,186.86,185.73,186.37,-0.187446444
20.06.2018 16:00:00.000,186.38,186.5,185.82,186,-0.203884537
20.06.2018 17:00:00.000,186.01,186.96,185.95,186.83,0.440836514
20.06.2018 18:00:00.000,186.82,187.2,186.58,187.12,0.160582379
20.06.2018 19:00:00.000,187.12,187.12,186.31,186.41,-0.379435656
20.06.2018 20:00:00.000,186.41,186.91,186.3,186.53,0.064374229
21.06.2018 14:00:00.000,187.12,188.34,186.96,187.77,0.347370671
21.06.2018 15:00:00.000,187.75,187.75,186.46,186.65,-0.585885486
21.06.2018 16:00:00.000,186.64,187.23,186.33,186.66,0.010715817
21.06.2018 17:00:00.000,186.65,186.68,185.08,185.29,-0.728636485
21.06.2018 18:00:00.000,185.28,185.61,185.13,185.28,0
21.06.2018 19:00:00.000,185.27,185.59,185.06,185.07,-0.107950559
21.06.2018 20:00:00.000,185.06,185.57,184.94,185.33,0.145898627
22.06.2018 14:00:00.000,185.89,186.01,185.11,185.55,-0.182903868
22.06.2018 15:00:00.000,185.53,185.87,184.82,185.65,0.064679567
22.06.2018 16:00:00.000,185.66,185.71,185.16,185.25,-0.220833782
22.06.2018 17:00:00.000,185.25,185.69,185.07,185.67,0.226720648
22.06.2018 18:00:00.000,185.68,185.95,185.58,185.78,0.053856097
22.06.2018 19:00:00.000,185.76,185.87,185.46,185.77,0.00538329
22.06.2018 20:00:00.000,185.78,185.98,185.37,185.37,-0.22069114
25.06.2018 14:00:00.000,184.62,184.75,182.96,183.31,-0.709565594
25.06.2018 15:00:00.000,183.19,184.1,183.124,183.35,0.087341012
25.06.2018 16:00:00.000,183.352,183.49,182.182,182.333,-0.555761595
25.06.2018 17:00:00.000,182.334,182.37,180.732,181.21,-0.616451128
25.06.2018 18:00:00.000,181.204,182.27,180.82,181.784,0.320081234
25.06.2018 19:00:00.000,181.75,181.9,180.72,181.112,-0.351031637
25.06.2018 20:00:00.000,181.11,182.67,180.92,182.533,0.785710342
26.06.2018 14:00:00.000,182.92,184.544,182.625,184.372,0.793789635
26.06.2018 15:00:00.000,184.38,185.02,184.11,184.805,0.230502224
26.06.2018 16:00:00.000,184.794,185.212,184.464,184.81,0.00865829
26.06.2018 17:00:00.000,184.8,185.48,184.79,185.4,0.324675325
26.06.2018 18:00:00.000,185.41,186.47,185.33,186.43,0.55013214
26.06.2018 19:00:00.000,186.43,186.52,185.353,185.411,-0.54658585
26.06.2018 20:00:00.000,185.394,185.51,184.103,184.4,-0.536155431
27.06.2018 14:00:00.000,185.78,186.42,185.565,186.35,0.306814512
27.06.2018 15:00:00.000,186.332,187.262,186.02,186.68,0.186763412
27.06.2018 16:00:00.000,186.674,187.114,186.233,186.763,0.047676698
27.06.2018 17:00:00.000,186.754,186.935,185.25,185.26,-0.799982865
27.06.2018 18:00:00.000,185.27,185.48,184.35,185.013,-0.138716468
27.06.2018 19:00:00.000,185.01,185.58,184.65,184.92,-0.048646019
27.06.2018 20:00:00.000,184.94,185.43,184.24,184.55,-0.210879204
28.06.2018 14:00:00.000,184.74,185.18,184.144,185,0.140738335
28.06.2018 15:00:00.000,185.01,185.56,184.383,185.46,0.243230096
28.06.2018 16:00:00.000,185.474,185.66,184.65,185.182,-0.157434465
28.06.2018 17:00:00.000,185.18,185.245,184.59,185.07,-0.059401663
28.06.2018 18:00:00.000,185.064,185.29,184.854,185.063,-0.000540354
28.06.2018 19:00:00.000,185.07,185.96,184.95,185.95,0.475495758
28.06.2018 20:00:00.000,185.95,186.21,185.26,185.49,-0.247378328
29.06.2018 14:00:00.000,186.661,187.03,186.3,186.494,-0.089467002
29.06.2018 15:00:00.000,186.494,186.774,186.01,186.222,-0.145849196
29.06.2018 16:00:00.000,186.21,186.5,185.94,186.135,-0.040277106
29.06.2018 17:00:00.000,186.12,186.595,185.951,186.135,0.008059317
29.06.2018 18:00:00.000,186.134,186.382,185.99,186.313,0.096167277
29.06.2018 19:00:00.000,186.312,186.445,186.09,186.4,0.047232599
29.06.2018 20:00:00.000,186.4,186.463,185.26,185.68,-0.386266094
02.07.2018 14:00:00.000,184.34,186.23,184.29,186.12,0.96560703
02.07.2018 15:00:00.000,186.1,186.68,185.65,186.56,0.247178936
02.07.2018 16:00:00.000,186.56,186.94,185.7,185.97,-0.316252144
02.07.2018 17:00:00.000,185.96,186.06,185.56,185.8,-0.086040009
02.07.2018 18:00:00.000,185.8,186.5,185.28,186.42,0.333692142
02.07.2018 19:00:00.000,186.43,187.04,186.35,186.39,-0.021455774
02.07.2018 20:00:00.000,186.4,187.28,186.32,187.03,0.337982833
03.07.2018 14:00:00.000,187.25,187.67,186.3,186.69,-0.299065421
03.07.2018 15:00:00.000,186.68,187.43,186.34,186.98,0.160702807
03.07.2018 16:00:00.000,186.98,187.01,186.18,186.44,-0.288800941
03.07.2018 17:00:00.000,186.45,186.6,183.55,183.68,-1.48565299
03.07.2018 18:00:00.000,183.64,183.64,183.64,183.64,0
05.07.2018 14:00:00.000,186.09,186.41,185.55,185.57,-0.279434682
05.07.2018 15:00:00.000,185.64,185.85,184.3,184.54,-0.59254471
05.07.2018 16:00:00.000,184.52,185.7,184.42,185.43,0.493171472
05.07.2018 17:00:00.000,185.43,186.09,185.36,185.81,0.204929084
05.07.2018 18:00:00.000,185.82,185.94,185.33,185.54,-0.150683457
05.07.2018 19:00:00.000,185.55,185.77,184.97,185.67,0.064672595
05.07.2018 20:00:00.000,185.67,185.94,185.36,185.5,-0.091560295
06.07.2018 14:00:00.000,186.06,187.16,186.06,187.12,0.569708696
06.07.2018 15:00:00.000,187.13,187.21,186.02,186.67,-0.245818415
06.07.2018 16:00:00.000,186.66,187.74,186.66,187.4,0.39644273
06.07.2018 17:00:00.000,187.41,187.84,187.4,187.67,0.138733259
06.07.2018 18:00:00.000,187.68,187.74,187.38,187.67,-0.005328218
06.07.2018 19:00:00.000,187.67,187.78,187.37,187.62,-0.026642511
06.07.2018 20:00:00.000,187.63,188.43,187.44,187.85,0.117252039
09.07.2018 14:00:00.000,189.91,190.67,189.8,190.23,0.168500869
09.07.2018 15:00:00.000,190.24,190.39,189.43,190.06,-0.094617325
09.07.2018 16:00:00.000,190.08,190.43,190,190.35,0.142045455
09.07.2018 17:00:00.000,190.31,190.48,189.93,189.96,-0.183910462
09.07.2018 18:00:00.000,189.96,190.37,189.73,190.28,0.168456517
09.07.2018 19:00:00.000,190.29,190.5,190.05,190.46,0.089337327
09.07.2018 20:00:00.000,190.45,190.61,190.25,190.49,0.021002888
10.07.2018 14:00:00.000,190.67,190.88,190.22,190.59,-0.041957308
10.07.2018 15:00:00.000,190.58,191.2,190.27,190.97,0.204638472
10.07.2018 16:00:00.000,190.96,191.19,190.75,191.19,0.120444072
10.07.2018 17:00:00.000,191.2,191.28,190.81,190.87,-0.172594142
10.07.2018 18:00:00.000,190.87,190.91,190.27,190.5,-0.193849217
10.07.2018 19:00:00.000,190.51,190.65,190.24,190.58,0.036743478
10.07.2018 20:00:00.000,190.59,190.8,190.28,190.44,-0.078702975
11.07.2018 14:00:00.000,189.73,189.73,188.88,188.95,-0.411110525
11.07.2018 15:00:00.000,188.93,189.4,188.62,188.96,0.015878897
11.07.2018 16:00:00.000,188.97,189.09,187.94,187.96,-0.534476372
11.07.2018 17:00:00.000,187.97,188.43,187.77,187.99,0.010639996
11.07.2018 18:00:00.000,188,188.57,187.85,188.13,0.069148936
11.07.2018 19:00:00.000,188.13,188.37,187.85,188.21,0.042523787
11.07.2018 20:00:00.000,188.2,188.37,187.67,187.81,-0.207226355
12.07.2018 14:00:00.000,190.23,190.36,189.52,189.99,-0.126163066
12.07.2018 15:00:00.000,190.01,190.65,189.98,190.02,0.005262881
12.07.2018 16:00:00.000,190.03,190.99,189.99,190.96,0.489396411
12.07.2018 17:00:00.000,190.98,191.3,190.65,191.2,0.115195308
12.07.2018 18:00:00.000,191.21,191.4,190.73,190.76,-0.23534334
12.07.2018 19:00:00.000,190.75,191.1,190.56,191.06,0.162516383
12.07.2018 20:00:00.000,191.05,191.15,190.63,190.86,-0.099450406
13.07.2018 14:00:00.000,191.14,191.83,191.02,191.19,0.026158836
13.07.2018 15:00:00.000,191.19,191.8,191.1,191.39,0.104607982
13.07.2018 16:00:00.000,191.38,191.79,191.36,191.69,0.161981398
13.07.2018 17:00:00.000,191.7,191.74,191.39,191.47,-0.119979134
13.07.2018 18:00:00.000,191.47,191.49,191.01,191.04,-0.224578263
13.07.2018 19:00:00.000,191.04,191.58,190.94,191.47,0.225083752
13.07.2018 20:00:00.000,191.48,191.63,191.29,191.44,-0.02088991
16.07.2018 14:00:00.000,192.29,192.63,192,192.36,0.036403349
16.07.2018 15:00:00.000,192.35,192.42,191.12,191.16,-0.618663894
16.07.2018 16:00:00.000,191.15,191.41,190.97,191.3,0.078472404
16.07.2018 17:00:00.000,191.31,191.37,190.87,190.88,-0.224766086
16.07.2018 18:00:00.000,190.88,190.98,190.59,190.77,-0.057627829
16.07.2018 19:00:00.000,190.78,190.82,190.41,190.65,-0.068141315
16.07.2018 20:00:00.000,190.66,190.92,190.53,190.69,0.015734816
17.07.2018 14:00:00.000,189.84,190.1,189.19,189.87,0.015802781
17.07.2018 15:00:00.000,189.89,190.77,189.62,190.71,0.431828954
17.07.2018 16:00:00.000,190.72,191.04,190.41,190.78,0.031459732
17.07.2018 17:00:00.000,190.78,191.49,190.6,191.05,0.141524269
17.07.2018 18:00:00.000,191.05,191.5,191.04,191.39,0.177963884
17.07.2018 19:00:00.000,191.39,191.49,191.08,191.2,-0.099273734
17.07.2018 20:00:00.000,191.2,191.86,191.16,191.41,0.109832636
18.07.2018 14:00:00.000,191.02,191.13,190.2,190.36,-0.345513559
18.07.2018 15:00:00.000,190.35,190.58,189.93,190.21,-0.073548726
18.07.2018 16:00:00.000,190.2,190.52,190.06,190.39,0.099894848
18.07.2018 17:00:00.000,190.38,190.4,189.96,190.19,-0.099800399
18.07.2018 18:00:00.000,190.2,190.33,190.04,190.26,0.031545741
18.07.2018 19:00:00.000,190.27,190.44,190.13,190.23,-0.021022757
18.07.2018 20:00:00.000,190.24,190.54,190.17,190.35,0.057821699
19.07.2018 14:00:00.000,190.91,192.17,190.91,191.54,0.329998429
19.07.2018 15:00:00.000,191.51,191.71,191,191.65,0.073103232
19.07.2018 16:00:00.000,191.64,192.54,191.62,192.47,0.433103736
19.07.2018 17:00:00.000,192.48,192.5,191.66,191.96,-0.270157938
19.07.2018 18:00:00.000,191.95,192.53,191.76,192.34,0.203177911
19.07.2018 19:00:00.000,192.34,192.49,191.93,192.09,-0.129978164
19.07.2018 20:00:00.000,192.1,192.3,191.65,191.89,-0.109318064
20.07.2018 14:00:00.000,191.73,192.19,191.56,192.05,0.166901372
20.07.2018 15:00:00.000,192.04,192.43,191.88,192.13,0.046865236
20.07.2018 16:00:00.000,192.14,192.33,191.88,192.04,-0.052045384
20.07.2018 17:00:00.000,192.04,192.09,191.6,191.87,-0.088523224
20.07.2018 18:00:00.000,191.86,192.04,191.65,191.79,-0.036484937
20.07.2018 19:00:00.000,191.78,191.85,191.28,191.42,-0.18771509
20.07.2018 20:00:00.000,191.42,191.47,190.18,191.02,-0.208964581
23.07.2018 14:00:00.000,190.41,190.41,189.65,190.07,-0.17856205
23.07.2018 15:00:00.000,190.1,190.35,189.56,190.13,0.015781168
23.07.2018 16:00:00.000,190.14,190.77,189.98,190.69,0.289260545
23.07.2018 17:00:00.000,190.7,191.42,190.64,191.1,0.20975354
23.07.2018 18:00:00.000,191.09,191.51,190.97,191.41,0.167460359
23.07.2018 19:00:00.000,191.43,191.82,191.36,191.82,0.203729823
23.07.2018 20:00:00.000,191.81,191.96,191.57,191.58,-0.119910328
24.07.2018 14:00:00.000,192.97,193.66,192.8,193.16,0.098460901
24.07.2018 15:00:00.000,193.18,193.48,192.83,192.9,-0.144942541
24.07.2018 16:00:00.000,192.9,193.01,192.05,192.42,-0.248833593
24.07.2018 17:00:00.000,192.43,192.93,192.36,192.63,0.103933898
24.07.2018 18:00:00.000,192.62,192.94,192.37,192.84,0.114214516
24.07.2018 19:00:00.000,192.85,192.9,192.45,192.81,-0.020741509
24.07.2018 20:00:00.000,192.79,192.99,192.43,192.93,0.072617874
25.07.2018 14:00:00.000,193.52,193.64,192.95,193.25,-0.139520463
25.07.2018 15:00:00.000,193.22,193.26,192.43,192.72,-0.258772384
25.07.2018 16:00:00.000,192.73,193.48,192.56,193.47,0.383956831
25.07.2018 17:00:00.000,193.48,193.99,193.43,193.8,0.165391772
25.07.2018 18:00:00.000,193.81,193.91,193.42,193.81,0
25.07.2018 19:00:00.000,193.82,193.97,193.61,193.71,-0.056753689
25.07.2018 20:00:00.000,193.7,194.75,193.53,194.64,0.485286526
26.07.2018 14:00:00.000,194.845,195.27,194.33,195.19,0.17706382
26.07.2018 15:00:00.000,195.21,195.95,194.86,195.181,-0.014855796
26.07.2018 16:00:00.000,195.183,195.27,194.562,194.943,-0.122961528
26.07.2018 17:00:00.000,194.945,195.01,194.02,194.16,-0.402677678
26.07.2018 18:00:00.000,194.165,194.972,194.082,194.574,0.210645585
26.07.2018 19:00:00.000,194.573,194.783,194.442,194.62,0.024155458
26.07.2018 20:00:00.000,194.626,194.64,194.02,194.252,-0.192163431
27.07.2018 14:00:00.000,194.74,195,194.38,194.434,-0.157132587
27.07.2018 15:00:00.000,194.48,194.62,193.113,193.59,-0.457630605
27.07.2018 16:00:00.000,193.583,194.03,193.385,193.52,-0.03254418
27.07.2018 17:00:00.000,193.52,193.57,191.69,191.78,-0.899131873
27.07.2018 18:00:00.000,191.751,192.053,191.19,191.84,0.04641436
27.07.2018 19:00:00.000,191.824,192.02,190.15,190.195,-0.849215948
27.07.2018 20:00:00.000,190.18,191.19,190.11,190.913,0.385424335
30.07.2018 14:00:00.000,191.37,191.37,189.75,189.924,-0.755604327
30.07.2018 15:00:00.000,189.892,190.36,189.404,189.62,-0.143239315
30.07.2018 16:00:00.000,189.614,190.07,189.443,189.963,0.184058139
30.07.2018 17:00:00.000,189.96,190.02,189.07,189.543,-0.219519899
30.07.2018 18:00:00.000,189.542,190.12,189.255,189.96,0.220531597
30.07.2018 19:00:00.000,189.97,190.24,189.681,189.83,-0.073695847
30.07.2018 20:00:00.000,189.83,190.115,189.65,189.84,0.005267871
31.07.2018 14:00:00.000,190.104,191.01,190.09,190.203,0.052076758
31.07.2018 15:00:00.000,190.18,190.39,189.34,189.661,-0.272899359
31.07.2018 16:00:00.000,189.66,190.543,189.65,190.543,0.465569967
31.07.2018 17:00:00.000,190.552,192.12,190.552,191.63,0.565724842
31.07.2018 18:00:00.000,191.64,191.96,190.963,191.34,-0.156543519
31.07.2018 19:00:00.000,191.33,191.864,190.884,191.57,0.125437725
31.07.2018 20:00:00.000,191.581,191.581,190.404,190.66,-0.480736607
01.08.2018 14:00:00.000,198.441,199.005,197.542,198.724,0.142611658
01.08.2018 15:00:00.000,198.66,201.3,197.905,200.43,0.890969496
01.08.2018 16:00:00.000,200.46,200.89,199.27,199.92,-0.269380425
01.08.2018 17:00:00.000,199.93,200.755,199.74,200.15,0.110038513
01.08.2018 18:00:00.000,200.13,200.98,199.85,200.05,-0.039974017
01.08.2018 19:00:00.000,200.07,200.54,199.58,200.211,0.070475334
01.08.2018 20:00:00.000,200.205,201.585,200.022,201.49,0.641842112
02.08.2018 14:00:00.000,201.62,203.555,201.224,203.296,0.831266739
02.08.2018 15:00:00.000,203.305,206.56,202.854,205.894,1.273456137
02.08.2018 16:00:00.000,205.893,207.035,205.104,206.67,0.377380484
02.08.2018 17:00:00.000,206.684,206.98,206.103,206.422,-0.126763562
02.08.2018 18:00:00.000,206.43,207.964,206.423,207.91,0.716950056
02.08.2018 19:00:00.000,207.9,208.374,207.593,207.743,-0.075517076
02.08.2018 20:00:00.000,207.74,207.99,207.34,207.72,-0.009627419
03.08.2018 14:00:00.000,206.004,206.78,205.47,206.184,0.087376944
03.08.2018 15:00:00.000,206.171,207.54,206.15,206.612,0.213900112
03.08.2018 16:00:00.000,206.62,207.39,206.49,207.02,0.193592101
03.08.2018 17:00:00.000,207.02,208.73,207.01,208.45,0.690754516
03.08.2018 18:00:00.000,208.45,208.672,207.79,208.23,-0.105540897
03.08.2018 19:00:00.000,208.224,208.24,207.334,207.47,-0.362110035
03.08.2018 20:00:00.000,207.48,207.961,207.43,207.73,0.120493542
06.08.2018 14:00:00.000,208.934,208.954,207.51,208.18,-0.360879512
06.08.2018 15:00:00.000,208.18,208.29,207.31,207.63,-0.264194447
06.08.2018 16:00:00.000,207.64,208.3,207.08,208.181,0.260547101
06.08.2018 17:00:00.000,208.19,209.01,208.08,208.7,0.244968538
06.08.2018 18:00:00.000,208.7,209.17,208.505,208.7,0
06.08.2018 19:00:00.000,208.702,209.2,208.572,209.09,0.185911012
06.08.2018 20:00:00.000,209.092,209.243,208.764,209.041,-0.024391177
07.08.2018 14:00:00.000,209.23,209.47,207.87,208.244,-0.471251733
07.08.2018 15:00:00.000,208.231,208.365,206.75,207.281,-0.456224097
07.08.2018 16:00:00.000,207.285,207.622,206.79,207.14,-0.069951998
07.08.2018 17:00:00.000,207.152,207.511,206.914,207.482,0.159303314
07.08.2018 18:00:00.000,207.483,207.563,207.063,207.543,0.028918032
07.08.2018 19:00:00.000,207.545,207.751,207.17,207.24,-0.146956082
07.08.2018 20:00:00.000,207.244,207.29,206.861,206.9,-0.165987918
08.08.2018 14:00:00.000,205.68,206.273,205.133,206.09,0.199338779
08.08.2018 15:00:00.000,206.104,207.8,206.044,207.57,0.711291387
08.08.2018 16:00:00.000,207.582,207.62,206.691,206.76,-0.395988091
08.08.2018 17:00:00.000,206.732,207.314,206.56,207.194,0.223477739
08.08.2018 18:00:00.000,207.181,207.27,206.793,207.132,-0.023650817
08.08.2018 19:00:00.000,207.14,207.49,206.974,207.345,0.098966882
08.08.2018 20:00:00.000,207.35,207.49,207.19,207.291,-0.028454304
09.08.2018 14:00:00.000,208.08,208.72,207.93,208.533,0.217704729
09.08.2018 15:00:00.000,208.523,209.59,208.502,208.86,0.161612868
09.08.2018 16:00:00.000,208.86,209.28,208.233,208.953,0.044527435
09.08.2018 17:00:00.000,208.954,209.555,208.902,209.55,0.285230242
09.08.2018 18:00:00.000,209.55,209.74,209.36,209.485,-0.03101885
09.08.2018 19:00:00.000,209.482,209.77,209.39,209.411,-0.033893127
09.08.2018 20:00:00.000,209.412,209.682,208.81,208.955,-0.218230092
10.08.2018 14:00:00.000,208.21,209.082,207.67,208.055,-0.074444071
10.08.2018 15:00:00.000,208.056,208.98,207.865,207.983,-0.035086707
10.08.2018 16:00:00.000,207.98,208.475,207.842,207.97,-0.004808155
10.08.2018 17:00:00.000,207.965,208.16,207.774,207.885,-0.038468011
10.08.2018 18:00:00.000,207.88,207.934,206.67,206.93,-0.45699442
10.08.2018 19:00:00.000,206.93,207.354,206.674,207.212,0.136277968
10.08.2018 20:00:00.000,207.22,207.932,207.07,207.64,0.202683139
13.08.2018 14:00:00.000,208.57,209.48,208.07,209.39,0.393153378
13.08.2018 15:00:00.000,209.4,210.95,209.36,210.34,0.448901624
13.08.2018 16:00:00.000,210.35,210.51,209.24,209.25,-0.522937961
13.08.2018 17:00:00.000,209.26,209.75,208.99,209.24,-0.009557488
13.08.2018 18:00:00.000,209.23,209.64,208.75,209.52,0.138603451
13.08.2018 19:00:00.000,209.51,209.98,209.31,209.37,-0.066822586
13.08.2018 20:00:00.000,209.36,209.56,208.88,209.22,-0.066870462
14.08.2018 14:00:00.000,209.68,209.9,208.86,209.2,-0.228920259
14.08.2018 15:00:00.000,209.22,209.84,208.25,209.64,0.200745627
14.08.2018 16:00:00.000,209.63,209.64,209,209.28,-0.166960836
14.08.2018 17:00:00.000,209.28,209.76,209.1,209.23,-0.023891437
14.08.2018 18:00:00.000,209.24,209.58,209.17,209.55,0.148155228
14.08.2018 19:00:00.000,209.55,209.81,209.36,209.64,0.042949177
14.08.2018 20:00:00.000,209.65,209.77,209.52,209.59,-0.028619127
15.08.2018 14:00:00.000,209.14,209.97,209.06,209.12,-0.009562972
15.08.2018 15:00:00.000,209.11,209.24,208.35,208.59,-0.248672947
15.08.2018 16:00:00.000,208.58,209.21,208.39,208.41,-0.0815035
15.08.2018 17:00:00.000,208.4,209.23,208.39,209.18,0.37428023
15.08.2018 18:00:00.000,209.19,210.12,209.06,209.52,0.157751327
15.08.2018 19:00:00.000,209.51,209.7,209.04,209.69,0.085914753
15.08.2018 20:00:00.000,209.69,210.73,209.66,210.4,0.338595069
16.08.2018 14:00:00.000,211.96,212.44,211.62,211.91,-0.023589356
16.08.2018 15:00:00.000,211.92,213.25,211.86,212.87,0.448282371
16.08.2018 16:00:00.000,212.86,213.53,212.85,213.23,0.17382317
16.08.2018 17:00:00.000,213.22,213.66,212.93,213.17,-0.023449958
16.08.2018 18:00:00.000,213.18,213.44,213.09,213.33,0.070363073
16.08.2018 19:00:00.000,213.34,213.79,213.11,213.54,0.09374707
16.08.2018 20:00:00.000,213.55,213.81,212.9,213.03,-0.243502693
17.08.2018 14:00:00.000,213.88,215.19,213.69,214.66,0.364690481
17.08.2018 15:00:00.000,214.65,215.34,213.68,215.3,0.302818542
17.08.2018 16:00:00.000,215.29,217.67,215.01,217.31,0.938269311
17.08.2018 17:00:00.000,217.3,217.35,216.09,216.31,-0.455591348
17.08.2018 18:00:00.000,216.3,216.92,216.22,216.72,0.194174757
17.08.2018 19:00:00.000,216.72,217.55,216.67,217.35,0.290697674
17.08.2018 20:00:00.000,217.34,217.94,216.94,217.71,0.170240177
20.08.2018 14:00:00.000,218.17,219.18,217.13,217.45,-0.330017876
20.08.2018 15:00:00.000,217.43,218.01,215.73,215.84,-0.731269834
20.08.2018 16:00:00.000,215.83,215.9,215.1,215.29,-0.250196914
20.08.2018 17:00:00.000,215.3,216.2,215.11,216.18,0.408732002
20.08.2018 18:00:00.000,216.2,216.79,216.09,216.33,0.06012951
20.08.2018 19:00:00.000,216.32,216.41,215.25,215.61,-0.328217456
20.08.2018 20:00:00.000,215.6,215.73,215.22,215.29,-0.143784787
21.08.2018 14:00:00.000,216.23,216.32,215.38,215.52,-0.328354067
21.08.2018 15:00:00.000,215.51,215.68,214.02,214.7,-0.375852629
21.08.2018 16:00:00.000,214.7,216.57,214.55,216.43,0.805775501
21.08.2018 17:00:00.000,216.43,216.99,216.12,216.83,0.184817262
21.08.2018 18:00:00.000,216.84,217.19,216.43,216.51,-0.152185944
21.08.2018 19:00:00.000,216.51,216.55,215.25,215.55,-0.443397534
21.08.2018 20:00:00.000,215.56,215.7,214.66,214.94,-0.287622936
22.08.2018 14:00:00.000,215.16,215.67,214.2,214.22,-0.436884179
22.08.2018 15:00:00.000,214.24,215.45,213.85,215.24,0.466766243
22.08.2018 16:00:00.000,215.26,216.35,215.2,216.12,0.399516863
22.08.2018 17:00:00.000,216.1,216.15,215.12,215.33,-0.35631652
22.08.2018 18:00:00.000,215.32,215.67,215.03,215.35,0.013932751
22.08.2018 19:00:00.000,215.34,215.78,214.56,215.52,0.083588743
22.08.2018 20:00:00.000,215.53,215.63,215,215.16,-0.171669837
23.08.2018 14:00:00.000,215.63,217.04,215.56,216.74,0.514770672
23.08.2018 15:00:00.000,216.75,216.95,215.93,215.95,-0.369088812
23.08.2018 16:00:00.000,215.94,216.06,215.1,215.41,-0.245438548
23.08.2018 17:00:00.000,215.42,216.44,215.38,216.03,0.283167765
23.08.2018 18:00:00.000,216.03,216.25,215.84,215.94,-0.04166088
23.08.2018 19:00:00.000,215.94,216.68,215.94,216.49,0.25470038
23.08.2018 20:00:00.000,216.48,216.54,215.15,215.25,-0.568181818
24.08.2018 14:00:00.000,216.42,216.82,215.8,215.89,-0.244894187
24.08.2018 15:00:00.000,215.9,216.26,215.11,215.82,-0.037054192
24.08.2018 16:00:00.000,215.83,216.32,215.42,216.07,0.111198629
24.08.2018 17:00:00.000,216.08,216.19,215.9,216.03,-0.023139578
24.08.2018 18:00:00.000,216.04,216.19,215.77,216.13,0.041658952
24.08.2018 19:00:00.000,216.12,216.49,216.06,216.11,-0.004627059
24.08.2018 20:00:00.000,216.11,216.43,216.01,216.3,0.08791819
27.08.2018 14:00:00.000,217.38,217.53,216.32,216.98,-0.184009568
27.08.2018 15:00:00.000,216.98,217.91,216.71,217.91,0.428610932
27.08.2018 16:00:00.000,217.91,218.7,217.75,218.55,0.293699234
27.08.2018 17:00:00.000,218.54,218.63,217.96,218.29,-0.114395534
27.08.2018 18:00:00.000,218.28,218.37,218.02,218.21,-0.032068902
27.08.2018 19:00:00.000,218.2,218.42,218.1,218.3,0.045829514
27.08.2018 20:00:00.000,218.29,218.31,217.66,217.73,-0.256539466
28.08.2018 14:00:00.000,219.54,219.88,219.17,219.47,-0.03188485
28.08.2018 15:00:00.000,219.48,219.83,219.33,219.73,0.113905595
28.08.2018 16:00:00.000,219.74,219.74,219.07,219.21,-0.241194139
28.08.2018 17:00:00.000,219.22,219.81,219.08,219.78,0.255451145
28.08.2018 18:00:00.000,219.77,220.54,219.53,220.27,0.227510579
28.08.2018 19:00:00.000,220.26,220.42,220.02,220.17,-0.040860801
28.08.2018 20:00:00.000,220.16,220.23,219.17,219.58,-0.263444767
29.08.2018 14:00:00.000,219.92,220.92,219.4,220.42,0.227355402
29.08.2018 15:00:00.000,220.4,221.49,220.2,221.36,0.435571688
29.08.2018 16:00:00.000,221.35,222.24,221.15,222.15,0.361418568
29.08.2018 17:00:00.000,222.16,222.21,221.6,221.75,-0.184551674
29.08.2018 18:00:00.000,221.75,222.18,221.6,222.09,0.153325817
29.08.2018 19:00:00.000,222.08,222.8,222.06,222.75,0.301693084
29.08.2018 20:00:00.000,222.74,223.22,222.73,222.9,0.07183263
30.08.2018 14:00:00.000,224.07,224.57,222.56,222.65,-0.633730531
30.08.2018 15:00:00.000,222.63,223.87,222.4,223.42,0.354848852
30.08.2018 16:00:00.000,223.4,224.63,223.31,224.48,0.48343778
30.08.2018 17:00:00.000,224.49,226.62,224.28,226.31,0.810726536
30.08.2018 18:00:00.000,226.32,227.99,226.28,227.76,0.636267232
30.08.2018 19:00:00.000,227.77,228.25,225.11,225.11,-1.167844756
30.08.2018 20:00:00.000,225.1,225.47,223.81,225.07,-0.01332741
31.08.2018 14:00:00.000,227.7,228.27,226.77,227.84,0.061484409
31.08.2018 15:00:00.000,227.8,228.86,227.28,228.04,0.105355575
31.08.2018 16:00:00.000,228.06,228.56,226.61,227.06,-0.438481101
31.08.2018 17:00:00.000,227.05,228.46,226.87,228.44,0.612199956
31.08.2018 18:00:00.000,228.43,228.59,227.5,227.86,-0.249529396
31.08.2018 19:00:00.000,227.88,227.92,227.03,227.51,-0.162366158
31.08.2018 20:00:00.000,227.5,227.99,227.16,227.89,0.171428571
05.09.2018 15:00:00.000,226.46,227,225.1,226.64,0.079484236
05.09.2018 16:00:00.000,226.63,227.55,225.65,227.19,0.247098795
05.09.2018 17:00:00.000,227.2,228.97,227.19,227.99,0.347711268
05.09.2018 18:00:00.000,227.99,228.86,227.86,228.17,0.078950831
05.09.2018 19:00:00.000,228.18,228.35,226.83,227.17,-0.442633009
05.09.2018 20:00:00.000,227.17,227.42,225.9,226.34,-0.365365145
06.09.2018 14:00:00.000,226.7,226.86,224.43,226.33,-0.163211292
06.09.2018 15:00:00.000,226.31,226.4,222.17,223.06,-1.436083249
06.09.2018 16:00:00.000,223.07,223.6,221.3,223.5,0.192764603
06.09.2018 17:00:00.000,223.52,223.89,222.63,222.79,-0.326592699
06.09.2018 18:00:00.000,222.78,223.83,222.33,222.98,0.089774666
06.09.2018 19:00:00.000,222.97,223.34,222.45,222.91,-0.02690945
06.09.2018 20:00:00.000,222.9,223.53,222.7,223.18,0.125616869
07.09.2018 14:00:00.000,223.47,224.75,222.5,224.56,0.487761221
07.09.2018 15:00:00.000,224.54,225.22,224.19,225.17,0.280573617
07.09.2018 16:00:00.000,225.18,225.37,224.45,224.59,-0.262012612
07.09.2018 17:00:00.000,224.58,224.65,222.8,224.27,-0.138035444
07.09.2018 18:00:00.000,224.26,224.33,223.1,223.38,-0.392401677
07.09.2018 19:00:00.000,223.38,224.72,223.36,224.71,0.595397977
07.09.2018 20:00:00.000,224.71,224.83,220.71,220.83,-1.72666993
10.09.2018 14:00:00.000,219.44,219.44,217.24,218.81,-0.287094422
10.09.2018 15:00:00.000,218.8,219.16,216.47,217.55,-0.571297989
10.09.2018 16:00:00.000,217.54,219.5,217.06,219.36,0.836627747
10.09.2018 17:00:00.000,219.36,219.36,216.81,217.08,-1.039387309
10.09.2018 18:00:00.000,217.08,218.42,217.04,218.29,0.557398194
10.09.2018 19:00:00.000,218.28,218.74,218.13,218.34,0.027487631
10.09.2018 20:00:00.000,218.33,218.98,218.18,218.57,0.109925342
11.09.2018 14:00:00.000,217.26,219.38,216.93,218.72,0.672005892
11.09.2018 15:00:00.000,218.72,220.61,218.57,220.43,0.781821507
11.09.2018 16:00:00.000,220.45,222.89,220.4,222.87,1.097754593
11.09.2018 17:00:00.000,222.89,223.93,222.82,223.66,0.345461887
11.09.2018 18:00:00.000,223.68,223.79,222.95,223.67,-0.004470672
11.09.2018 19:00:00.000,223.68,224.28,223.26,223.91,0.102825465
11.09.2018 20:00:00.000,223.93,224.05,223.06,223.77,-0.0714509
12.09.2018 14:00:00.000,223.82,223.82,220.25,220.85,-1.326959164
12.09.2018 15:00:00.000,220.82,222.11,219.83,220.04,-0.353228874
12.09.2018 16:00:00.000,220.03,223.06,219.91,220.85,0.372676453
12.09.2018 17:00:00.000,220.84,221.92,220.81,221.14,0.135844956
12.09.2018 18:00:00.000,221.13,224.41,221.13,221.97,0.379867047
12.09.2018 19:00:00.000,221.99,222.26,219.88,220.36,-0.734267309
12.09.2018 20:00:00.000,220.37,222.45,220.35,220.86,0.222353315
13.09.2018 14:00:00.000,224.06,225.27,223.85,223.87,-0.084798715
13.09.2018 15:00:00.000,223.89,226.19,223.81,225.9,0.897762294
13.09.2018 16:00:00.000,225.89,227.81,225.6,227.56,0.739297888
13.09.2018 17:00:00.000,227.55,228.35,226.8,226.99,-0.246099758
13.09.2018 18:00:00.000,227,227.34,225.6,226.32,-0.299559471
13.09.2018 19:00:00.000,226.3,226.89,225.18,225.78,-0.229783473
13.09.2018 20:00:00.000,225.78,226.38,225.05,226.31,0.234741784
14.09.2018 14:00:00.000,225.22,226.82,224.26,225.84,0.275286387
14.09.2018 15:00:00.000,225.82,226.23,224.78,225.05,-0.340979541
14.09.2018 16:00:00.000,225.06,225.45,224.25,224.49,-0.253265796
14.09.2018 17:00:00.000,224.49,224.6,222.52,222.93,-0.694908459
14.09.2018 19:00:00.000,223.69,223.9,223.5,223.82,0.058116143
14.09.2018 20:00:00.000,223.83,223.99,223.32,223.87,0.017870705
17.09.2018 14:00:00.000,222.42,222.43,219.74,221.18,-0.557503822
17.09.2018 15:00:00.000,221.2,221.43,219.23,219.75,-0.655515371
17.09.2018 16:00:00.000,219.73,220.42,219.55,219.94,0.095571838
17.09.2018 17:00:00.000,219.96,220.54,219.75,219.92,-0.018185125
17.09.2018 18:00:00.000,219.91,220.39,218.66,219.47,-0.200081852
17.09.2018 19:00:00.000,219.48,220.35,219.29,219.72,0.109349371
17.09.2018 20:00:00.000,219.73,219.76,217.65,217.79,-0.882901743
18.09.2018 14:00:00.000,219.23,221.76,218.87,220.39,0.529124664
18.09.2018 15:00:00.000,220.36,221.36,219.38,220.21,-0.06807043
18.09.2018 16:00:00.000,220.2,220.24,219.26,219.62,-0.263396912
18.09.2018 17:00:00.000,219.63,219.97,218.34,218.75,-0.400673861
18.09.2018 18:00:00.000,218.75,219.38,218.53,219.17,0.192
18.09.2018 19:00:00.000,219.17,219.75,218.78,218.84,-0.150568052
18.09.2018 20:00:00.000,218.84,219.12,218.18,218.19,-0.297020654
19.09.2018 14:00:00.000,218.33,218.49,216.21,216.35,-0.906884075
19.09.2018 15:00:00.000,216.34,216.86,215.29,216.22,-0.055468244
19.09.2018 16:00:00.000,216.24,218.11,216.03,218.07,0.846281909
19.09.2018 17:00:00.000,218.06,218.29,217.51,217.99,-0.032101257
19.09.2018 18:00:00.000,217.97,217.99,217.5,217.79,-0.082580172
19.09.2018 19:00:00.000,217.78,218.05,217.31,217.38,-0.183671595
19.09.2018 20:00:00.000,217.39,218.77,217.38,218.52,0.519803119
20.09.2018 14:00:00.000,219.37,221.69,219.17,221.23,0.847882573
20.09.2018 15:00:00.000,221.22,222.27,220.85,221,-0.099448513
20.09.2018 16:00:00.000,220.98,221.66,220.53,221.28,0.135758892
20.09.2018 17:00:00.000,221.28,221.3,220.6,221.15,-0.058749096
20.09.2018 18:00:00.000,221.15,221.3,220.44,220.75,-0.180872711
20.09.2018 19:00:00.000,220.74,220.88,220.07,220.43,-0.140436713
20.09.2018 20:00:00.000,220.44,220.78,220.15,220.34,-0.045363818
21.09.2018 14:00:00.000,220.58,221.35,219.75,219.8,-0.353613202
21.09.2018 15:00:00.000,219.8,219.96,218.38,219.03,-0.350318471
21.09.2018 16:00:00.000,219.02,219.49,218.45,219.34,0.146105379
21.09.2018 17:00:00.000,219.35,219.95,218.93,219.38,0.013676772
21.09.2018 18:00:00.000,219.38,219.44,218.44,218.96,-0.191448628
21.09.2018 19:00:00.000,218.96,218.97,218.1,218.25,-0.324260139
21.09.2018 20:00:00.000,218.25,218.47,217.29,217.86,-0.178694158
24.09.2018 14:00:00.000,217.36,218.82,217.35,217.91,0.253036437
24.09.2018 15:00:00.000,217.91,218.79,217.15,218.75,0.385480244
24.09.2018 16:00:00.000,218.75,220.19,218.49,220.09,0.612571429
24.09.2018 17:00:00.000,220.1,220.32,219.59,219.79,-0.14084507
24.09.2018 18:00:00.000,219.79,220.29,219.66,220.25,0.209290687
24.09.2018 19:00:00.000,220.25,220.31,219.75,220.03,-0.099886493
24.09.2018 20:00:00.000,220.03,221.23,219.92,220.97,0.427214471
25.09.2018 14:00:00.000,220.12,221.19,219.82,220.87,0.340723242
25.09.2018 15:00:00.000,220.87,221.59,220.14,220.47,-0.181102006
25.09.2018 16:00:00.000,220.47,222.8,220.36,222.51,0.925295959
25.09.2018 17:00:00.000,222.52,222.69,222,222.08,-0.197735035
25.09.2018 18:00:00.000,222.08,222.53,221.78,221.99,-0.040525937
25.09.2018 19:00:00.000,221.99,222.01,221.68,221.73,-0.117122393
25.09.2018 20:00:00.000,221.74,222.48,221.66,222.17,0.193920808
26.09.2018 14:00:00.000,222.69,223.23,221.69,223.11,0.188602991
26.09.2018 15:00:00.000,223.09,223.74,222.38,222.79,-0.134474876
26.09.2018 16:00:00.000,222.79,223.25,222.53,222.84,0.022442659
26.09.2018 17:00:00.000,222.83,222.84,221.96,222.37,-0.206435399
26.09.2018 18:00:00.000,222.32,222.39,221.65,221.96,-0.161928751
26.09.2018 19:00:00.000,221.96,223.06,221.87,222.28,0.144170121
26.09.2018 20:00:00.000,222.28,222.53,219.76,220.45,-0.823285946
27.09.2018 14:00:00.000,223.79,225.87,223.79,225.1,0.585370213
27.09.2018 15:00:00.000,225.11,225.94,224.9,225.33,0.097729999
27.09.2018 16:00:00.000,225.34,225.65,224.9,225.33,-0.004437739
27.09.2018 17:00:00.000,225.33,225.83,225.1,225.82,0.217458838
27.09.2018 18:00:00.000,225.82,226.44,225.66,226.06,0.106279338
27.09.2018 19:00:00.000,226.06,226.07,224.93,225.04,-0.451207644
27.09.2018 20:00:00.000,225.04,225.26,224.61,225.06,0.008887309
28.09.2018 14:00:00.000,224.46,225.34,224.02,224.73,0.120288693
28.09.2018 15:00:00.000,224.72,225.81,224.56,225.55,0.369348523
28.09.2018 16:00:00.000,225.55,225.81,224.86,225.05,-0.221680337
28.09.2018 17:00:00.000,225.06,225.22,224.47,224.99,-0.031102817
28.09.2018 18:00:00.000,224.99,225.2,224.63,224.99,0
28.09.2018 19:00:00.000,224.99,225.42,224.61,225.4,0.182230321
28.09.2018 20:00:00.000,225.39,225.52,224.91,225.38,-0.004436754
01.10.2018 14:00:00.000,228.95,229.33,228.25,228.73,-0.09609085
01.10.2018 15:00:00.000,228.71,229.4,228.46,228.86,0.065585239
01.10.2018 16:00:00.000,228.87,228.93,228.13,228.87,0
01.10.2018 17:00:00.000,228.88,228.88,227.55,227.56,-0.576721426
01.10.2018 18:00:00.000,227.57,228,227.4,227.74,0.074702289
01.10.2018 19:00:00.000,227.74,227.76,226.72,227.15,-0.259067358
01.10.2018 20:00:00.000,227.16,227.32,226.34,227.28,0.052826202
02.10.2018 14:00:00.000,227.78,229.32,226.6,229.23,0.636579155
02.10.2018 15:00:00.000,229.23,229.42,228.31,229.13,-0.043624307
02.10.2018 16:00:00.000,229.13,229.84,228.71,229.81,0.296774757
02.10.2018 17:00:00.000,229.81,229.99,229.03,229.19,-0.269788086
02.10.2018 18:00:00.000,229.19,229.84,229.01,229.52,0.14398534
02.10.2018 19:00:00.000,229.52,229.99,229.34,229.58,0.026141513
02.10.2018 20:00:00.000,229.58,229.7,227.9,229.59,0.00435578
03.10.2018 14:00:00.000,231.35,232.31,230.95,231.88,0.229090123
03.10.2018 15:00:00.000,231.88,233.45,231.81,232.52,0.27600483
03.10.2018 16:00:00.000,232.53,233.29,231.72,232.73,0.086010407
03.10.2018 17:00:00.000,232.74,232.82,232.05,232.66,-0.03437312
03.10.2018 18:00:00.000,232.67,232.9,232.47,232.51,-0.068766923
03.10.2018 19:00:00.000,232.51,232.87,231.75,232.38,-0.055911574
03.10.2018 20:00:00.000,232.38,232.54,231.57,232.02,-0.154918668
04.10.2018 14:00:00.000,231.61,232.32,229.06,229.92,-0.729674885
04.10.2018 15:00:00.000,229.93,230.32,229.12,229.2,-0.317487931
04.10.2018 16:00:00.000,229.2,229.94,227.8,228.14,-0.462478185
04.10.2018 17:00:00.000,228.14,228.8,227.29,227.92,-0.096432015
04.10.2018 18:00:00.000,227.92,228.33,227.27,227.7,-0.096525097
04.10.2018 19:00:00.000,227.69,228.45,226.73,228.27,0.254732311
04.10.2018 20:00:00.000,228.25,228.58,227.38,228.42,0.074479737
05.10.2018 14:00:00.000,227.19,228.13,225.67,226.07,-0.492979445
05.10.2018 15:00:00.000,226.07,226.74,225.27,226.01,-0.026540452
05.10.2018 16:00:00.000,226.01,226.05,223.54,223.91,-0.929162426
05.10.2018 17:00:00.000,223.91,224.76,222.72,222.87,-0.464472333
05.10.2018 18:00:00.000,222.87,223.45,220.58,223.25,0.170502984
05.10.2018 19:00:00.000,223.19,225.13,223.02,224.91,0.770643846
05.10.2018 20:00:00.000,224.92,225.32,224.02,224.56,-0.160056909
08.10.2018 14:00:00.000,222.13,223.42,221.76,222.83,0.315130779
08.10.2018 15:00:00.000,222.84,224.29,222.47,223.11,0.121163166
08.10.2018 16:00:00.000,223.11,223.2,220.2,221.61,-0.672314105
08.10.2018 17:00:00.000,221.58,222.36,220.55,220.96,-0.279808647
08.10.2018 18:00:00.000,220.97,223.28,220.89,222.46,0.674299679
08.10.2018 19:00:00.000,222.48,223.71,222.37,223.39,0.40902553
08.10.2018 20:00:00.000,223.39,224.79,223.3,223.97,0.259635615
09.10.2018 14:00:00.000,223.92,224.91,222.24,224.12,0.089317613
09.10.2018 15:00:00.000,224.12,227.04,223.31,226.34,0.990540782
09.10.2018 16:00:00.000,226.34,226.87,225.11,226.55,0.092780772
09.10.2018 17:00:00.000,226.55,226.85,224.92,225.41,-0.503200177
09.10.2018 18:00:00.000,225.42,226.2,224.76,225.67,0.11090409
09.10.2018 19:00:00.000,225.68,226.8,225.3,226.66,0.434243176
09.10.2018 20:00:00.000,226.66,227.27,226.26,227.14,0.211770934
10.10.2018 14:00:00.000,225.76,225.96,222.87,223.56,-0.97448618
10.10.2018 15:00:00.000,223.56,224.34,222.56,223.66,0.044730721
10.10.2018 16:00:00.000,223.67,224.38,222.15,223.34,-0.147538785
10.10.2018 17:00:00.000,223.33,223.95,222.54,222.61,-0.322392872
10.10.2018 18:00:00.000,222.6,223.8,222.15,222.69,0.040431267
10.10.2018 19:00:00.000,222.69,222.82,220.15,221.33,-0.610714446
10.10.2018 20:00:00.000,221.33,221.33,216.83,216.96,-1.974427326
11.10.2018 14:00:00.000,214.7,219.44,212.95,219.29,2.137866791
11.10.2018 15:00:00.000,219.28,219.44,215.57,216.18,-1.413717621
11.10.2018 16:00:00.000,216.18,217.89,213.93,216.71,0.245166065
11.10.2018 17:00:00.000,216.71,218.76,216.24,216.94,0.10613262
11.10.2018 18:00:00.000,216.94,217.99,215.75,217,0.027657417
11.10.2018 19:00:00.000,217,217.07,212.3,213.74,-1.502304147
11.10.2018 20:00:00.000,213.74,217.67,213.25,215.12,0.645644241
12.10.2018 14:00:00.000,220.58,221.59,219.78,220.75,0.077069544
12.10.2018 15:00:00.000,220.75,222.23,220.07,220.18,-0.258210646
12.10.2018 16:00:00.000,220.18,220.78,218,219,-0.535925152
12.10.2018 17:00:00.000,219,219.26,216.82,218.53,-0.214611872
12.10.2018 18:00:00.000,218.54,219.9,217.67,218.58,0.018303285
12.10.2018 19:00:00.000,218.57,220.1,217.41,219.79,0.558173583
12.10.2018 20:00:00.000,219.76,222.42,219.43,222.36,1.183108846
15.10.2018 14:00:00.000,220.35,220.73,218.73,219.12,-0.558202859
15.10.2018 15:00:00.000,219.12,220.02,217.7,219.17,0.022818547
15.10.2018 16:00:00.000,219.18,220.04,217.86,218.08,-0.501870609
15.10.2018 17:00:00.000,218.09,218.89,217.26,218.66,0.261359989
15.10.2018 18:00:00.000,218.67,219.36,217.65,218.97,0.137193031
15.10.2018 19:00:00.000,218.98,219.5,217.58,219.19,0.095899169
15.10.2018 20:00:00.000,219.2,219.81,217.6,217.74,-0.666058394
16.10.2018 14:00:00.000,218.11,219.18,217.8,218.49,0.174224015
16.10.2018 15:00:00.000,218.49,218.8,216.76,218.3,-0.086960502
16.10.2018 16:00:00.000,218.29,220.23,217.94,220.13,0.842915388
16.10.2018 17:00:00.000,220.14,220.61,219.31,220.05,-0.040883074
16.10.2018 18:00:00.000,220.06,221.05,219.94,220.61,0.249931837
16.10.2018 19:00:00.000,220.61,221.91,220.51,221.34,0.330900684
16.10.2018 20:00:00.000,221.33,222.96,221.06,222.75,0.641575927
17.10.2018 14:00:00.000,222.16,222.44,220.32,220.56,-0.720201656
17.10.2018 15:00:00.000,220.56,221.2,219.34,220.04,-0.235763511
17.10.2018 16:00:00.000,220.04,221.57,219.59,221.04,0.454462825
17.10.2018 17:00:00.000,221.05,221.85,220.5,221.64,0.266907939
17.10.2018 18:00:00.000,221.64,222.62,221.21,221.33,-0.13986645
17.10.2018 19:00:00.000,221.33,221.84,219.92,221.41,0.036145123
17.10.2018 20:00:00.000,221.42,221.69,220.15,220.7,-0.325173878
18.10.2018 14:00:00.000,217.96,218.92,217.75,218.41,0.206459901
18.10.2018 15:00:00.000,218.41,219.72,217.75,219.25,0.384597775
18.10.2018 16:00:00.000,219.26,219.44,215.87,216.29,-1.354556235
18.10.2018 17:00:00.000,216.29,218.05,216.01,217.11,0.379120625
18.10.2018 18:00:00.000,217.12,217.28,214.86,215.61,-0.695467944
18.10.2018 19:00:00.000,215.58,217.14,215.4,216.24,0.306150849
18.10.2018 20:00:00.000,216.24,216.48,215.34,215.99,-0.115612283
19.10.2018 14:00:00.000,218.79,219.98,218.69,219.64,0.388500389
19.10.2018 15:00:00.000,219.66,221.13,219.6,220.89,0.559956296
19.10.2018 16:00:00.000,220.88,221.24,218.91,219.61,-0.574972836
19.10.2018 17:00:00.000,219.63,219.87,217.41,219.06,-0.259527387
19.10.2018 18:00:00.000,219.05,220.12,218.33,218.94,-0.050216845
19.10.2018 19:00:00.000,218.92,219.41,217.85,218.82,-0.045678787
19.10.2018 20:00:00.000,218.82,220.18,218.78,219.91,0.498126314
22.10.2018 14:00:00.000,220.86,221.21,219.41,219.82,-0.470886534
22.10.2018 15:00:00.000,219.81,223.31,219.7,222.65,1.292024931
22.10.2018 16:00:00.000,222.64,223.35,221.56,221.89,-0.336866691
22.10.2018 17:00:00.000,221.9,222.36,220.79,221.51,-0.175754845
22.10.2018 18:00:00.000,221.51,221.96,220.56,220.58,-0.419845605
22.10.2018 19:00:00.000,220.58,221.42,220.26,221.19,0.276543658
22.10.2018 20:00:00.000,221.19,222.25,220.86,221.27,0.036168
23.10.2018 14:00:00.000,217,218.06,216.37,216.61,-0.179723502
23.10.2018 15:00:00.000,216.61,217.24,214.69,216.29,-0.147730945
23.10.2018 16:00:00.000,216.28,217.69,215.72,216.87,0.272794526
23.10.2018 17:00:00.000,216.86,219.43,216.86,218.37,0.696301762
23.10.2018 18:00:00.000,218.36,219.84,218.29,218.77,0.187763327
23.10.2018 19:00:00.000,218.76,222.04,218.76,221.8,1.389650759
23.10.2018 20:00:00.000,221.77,223.25,221.73,222.73,0.432880913
24.10.2018 14:00:00.000,223.38,224.2,221.1,221.92,-0.653594771
24.10.2018 15:00:00.000,221.93,222.29,220.51,220.54,-0.626323616
24.10.2018 16:00:00.000,220.54,221.58,218.92,221.52,0.444363834
24.10.2018 17:00:00.000,221.52,221.64,220.12,221.31,-0.094799567
24.10.2018 18:00:00.000,221.28,221.28,218.8,219.08,-0.994215474
24.10.2018 19:00:00.000,219.08,220.83,218.59,219.62,0.246485302
24.10.2018 20:00:00.000,219.62,219.62,214.89,215.6,-1.830434387
25.10.2018 14:00:00.000,217.62,219.24,216.73,218.33,0.326256778
25.10.2018 15:00:00.000,218.34,219.96,218.31,219.15,0.370981039
25.10.2018 16:00:00.000,219.14,220.27,218.38,219.45,0.141462079
25.10.2018 17:00:00.000,219.46,219.65,218.6,219.33,-0.059236307
25.10.2018 18:00:00.000,219.33,219.67,218.18,219.32,-0.00455934
25.10.2018 19:00:00.000,219.3,220.96,218.94,220.53,0.560875513
25.10.2018 20:00:00.000,220.53,221.35,220.01,220.32,-0.095225139
26.10.2018 14:00:00.000,215.19,217.81,214.94,216.27,0.501882058
26.10.2018 15:00:00.000,216.27,216.52,212.78,212.85,-1.581356638
26.10.2018 16:00:00.000,212.85,216.87,212.67,216.34,1.639652337
26.10.2018 17:00:00.000,216.31,219.39,216.2,218.84,1.169617678
26.10.2018 18:00:00.000,218.84,220.17,216.75,218.66,-0.082251874
26.10.2018 19:00:00.000,218.66,219.02,215.41,215.73,-1.339979877
26.10.2018 20:00:00.000,215.74,217.02,214.61,216.47,0.33837026
29.10.2018 14:00:00.000,218.6,219.54,218.01,219.01,0.187557182
29.10.2018 15:00:00.000,219,219.67,218.12,218.44,-0.255707763
29.10.2018 16:00:00.000,218.44,218.85,215.85,215.99,-1.121589452
29.10.2018 17:00:00.000,215.99,217.07,214.77,215.45,-0.250011575
29.10.2018 18:00:00.000,215.45,217.14,215.3,216.3,0.394523091
29.10.2018 19:00:00.000,216.3,216.3,213.18,214.01,-1.058714748
29.10.2018 20:00:00.000,214.03,214.11,206.9,211.41,-1.224127459
30.10.2018 14:00:00.000,212.23,215.16,210.63,214.8,1.210950384
30.10.2018 15:00:00.000,214.8,214.93,211.32,212.04,-1.284916201
30.10.2018 16:00:00.000,212.04,214.49,211.7,212.87,0.391435578
30.10.2018 17:00:00.000,212.88,214.03,212.24,212.42,-0.216084179
30.10.2018 18:00:00.000,212.43,213.04,210.83,212.93,0.235371652
30.10.2018 19:00:00.000,212.92,213.32,211.46,212.95,0.014089799
30.10.2018 20:00:00.000,212.95,213.57,212.1,213.46,0.239492839
31.10.2018 14:00:00.000,217.25,217.92,216.94,217.68,0.197928654
31.10.2018 15:00:00.000,217.68,219.17,217.45,218.26,0.26644616
31.10.2018 16:00:00.000,218.25,219.9,217.92,218.51,0.119129439
31.10.2018 17:00:00.000,218.51,219.93,217.84,219.71,0.549173951
31.10.2018 18:00:00.000,219.71,220.42,219.01,219.58,-0.059168904
31.10.2018 19:00:00.000,219.58,220.43,219.17,219.86,0.127516167
31.10.2018 20:00:00.000,219.86,220.27,218.96,219.42,-0.200127354
01.11.2018 14:00:00.000,219.62,219.83,217.23,217.79,-0.833257445
01.11.2018 15:00:00.000,217.79,218.66,216.8,217.48,-0.14233895
01.11.2018 16:00:00.000,217.49,219.9,217.2,219.25,0.809232608
01.11.2018 17:00:00.000,219.25,219.97,218.64,219.22,-0.01368301
01.11.2018 18:00:00.000,219.2,220.75,219.04,220.36,0.52919708
01.11.2018 19:00:00.000,220.36,220.46,218.24,219.48,-0.399346524
01.11.2018 20:00:00.000,219.48,222.15,219.25,221.87,1.088937489
02.11.2018 14:00:00.000,210.54,213.58,209.38,210.13,-0.194737342
02.11.2018 15:00:00.000,210.13,210.42,206.39,207.89,-1.066006758
02.11.2018 16:00:00.000,207.89,208.46,206.53,207.23,-0.317475588
02.11.2018 17:00:00.000,207.24,207.99,205.88,206.28,-0.463231036
02.11.2018 18:00:00.000,206.28,207.25,205.65,206.5,0.106651154
02.11.2018 19:00:00.000,206.51,207.42,205.42,207.18,0.324439494
02.11.2018 20:00:00.000,207.18,207.41,205.52,205.59,-0.767448595
05.11.2018 14:00:00.000,203.07,203.12,200.81,201.02,-1.009504112
05.11.2018 15:00:00.000,201.02,201.43,198.16,201.33,0.154213511
05.11.2018 16:00:00.000,201.33,201.88,200.38,201.57,0.119207272
05.11.2018 17:00:00.000,201.57,201.66,199.56,200.16,-0.699508855
05.11.2018 18:00:00.000,200.16,200.95,199.58,200.82,0.329736211
05.11.2018 19:00:00.000,200.82,201.77,200.64,200.9,0.03983667
05.11.2018 20:00:00.000,200.9,201.81,200.83,201.39,0.243902439
06.11.2018 14:00:00.000,203.24,204.71,203.09,204.23,0.487108837
06.11.2018 15:00:00.000,204.23,204.46,202.71,202.92,-0.641433678
06.11.2018 16:00:00.000,202.92,203.84,202.41,203.55,0.310467179
06.11.2018 17:00:00.000,203.56,203.8,202.75,202.94,-0.304578503
06.11.2018 18:00:00.000,202.95,203.35,202.8,202.9,-0.02463661
06.11.2018 19:00:00.000,202.9,202.98,201.68,202.23,-0.330211927
06.11.2018 20:00:00.000,202.23,203.69,201.85,203.56,0.657667013
07.11.2018 14:00:00.000,205.66,205.85,204.13,204.81,-0.413303511
07.11.2018 15:00:00.000,204.81,206.45,204.6,206.13,0.64449978
07.11.2018 16:00:00.000,206.15,207.53,205.78,207.44,0.625757943
07.11.2018 17:00:00.000,207.44,207.89,207.1,207.65,0.101234092
07.11.2018 18:00:00.000,207.65,207.96,207.26,207.48,-0.081868529
07.11.2018 19:00:00.000,207.48,208.19,207.33,207.95,0.226527858
07.11.2018 20:00:00.000,207.96,209.48,207.88,209.46,0.721292556
08.11.2018 14:00:00.000,208.82,209,207.77,208.5,-0.153242027
08.11.2018 15:00:00.000,208.5,208.8,207.14,207.65,-0.407673861
08.11.2018 16:00:00.000,207.65,207.89,206.75,207.27,-0.183000241
08.11.2018 17:00:00.000,207.28,207.95,207.03,207.69,0.197800077
08.11.2018 18:00:00.000,207.69,208.1,207.35,208.1,0.197409601
08.11.2018 19:00:00.000,208.1,208.75,207.37,207.9,-0.096107641
08.11.2018 20:00:00.000,207.9,208.46,207.5,208.21,0.149110149
09.11.2018 14:00:00.000,205.08,205.65,204.09,205.3,0.10727521
09.11.2018 15:00:00.000,205.31,205.74,203.92,204.2,-0.540645853
09.11.2018 16:00:00.000,204.2,204.51,203.16,203.43,-0.377081293
09.11.2018 17:00:00.000,203.43,204.02,203.1,203.55,0.05898835
09.11.2018 18:00:00.000,203.55,203.65,202.64,202.64,-0.447064603
09.11.2018 19:00:00.000,202.64,203.97,202.26,203.68,0.513225424
09.11.2018 20:00:00.000,203.68,204.77,203.58,204.57,0.436959937
12.11.2018 14:00:00.000,197.59,197.73,196.12,196.74,-0.430183714
12.11.2018 15:00:00.000,196.74,196.87,194.32,194.68,-1.047067195
12.11.2018 16:00:00.000,194.68,195.58,193.78,195.4,0.369837682
12.11.2018 17:00:00.000,195.41,196.38,195.36,195.74,0.168875697
12.11.2018 18:00:00.000,195.74,196.22,195.13,195.72,-0.010217636
12.11.2018 19:00:00.000,195.71,196.67,195.29,195.73,0.010219202
12.11.2018 20:00:00.000,195.73,195.75,193.98,194.06,-0.853216165
13.11.2018 14:00:00.000,193.61,195.17,192.11,192.12,-0.769588348
13.11.2018 15:00:00.000,192.12,195.84,191.58,195.53,1.774932334
13.11.2018 16:00:00.000,195.53,197.16,194.51,194.74,-0.404030072
13.11.2018 17:00:00.000,194.74,195.23,193.52,193.77,-0.498100031
13.11.2018 18:00:00.000,193.77,194.9,193.55,193.86,0.046446818
13.11.2018 19:00:00.000,193.86,193.93,192.57,193.04,-0.42298566
13.11.2018 20:00:00.000,193.05,193.77,191.93,192.85,-0.103600104
14.11.2018 14:00:00.000,193.06,194.48,191.87,192.13,-0.481715529
14.11.2018 15:00:00.000,192.13,192.25,188.89,189.89,-1.165877271
14.11.2018 16:00:00.000,189.89,189.91,187.89,188.71,-0.621412397
14.11.2018 17:00:00.000,188.72,188.9,186.3,186.46,-1.197541331
14.11.2018 18:00:00.000,186.44,188.41,186.02,186.97,0.284273761
14.11.2018 19:00:00.000,186.97,188.45,185.93,188.25,0.684601808
14.11.2018 20:00:00.000,188.26,188.88,186.57,186.73,-0.812705832
15.11.2018 14:00:00.000,189.07,189.41,187.59,187.72,-0.714021262
15.11.2018 15:00:00.000,187.73,188.87,186.89,188.52,0.420817131
15.11.2018 16:00:00.000,188.52,190.87,188.3,190.22,0.901761086
15.11.2018 17:00:00.000,190.21,190.43,188.95,189.25,-0.504705326
15.11.2018 18:00:00.000,189.23,191.38,188.89,191.14,1.009353697
15.11.2018 19:00:00.000,191.14,191.9,190.62,191.39,0.130794182
15.11.2018 20:00:00.000,191.39,191.94,190.16,191.84,0.235122002
16.11.2018 14:00:00.000,190.4,192.73,189.45,192.63,1.171218487
16.11.2018 15:00:00.000,192.62,194.96,192.36,193.72,0.571072578
16.11.2018 16:00:00.000,193.73,194.07,192.53,192.84,-0.459402261
16.11.2018 17:00:00.000,192.84,194.5,192.33,193.63,0.409666044
16.11.2018 18:00:00.000,193.63,193.86,192.23,192.64,-0.511284408
16.11.2018 19:00:00.000,192.64,194.35,192.46,194.16,0.789036545
16.11.2018 20:00:00.000,194.17,194.54,193.85,193.99,-0.092702271
19.11.2018 14:00:00.000,188.92,189.43,187.85,188.16,-0.402286682
19.11.2018 15:00:00.000,188.16,188.25,186.9,187.95,-0.111607143
19.11.2018 16:00:00.000,187.96,188.18,185.88,186.21,-0.931049159
19.11.2018 17:00:00.000,186.22,187.05,185.67,186.15,-0.037589947
19.11.2018 18:00:00.000,186.16,186.95,185.71,186.01,-0.080575849
19.11.2018 19:00:00.000,186.01,186.82,185.51,186.53,0.279554863
19.11.2018 20:00:00.000,186.53,187.08,184.98,185.31,-0.654050287
20.11.2018 14:00:00.000,178.32,181.13,177.75,179.04,0.403768506
20.11.2018 15:00:00.000,179.04,180.93,176.65,180.5,0.815460232
20.11.2018 16:00:00.000,180.5,181.15,178.91,180.63,0.072022161
20.11.2018 17:00:00.000,180.65,181.44,178.87,178.95,-0.941046222
20.11.2018 18:00:00.000,178.92,179.3,177.8,177.94,-0.547730829
20.11.2018 19:00:00.000,177.94,178.13,176.8,177.05,-0.500168596
20.11.2018 20:00:00.000,177.05,177.34,175.84,176.29,-0.429257272
21.11.2018 14:00:00.000,179.43,179.61,177.23,178.14,-0.718943321
21.11.2018 15:00:00.000,178.14,178.95,177.06,178.29,0.084203436
21.11.2018 16:00:00.000,178.29,179.25,177.55,177.75,-0.302877335
21.11.2018 17:00:00.000,177.76,178.24,177.15,178.2,0.247524752
21.11.2018 18:00:00.000,178.21,178.38,177.66,178.35,0.078559003
21.11.2018 19:00:00.000,178.35,178.36,177.81,177.88,-0.263526773
21.11.2018 20:00:00.000,177.88,178.04,176.55,176.82,-0.595907353
23.11.2018 14:00:00.000,175.98,176.55,175.33,175.64,-0.193203773
23.11.2018 15:00:00.000,175.61,175.84,173.7,174.2,-0.802915552
23.11.2018 16:00:00.000,174.2,174.28,172.69,172.83,-0.786452354
23.11.2018 17:00:00.000,172.82,173.31,172.12,172.28,-0.312463835
23.11.2018 18:00:00.000,172.28,172.29,172.16,172.16,-0.069654052
26.11.2018 14:00:00.000,173.85,174.93,172.77,174.67,0.471670981
26.11.2018 15:00:00.000,174.67,174.68,172.77,174.02,-0.372130303
26.11.2018 16:00:00.000,174.02,174.04,171.34,171.72,-1.321687162
26.11.2018 17:00:00.000,171.72,172.57,170.26,171.36,-0.209643606
26.11.2018 18:00:00.000,171.36,172.92,170.82,172.88,0.887021475
26.11.2018 19:00:00.000,172.88,173.51,172.81,173.35,0.271864877
26.11.2018 20:00:00.000,173.35,174.2,173.18,174.01,0.380732622
27.11.2018 14:00:00.000,172.89,173.16,170.88,172.74,-0.086760368
27.11.2018 15:00:00.000,172.71,174.64,172.15,174.2,0.862717851
27.11.2018 16:00:00.000,174.19,174.75,173.3,173.99,-0.114817154
27.11.2018 17:00:00.000,173.99,174.04,172.41,172.83,-0.666704983
27.11.2018 18:00:00.000,172.83,173.75,172.56,173.75,0.532314992
27.11.2018 19:00:00.000,173.75,174.22,173.08,173.09,-0.379856115
27.11.2018 20:00:00.000,173.08,174.28,172.86,174.13,0.606655882
28.11.2018 14:00:00.000,176.01,176.83,175.48,175.99,-0.011362991
28.11.2018 15:00:00.000,175.98,176.53,174.92,175.88,-0.056824639
28.11.2018 16:00:00.000,175.87,176.43,175.21,176.09,0.125092398
28.11.2018 17:00:00.000,176.09,179.67,176.09,178.49,1.362939406
28.11.2018 18:00:00.000,178.54,180.1,178.19,179.64,0.616108435
28.11.2018 19:00:00.000,179.64,180.01,178.94,179.43,-0.116900468
28.11.2018 20:00:00.000,179.43,180.95,178.75,180.8,0.763528953
29.11.2018 14:00:00.000,181.23,181.3,179.25,179.81,-0.783534735
29.11.2018 15:00:00.000,179.81,179.88,178.02,178.3,-0.839775318
29.11.2018 16:00:00.000,178.3,179.04,177.7,178.93,0.353337072
29.11.2018 17:00:00.000,178.93,179.58,177.92,179.56,0.352092997
29.11.2018 18:00:00.000,179.56,179.56,178.33,178.66,-0.501225217
29.11.2018 19:00:00.000,178.66,180.31,178.41,180.28,0.906750252
29.11.2018 20:00:00.000,180.28,180.36,179.4,179.86,-0.232970934
30.11.2018 14:00:00.000,178.9,179.3,178.12,178.37,-0.296254891
30.11.2018 15:00:00.000,178.37,178.88,177.91,178.11,-0.145764422
30.11.2018 16:00:00.000,178.1,178.39,177.6,178.2,0.056148231
30.11.2018 17:00:00.000,178.22,178.22,177.72,177.72,-0.280552127
30.11.2018 18:00:00.000,177.73,178.41,177.33,178.1,0.208180949
30.11.2018 19:00:00.000,178.11,178.15,177.03,177.22,-0.499691202
30.11.2018 20:00:00.000,177.22,179.27,177.22,178.44,0.688409886
03.12.2018 14:00:00.000,182.61,182.95,181.32,181.61,-0.547615136
03.12.2018 15:00:00.000,181.61,183.16,181.47,181.59,-0.011012609
03.12.2018 16:00:00.000,181.6,182.66,181.2,181.39,-0.115638767
03.12.2018 17:00:00.000,181.4,182.28,181.39,182.11,0.391400221
03.12.2018 18:00:00.000,182.12,182.81,182.03,182.43,0.170217439
03.12.2018 19:00:00.000,182.46,183.74,181.83,183.49,0.564507289
03.12.2018 20:00:00.000,183.49,184.54,182.92,184.33,0.457790615
04.12.2018 14:00:00.000,180.7,181.42,180.55,181.28,0.32097399
04.12.2018 15:00:00.000,181.28,182.38,181.01,181.37,0.049646955
04.12.2018 16:00:00.000,181.37,181.79,180.4,180.5,-0.479682417
04.12.2018 17:00:00.000,180.49,180.62,177.36,177.72,-1.534711064
04.12.2018 18:00:00.000,177.72,178.2,176.43,177.54,-0.101282917
04.12.2018 19:00:00.000,177.53,178.26,177.11,177.55,0.011265702
04.12.2018 20:00:00.000,177.55,177.73,176.4,176.83,-0.405519572
06.12.2018 14:00:00.000,172.17,172.9,170.62,171.3,-0.505314515
06.12.2018 15:00:00.000,171.3,172.17,170.87,171.22,-0.046701693
06.12.2018 16:00:00.000,171.21,172.44,170.42,172.43,0.7125752
06.12.2018 17:00:00.000,172.43,174.33,171.62,173.67,0.719132402
06.12.2018 18:00:00.000,173.67,173.87,172.07,173.78,0.063338516
06.12.2018 19:00:00.000,173.76,174.07,172.14,173.18,-0.333793738
06.12.2018 20:00:00.000,173.18,174.74,172.73,174.58,0.808407437
07.12.2018 14:00:00.000,173.25,174.48,172.95,173.66,0.236652237
07.12.2018 15:00:00.000,173.66,173.95,171.02,171.62,-1.174709202
07.12.2018 16:00:00.000,171.62,171.8,170.09,170.1,-0.88567766
07.12.2018 17:00:00.000,170.1,171.45,170,171.26,0.681951793
07.12.2018 18:00:00.000,171.26,171.39,169.61,169.69,-0.916734789
07.12.2018 19:00:00.000,169.7,170.55,168.82,169.04,-0.388921626
07.12.2018 20:00:00.000,169.04,169.6,168.32,168.89,-0.088736394
10.12.2018 14:00:00.000,165.14,166.46,163.73,164.43,-0.429938234
10.12.2018 15:00:00.000,164.43,166.85,164.21,165.71,0.778446755
10.12.2018 16:00:00.000,165.71,165.81,164.54,165.06,-0.392251524
10.12.2018 17:00:00.000,165.06,169.49,164.39,168.31,1.968980977
10.12.2018 18:00:00.000,168.31,169.79,167.79,168.97,0.392133563
10.12.2018 19:00:00.000,168.97,170.07,168.37,168.99,0.011836421
10.12.2018 20:00:00.000,168.98,169.74,168.33,169.39,0.242632264
11.12.2018 14:00:00.000,170.44,170.83,168.11,168.14,-1.349448486
11.12.2018 15:00:00.000,168.16,169.84,167.73,168.48,0.190294957
11.12.2018 16:00:00.000,168.48,170.35,168.17,170.22,1.032763533
11.12.2018 17:00:00.000,170.22,170.22,168.36,168.37,-1.08682881
11.12.2018 18:00:00.000,168.35,169.03,167.37,167.58,-0.457380457
11.12.2018 19:00:00.000,167.58,169.05,166.99,168.48,0.537056928
11.12.2018 20:00:00.000,168.49,169.86,167.98,168.99,0.296753517
12.12.2018 14:00:00.000,169.74,170.51,169.16,170.47,0.430069518
12.12.2018 15:00:00.000,170.47,171.27,169.77,170.78,0.181850179
12.12.2018 16:00:00.000,170.78,171.55,170.55,171.31,0.310340789
12.12.2018 17:00:00.000,171.32,171.48,170.66,171.34,0.01167406
12.12.2018 18:00:00.000,171.34,171.91,171.06,171.36,0.011672698
12.12.2018 19:00:00.000,171.36,171.45,169.51,169.99,-0.799486461
12.12.2018 20:00:00.000,169.99,170.31,169.17,169.72,-0.158832873
13.12.2018 14:00:00.000,169.9,170.87,169.71,170.39,0.288404944
13.12.2018 15:00:00.000,170.39,172.54,170.38,171.48,0.639708903
13.12.2018 16:00:00.000,171.46,172.2,170.55,171.3,-0.093316225
13.12.2018 17:00:00.000,171.3,171.48,170.18,170.53,-0.449503795
13.12.2018 18:00:00.000,170.52,171.49,170.1,170.67,0.087966221
13.12.2018 19:00:00.000,170.7,170.92,169.85,170.8,0.058582308
13.12.2018 20:00:00.000,170.8,171.28,169.88,170.89,0.052693208
14.12.2018 14:00:00.000,167.78,168.09,166.86,167.19,-0.351650972
14.12.2018 15:00:00.000,167.19,167.69,166.02,166.98,-0.125605598
14.12.2018 16:00:00.000,166.98,167.68,166.5,166.78,-0.119774823
14.12.2018 17:00:00.000,166.79,167.05,166.35,166.75,-0.023982253
14.12.2018 18:00:00.000,166.74,167.44,166.5,166.79,0.029986806
14.12.2018 19:00:00.000,166.79,167.03,166.07,166.53,-0.155884645
14.12.2018 20:00:00.000,166.53,166.8,165.28,165.71,-0.492403771
17.12.2018 14:00:00.000,167.1,167.24,165.58,166.46,-0.383004189
17.12.2018 15:00:00.000,166.46,167.88,166.11,167.65,0.714886459
17.12.2018 16:00:00.000,167.65,168.33,167.23,168.03,0.22666269
17.12.2018 17:00:00.000,168.04,168.28,166.01,166.07,-1.172339919
17.12.2018 18:00:00.000,166.07,166.22,164.58,164.75,-0.794845547
17.12.2018 19:00:00.000,164.75,165.1,164.15,164.48,-0.163884674
17.12.2018 20:00:00.000,164.48,164.61,162.72,163.69,-0.480301556
18.12.2018 14:00:00.000,164.95,166.18,164.66,165.94,0.600181873
18.12.2018 15:00:00.000,165.95,166.31,165.11,165.36,-0.355528774
18.12.2018 16:00:00.000,165.36,165.95,164.85,165.54,0.108853411
18.12.2018 17:00:00.000,165.54,167.52,165.52,167.28,1.051105473
18.12.2018 18:00:00.000,167.28,167.33,165.91,166.24,-0.621712099
18.12.2018 19:00:00.000,166.24,166.63,164.88,164.91,-0.800048123
18.12.2018 20:00:00.000,164.91,166.95,164.37,166.93,1.224910557
19.12.2018 14:00:00.000,165.39,167.11,164.96,166.62,0.743696717
19.12.2018 15:00:00.000,166.63,167.43,166.23,166.6,-0.018003961
19.12.2018 16:00:00.000,166.6,166.69,165.76,166.56,-0.024009604
19.12.2018 17:00:00.000,166.55,167.24,166.51,166.6,0.030021015
19.12.2018 18:00:00.000,166.6,166.83,165.85,166.7,0.06002401
19.12.2018 19:00:00.000,166.7,167.01,161.2,161.72,-2.987402519
19.12.2018 20:00:00.000,161.73,161.74,159.13,161.15,-0.358622395
20.12.2018 14:00:00.000,161.49,162.06,159.74,161.54,0.030961669
20.12.2018 15:00:00.000,161.49,162.05,160.17,160.55,-0.582079386
20.12.2018 16:00:00.000,160.53,160.78,158.64,159.35,-0.735065097
20.12.2018 17:00:00.000,159.35,159.63,157.54,158.36,-0.621273925
20.12.2018 18:00:00.000,158.36,158.44,156.41,156.54,-1.149280121
20.12.2018 19:00:00.000,156.54,158.53,155.29,157.55,0.645202504
20.12.2018 20:00:00.000,157.55,158.32,156.07,156.94,-0.387178673
21.12.2018 14:00:00.000,157.49,158.12,156.68,157.19,-0.190488285
21.12.2018 15:00:00.000,157.19,157.76,155.52,156.03,-0.73796043
21.12.2018 16:00:00.000,156.01,156.06,154.18,154.39,-1.038394975
21.12.2018 17:00:00.000,154.4,154.43,152.05,153.8,-0.388601036
21.12.2018 18:00:00.000,153.8,154.31,152.44,152.81,-0.643693108
21.12.2018 19:00:00.000,152.81,153.63,152.14,152.43,-0.248674825
21.12.2018 20:00:00.000,152.43,152.6,149.61,151.11,-0.865971265
24.12.2018 14:00:00.000,149.89,150.13,147.42,148.41,-0.987390753
24.12.2018 15:00:00.000,148.41,151.51,147.25,150.73,1.563236979
24.12.2018 16:00:00.000,150.75,151.34,148.19,148.51,-1.485903814
24.12.2018 17:00:00.000,148.51,149.02,146.61,146.61,-1.279375126
24.12.2018 18:00:00.000,146.61,147.2,146.56,146.89,0.19098288
26.12.2018 14:00:00.000,149.21,149.91,147.95,148.15,-0.71040815
26.12.2018 15:00:00.000,148.15,148.57,146.77,146.89,-0.850489369
26.12.2018 16:00:00.000,146.89,150.77,146.73,150.73,2.614201103
26.12.2018 17:00:00.000,150.73,152.44,150.51,152.34,1.068135076
26.12.2018 18:00:00.000,152.34,153.16,150.68,153.06,0.472627019
26.12.2018 19:00:00.000,153.07,153.94,152.6,153.87,0.522636702
26.12.2018 20:00:00.000,153.87,156.39,153.42,156.35,1.611750179
27.12.2018 14:00:00.000,154.95,155.41,153.09,153.59,-0.877702485
27.12.2018 15:00:00.000,153.59,154.15,151.42,151.61,-1.289146429
27.12.2018 16:00:00.000,151.62,153.08,151.34,152.53,0.600184672
27.12.2018 17:00:00.000,152.53,152.64,150.97,152.06,-0.308136104
27.12.2018 18:00:00.000,152.06,152.15,150.15,150.41,-1.085097988
27.12.2018 19:00:00.000,150.41,152.4,150.06,152.4,1.323050329
27.12.2018 20:00:00.000,152.4,156.6,151.67,154.87,1.620734908
28.12.2018 14:00:00.000,155.98,156.86,155.16,156.73,0.480830876
28.12.2018 15:00:00.000,156.73,156.84,154.53,155.27,-0.931538314
28.12.2018 16:00:00.000,155.27,157.18,154.99,156.91,1.056224641
28.12.2018 17:00:00.000,156.91,157.21,156.03,156.19,-0.458861768
28.12.2018 18:00:00.000,156.19,156.4,155.26,156.03,-0.102439337
28.12.2018 19:00:00.000,156.04,158.45,156.04,158.38,1.499615483
28.12.2018 20:00:00.000,158.38,158.51,155.68,155.74,-1.666877131
31.12.2018 14:00:00.000,158.67,159.35,157.48,157.91,-0.478981534
31.12.2018 15:00:00.000,157.92,158.22,156.5,157.03,-0.563576494
31.12.2018 16:00:00.000,157.04,158.16,156.9,157.95,0.579470199
31.12.2018 17:00:00.000,157.96,158.94,157.75,158.36,0.253228665
31.12.2018 18:00:00.000,158.36,158.47,157.43,157.55,-0.511492801
31.12.2018 19:00:00.000,157.56,157.6,157.33,157.38,-0.114242193
02.01.2019 14:00:00.000,154.74,155.37,154.23,155.17,0.277885485
02.01.2019 15:00:00.000,155.17,157.19,154.56,156.83,1.069794419
02.01.2019 16:00:00.000,156.82,158.41,156.72,157.05,0.146664966
02.01.2019 17:00:00.000,157.05,158.38,156.92,158.15,0.700413881
02.01.2019 18:00:00.000,158.15,158.83,158.14,158.71,0.354094214
02.01.2019 19:00:00.000,158.71,158.72,157.76,157.9,-0.510364816
02.01.2019 20:00:00.000,157.9,158.01,156.75,157.36,-0.3419886
03.01.2019 14:00:00.000,143.89,144.59,142.81,144.4,0.354437417
03.01.2019 15:00:00.000,144.4,144.4,142.08,143.19,-0.837950139
03.01.2019 16:00:00.000,143.19,145.49,143.15,144.7,1.054542915
03.01.2019 17:00:00.000,144.7,145.71,144.41,145.02,0.221147201
03.01.2019 18:00:00.000,145,145.16,142.89,142.95,-1.413793103
03.01.2019 19:00:00.000,142.95,143.94,142.5,142.62,-0.230849948
03.01.2019 20:00:00.000,142.62,143.32,142,142.19,-0.301500491
04.01.2019 14:00:00.000,144.5,145.39,143.89,145.37,0.602076125
04.01.2019 15:00:00.000,145.37,147.22,145.18,147.19,1.251977712
04.01.2019 16:00:00.000,147.19,147.97,146.96,147.09,-0.067939398
04.01.2019 17:00:00.000,147.09,147.82,146.85,147.51,0.285539466
04.01.2019 18:00:00.000,147.52,148.53,147.46,147.85,0.223698482
04.01.2019 19:00:00.000,147.85,148.34,147.14,147.16,-0.466689212
04.01.2019 20:00:00.000,147.16,147.92,147.07,147.7,0.36694754
07.01.2019 14:00:00.000,147.84,147.87,146.42,147.26,-0.392316017
07.01.2019 15:00:00.000,147.26,148.82,146.69,148.03,0.522884694
07.01.2019 16:00:00.000,148.03,148.03,145.9,147.26,-0.520164831
07.01.2019 17:00:00.000,147.26,147.88,146.81,147.68,0.285209833
07.01.2019 18:00:00.000,147.67,148.11,146.6,146.84,-0.562064062
07.01.2019 19:00:00.000,146.83,147.17,146.21,146.99,0.108969557
07.01.2019 20:00:00.000,146.99,148.39,146.94,147.81,0.557861079
08.01.2019 14:00:00.000,149.87,150.04,148.89,149,-0.580503103
08.01.2019 15:00:00.000,149.01,149.72,148.52,148.89,-0.080531508
08.01.2019 16:00:00.000,148.89,150.21,148.81,149.51,0.416414803
08.01.2019 17:00:00.000,149.51,150.71,149.42,149.99,0.321048759
08.01.2019 18:00:00.000,149.99,151.43,149.75,151.28,0.860057337
08.01.2019 19:00:00.000,151.28,151.81,150.75,151.42,0.092543628
08.01.2019 20:00:00.000,151.4,151.42,150.55,150.75,-0.429326288
09.01.2019 14:00:00.000,150.22,152.02,150.03,151.81,1.05844761
09.01.2019 15:00:00.000,151.81,152.8,151.39,152.49,0.447928331
09.01.2019 16:00:00.000,152.49,154.03,152.32,153.81,0.865630533
09.01.2019 17:00:00.000,153.81,154.36,153.67,153.83,0.013003056
09.01.2019 18:00:00.000,153.83,154.2,153.53,153.89,0.039004095
09.01.2019 19:00:00.000,153.88,154.52,152.93,153.75,-0.084481414
09.01.2019 20:00:00.000,153.75,154.49,153.11,153.31,-0.286178862
10.01.2019 14:00:00.000,152.09,152.67,150.86,151.3,-0.519429285
10.01.2019 15:00:00.000,151.3,152.7,151.1,152.52,0.80634501
10.01.2019 16:00:00.000,152.52,153.05,151.98,152.99,0.308156307
10.01.2019 17:00:00.000,152.99,153.64,152.66,153.43,0.287600497
10.01.2019 18:00:00.000,153.44,153.45,152.3,152.74,-0.45620438
10.01.2019 19:00:00.000,152.75,153.54,152.73,153.17,0.274959083
10.01.2019 20:00:00.000,153.17,153.96,152.99,153.96,0.515766795
11.01.2019 14:00:00.000,153.32,153.47,152.77,153.1,-0.143490738
11.01.2019 15:00:00.000,153.09,153.49,152.07,152.83,-0.169834738
11.01.2019 16:00:00.000,152.83,152.99,151.83,152.36,-0.307531244
11.01.2019 17:00:00.000,152.37,152.67,152.2,152.43,0.03937783
11.01.2019 18:00:00.000,152.43,152.44,151.51,151.64,-0.518270682
11.01.2019 19:00:00.000,151.64,152.31,151.52,152.13,0.323133738
11.01.2019 20:00:00.000,152.13,152.58,152,152.14,0.006573325
14.01.2019 14:00:00.000,150.38,150.62,149.81,149.99,-0.259342998
14.01.2019 15:00:00.000,150,150.45,149.85,150.05,0.033333333
14.01.2019 16:00:00.000,150.05,150.15,149.21,149.77,-0.186604465
14.01.2019 17:00:00.000,149.77,150.79,149.56,150.3,0.353875943
14.01.2019 18:00:00.000,150.3,150.37,149.86,150.04,-0.172987359
14.01.2019 19:00:00.000,150.04,150.11,149.66,149.99,-0.033324447
14.01.2019 20:00:00.000,149.99,150.09,149.46,149.56,-0.286685779
15.01.2019 14:00:00.000,150.56,151.89,150.56,151.53,0.644261424
15.01.2019 15:00:00.000,151.52,152.63,151.31,151.89,0.244192186
15.01.2019 16:00:00.000,151.89,152.6,151.33,152.53,0.421357561
15.01.2019 17:00:00.000,152.53,152.88,152.36,152.69,0.104897397
15.01.2019 18:00:00.000,152.69,153.18,152.63,153.07,0.24887026
15.01.2019 19:00:00.000,153.07,153.38,151.83,152.66,-0.26785131
15.01.2019 20:00:00.000,152.64,153.36,152.58,153.08,0.288259958
16.01.2019 14:00:00.000,154.5,155.87,154.47,155.24,0.478964401
16.01.2019 15:00:00.000,155.25,155.74,154.32,154.92,-0.212560386
16.01.2019 16:00:00.000,154.94,155.38,154.39,154.74,-0.129082225
16.01.2019 17:00:00.000,154.74,155.16,154.5,155.11,0.239110766
16.01.2019 18:00:00.000,155.11,155.34,154.72,155.26,0.096705564
16.01.2019 19:00:00.000,155.26,155.4,155,155.15,-0.070848899
16.01.2019 20:00:00.000,155.16,155.38,154.58,155.17,0.00644496
17.01.2019 14:00:00.000,153.45,153.97,153.26,153.72,0.175953079
17.01.2019 15:00:00.000,153.73,154.21,153.46,153.86,0.084563846
17.01.2019 16:00:00.000,153.86,154.61,153.6,154.14,0.181983621
17.01.2019 17:00:00.000,154.14,154.59,153.97,154.27,0.084338913
17.01.2019 18:00:00.000,154.27,154.86,154.27,154.62,0.226874959
17.01.2019 19:00:00.000,154.62,157.63,154.05,155.76,0.737291424
17.01.2019 20:00:00.000,155.76,155.84,155.08,155.46,-0.192604006
18.01.2019 14:00:00.000,156.93,157.08,156.2,156.54,-0.248518448
18.01.2019 15:00:00.000,156.54,157.82,156.21,157,0.293854606
18.01.2019 16:00:00.000,157,157.44,156.74,157.28,0.178343949
18.01.2019 17:00:00.000,157.28,157.61,156.84,157.44,0.1017294
18.01.2019 18:00:00.000,157.46,157.61,156.97,157.42,-0.025403277
18.01.2019 19:00:00.000,157.42,157.46,156.28,156.68,-0.470080041
18.01.2019 20:00:00.000,156.68,156.71,155.98,156.12,-0.35741639
22.01.2019 14:00:00.000,155.8,156.07,155.22,155.41,-0.250320924
22.01.2019 15:00:00.000,155.41,155.53,154.78,155.18,-0.147995624
22.01.2019 16:00:00.000,155.17,155.67,154.44,154.57,-0.386672682
22.01.2019 17:00:00.000,154.57,155.32,154.45,154.75,0.116452093
22.01.2019 18:00:00.000,154.75,154.75,153.94,154.31,-0.284329564
22.01.2019 19:00:00.000,154.31,154.4,152.87,153.19,-0.725811678
22.01.2019 20:00:00.000,153.18,154.01,152.68,152.77,-0.267658963
23.01.2019 14:00:00.000,154.33,155.13,154.25,154.61,0.181429405
23.01.2019 15:00:00.000,154.61,154.98,153.37,153.66,-0.614449259
23.01.2019 16:00:00.000,153.66,153.7,152.03,152.24,-0.924118183
23.01.2019 17:00:00.000,152.25,152.78,151.7,152.65,0.26272578
23.01.2019 18:00:00.000,152.66,153.3,152.15,153.24,0.379929255
23.01.2019 19:00:00.000,153.25,153.61,152.66,153.1,-0.097879282
23.01.2019 20:00:00.000,153.1,153.82,153.02,153.53,0.280862182
24.01.2019 14:00:00.000,154.24,154.47,152.96,153.04,-0.778008299
24.01.2019 15:00:00.000,153.04,153.64,152.28,152.29,-0.490067956
24.01.2019 16:00:00.000,152.3,153.02,151.87,152.95,0.426789232
24.01.2019 17:00:00.000,152.94,152.94,152.13,152.21,-0.477311364
24.01.2019 18:00:00.000,152.21,152.4,151.81,152.02,-0.124827541
24.01.2019 19:00:00.000,152.02,152.3,151.73,152.22,0.131561637
24.01.2019 20:00:00.000,152.22,152.51,152.08,152.42,0.131388779
25.01.2019 14:00:00.000,154.66,156.35,154.65,156.31,1.06685633
25.01.2019 15:00:00.000,156.3,157.24,156.25,157.16,0.550223928
25.01.2019 16:00:00.000,157.16,157.24,156.22,157,-0.101807076
25.01.2019 17:00:00.000,157.01,157.22,156.55,156.86,-0.095535316
25.01.2019 18:00:00.000,156.86,157.63,156.62,157.63,0.49088359
25.01.2019 19:00:00.000,157.63,158.12,157.27,157.61,-0.01268794
25.01.2019 20:00:00.000,157.61,157.87,157.22,157.72,0.069792526
28.01.2019 14:00:00.000,154.79,155.04,153.66,154.56,-0.14858841
28.01.2019 15:00:00.000,154.56,155.66,154.32,154.35,-0.135869565
28.01.2019 16:00:00.000,154.35,155.16,154.24,154.47,0.077745384
28.01.2019 17:00:00.000,154.46,155.13,154.36,154.84,0.246018387
28.01.2019 18:00:00.000,154.84,156.01,154.77,155.73,0.574786877
28.01.2019 19:00:00.000,155.73,156.28,155.53,156.01,0.179798369
28.01.2019 20:00:00.000,156.01,156.18,155.67,155.84,-0.108967374
29.01.2019 14:00:00.000,156.86,158.12,156.56,157.33,0.299630244
29.01.2019 15:00:00.000,157.32,157.97,155.51,155.75,-0.997965929
29.01.2019 16:00:00.000,155.75,156.48,155.24,156.4,0.417335474
29.01.2019 17:00:00.000,156.4,156.99,155.98,156.74,0.217391304
29.01.2019 18:00:00.000,156.74,156.74,155.94,156.11,-0.401939518
29.01.2019 19:00:00.000,156.11,156.17,154.62,154.71,-0.896803536
29.01.2019 20:00:00.000,154.72,154.85,154.11,154.33,-0.252068252
30.01.2019 14:00:00.000,161.69,162.61,160.65,160.76,-0.575174717
30.01.2019 15:00:00.000,160.76,162.66,160.23,162.53,1.101020154
30.01.2019 16:00:00.000,162.53,163.13,161.85,162.3,-0.141512336
30.01.2019 17:00:00.000,162.3,162.99,161.89,162.85,0.33887862
30.01.2019 18:00:00.000,162.85,163.24,162.41,163.02,0.104390543
30.01.2019 19:00:00.000,163.03,166.13,162.98,166.05,1.8524198
30.01.2019 20:00:00.000,166.05,166.07,164.83,165.05,-0.602228245
31.01.2019 14:00:00.000,164.81,166.67,164.55,166.52,1.037558401
31.01.2019 15:00:00.000,166.52,168.71,166.18,168.27,1.050924814
31.01.2019 16:00:00.000,168.27,168.99,167.7,168.87,0.356569799
31.01.2019 17:00:00.000,168.87,168.89,167.52,167.76,-0.657310357
31.01.2019 18:00:00.000,167.76,167.76,166.8,167.43,-0.196709585
31.01.2019 19:00:00.000,167.43,167.53,166.55,166.72,-0.424057815
31.01.2019 20:00:00.000,166.72,166.97,166.24,166.74,0.011996161
01.02.2019 14:00:00.000,167.16,168.12,166.89,167.07,-0.053840632
01.02.2019 15:00:00.000,167.11,168.97,167.11,168.03,0.550535575
01.02.2019 16:00:00.000,168.03,168.33,167.53,167.88,-0.089269773
01.02.2019 17:00:00.000,167.88,167.89,166.99,167.17,-0.422921134
01.02.2019 18:00:00.000,167.17,167.3,166.37,167.02,-0.089729018
01.02.2019 19:00:00.000,167.03,167.05,165.93,166.14,-0.532838412
01.02.2019 20:00:00.000,166.14,166.66,165.96,166.41,0.162513543
04.02.2019 14:00:00.000,168.27,169.81,168.01,169.77,0.891424496
04.02.2019 15:00:00.000,169.77,170.69,169.35,170.22,0.265064499
04.02.2019 16:00:00.000,170.22,171.36,170.06,171.08,0.505228528
04.02.2019 17:00:00.000,171.08,171.18,170.56,170.86,-0.128594809
04.02.2019 18:00:00.000,170.85,171.53,170.81,171.45,0.35118525
04.02.2019 19:00:00.000,171.46,171.65,170.94,171.23,-0.134142074
04.02.2019 20:00:00.000,171.23,171.34,170.72,170.89,-0.198563336
05.02.2019 14:00:00.000,173.9,174.46,173.5,174.18,0.161012076
05.02.2019 15:00:00.000,174.18,174.99,173.6,174.81,0.361694798
05.02.2019 16:00:00.000,174.82,175.07,174.01,174.4,-0.240247111
05.02.2019 17:00:00.000,174.41,174.43,173.01,173.16,-0.716702024
05.02.2019 18:00:00.000,173.16,173.88,172.69,173.79,0.363825364
05.02.2019 19:00:00.000,173.79,174.43,173.78,174.22,0.247425053
05.02.2019 20:00:00.000,174.23,174.47,173.75,174.02,-0.120530333
06.02.2019 14:00:00.000,174.97,175,173.53,173.63,-0.765845574
06.02.2019 15:00:00.000,173.63,174.59,172.85,174.29,0.380118643
06.02.2019 16:00:00.000,174.29,175.56,174.05,174.83,0.309828447
06.02.2019 17:00:00.000,174.83,174.87,173.69,173.88,-0.543385003
06.02.2019 18:00:00.000,173.88,174.46,173.76,174.18,0.172532781
06.02.2019 19:00:00.000,174.18,174.27,173.68,174.26,0.045929498
06.02.2019 20:00:00.000,174.26,174.34,174.03,174.11,-0.086078274
07.02.2019 14:00:00.000,172.76,173.19,172.03,173.11,0.202593193
07.02.2019 15:00:00.000,173.11,173.92,172.51,172.54,-0.329270406
07.02.2019 16:00:00.000,172.53,172.81,171.08,171.2,-0.770880427
07.02.2019 17:00:00.000,171.19,171.78,170.33,170.7,-0.286231672
07.02.2019 18:00:00.000,170.69,171.34,170.57,171.15,0.269494405
07.02.2019 19:00:00.000,171.15,171.38,170.69,170.97,-0.105170903
07.02.2019 20:00:00.000,170.97,171.16,170.47,170.71,-0.152073463
08.02.2019 14:00:00.000,169.17,169.66,168.66,169.19,0.011822427
08.02.2019 15:00:00.000,169.19,170.36,168.88,169.54,0.206868018
08.02.2019 16:00:00.000,169.53,169.82,169.02,169.76,0.135669203
08.02.2019 17:00:00.000,169.77,170.03,169.28,169.8,0.017670967
08.02.2019 18:00:00.000,169.79,170.3,169.74,170.23,0.259143648
08.02.2019 19:00:00.000,170.23,170.65,170.04,170.47,0.140985725
08.02.2019 20:00:00.000,170.46,170.52,169.82,169.94,-0.305056905
11.02.2019 14:00:00.000,170.67,171.1,169.4,170.21,-0.269525986
11.02.2019 15:00:00.000,170.21,170.7,170.01,170.12,-0.052875859
11.02.2019 16:00:00.000,170.12,170.17,169.37,169.79,-0.193980719
11.02.2019 17:00:00.000,169.8,170.65,169.68,170.45,0.382803298
11.02.2019 18:00:00.000,170.46,170.5,169.63,169.91,-0.322656342
11.02.2019 19:00:00.000,169.91,170.1,169.43,169.53,-0.223647814
11.02.2019 20:00:00.000,169.53,169.91,169.25,169.59,0.035391966
12.02.2019 14:00:00.000,170.19,170.94,169.96,170.11,-0.047006287
12.02.2019 15:00:00.000,170.11,170.64,169.7,170.4,0.170477926
12.02.2019 16:00:00.000,170.4,170.68,169.75,169.87,-0.311032864
12.02.2019 17:00:00.000,169.87,170.33,169.78,169.99,0.070642256
12.02.2019 18:00:00.000,169.98,170.64,169.91,170.52,0.317684433
12.02.2019 19:00:00.000,170.52,170.65,170.26,170.45,-0.041050903
12.02.2019 20:00:00.000,170.45,170.99,170.43,170.69,0.140803755
13.02.2019 14:00:00.000,171.67,172.47,171.45,171.53,-0.081551815
13.02.2019 15:00:00.000,171.52,171.85,170.94,171.47,-0.029151119
13.02.2019 16:00:00.000,171.47,171.71,170.57,170.95,-0.303260045
13.02.2019 17:00:00.000,170.96,171.11,170.41,170.62,-0.19887693
13.02.2019 18:00:00.000,170.62,171,170.59,170.72,0.058609776
13.02.2019 19:00:00.000,170.73,171.16,170.56,170.93,0.117144029
13.02.2019 20:00:00.000,170.92,170.92,169.92,170.02,-0.526562134
14.02.2019 14:00:00.000,170.18,170.79,169.67,170.65,0.276178164
14.02.2019 15:00:00.000,170.65,171.26,169.9,170.56,-0.052739525
14.02.2019 16:00:00.000,170.57,170.69,169.9,170.66,0.052764261
14.02.2019 17:00:00.000,170.66,171.22,170.5,171,0.199226532
14.02.2019 18:00:00.000,171,171.19,170.85,170.87,-0.076023392
14.02.2019 19:00:00.000,170.87,171.17,170.7,170.79,-0.046819219
14.02.2019 20:00:00.000,170.8,171.13,170.41,170.95,0.087822014
15.02.2019 14:00:00.000,171.11,171.21,169.75,170.46,-0.379872597
15.02.2019 15:00:00.000,170.46,171.18,170.1,170.42,-0.023465916
15.02.2019 16:00:00.000,170.42,170.63,169.83,170.12,-0.176035677
15.02.2019 17:00:00.000,170.12,170.62,169.95,170.02,-0.058782036
15.02.2019 18:00:00.000,170.02,170.18,169.93,170.05,0.017644983
15.02.2019 19:00:00.000,170.05,170.47,170.05,170.4,0.205821817
15.02.2019 20:00:00.000,170.41,170.49,169.86,170.04,-0.217123408
19.02.2019 14:00:00.000,170.73,170.99,170.06,170.08,-0.380718093
19.02.2019 15:00:00.000,170.1,170.24,169.51,170.13,0.017636684
19.02.2019 16:00:00.000,170.14,170.77,170.03,170.72,0.340895733
19.02.2019 17:00:00.000,170.72,170.78,170.5,170.55,-0.099578257
19.02.2019 18:00:00.000,170.55,170.69,170.31,170.62,0.041043682
19.02.2019 19:00:00.000,170.62,171.43,170.6,171.4,0.457156254
19.02.2019 20:00:00.000,171.4,171.41,170.91,170.92,-0.280046674
20.02.2019 14:00:00.000,171.54,172.21,171.4,172.08,0.314795383
20.02.2019 15:00:00.000,172.08,173.3,171.87,172.72,0.371920037
20.02.2019 16:00:00.000,172.72,172.96,172.53,172.64,-0.04631774
20.02.2019 17:00:00.000,172.65,172.72,171.61,171.91,-0.4286128
20.02.2019 18:00:00.000,171.91,172.46,171.87,172.36,0.261764877
20.02.2019 19:00:00.000,172.36,172.82,171.34,172.24,-0.069621722
20.02.2019 20:00:00.000,172.25,172.36,171.78,171.93,-0.185776488
21.02.2019 14:00:00.000,172.21,172.29,170.82,171.26,-0.551652053
21.02.2019 15:00:00.000,171.26,171.39,170.82,170.9,-0.210206703
21.02.2019 16:00:00.000,170.89,171.43,170.48,171.33,0.257475569
21.02.2019 17:00:00.000,171.34,171.69,171.31,171.63,0.169254115
21.02.2019 18:00:00.000,171.63,171.66,171.27,171.41,-0.128182719
21.02.2019 19:00:00.000,171.41,171.43,170.35,170.4,-0.5892305
21.02.2019 20:00:00.000,170.39,170.89,170.3,170.69,0.176066671
22.02.2019 14:00:00.000,172.07,172.28,171.77,172.17,0.058115883
22.02.2019 15:00:00.000,172.18,172.61,171.67,172.6,0.24393077
22.02.2019 16:00:00.000,172.61,172.67,172.07,172.24,-0.214356063
22.02.2019 17:00:00.000,172.23,172.37,172.03,172.22,-0.005806189
22.02.2019 18:00:00.000,172.22,172.45,172.04,172.44,0.127743584
22.02.2019 19:00:00.000,172.44,172.57,171.84,171.97,-0.272558571
22.02.2019 20:00:00.000,171.97,172.5,171.88,172.44,0.273303483
25.02.2019 14:00:00.000,174.8,175.59,174.57,175.35,0.314645309
25.02.2019 15:00:00.000,175.35,175.86,175.04,175.4,0.0285144
25.02.2019 16:00:00.000,175.4,175.61,175.02,175.38,-0.011402509
25.02.2019 17:00:00.000,175.38,175.46,174.23,174.38,-0.570190444
25.02.2019 18:00:00.000,174.38,174.59,174.03,174.47,0.051611423
25.02.2019 19:00:00.000,174.47,174.87,174.42,174.78,0.177680977
25.02.2019 20:00:00.000,174.78,174.82,174.23,174.36,-0.240302094
26.02.2019 14:00:00.000,173.67,174.99,173.66,174.84,0.673691484
26.02.2019 15:00:00.000,174.84,175.28,173.77,173.77,-0.611988103
26.02.2019 16:00:00.000,173.77,174.58,173.66,174.23,0.26471773
26.02.2019 17:00:00.000,174.23,174.36,173.92,174.21,-0.011479079
26.02.2019 18:00:00.000,174.21,174.55,174.13,174.23,0.011480397
26.02.2019 19:00:00.000,174.23,174.58,174.19,174.54,0.17792573
26.02.2019 20:00:00.000,174.55,174.87,174.26,174.34,-0.120309367
27.02.2019 14:00:00.000,174.45,174.89,174.01,174.02,-0.246488965
27.02.2019 15:00:00.000,174.05,174.24,172.72,173.07,-0.563056593
27.02.2019 16:00:00.000,173.09,174.07,172.87,173.89,0.462187301
27.02.2019 17:00:00.000,173.89,174.35,173.81,174.33,0.253033527
27.02.2019 18:00:00.000,174.33,174.67,174.17,174.42,0.051626226
27.02.2019 19:00:00.000,174.42,174.93,174.38,174.64,0.126132324
27.02.2019 20:00:00.000,174.64,174.99,174.42,174.55,-0.051534585
28.02.2019 14:00:00.000,174.21,174.9,173.96,174.28,0.04018139
28.02.2019 15:00:00.000,174.28,174.28,173.58,173.7,-0.332797797
28.02.2019 16:00:00.000,173.71,174.41,173.39,174.16,0.259052444
28.02.2019 17:00:00.000,174.17,174.36,173.81,174.27,0.057415169
28.02.2019 18:00:00.000,174.28,174.31,174.03,174.21,-0.040165251
28.02.2019 19:00:00.000,174.21,174.34,173.9,174.09,-0.068882383
28.02.2019 20:00:00.000,174.1,174.17,173.46,173.47,-0.361860999
01.03.2019 14:00:00.000,174.26,174.28,173.56,174.21,-0.028692758
01.03.2019 15:00:00.000,174.2,174.2,173.38,173.68,-0.298507463
01.03.2019 16:00:00.000,173.68,173.7,172.88,173.32,-0.207277752
01.03.2019 17:00:00.000,173.32,174.23,173.29,174.19,0.501961689
01.03.2019 18:00:00.000,174.19,174.62,174.02,174.51,0.183707446
01.03.2019 19:00:00.000,174.51,175.14,174.33,174.97,0.263595209
01.03.2019 20:00:00.000,174.97,175.1,174.68,174.85,-0.068583186
04.03.2019 14:00:00.000,176.4,177.66,176.31,177.46,0.600907029
04.03.2019 15:00:00.000,177.47,177.74,176.62,176.7,-0.433876148
04.03.2019 16:00:00.000,176.69,176.75,174.75,175.17,-0.860263739
04.03.2019 17:00:00.000,175.17,175.51,173.96,174.77,-0.228349603
04.03.2019 18:00:00.000,174.76,175.49,174.41,175.41,0.371938659
04.03.2019 19:00:00.000,175.41,175.72,175.21,175.47,0.034205576
04.03.2019 20:00:00.000,175.46,175.86,175.23,175.76,0.170979141
05.03.2019 14:00:00.000,175.28,175.84,174.76,174.86,-0.239616613
05.03.2019 15:00:00.000,174.86,175.53,174.53,175.16,0.171565824
05.03.2019 16:00:00.000,175.16,175.94,175.06,175.51,0.19981731
05.03.2019 17:00:00.000,175.51,175.54,175.08,175.26,-0.142442026
05.03.2019 18:00:00.000,175.26,175.47,175.15,175.38,0.068469702
05.03.2019 19:00:00.000,175.38,175.69,175.35,175.66,0.159653324
05.03.2019 20:00:00.000,175.66,175.85,175.47,175.6,-0.034156894
06.03.2019 14:00:00.000,174.17,174.9,173.93,174.89,0.413389217
06.03.2019 15:00:00.000,174.88,175.48,174.66,175.19,0.17726441
06.03.2019 16:00:00.000,175.19,175.46,174.57,174.92,-0.154118386
06.03.2019 17:00:00.000,174.92,175.19,174.61,174.75,-0.097187286
06.03.2019 18:00:00.000,174.76,174.85,174.48,174.75,-0.005722133
06.03.2019 19:00:00.000,174.75,174.91,174.54,174.7,-0.028612303
06.03.2019 20:00:00.000,174.7,174.86,174.35,174.64,-0.034344591
07.03.2019 14:00:00.000,174.25,174.28,173.45,173.52,-0.418938307
07.03.2019 15:00:00.000,173.52,173.54,172.03,172.91,-0.351544491
07.03.2019 16:00:00.000,172.91,173.64,172.72,173.59,0.393268174
07.03.2019 17:00:00.000,173.59,174.23,173.03,173.99,0.23042802
07.03.2019 18:00:00.000,174,174.21,173.4,173.76,-0.137931034
07.03.2019 19:00:00.000,173.75,173.84,172.55,172.74,-0.581294964
07.03.2019 20:00:00.000,172.74,172.84,172.3,172.36,-0.219983791
08.03.2019 14:00:00.000,170.69,171.47,170.22,171.17,0.281211553
08.03.2019 15:00:00.000,171.17,171.97,170.68,171.57,0.233685809
08.03.2019 16:00:00.000,171.57,172.25,171.48,171.68,0.064113773
08.03.2019 17:00:00.000,171.68,171.79,171.25,171.33,-0.203867661
08.03.2019 18:00:00.000,171.34,171.8,171.21,171.79,0.262635695
08.03.2019 19:00:00.000,171.8,172.75,171.64,172.48,0.39580908
08.03.2019 20:00:00.000,172.48,172.91,171.98,172.75,0.156539889
11.03.2019 14:00:00.000,176.45,177.35,176.35,177.33,0.498724851
11.03.2019 15:00:00.000,177.33,178.16,177,178.13,0.4511363
11.03.2019 16:00:00.000,178.13,178.9,178,178.77,0.35928816
11.03.2019 17:00:00.000,178.77,178.98,178.47,178.54,-0.128656933
11.03.2019 18:00:00.000,178.54,178.94,178.46,178.84,0.168029573
11.03.2019 19:00:00.000,178.83,178.86,178.51,178.57,-0.145389476
12.03.2019 13:00:00.000,179.7,180.01,179.61,179.79,0.050083472
12.03.2019 14:00:00.000,179.79,181.19,179.36,180.83,0.578452639
12.03.2019 15:00:00.000,180.84,182.66,180.64,182.4,0.862641009
12.03.2019 16:00:00.000,182.4,182.5,181.38,181.79,-0.334429825
12.03.2019 17:00:00.000,181.79,181.83,180.61,180.74,-0.577589526
12.03.2019 18:00:00.000,180.74,181.38,180.67,181.18,0.243443621
12.03.2019 19:00:00.000,181.18,181.26,180.6,180.69,-0.270449277
13.03.2019 14:00:00.000,182.59,182.83,181.55,181.72,-0.476477354
13.03.2019 15:00:00.000,181.71,181.93,180.91,181.61,-0.055032744
13.03.2019 16:00:00.000,181.61,182.27,181.61,181.74,0.071581961
13.03.2019 17:00:00.000,181.74,182.25,181.7,182.14,0.220094641
13.03.2019 18:00:00.000,182.14,182.58,182.02,182.58,0.241572417
13.03.2019 19:00:00.000,182.58,182.82,182.22,182.51,-0.038339358
13.03.2019 20:00:00.000,182.51,182.57,181.71,181.87,-0.350665717
14.03.2019 14:00:00.000,183.34,183.87,182.68,183.55,0.114541289
14.03.2019 15:00:00.000,183.55,183.56,182.56,183.02,-0.288749659
14.03.2019 16:00:00.000,183.03,183.72,182.81,183.46,0.234934164
14.03.2019 17:00:00.000,183.46,184.08,183.42,183.85,0.212580399
14.03.2019 18:00:00.000,183.85,183.87,183.42,183.62,-0.125101985
14.03.2019 19:00:00.000,183.62,183.96,183.61,183.75,0.070798388
14.03.2019 20:00:00.000,183.75,184,183.43,183.9,0.081632653
15.03.2019 14:00:00.000,184.23,184.98,183.73,184.88,0.352819845
15.03.2019 15:00:00.000,184.9,185.66,184.43,185.64,0.400216333
15.03.2019 16:00:00.000,185.64,186.5,185.52,186.41,0.414781297
15.03.2019 17:00:00.000,186.4,186.97,186.28,186.43,0.016094421
15.03.2019 18:00:00.000,186.44,187.24,186.42,187.18,0.396910534
15.03.2019 19:00:00.000,187.18,187.2,186.67,187.1,-0.042739609
15.03.2019 20:00:00.000,187.11,187.32,186.01,186.01,-0.587889477
18.03.2019 14:00:00.000,186.42,187.64,186.39,187.31,0.477416586
18.03.2019 15:00:00.000,187.31,188.39,187.29,188.21,0.480486893
18.03.2019 16:00:00.000,188.21,188.22,187.18,187.56,-0.345358908
18.03.2019 17:00:00.000,187.56,187.66,187.01,187.4,-0.085306035
18.03.2019 18:00:00.000,187.4,188.09,187.3,188.08,0.362860192
18.03.2019 19:00:00.000,188.08,188.22,187.71,187.96,-0.063802637
18.03.2019 20:00:00.000,187.96,188.24,187.66,187.91,-0.026601405
19.03.2019 14:00:00.000,188.66,188.97,188.05,188.13,-0.280928655
19.03.2019 15:00:00.000,188.14,188.44,187.12,187.18,-0.510258318
19.03.2019 16:00:00.000,187.18,188.03,186.82,188.02,0.448765894
19.03.2019 17:00:00.000,188.02,188.38,186.93,187.7,-0.17019466
19.03.2019 18:00:00.000,187.71,187.78,186.83,187.06,-0.346278834
19.03.2019 19:00:00.000,187.05,187.51,186.83,187.29,0.128307939
19.03.2019 20:00:00.000,187.3,187.32,185.96,185.97,-0.710090763
20.03.2019 14:00:00.000,185.95,186.19,184.72,185.41,-0.290400645
20.03.2019 15:00:00.000,185.41,187.37,185.4,187.07,0.89531309
20.03.2019 16:00:00.000,187.07,187.23,186.14,186.32,-0.400919442
20.03.2019 17:00:00.000,186.33,187.19,186.32,186.94,0.327376161
20.03.2019 18:00:00.000,186.94,187.14,186.76,187.11,0.090938269
20.03.2019 19:00:00.000,187.11,189.48,187.11,188.8,0.903212014
20.03.2019 20:00:00.000,188.81,188.98,187.92,188.01,-0.423706371
21.03.2019 14:00:00.000,191.23,192.87,191.19,192.61,0.721644093
21.03.2019 15:00:00.000,192.62,194.83,192.4,194.81,1.136953587
21.03.2019 16:00:00.000,194.82,195.09,194.21,194.84,0.010265886
21.03.2019 17:00:00.000,194.84,194.93,194.03,194.67,-0.087251078
21.03.2019 18:00:00.000,194.67,195.56,194.44,195.54,0.446910156
21.03.2019 19:00:00.000,195.55,196.27,195.41,195.77,0.112503196
21.03.2019 20:00:00.000,195.77,196.31,195.15,195.82,0.025540175
22.03.2019 14:00:00.000,197.12,197.66,194.01,194.49,-1.334212662
22.03.2019 15:00:00.000,194.49,196.48,194.41,194.81,0.164532881
22.03.2019 16:00:00.000,194.8,194.88,192.91,192.92,-0.965092402
22.03.2019 17:00:00.000,192.92,193.63,192.03,192.76,-0.082935932
22.03.2019 18:00:00.000,192.76,193.43,192.01,192.12,-0.332019091
22.03.2019 19:00:00.000,192.12,193.49,192.05,193.39,0.66104518
22.03.2019 20:00:00.000,193.4,193.64,191.05,191.24,-1.116856256
25.03.2019 14:00:00.000,190.42,191.58,187.25,187.73,-1.412666737
25.03.2019 15:00:00.000,187.73,190.49,187.45,190.05,1.235817397
25.03.2019 16:00:00.000,190.04,190.61,189.14,190.15,0.057882551
25.03.2019 17:00:00.000,190.13,190.95,189.4,189.78,-0.184084574
25.03.2019 18:00:00.000,189.79,189.9,187.83,188.23,-0.821961115
25.03.2019 19:00:00.000,188.23,188.42,187.19,187.45,-0.414386655
25.03.2019 20:00:00.000,187.46,188.75,186.58,188.6,0.608129734
26.03.2019 14:00:00.000,191.27,192.49,190.15,192.46,0.62215716
26.03.2019 15:00:00.000,192.47,192.87,191.07,192.25,-0.114303528
26.03.2019 16:00:00.000,192.26,192.43,190.76,191.14,-0.582544471
26.03.2019 17:00:00.000,191.14,191.51,190.16,190.61,-0.277283666
26.03.2019 18:00:00.000,190.61,191.07,188.79,189.06,-0.813178742
26.03.2019 19:00:00.000,189.05,189.37,186.83,186.93,-1.121396456
26.03.2019 20:00:00.000,186.94,187.6,184.55,186.19,-0.401198245
27.03.2019 14:00:00.000,188.7,189.63,188.32,188.5,-0.105988341
27.03.2019 15:00:00.000,188.5,189.75,188.19,188.96,0.24403183
27.03.2019 16:00:00.000,188.95,189.08,186.54,187.3,-0.873246891
27.03.2019 17:00:00.000,187.3,188.57,187.23,187.98,0.363053924
27.03.2019 18:00:00.000,187.98,189.26,187.61,188.85,0.462815193
27.03.2019 19:00:00.000,188.85,189.34,188.2,188.26,-0.312417262
27.03.2019 20:00:00.000,188.26,188.86,188.09,188.39,0.069053437
28.03.2019 14:00:00.000,188.59,189.31,188,188.61,0.010605016
28.03.2019 15:00:00.000,188.62,188.94,187.81,188.49,-0.068921641
28.03.2019 16:00:00.000,188.49,188.82,187.95,188.6,0.058358534
28.03.2019 17:00:00.000,188.61,188.83,188.01,188.28,-0.174964212
28.03.2019 18:00:00.000,188.29,188.49,188,188.11,-0.095597217
28.03.2019 19:00:00.000,188.11,188.18,187.53,187.88,-0.122268885
28.03.2019 20:00:00.000,187.88,188.86,187.8,188.56,0.361933149
29.03.2019 14:00:00.000,189.6,189.68,188.77,189.19,-0.216244726
29.03.2019 15:00:00.000,189.19,189.7,188.53,188.78,-0.216713357
29.03.2019 16:00:00.000,188.78,189.59,188.7,189.37,0.312533107
29.03.2019 17:00:00.000,189.36,189.43,188.94,189.32,-0.021123785
29.03.2019 18:00:00.000,189.32,189.43,189.08,189.26,-0.031692373
29.03.2019 19:00:00.000,189.26,189.83,189.14,189.82,0.295889253
29.03.2019 20:00:00.000,189.81,189.93,189.27,189.51,-0.15805279
01.04.2019 14:00:00.000,190.73,190.96,189.7,190.13,-0.314580821
01.04.2019 15:00:00.000,190.11,190.48,188.38,189.39,-0.378728105
01.04.2019 16:00:00.000,189.39,190.38,189.39,190.2,0.427688896
01.04.2019 17:00:00.000,190.2,190.58,189.85,190.55,0.184016824
01.04.2019 18:00:00.000,190.55,190.77,189.93,190.72,0.089215429
01.04.2019 19:00:00.000,190.72,191.07,190.48,191.07,0.183515101
01.04.2019 20:00:00.000,191.07,191.2,190.76,191.15,0.041869472
02.04.2019 14:00:00.000,192.2,193.07,191.55,191.69,-0.265348595
02.04.2019 15:00:00.000,191.69,192.98,191.53,192.77,0.563409672
02.04.2019 16:00:00.000,192.77,192.84,192.11,192.58,-0.098563054
02.04.2019 17:00:00.000,192.58,193.02,192.5,192.83,0.12981618
02.04.2019 18:00:00.000,192.83,193.81,192.65,193.68,0.44080278
02.04.2019 19:00:00.000,193.68,193.97,193.32,193.97,0.149731516
02.04.2019 20:00:00.000,193.96,194.42,193.89,194.36,0.206228088
03.04.2019 14:00:00.000,194.1,195.19,194.06,194.81,0.365790829
03.04.2019 15:00:00.000,194.81,196.07,194.47,196.01,0.615984806
03.04.2019 16:00:00.000,196.01,196.49,195.78,196.29,0.142849855
03.04.2019 17:00:00.000,196.29,196.44,195.56,195.57,-0.366804218
03.04.2019 18:00:00.000,195.57,195.87,194.75,194.94,-0.322135297
03.04.2019 19:00:00.000,194.94,195.47,194.65,194.88,-0.030778701
03.04.2019 20:00:00.000,194.87,195.31,194.36,195.15,0.143685534
04.04.2019 14:00:00.000,195.72,196.18,195.47,195.93,0.107296137
04.04.2019 15:00:00.000,195.93,196.16,194.8,195.81,-0.061246363
04.04.2019 16:00:00.000,195.81,196.36,195.23,195.76,-0.025534957
04.04.2019 17:00:00.000,195.75,195.96,195.21,195.56,-0.09706258
04.04.2019 18:00:00.000,195.56,195.72,195.34,195.5,-0.030681121
04.04.2019 19:00:00.000,195.5,196.08,195.35,195.89,0.199488491
04.04.2019 20:00:00.000,195.89,195.97,195.28,195.56,-0.168461892
05.04.2019 14:00:00.000,196.5,197.1,196,196.59,0.045801527
05.04.2019 15:00:00.000,196.59,196.81,196.07,196.42,-0.086474388
05.04.2019 16:00:00.000,196.42,196.57,196.14,196.48,0.030546787
05.04.2019 17:00:00.000,196.49,196.91,196.36,196.54,0.025446588
05.04.2019 18:00:00.000,196.54,196.69,196.43,196.69,0.076320342
05.04.2019 19:00:00.000,196.69,196.95,196.59,196.71,0.010168285
05.04.2019 20:00:00.000,196.7,196.99,196.64,196.94,0.122013218
08.04.2019 14:00:00.000,196.85,197.9,196.85,197.75,0.457200914
08.04.2019 15:00:00.000,197.77,198.74,197.19,198.69,0.465186833
08.04.2019 16:00:00.000,198.69,199.49,198.65,199.17,0.241582364
08.04.2019 17:00:00.000,199.17,199.28,198.6,199.17,0
08.04.2019 18:00:00.000,199.17,199.77,199.02,199.77,0.301250188
08.04.2019 19:00:00.000,199.77,199.95,199.56,199.86,0.04505181
08.04.2019 20:00:00.000,199.86,200.21,199.81,200.01,0.075052537
09.04.2019 14:00:00.000,201.14,201.93,200.62,201.66,0.2585264
09.04.2019 15:00:00.000,201.65,202.83,201.47,202.41,0.376890652
09.04.2019 16:00:00.000,202.41,202.7,201.71,201.93,-0.237142434
09.04.2019 17:00:00.000,201.93,202.27,201.61,201.63,-0.148566335
09.04.2019 18:00:00.000,201.63,201.64,199.52,199.99,-0.813371026
09.04.2019 19:00:00.000,199.99,200.02,199.3,199.61,-0.1900095
09.04.2019 20:00:00.000,199.6,199.99,199.22,199.63,0.01503006
10.04.2019 14:00:00.000,199.59,199.95,198.51,198.63,-0.480986021
10.04.2019 15:00:00.000,198.62,199.7,198.17,199.4,0.392709697
10.04.2019 16:00:00.000,199.39,199.69,199.2,199.34,-0.025076483
10.04.2019 17:00:00.000,199.34,199.72,199.13,199.57,0.115380756
10.04.2019 18:00:00.000,199.57,199.99,199.25,199.98,0.2054417
10.04.2019 19:00:00.000,199.98,199.99,199.32,199.68,-0.150015002
10.04.2019 20:00:00.000,199.69,200.73,199.58,200.31,0.310481246
11.04.2019 14:00:00.000,200.4,200.61,199.75,200.53,0.064870259
11.04.2019 15:00:00.000,200.53,200.9,200.02,200.48,-0.024933925
11.04.2019 16:00:00.000,200.49,200.61,199.6,200.06,-0.214474537
11.04.2019 17:00:00.000,200.04,200.41,199.92,200.19,0.074985003
11.04.2019 18:00:00.000,200.19,200.28,199.13,199.24,-0.474549178
11.04.2019 19:00:00.000,199.24,199.34,198.75,199.18,-0.030114435
11.04.2019 20:00:00.000,199.19,199.31,198.44,198.77,-0.210853959
12.04.2019 14:00:00.000,199.94,200.02,199.31,199.81,-0.065019506
12.04.2019 15:00:00.000,199.8,199.87,196.66,196.99,-1.406406406
12.04.2019 16:00:00.000,197,197.69,196.21,197.68,0.345177665
12.04.2019 17:00:00.000,197.68,197.97,197.5,197.79,0.055645488
12.04.2019 18:00:00.000,197.79,198.45,197.68,198.33,0.273016836
12.04.2019 19:00:00.000,198.33,199.13,198.28,198.64,0.156305148
12.04.2019 20:00:00.000,198.65,199.04,198.42,198.43,-0.110747546
15.04.2019 14:00:00.000,199.67,199.8,198.85,199.03,-0.320528873
15.04.2019 15:00:00.000,199.03,199.14,198.01,198.58,-0.226096568
15.04.2019 16:00:00.000,198.59,199.37,198.5,198.6,0.0050355
15.04.2019 17:00:00.000,198.6,198.84,198.5,198.71,0.055387714
15.04.2019 18:00:00.000,198.7,199,198.69,198.86,0.080523402
15.04.2019 19:00:00.000,198.85,199.15,198.8,199.11,0.130751823
15.04.2019 20:00:00.000,199.11,199.32,198.89,198.94,-0.085379941
16.04.2019 14:00:00.000,199.19,199.99,199.01,199.86,0.336362267
16.04.2019 15:00:00.000,199.86,201.36,199.63,200.65,0.395276694
16.04.2019 16:00:00.000,200.65,200.72,199.77,199.91,-0.368801395
16.04.2019 17:00:00.000,199.91,200.08,199.59,199.97,0.030013506
16.04.2019 18:00:00.000,199.97,200.03,199.35,199.72,-0.125018753
16.04.2019 19:00:00.000,199.72,199.84,198.55,199.74,0.01001402
16.04.2019 20:00:00.000,199.74,200.53,198.76,199.53,-0.105136678
17.04.2019 14:00:00.000,200.23,201.29,199.86,199.96,-0.134844928
17.04.2019 15:00:00.000,199.96,201.57,199.62,201.35,0.695139028
17.04.2019 16:00:00.000,201.36,201.99,201.19,201.88,0.258243941
17.04.2019 17:00:00.000,201.88,202.46,201.52,202.46,0.287299386
17.04.2019 18:00:00.000,202.47,203.27,202.41,203.01,0.266706179
17.04.2019 19:00:00.000,203.01,203.07,202.25,202.84,-0.083739717
17.04.2019 20:00:00.000,202.84,203.38,202.75,203.28,0.21691974
18.04.2019 14:00:00.000,203.45,203.83,202.72,203.08,-0.181862866
18.04.2019 15:00:00.000,203.1,203.49,202.52,203.48,0.187099951
18.04.2019 16:00:00.000,203.48,203.93,203.03,203.21,-0.132691174
18.04.2019 17:00:00.000,203.21,203.65,203.14,203.26,0.024605088
18.04.2019 18:00:00.000,203.27,203.79,203.15,203.72,0.22138043
18.04.2019 19:00:00.000,203.73,204.04,203.68,203.89,0.078535316
18.04.2019 20:00:00.000,203.88,204.14,203.63,203.69,-0.093192074
22.04.2019 14:00:00.000,203.51,204.37,203.2,203.6,0.044223871
22.04.2019 15:00:00.000,203.6,204.62,203.26,204.61,0.496070727
22.04.2019 16:00:00.000,204.61,204.94,204.44,204.6,-0.004887347
22.04.2019 17:00:00.000,204.58,204.72,204.41,204.5,-0.039104507
22.04.2019 18:00:00.000,204.51,204.65,204.17,204.46,-0.024448682
22.04.2019 19:00:00.000,204.47,204.66,204.06,204.27,-0.09781386
22.04.2019 20:00:00.000,204.27,204.69,204.07,204.45,0.088118666
23.04.2019 14:00:00.000,204.46,205.53,204.01,205.38,0.449965763
23.04.2019 15:00:00.000,205.38,205.98,205.1,205.96,0.28240335
23.04.2019 16:00:00.000,205.96,206.76,205.68,206.64,0.330161196
23.04.2019 17:00:00.000,206.64,207.53,206.55,207.32,0.329074719
23.04.2019 18:00:00.000,207.32,207.42,206.91,206.98,-0.163997685
23.04.2019 19:00:00.000,206.98,207.58,206.88,207.53,0.265726157
23.04.2019 20:00:00.000,207.52,207.74,207,207.09,-0.207208944
24.04.2019 14:00:00.000,208.02,208.28,207.25,207.42,-0.288433804
24.04.2019 15:00:00.000,207.42,208.21,207.04,208.17,0.361585189
24.04.2019 16:00:00.000,208.17,208.46,207.51,207.77,-0.192150646
24.04.2019 17:00:00.000,207.77,207.84,207.28,207.28,-0.235837705
24.04.2019 18:00:00.000,207.28,207.77,207.16,207.49,0.101312235
24.04.2019 19:00:00.000,207.49,207.98,207.42,207.81,0.1542243
24.04.2019 20:00:00.000,207.81,207.92,207.11,207.42,-0.187671431
25.04.2019 14:00:00.000,207.33,207.56,206.73,206.76,-0.274924034
25.04.2019 15:00:00.000,206.76,207.22,205.11,206.07,-0.333720255
25.04.2019 16:00:00.000,206.08,206.75,205.68,206.25,0.082492236
25.04.2019 17:00:00.000,206.26,206.43,205.71,206.09,-0.082420246
25.04.2019 18:00:00.000,206.09,206.31,205.5,206.11,0.009704498
25.04.2019 19:00:00.000,206.11,206.43,205.86,206.14,0.014555335
25.04.2019 20:00:00.000,206.14,206.25,205.16,205.22,-0.446298632
26.04.2019 14:00:00.000,204.14,204.98,203.2,203.26,-0.431076712
26.04.2019 15:00:00.000,203.26,204.54,202.93,203.87,0.300108236
26.04.2019 16:00:00.000,203.87,204.75,203.58,204.47,0.294305194
26.04.2019 17:00:00.000,204.47,204.8,204.16,204.2,-0.132048711
26.04.2019 18:00:00.000,204.2,204.22,203.71,203.84,-0.176297747
26.04.2019 19:00:00.000,203.84,203.84,203.35,203.57,-0.132456829
26.04.2019 20:00:00.000,203.57,204.63,203.57,203.79,0.108070934
29.04.2019 14:00:00.000,205.08,205.24,204.22,204.92,-0.078018334
29.04.2019 15:00:00.000,204.92,205.96,204.82,205.05,0.063439391
29.04.2019 16:00:00.000,205.03,205.46,204.76,204.89,-0.06828269
29.04.2019 17:00:00.000,204.88,205.18,204.8,205.04,0.078094494
29.04.2019 18:00:00.000,205.05,205.16,204.77,204.85,-0.097537186
29.04.2019 19:00:00.000,204.85,205.2,204.78,205.14,0.141567
29.04.2019 20:00:00.000,205.14,205.23,204.44,204.44,-0.341230379
30.04.2019 14:00:00.000,202.9,203.04,200.61,200.64,-1.113849187
30.04.2019 15:00:00.000,200.66,201.42,200.32,200.61,-0.024917771
30.04.2019 16:00:00.000,200.61,200.75,199.12,200.42,-0.094711131
30.04.2019 17:00:00.000,200.42,200.87,200.17,200.78,0.179622792
30.04.2019 18:00:00.000,200.78,201.31,200.2,201.25,0.23408706
30.04.2019 19:00:00.000,201.25,201.49,201.01,201.1,-0.074534161
30.04.2019 20:00:00.000,201.1,201.27,200.55,200.88,-0.109398309
01.05.2019 14:00:00.000,210.06,212.04,209.23,211.19,0.537941541
01.05.2019 15:00:00.000,211.19,213.37,210.91,213.06,0.885458592
01.05.2019 16:00:00.000,213.06,215.3,213,214.83,0.830751901
01.05.2019 17:00:00.000,214.85,215.04,213.26,213.93,-0.428205725
01.05.2019 18:00:00.000,213.93,214.67,213.7,214.25,0.149581639
01.05.2019 19:00:00.000,214.24,214.84,213.43,214.06,-0.084017924
01.05.2019 20:00:00.000,213.91,214.78,211.14,211.18,-1.27623767
02.05.2019 14:00:00.000,210.36,212.53,210.22,212.44,0.988781137
02.05.2019 15:00:00.000,212.44,212.64,210.95,211.1,-0.630766334
02.05.2019 16:00:00.000,211.1,211.5,208.13,208.61,-1.179535765
02.05.2019 17:00:00.000,208.61,209.68,208.45,208.71,0.047936341
02.05.2019 18:00:00.000,208.7,210.28,208.4,209.62,0.440824149
02.05.2019 19:00:00.000,209.62,210.19,208.95,209.38,-0.114492892
02.05.2019 20:00:00.000,209.38,209.9,208.67,209.02,-0.171936193
03.05.2019 14:00:00.000,210.45,211.28,210.4,211.1,0.308861962
03.05.2019 15:00:00.000,211.09,211.32,210.22,210.84,-0.118432896
03.05.2019 16:00:00.000,210.84,211.25,210.62,210.98,0.066401062
03.05.2019 17:00:00.000,210.98,211.41,210.83,210.96,-0.009479572
03.05.2019 18:00:00.000,210.95,211.69,210.92,211.22,0.127992415
03.05.2019 19:00:00.000,211.22,211.44,211.08,211.41,0.089953603
03.05.2019 20:00:00.000,211.41,211.73,210.97,211.64,0.10879334
06.05.2019 14:00:00.000,205.67,208.05,205.51,207.81,1.040501775
06.05.2019 15:00:00.000,207.81,208.45,206.95,207.51,-0.144362639
06.05.2019 16:00:00.000,207.53,208.34,206.8,207.7,0.081915868
06.05.2019 17:00:00.000,207.7,207.89,206.6,206.78,-0.442946558
06.05.2019 18:00:00.000,206.77,207.78,206.53,207.62,0.41108478
06.05.2019 19:00:00.000,207.62,208.77,207.36,208.72,0.529814083
06.05.2019 20:00:00.000,208.7,208.83,208.17,208.46,-0.114997604
07.05.2019 14:00:00.000,206.57,207.27,205.2,205.8,-0.372754998
07.05.2019 15:00:00.000,205.8,205.86,204.37,204.74,-0.515063168
07.05.2019 16:00:00.000,204.74,204.74,203.68,203.9,-0.410276448
07.05.2019 17:00:00.000,203.9,204.96,203.52,204.23,0.161844041
07.05.2019 18:00:00.000,204.22,204.31,201.47,202.04,-1.067476251
07.05.2019 19:00:00.000,202.01,202.78,200.84,201.73,-0.138607
07.05.2019 20:00:00.000,201.73,202.32,200.82,202.1,0.183413473
08.05.2019 14:00:00.000,202.75,204.74,201.75,204.7,0.961775586
08.05.2019 15:00:00.000,204.7,204.98,202.96,204.08,-0.302882267
08.05.2019 16:00:00.000,204.08,205.31,203.52,203.52,-0.274402195
08.05.2019 17:00:00.000,203.54,204.3,203.02,204.24,0.343912744
08.05.2019 18:00:00.000,204.25,204.5,203.92,204.29,0.019583843
08.05.2019 19:00:00.000,204.3,204.63,203.94,204.36,0.029368576
08.05.2019 20:00:00.000,204.36,204.83,202.76,202.87,-0.7291055
09.05.2019 14:00:00.000,199.77,200.8,198.3,199.16,-0.305351154
09.05.2019 15:00:00.000,199.18,199.23,196.66,197.52,-0.83341701
09.05.2019 16:00:00.000,197.52,198.71,196.97,198.61,0.551842851
09.05.2019 17:00:00.000,198.6,201.4,198.08,200.11,0.760322256
09.05.2019 18:00:00.000,200.11,201.67,200.08,201.11,0.499725151
09.05.2019 19:00:00.000,201.11,201.5,199.6,199.64,-0.730943265
09.05.2019 20:00:00.000,199.64,200.88,199.05,200.44,0.400721298
10.05.2019 14:00:00.000,198.3,198.84,197.22,197.47,-0.418557741
10.05.2019 15:00:00.000,197.47,197.73,192.76,193.72,-1.899022636
10.05.2019 16:00:00.000,193.72,194.76,193.06,194.12,0.206483585
10.05.2019 17:00:00.000,194.12,195.98,194.08,195.55,0.736657737
10.05.2019 18:00:00.000,195.56,196.91,195.31,196.77,0.618735938
10.05.2019 19:00:00.000,196.78,197,195.42,196.79,0.005081817
10.05.2019 20:00:00.000,196.79,198.53,196.42,196.68,-0.055897149
13.05.2019 14:00:00.000,188.15,189.45,186.9,188.19,0.021259633
13.05.2019 15:00:00.000,188.19,188.47,185.69,187.82,-0.196609809
13.05.2019 16:00:00.000,187.82,187.97,186.24,187.05,-0.40996699
13.05.2019 17:00:00.000,187.05,187.11,185.81,185.88,-0.625501203
13.05.2019 18:00:00.000,185.88,186.79,185.08,186.7,0.441144825
13.05.2019 19:00:00.000,186.69,187.51,185.84,187.08,0.208902459
13.05.2019 20:00:00.000,187.09,187.41,184.69,185.24,-0.988828906
14.05.2019 14:00:00.000,185.71,187.33,185.42,185.76,0.026923698
14.05.2019 15:00:00.000,185.76,187.67,185.76,186.42,0.355297158
14.05.2019 16:00:00.000,186.42,188.9,186.16,188.61,1.174766656
14.05.2019 17:00:00.000,188.61,189.14,187.92,188.6,-0.005301946
14.05.2019 18:00:00.000,188.6,189.65,188.6,189.48,0.46659597
14.05.2019 19:00:00.000,189.48,189.7,188.68,188.97,-0.269157695
14.05.2019 20:00:00.000,188.97,189.61,188.72,189.08,0.058210298
15.05.2019 14:00:00.000,187.5,188.02,186.95,187.38,-0.064
15.05.2019 15:00:00.000,187.38,189.78,187.12,189.53,1.147401003
15.05.2019 16:00:00.000,189.54,190.47,189.02,190.28,0.390418909
15.05.2019 17:00:00.000,190.28,190.75,189.91,190.14,-0.073575783
15.05.2019 18:00:00.000,190.11,191.19,190.02,191.08,0.510230919
15.05.2019 19:00:00.000,191.08,191.55,190.96,191.12,0.02093364
15.05.2019 20:00:00.000,191.12,191.74,190.93,191.16,0.020929259
16.05.2019 14:00:00.000,189.94,189.99,189.1,189.58,-0.189533537
16.05.2019 15:00:00.000,189.58,191.53,188.83,191.24,0.875619791
16.05.2019 16:00:00.000,191.24,192.1,190.9,191.97,0.381719306
16.05.2019 17:00:00.000,191.97,192.46,191.4,191.66,-0.161483565
16.05.2019 18:00:00.000,191.67,191.8,190.26,190.5,-0.610424167
16.05.2019 19:00:00.000,190.51,190.97,190.22,190.51,0
16.05.2019 20:00:00.000,190.51,190.73,189.21,189.28,-0.6456354
17.05.2019 14:00:00.000,187.42,188.31,186.81,187.67,0.133390247
17.05.2019 15:00:00.000,187.65,190.13,186.8,189.93,1.215027978
17.05.2019 16:00:00.000,189.92,190.89,188.56,189.25,-0.352780118
17.05.2019 17:00:00.000,189.25,190.2,188.57,189.95,0.36988111
17.05.2019 18:00:00.000,189.95,190.2,189.33,189.93,-0.010529087
17.05.2019 19:00:00.000,189.94,190.12,189.36,189.93,-0.00526482
17.05.2019 20:00:00.000,189.92,189.96,188,189.06,-0.452822241
20.05.2019 14:00:00.000,181.34,183.46,180.29,182.96,0.893349509
20.05.2019 15:00:00.000,182.96,184.34,182.15,183.33,0.202229996
20.05.2019 16:00:00.000,183.33,183.54,182.25,182.85,-0.261822942
20.05.2019 17:00:00.000,182.85,183.42,182.5,182.65,-0.109379273
20.05.2019 18:00:00.000,182.65,183.05,182.2,182.74,0.049274569
20.05.2019 19:00:00.000,182.74,182.84,181.87,181.98,-0.41589143
20.05.2019 20:00:00.000,181.99,183.16,181.74,183.08,0.598934007
21.05.2019 14:00:00.000,185.55,186.31,185.2,186.05,0.269469146
21.05.2019 15:00:00.000,186.05,187.64,185.54,187.55,0.806234883
21.05.2019 16:00:00.000,187.56,187.84,186.65,186.93,-0.335892514
21.05.2019 17:00:00.000,186.93,187.76,186.87,187.18,0.133739903
21.05.2019 18:00:00.000,187.18,187.55,187.12,187.53,0.186985789
21.05.2019 19:00:00.000,187.53,187.99,187.26,187.4,-0.069322242
21.05.2019 20:00:00.000,187.39,187.48,186.71,186.76,-0.336197236
22.05.2019 14:00:00.000,185.4,185.69,184.44,185.05,-0.188781014
22.05.2019 15:00:00.000,185.05,185.25,183.05,183.26,-0.967306133
22.05.2019 16:00:00.000,183.26,184.4,182.55,183.87,0.332860417
22.05.2019 17:00:00.000,183.88,184.03,183,183.34,-0.293669785
22.05.2019 18:00:00.000,183.32,183.42,182.73,183.31,-0.005454942
22.05.2019 19:00:00.000,183.34,183.84,182.94,183.61,0.147267372
22.05.2019 20:00:00.000,183.62,183.7,182.65,183.12,-0.272301492
23.05.2019 14:00:00.000,179.77,180.23,177.91,177.99,-0.990154086
23.05.2019 15:00:00.000,177.99,180.11,177.8,179.86,1.050620821
23.05.2019 16:00:00.000,179.87,180.52,178.92,178.97,-0.500361372
23.05.2019 17:00:00.000,178.97,179.22,178.27,179.06,0.050287758
23.05.2019 18:00:00.000,179.06,179.87,178.91,179.32,0.145202725
23.05.2019 19:00:00.000,179.32,179.62,178.77,178.97,-0.195181798
23.05.2019 20:00:00.000,178.96,180.21,178.46,179.69,0.407912383
24.05.2019 14:00:00.000,181.61,182.12,181.11,181.37,-0.132151313
24.05.2019 15:00:00.000,181.37,181.8,179.95,180.19,-0.650603738
24.05.2019 16:00:00.000,180.17,180.37,179.64,179.99,-0.099905645
24.05.2019 17:00:00.000,179.99,180.49,179.71,180.42,0.238902161
24.05.2019 18:00:00.000,180.42,180.52,179.58,179.64,-0.432324576
24.05.2019 19:00:00.000,179.64,179.68,179.11,179.37,-0.150300601
24.05.2019 20:00:00.000,179.38,179.75,178.75,178.95,-0.239714572
28.05.2019 14:00:00.000,180.02,180.58,179.25,179.54,-0.26663704
28.05.2019 15:00:00.000,179.54,179.77,177.91,178.87,-0.373175894
28.05.2019 16:00:00.000,178.87,179.41,178.3,179.04,0.095041091
28.05.2019 17:00:00.000,179.04,179.34,178.76,178.8,-0.134048257
28.05.2019 18:00:00.000,178.8,179.29,178.56,179.19,0.218120805
28.05.2019 19:00:00.000,179.19,179.52,178.73,178.92,-0.150678051
28.05.2019 20:00:00.000,178.92,179.22,178.57,179.02,0.055890901
29.05.2019 14:00:00.000,177.01,178.21,176.52,177.98,0.547991639
29.05.2019 15:00:00.000,177.99,179.34,177.65,177.76,-0.129220743
29.05.2019 16:00:00.000,177.76,178,176.37,176.88,-0.495049505
29.05.2019 17:00:00.000,176.88,178.04,176.65,177.6,0.407055631
29.05.2019 18:00:00.000,177.6,178.52,177.46,177.8,0.112612613
29.05.2019 19:00:00.000,177.8,178.12,176.93,177.16,-0.359955006
29.05.2019 20:00:00.000,177.15,177.95,176.76,177.31,0.090318939
30.05.2019 14:00:00.000,179.09,179.15,178.34,178.7,-0.217767603
30.05.2019 15:00:00.000,178.7,178.84,177.78,178.14,-0.31337437
30.05.2019 16:00:00.000,178.14,178.18,177.52,177.74,-0.224542495
30.05.2019 17:00:00.000,177.73,177.89,177.13,177.67,-0.033759073
30.05.2019 18:00:00.000,177.67,177.78,177.18,177.63,-0.022513649
30.05.2019 19:00:00.000,177.63,177.77,176.66,177.47,-0.090074875
30.05.2019 20:00:00.000,177.48,178.29,176.73,178.15,0.377507325
31.05.2019 14:00:00.000,176.55,177.08,176.1,176.9,0.198244123
31.05.2019 15:00:00.000,176.9,177.98,176.8,177.45,0.310910119
31.05.2019 16:00:00.000,177.45,177.67,176.76,177.09,-0.202874049
31.05.2019 17:00:00.000,177.08,177.15,176.55,176.81,-0.152473458
31.05.2019 18:00:00.000,176.82,177.56,176.65,177.23,0.231874222
31.05.2019 19:00:00.000,177.25,177.4,175.85,176.14,-0.626234133
31.05.2019 20:00:00.000,176.12,176.18,175.05,175.4,-0.408812174
03.06.2019 14:00:00.000,177.55,177.9,176.76,177,-0.309771895
03.06.2019 15:00:00.000,177,177.26,175.85,177.19,0.107344633
03.06.2019 16:00:00.000,177.17,177.45,176.42,176.64,-0.299147711
03.06.2019 17:00:00.000,176.64,176.79,175.17,175.65,-0.560461957
03.06.2019 18:00:00.000,175.65,177.14,170.26,173.51,-1.21833191
03.06.2019 19:00:00.000,173.52,174.17,171.94,172.3,-0.703088981
03.06.2019 20:00:00.000,172.29,173.39,171.47,173.09,0.464333391
04.06.2019 14:00:00.000,175.61,176.39,174.51,176.1,0.27902739
04.06.2019 15:00:00.000,176.09,178.3,175.42,178.25,1.226645465
04.06.2019 16:00:00.000,178.24,179.74,178.11,178.52,0.157091562
04.06.2019 17:00:00.000,178.52,178.77,177.97,178.62,0.056016133
04.06.2019 18:00:00.000,178.6,179.6,177.92,179.51,0.509518477
04.06.2019 19:00:00.000,179.52,179.59,178.7,179.05,-0.261809269
04.06.2019 20:00:00.000,179.06,179.75,179.06,179.57,0.28482073
05.06.2019 14:00:00.000,183.75,184.34,182.77,184.23,0.26122449
05.06.2019 15:00:00.000,184.24,184.49,181.13,181.68,-1.389491967
05.06.2019 16:00:00.000,181.68,183.49,181.38,182.93,0.688022897
05.06.2019 17:00:00.000,182.93,183.08,181.89,182,-0.508391188
05.06.2019 18:00:00.000,182.01,182.69,181.96,182.28,0.148343498
05.06.2019 19:00:00.000,182.25,182.68,181.98,182.31,0.032921811
05.06.2019 20:00:00.000,182.31,182.85,181.58,182.81,0.274258132
06.06.2019 14:00:00.000,183.39,183.91,182.2,182.25,-0.621626043
06.06.2019 15:00:00.000,182.25,183.41,182.13,182.89,0.351165981
06.06.2019 16:00:00.000,182.89,183.85,182.71,183.3,0.224178468
06.06.2019 17:00:00.000,183.29,183.51,183.02,183.38,0.049102515
06.06.2019 18:00:00.000,183.38,183.64,183.16,183.38,0
06.06.2019 19:00:00.000,183.38,184.44,183.14,184.03,0.35445523
06.06.2019 20:00:00.000,184.03,185.47,183.96,185.22,0.646633701
07.06.2019 14:00:00.000,186.37,188.65,186.32,188.56,1.175081826
07.06.2019 15:00:00.000,188.56,191.64,188.5,191.64,1.633432329
07.06.2019 16:00:00.000,191.64,191.91,190.3,190.47,-0.610519724
07.06.2019 17:00:00.000,190.47,190.55,189.97,190.26,-0.110253583
07.06.2019 18:00:00.000,190.27,190.53,189.97,190.49,0.115625164
07.06.2019 19:00:00.000,190.48,190.5,189.8,189.94,-0.28349433
07.06.2019 20:00:00.000,189.94,190.21,189.78,189.95,0.00526482
10.06.2019 15:00:00.000,193.14,194.02,192.92,193.43,0.15015015
10.06.2019 16:00:00.000,193.41,195.36,193.33,195.12,0.884132154
10.06.2019 17:00:00.000,195.11,195.29,193.5,193.62,-0.763671775
10.06.2019 18:00:00.000,193.63,194.1,192.69,192.88,-0.387336673
10.06.2019 19:00:00.000,192.86,193.29,192.04,193.28,0.217774551
10.06.2019 20:00:00.000,193.28,193.63,192.47,192.74,-0.279387417
11.06.2019 14:00:00.000,195.27,195.62,193.89,194.48,-0.404568034
11.06.2019 15:00:00.000,194.48,195.99,194.01,194.54,0.030851501
11.06.2019 16:00:00.000,194.53,195.22,194.16,194.48,-0.025702976
11.06.2019 17:00:00.000,194.48,194.53,193.59,193.73,-0.385643768
11.06.2019 18:00:00.000,193.72,194.52,193.67,194.4,0.351022094
11.06.2019 19:00:00.000,194.41,194.8,193.87,194.44,0.015431305
11.06.2019 20:00:00.000,194.44,195.15,193.98,194.84,0.205718988
12.06.2019 14:00:00.000,194.39,195.23,194.19,195.17,0.401255209
12.06.2019 15:00:00.000,195.18,195.93,194.31,195.13,-0.025617379
12.06.2019 16:00:00.000,195.12,195.39,194.54,194.7,-0.215252153
12.06.2019 17:00:00.000,194.69,195.03,194.37,194.82,0.066772818
12.06.2019 18:00:00.000,194.82,194.97,194.41,194.55,-0.138589467
12.06.2019 19:00:00.000,194.55,194.74,194.06,194.39,-0.082241069
12.06.2019 20:00:00.000,194.4,194.41,194.03,194.21,-0.097736626
13.06.2019 14:00:00.000,194.74,196.63,194.66,196.53,0.919174284
13.06.2019 15:00:00.000,196.55,196.78,195.53,195.66,-0.45281099
13.06.2019 16:00:00.000,195.67,195.94,195.05,195.66,-0.005110645
13.06.2019 17:00:00.000,195.67,195.83,195.17,195.62,-0.025553227
13.06.2019 18:00:00.000,195.63,195.82,195.25,195.28,-0.178909165
13.06.2019 19:00:00.000,195.27,195.27,194.44,194.75,-0.266297946
13.06.2019 20:00:00.000,194.75,194.81,193.74,194.09,-0.338896021
14.06.2019 14:00:00.000,191.32,191.44,190.29,190.66,-0.344971775
14.06.2019 15:00:00.000,190.66,192.73,190.48,192.52,0.975558586
14.06.2019 16:00:00.000,192.52,192.67,191.35,192.3,-0.114273842
14.06.2019 17:00:00.000,192.29,192.61,192.07,192.47,0.093608612
14.06.2019 18:00:00.000,192.47,192.93,192.37,192.6,0.067542994
14.06.2019 19:00:00.000,192.6,193.03,192.56,193,0.20768432
14.06.2019 20:00:00.000,192.99,193.58,192.98,193.09,0.051816156
17.06.2019 14:00:00.000,192.93,194.82,192.91,194.63,0.881148603
17.06.2019 15:00:00.000,194.63,194.95,194.14,194.63,0
17.06.2019 16:00:00.000,194.6,194.69,194.04,194.14,-0.236382323
17.06.2019 17:00:00.000,194.13,194.34,193.9,194.21,0.041209499
17.06.2019 18:00:00.000,194.21,194.63,194.13,194.59,0.195664487
17.06.2019 19:00:00.000,194.59,194.77,194.17,194.23,-0.185004368
17.06.2019 20:00:00.000,194.22,194.49,193.58,193.76,-0.236844815
18.06.2019 14:00:00.000,196.57,199.82,196.51,199.06,1.266724322
18.06.2019 15:00:00.000,199.05,200.28,198.94,200,0.477267018
18.06.2019 16:00:00.000,200,200.24,198.34,198.49,-0.755
18.06.2019 17:00:00.000,198.49,199.07,198.39,198.74,0.12595093
18.06.2019 18:00:00.000,198.75,198.75,198.06,198.56,-0.095597484
18.06.2019 19:00:00.000,198.56,199.01,198.56,198.91,0.176269138
18.06.2019 20:00:00.000,198.91,198.99,198.1,198.15,-0.382082349
19.06.2019 14:00:00.000,198.76,198.77,197.86,198.35,-0.206278929
19.06.2019 15:00:00.000,198.35,198.68,197.92,198.45,0.050415931
19.06.2019 16:00:00.000,198.45,198.74,198.01,198.18,-0.136054422
19.06.2019 17:00:00.000,198.17,198.36,198,198.11,-0.030277035
19.06.2019 18:00:00.000,198.11,198.14,197.43,198,-0.055524708
19.06.2019 19:00:00.000,197.98,199.86,197.31,197.99,0.005051015
19.06.2019 20:00:00.000,198.02,198.78,197.89,198.45,0.217149783
20.06.2019 14:00:00.000,199.27,199.95,199.04,199.68,0.205750991
20.06.2019 15:00:00.000,199.69,199.97,198.41,198.85,-0.420652011
20.06.2019 16:00:00.000,198.87,199.42,198.59,199.13,0.130738674
20.06.2019 17:00:00.000,199.13,199.21,198.04,199.07,-0.03013107
20.06.2019 18:00:00.000,199.07,199.52,198.97,199.13,0.030140152
20.06.2019 19:00:00.000,199.12,199.54,199.02,199.44,0.160707111
20.06.2019 20:00:00.000,199.44,199.94,198.97,199.91,0.235659848
21.06.2019 14:00:00.000,198.82,199.32,198.39,199.03,0.105623177
21.06.2019 15:00:00.000,199.02,200.24,199.02,199.88,0.432117375
21.06.2019 16:00:00.000,199.89,200.73,199.71,199.93,0.020011006
21.06.2019 17:00:00.000,199.93,200.44,199.61,200.4,0.235082279
21.06.2019 18:00:00.000,200.39,200.84,200.23,200.47,0.039922152
21.06.2019 19:00:00.000,200.47,200.58,199.83,199.88,-0.294308375
21.06.2019 20:00:00.000,199.89,200.06,199.48,199.56,-0.1650908
24.06.2019 14:00:00.000,199.52,199.98,199.33,199.61,0.04510826
24.06.2019 15:00:00.000,199.59,200.14,199.25,199.76,0.085174608
24.06.2019 16:00:00.000,199.76,199.86,199.3,199.48,-0.140168202
24.06.2019 17:00:00.000,199.49,199.58,198.94,199.16,-0.165421826
24.06.2019 18:00:00.000,199.17,199.39,198.92,199.01,-0.080333384
24.06.2019 19:00:00.000,199.01,199.17,198.85,199.12,0.055273604
24.06.2019 20:00:00.000,199.12,199.35,198.83,198.92,-0.100441945
25.06.2019 14:00:00.000,199.12,199.24,198.32,198.5,-0.311370028
25.06.2019 15:00:00.000,198.52,198.67,197.64,198.24,-0.141043724
25.06.2019 16:00:00.000,198.25,198.4,197.6,197.76,-0.247162673
25.06.2019 17:00:00.000,197.76,198.09,197.01,197.37,-0.197208738
25.06.2019 18:00:00.000,197.37,197.78,196.63,197.25,-0.060799514
25.06.2019 19:00:00.000,197.25,197.44,196.03,196.27,-0.496831432
25.06.2019 20:00:00.000,196.28,196.41,195.35,195.73,-0.280211942
26.06.2019 14:00:00.000,198.76,200.94,198.75,200.9,1.076675387
26.06.2019 15:00:00.000,200.9,200.98,199.89,200.21,-0.343454455
26.06.2019 16:00:00.000,200.21,200.63,199.53,200.61,0.19979022
26.06.2019 17:00:00.000,200.61,200.91,200.38,200.52,-0.044863167
26.06.2019 18:00:00.000,200.52,200.55,199.54,199.82,-0.34909236
26.06.2019 19:00:00.000,199.82,199.89,199.28,199.64,-0.090081073
26.06.2019 20:00:00.000,199.63,200.2,199.56,199.88,0.125231679
27.06.2019 14:00:00.000,201.14,201.57,200.74,201.22,0.039773292
27.06.2019 15:00:00.000,201.21,201.34,200.11,200.56,-0.323045574
27.06.2019 16:00:00.000,200.56,200.76,199.57,199.8,-0.378938971
27.06.2019 17:00:00.000,199.79,200.39,199.71,199.91,0.060063066
27.06.2019 18:00:00.000,199.91,200.24,199.9,199.98,0.035015757
27.06.2019 19:00:00.000,199.98,200.18,199.87,199.97,-0.0050005
27.06.2019 20:00:00.000,199.97,200.06,199.76,199.77,-0.100015002
28.06.2019 14:00:00.000,198.87,198.97,197.25,197.33,-0.77437522
28.06.2019 15:00:00.000,197.33,198.29,197.04,198.21,0.445953479
28.06.2019 16:00:00.000,198.21,198.72,197.82,198.64,0.216941628
28.06.2019 17:00:00.000,198.64,199.39,198.6,198.94,0.151026983
28.06.2019 18:00:00.000,198.94,198.97,197.9,198.04,-0.452397708
28.06.2019 19:00:00.000,198.04,198.25,197.16,197.29,-0.378711371
28.06.2019 20:00:00.000,197.29,197.79,197.11,197.32,0.015206042
01.07.2019 14:00:00.000,203.34,204.48,203.06,203.43,0.044260844
01.07.2019 15:00:00.000,203.43,203.98,202.37,202.93,-0.245784791
01.07.2019 16:00:00.000,202.93,203.11,202.09,202.22,-0.349874341
01.07.2019 17:00:00.000,202.23,202.28,200.95,201.11,-0.553824853
01.07.2019 18:00:00.000,201.11,201.76,200.84,201.49,0.18895132
01.07.2019 19:00:00.000,201.49,201.52,200.64,200.72,-0.38215296
01.07.2019 20:00:00.000,200.72,201.93,200.66,201.36,0.318852132
02.07.2019 14:00:00.000,202.14,202.65,201.65,202.45,0.153359058
02.07.2019 15:00:00.000,202.45,203.12,202.12,202.83,0.187700667
02.07.2019 16:00:00.000,202.83,202.96,201.93,202.31,-0.256372332
02.07.2019 17:00:00.000,202.31,202.59,201.68,202.01,-0.148287282
02.07.2019 18:00:00.000,202.01,202.2,201.76,202.03,0.0099005
02.07.2019 19:00:00.000,202.04,202.24,201.91,202.19,0.074242724
02.07.2019 20:00:00.000,202.19,202.59,202.17,202.54,0.173104506
03.07.2019 14:00:00.000,202.96,203.5,202.88,203.29,0.162593615
03.07.2019 15:00:00.000,203.29,203.82,202.96,203.67,0.186925082
03.07.2019 16:00:00.000,203.68,203.86,203.43,203.7,0.009819324
03.07.2019 17:00:00.000,203.7,204.42,203.67,204.38,0.333824251
03.07.2019 18:00:00.000,204.4,204.41,204.06,204.12,-0.136986301
05.07.2019 14:00:00.000,204.1,204.46,203.76,203.95,-0.073493386
05.07.2019 15:00:00.000,203.95,204.45,203.41,203.82,-0.063741113
05.07.2019 16:00:00.000,203.82,204.01,203.57,203.89,0.034344029
05.07.2019 17:00:00.000,203.9,204.53,203.77,204.27,0.181461501
05.07.2019 18:00:00.000,204.27,204.95,204.14,204.77,0.244774074
05.07.2019 19:00:00.000,204.78,205.07,204.67,205.01,0.112315656
05.07.2019 20:00:00.000,205.01,205.04,204.03,204.15,-0.419491732
08.07.2019 14:00:00.000,201.18,201.2,198.41,198.85,-1.158166816
08.07.2019 15:00:00.000,198.85,199.85,198.72,199.24,0.196127734
08.07.2019 16:00:00.000,199.25,200.17,199.21,199.91,0.331242158
08.07.2019 17:00:00.000,199.92,200.08,199.66,199.98,0.030012005
08.07.2019 18:00:00.000,199.98,200.08,199.54,199.64,-0.170017002
08.07.2019 19:00:00.000,199.64,200.02,199.3,199.99,0.175315568
08.07.2019 20:00:00.000,199.98,200.16,199.77,199.81,-0.085008501
09.07.2019 14:00:00.000,199.85,200.34,199.51,200.23,0.190142607
09.07.2019 15:00:00.000,200.23,200.76,199.95,200.06,-0.084902362
09.07.2019 16:00:00.000,200.05,200.82,199.79,200.77,0.359910022
09.07.2019 17:00:00.000,200.77,201.23,200.64,200.94,0.084674005
09.07.2019 18:00:00.000,200.94,201.37,200.75,201.37,0.213994227
09.07.2019 19:00:00.000,201.37,201.48,201.01,201.08,-0.144013507
09.07.2019 20:00:00.000,201.08,201.49,200.62,201.23,0.074597175
10.07.2019 14:00:00.000,202.78,203.7,202.68,203.48,0.345201696
10.07.2019 15:00:00.000,203.49,203.57,202.51,202.57,-0.452110669
10.07.2019 16:00:00.000,202.57,203.38,202.17,203.29,0.35543269
10.07.2019 17:00:00.000,203.3,203.48,202.86,203.19,-0.054107231
10.07.2019 18:00:00.000,203.19,203.56,203.08,203.33,0.068901029
10.07.2019 19:00:00.000,203.33,203.57,202.71,203.21,-0.059017361
10.07.2019 20:00:00.000,203.21,203.52,202.99,203.32,0.054131194
11.07.2019 14:00:00.000,204.24,204.36,203.52,203.97,-0.132197415
11.07.2019 15:00:00.000,203.95,204.11,203.33,203.96,0.004903163
11.07.2019 16:00:00.000,203.96,204.34,203.88,204.12,0.078446754
11.07.2019 17:00:00.000,204.13,204.23,203.67,203.74,-0.19105472
11.07.2019 18:00:00.000,203.75,203.76,202.51,202.77,-0.480981595
11.07.2019 19:00:00.000,202.77,202.83,202.16,202.53,-0.118360704
11.07.2019 20:00:00.000,202.53,202.82,202.27,202.42,-0.054312941
12.07.2019 14:00:00.000,203.05,203.95,202.77,203.6,0.270869244
12.07.2019 15:00:00.000,203.6,203.95,203.32,203.71,0.054027505
12.07.2019 16:00:00.000,203.72,203.98,203.6,203.9,0.088356568
12.07.2019 17:00:00.000,203.9,203.95,203.54,203.77,-0.063756744
12.07.2019 18:00:00.000,203.77,203.82,202.8,203.1,-0.328802081
12.07.2019 19:00:00.000,203.1,203.42,203.1,203.27,0.08370261
12.07.2019 20:00:00.000,203.26,203.46,203.09,203.15,-0.054117879
15.07.2019 14:00:00.000,205.4,205.86,204.7,205.14,-0.126582278
15.07.2019 15:00:00.000,205.14,205.4,204.86,204.92,-0.107243833
15.07.2019 16:00:00.000,204.93,205.09,204.74,204.84,-0.043917435
15.07.2019 17:00:00.000,204.84,204.92,204.12,204.43,-0.200156219
15.07.2019 18:00:00.000,204.41,204.96,204.41,204.91,0.244606428
15.07.2019 19:00:00.000,204.91,205.13,204.87,205.06,0.07320287
15.07.2019 20:00:00.000,205.07,205.21,204.97,205.02,-0.024381918
16.07.2019 14:00:00.000,205.13,206.1,204.88,205.99,0.419246332
16.07.2019 15:00:00.000,205.99,206.01,205.45,205.66,-0.160201952
16.07.2019 16:00:00.000,205.66,205.71,204.81,204.86,-0.388991539
16.07.2019 17:00:00.000,204.86,204.87,203.5,203.99,-0.424680269
16.07.2019 18:00:00.000,203.99,204.55,203.7,203.73,-0.127457228
16.07.2019 19:00:00.000,203.72,204.38,203.71,204.3,0.284704496
16.07.2019 20:00:00.000,204.3,204.91,204.24,204.33,0.014684288
17.07.2019 14:00:00.000,204,204.65,203.84,204.52,0.254901961
17.07.2019 15:00:00.000,204.52,204.75,203.97,204.57,0.024447487
17.07.2019 16:00:00.000,204.58,204.95,204.4,204.84,0.127089647
17.07.2019 17:00:00.000,204.85,205.09,204.6,205.01,0.078105931
17.07.2019 18:00:00.000,205.02,205.02,204.61,204.88,-0.068286021
17.07.2019 19:00:00.000,204.88,204.89,204.18,204.34,-0.263568918
17.07.2019 20:00:00.000,204.34,204.36,203.55,203.65,-0.337672507
18.07.2019 14:00:00.000,205.5,205.77,205.11,205.22,-0.136253041
18.07.2019 15:00:00.000,205.23,205.44,204.52,204.65,-0.282609755
18.07.2019 16:00:00.000,204.65,204.7,203.75,204.04,-0.298069875
18.07.2019 17:00:00.000,204.04,204.81,203.9,204.73,0.338168986
18.07.2019 18:00:00.000,204.72,204.99,204.62,204.78,0.029308324
18.07.2019 19:00:00.000,204.78,205.59,204.77,205.59,0.39554644
18.07.2019 20:00:00.000,205.61,205.87,205.06,205.14,-0.228588104
19.07.2019 14:00:00.000,205.11,205.45,204.68,205.11,0
19.07.2019 15:00:00.000,205.11,205.57,204.62,204.96,-0.07313149
19.07.2019 16:00:00.000,204.97,205.31,204.26,204.56,-0.200029273
19.07.2019 17:00:00.000,204.56,205.15,204.53,204.98,0.205318733
19.07.2019 18:00:00.000,204.98,204.99,204.56,204.82,-0.078056396
19.07.2019 19:00:00.000,204.83,204.97,203.44,203.73,-0.537030708
19.07.2019 20:00:00.000,203.73,203.73,202.45,202.62,-0.544838757
22.07.2019 14:00:00.000,205.04,206.25,204.83,206.04,0.487709715
22.07.2019 15:00:00.000,206.04,206.27,205.61,206.18,0.067947971
22.07.2019 16:00:00.000,206.18,206.37,205.84,206.25,0.033950917
22.07.2019 17:00:00.000,206.25,206.42,206,206.18,-0.033939394
22.07.2019 18:00:00.000,206.18,206.35,205.86,206.25,0.033950917
22.07.2019 19:00:00.000,206.25,206.49,206.14,206.49,0.116363636
22.07.2019 20:00:00.000,206.48,206.99,206.46,206.96,0.232468036
23.07.2019 14:00:00.000,207.8,208.22,207.43,207.83,0.014436959
23.07.2019 15:00:00.000,207.83,208.47,207.53,208.11,0.134725497
23.07.2019 16:00:00.000,208.11,208.26,207.29,207.61,-0.240257556
23.07.2019 17:00:00.000,207.61,207.87,207.37,207.71,0.048167237
23.07.2019 18:00:00.000,207.71,208.34,207.41,208.22,0.24553464
23.07.2019 19:00:00.000,208.23,208.46,207.99,208.45,0.105652404
23.07.2019 20:00:00.000,208.45,208.9,208.25,208.58,0.062365076
24.07.2019 14:00:00.000,209.06,209.14,208.33,208.69,-0.176982684
24.07.2019 15:00:00.000,208.68,209.06,207.77,207.9,-0.373778033
24.07.2019 16:00:00.000,207.9,208.17,207.56,207.79,-0.052910053
24.07.2019 17:00:00.000,207.8,208.22,207.75,208.18,0.182868142
24.07.2019 18:00:00.000,208.17,208.19,207.28,207.39,-0.37469376
24.07.2019 19:00:00.000,207.39,208.06,207.17,208.06,0.323062828
24.07.2019 20:00:00.000,208.06,208.62,207.95,208.2,0.067288282
25.07.2019 14:00:00.000,208.53,208.62,207.71,208.33,-0.095909461
25.07.2019 15:00:00.000,208.3,208.89,208.05,208.52,0.105616899
25.07.2019 16:00:00.000,208.51,208.69,207.89,208.34,-0.081530862
25.07.2019 17:00:00.000,208.34,208.36,207.3,207.5,-0.403187098
25.07.2019 18:00:00.000,207.5,207.61,207.11,207.25,-0.120481928
25.07.2019 19:00:00.000,207.25,207.83,207.16,207.21,-0.019300362
25.07.2019 20:00:00.000,207.21,207.36,206.79,207.18,-0.014478066
26.07.2019 14:00:00.000,208.25,208.79,208.06,208.63,0.182472989
26.07.2019 15:00:00.000,208.63,209.72,207.74,208.23,-0.191726981
26.07.2019 16:00:00.000,208.23,208.55,207.96,208.1,-0.062430966
26.07.2019 17:00:00.000,208.12,208.29,207.81,207.84,-0.134537767
26.07.2019 18:00:00.000,207.84,208.03,207.75,208,0.076982294
26.07.2019 19:00:00.000,208,208.28,207.88,208.16,0.076923077
26.07.2019 20:00:00.000,208.16,208.51,207.9,208.11,-0.024019985
29.07.2019 14:00:00.000,209.32,209.69,208.68,208.96,-0.171985477
29.07.2019 15:00:00.000,208.96,209.99,208.8,209.7,0.354134763
29.07.2019 16:00:00.000,209.7,210.64,209.6,210.58,0.419647115
29.07.2019 17:00:00.000,210.57,210.6,209.85,210.16,-0.194709598
29.07.2019 18:00:00.000,210.16,210.45,209.95,210.1,-0.028549676
29.07.2019 19:00:00.000,210.1,210.51,210.01,210.44,0.161827701
29.07.2019 20:00:00.000,210.45,210.49,209.72,209.83,-0.294606795
30.07.2019 14:00:00.000,209.37,209.57,207.81,207.88,-0.711658786
30.07.2019 15:00:00.000,207.86,208.38,207.31,207.67,-0.091407678
30.07.2019 16:00:00.000,207.67,208.3,207.66,207.9,0.110752636
30.07.2019 17:00:00.000,207.9,208.26,207.75,207.9,0
30.07.2019 18:00:00.000,207.9,208.86,207.88,208.77,0.418470418
30.07.2019 19:00:00.000,208.77,210.15,208.76,209.5,0.349667098
30.07.2019 20:00:00.000,209.5,209.91,208.75,208.94,-0.267303103
31.07.2019 14:00:00.000,218.66,221.36,218.55,219.1,0.201225647
31.07.2019 15:00:00.000,219.11,219.91,217.16,218.25,-0.392496919
31.07.2019 16:00:00.000,218.24,218.73,217.5,217.87,-0.169538123
31.07.2019 17:00:00.000,217.86,217.92,216.16,217.04,-0.376388506
31.07.2019 18:00:00.000,217.04,217.65,216.84,217.35,0.142830815
31.07.2019 19:00:00.000,217.35,217.78,212.89,213.16,-1.927766276
31.07.2019 20:00:00.000,213.16,215.81,211.46,213.98,0.384687559
01.08.2019 14:00:00.000,215.06,215.58,214.08,214.88,-0.083697573
01.08.2019 15:00:00.000,214.88,217.58,214.75,217.21,1.084326136
01.08.2019 16:00:00.000,217.21,218.02,216.86,217.5,0.133511348
01.08.2019 17:00:00.000,217.51,217.55,216.65,216.77,-0.340214243
01.08.2019 18:00:00.000,216.77,216.98,208.18,209.28,-3.455275176
01.08.2019 19:00:00.000,209.28,210.67,206.73,209.95,0.32014526
01.08.2019 20:00:00.000,209.95,210.3,207.5,207.52,-1.157418433
02.08.2019 14:00:00.000,205.13,206.42,204.54,204.92,-0.102374104
02.08.2019 15:00:00.000,204.92,205.45,201.63,201.91,-1.468865899
02.08.2019 16:00:00.000,201.91,203.68,201.69,203.18,0.628993116
02.08.2019 17:00:00.000,203.18,204.6,202.86,203.55,0.182104538
02.08.2019 18:00:00.000,203.55,203.67,202.71,203.51,-0.019651191
02.08.2019 19:00:00.000,203.52,204.46,203.21,203.91,0.191627358
02.08.2019 20:00:00.000,203.91,204.72,202.97,203.29,-0.304055711
05.08.2019 14:00:00.000,198.01,198.02,195.33,196.18,-0.924195748
05.08.2019 15:00:00.000,196.18,196.68,194.3,195.41,-0.392496687
05.08.2019 16:00:00.000,195.41,196.26,194.83,195.12,-0.148405916
05.08.2019 17:00:00.000,195.12,195.22,193.12,193.19,-0.989134891
05.08.2019 18:00:00.000,193.21,194.77,193.06,193.62,0.212204337
05.08.2019 19:00:00.000,193.62,193.96,192.7,192.95,-0.346038632
05.08.2019 20:00:00.000,192.96,194.29,192.57,193.41,0.233208955
06.08.2019 14:00:00.000,197.64,197.64,195.65,197.13,-0.25804493
06.08.2019 15:00:00.000,197.13,197.5,194.75,195.58,-0.786283163
06.08.2019 16:00:00.000,195.58,195.64,194.04,195.32,-0.132937928
06.08.2019 17:00:00.000,195.32,195.77,194.7,195.04,-0.143354495
06.08.2019 18:00:00.000,195.04,196.97,195.04,196.5,0.748564397
06.08.2019 19:00:00.000,196.5,197.41,195.75,196.47,-0.015267176
06.08.2019 20:00:00.000,196.46,197.2,196.32,196.89,0.218874071
07.08.2019 14:00:00.000,195.2,196.19,193.82,194.97,-0.117827869
07.08.2019 15:00:00.000,194.98,197.39,194.34,196.91,0.989845112
07.08.2019 16:00:00.000,196.9,197.29,196.04,196.4,-0.253936008
07.08.2019 17:00:00.000,196.4,196.68,195.52,196.58,0.091649695
07.08.2019 18:00:00.000,196.58,198.64,196.45,197.94,0.691830298
07.08.2019 19:00:00.000,197.94,198.69,197.37,198.58,0.323330302
07.08.2019 20:00:00.000,198.57,199.31,197.86,198.56,-0.005036007
08.08.2019 14:00:00.000,200.02,200.66,199.4,200.44,0.209979002
08.08.2019 15:00:00.000,200.45,202.13,200.32,201.94,0.743327513
08.08.2019 16:00:00.000,201.94,202.35,201.51,202.15,0.103991285
08.08.2019 17:00:00.000,202.15,202.46,202.03,202.15,0
08.08.2019 18:00:00.000,202.15,202.45,201.68,202.2,0.024734108
08.08.2019 19:00:00.000,202.2,202.56,201.75,202.15,-0.024727992
08.08.2019 20:00:00.000,202.15,203.16,202.07,203.14,0.489735345
09.08.2019 14:00:00.000,202.44,202.48,201.04,201.56,-0.4346967
09.08.2019 15:00:00.000,201.56,201.83,199.65,200.5,-0.525897996
09.08.2019 16:00:00.000,200.49,200.61,199.29,199.75,-0.369095715
09.08.2019 17:00:00.000,199.73,201.88,199.66,201.25,0.761027387
09.08.2019 18:00:00.000,201.24,202.41,201.07,201.8,0.278274697
09.08.2019 19:00:00.000,201.8,202.44,201.59,202.02,0.109018831
09.08.2019 20:00:00.000,202.02,202.75,201.73,201.76,-0.128700129
12.08.2019 14:00:00.000,200.01,201.49,199.86,201.49,0.739963002
12.08.2019 15:00:00.000,201.49,201.94,200.35,201.51,0.009926051
12.08.2019 16:00:00.000,201.51,201.73,200.27,201.52,0.004962533
12.08.2019 17:00:00.000,201.52,202.05,201.16,201.68,0.079396586
12.08.2019 18:00:00.000,201.68,201.97,201.15,201.28,-0.198333994
12.08.2019 19:00:00.000,201.28,201.49,199.15,199.36,-0.953895072
12.08.2019 20:00:00.000,199.36,200.6,199.26,200.35,0.496589085
13.08.2019 14:00:00.000,202.36,211.62,202.36,211.15,4.343743823
13.08.2019 15:00:00.000,211.21,212.04,208.57,208.66,-1.207329198
13.08.2019 16:00:00.000,208.66,209.1,207.51,208.78,0.057509825
13.08.2019 17:00:00.000,208.78,208.97,208.02,208.42,-0.172430309
13.08.2019 18:00:00.000,208.43,209.63,208.28,209.42,0.474979609
13.08.2019 19:00:00.000,209.41,209.99,209.34,209.65,0.114607707
13.08.2019 20:00:00.000,209.65,209.8,208.81,209.51,-0.066777963
14.08.2019 14:00:00.000,204.34,206.43,203.88,206.04,0.831946755
14.08.2019 15:00:00.000,206.03,206.06,204.3,204.3,-0.839683541
14.08.2019 16:00:00.000,204.3,204.95,203.27,203.54,-0.372001958
14.08.2019 17:00:00.000,203.54,203.89,202.71,203.24,-0.147391176
14.08.2019 18:00:00.000,203.24,204.44,202.8,203.89,0.319818933
14.08.2019 19:00:00.000,203.89,203.98,202.58,203.01,-0.431605277
14.08.2019 20:00:00.000,203,203.96,202.63,203.3,0.147783251
15.08.2019 14:00:00.000,204.75,205.04,202.03,203.5,-0.610500611
15.08.2019 15:00:00.000,203.49,203.74,201.67,202.06,-0.702737235
15.08.2019 16:00:00.000,202.03,202.19,200.51,202.15,0.059397119
15.08.2019 17:00:00.000,202.15,202.67,201.82,202.16,0.004946822
15.08.2019 18:00:00.000,202.16,202.63,199.67,200.21,-0.964582509
15.08.2019 19:00:00.000,200.2,201.1,199.86,200.71,0.254745255
15.08.2019 20:00:00.000,200.71,202.49,200.71,202.3,0.792187734
16.08.2019 14:00:00.000,204.18,204.99,203.84,204.69,0.249779606
16.08.2019 15:00:00.000,204.69,206.75,204.41,206.7,0.981972739
16.08.2019 16:00:00.000,206.7,207.15,205.81,206.04,-0.319303338
16.08.2019 17:00:00.000,206.05,206.34,205.48,206.18,0.063091483
16.08.2019 18:00:00.000,206.18,207.13,206.16,206.84,0.320108643
16.08.2019 19:00:00.000,206.84,206.86,206.1,206.14,-0.338425836
16.08.2019 20:00:00.000,206.13,206.91,206.07,206.55,0.203754912
19.08.2019 14:00:00.000,210.49,212.7,210.49,212,0.717373747
19.08.2019 15:00:00.000,212.01,212.22,211.12,211.97,-0.018867035
19.08.2019 16:00:00.000,211.97,212.17,211.58,211.73,-0.113223569
19.08.2019 17:00:00.000,211.73,211.93,211.38,211.9,0.080290937
19.08.2019 18:00:00.000,211.9,212.11,211.76,211.84,-0.028315243
19.08.2019 19:00:00.000,211.84,211.87,210.9,211.15,-0.325717523
19.08.2019 20:00:00.000,211.15,211.35,210.7,210.76,-0.184702818
20.08.2019 14:00:00.000,211.31,211.74,210.51,211.13,-0.085182907
20.08.2019 15:00:00.000,211.14,212.38,210.78,212.38,0.587288055
20.08.2019 16:00:00.000,212.38,213.34,211.9,212.23,-0.070628119
20.08.2019 17:00:00.000,212.24,213.08,212.24,212.97,0.343950245
20.08.2019 18:00:00.000,212.98,213.03,211.27,211.67,-0.615081228
20.08.2019 19:00:00.000,211.67,211.71,210.87,211.44,-0.108659706
20.08.2019 20:00:00.000,211.43,211.57,210.83,211.25,-0.08513456
21.08.2019 14:00:00.000,212.93,213.25,212.46,213.14,0.098623961
21.08.2019 15:00:00.000,213.14,213.42,212.85,213.2,0.028150511
21.08.2019 16:00:00.000,213.2,213.65,212.91,213.33,0.06097561
21.08.2019 17:00:00.000,213.33,213.35,212.87,213.13,-0.093751465
21.08.2019 18:00:00.000,213.13,213.34,212.19,212.32,-0.380049735
21.08.2019 19:00:00.000,212.32,213.03,211.61,212.26,-0.028259231
21.08.2019 20:00:00.000,212.26,212.7,212.1,212.23,-0.01413361
22.08.2019 14:00:00.000,213.58,214.43,213.32,214.25,0.313699785
22.08.2019 15:00:00.000,214.27,214.31,211.01,211.14,-1.46077379
22.08.2019 16:00:00.000,211.14,212.59,210.75,212.07,0.440466041
22.08.2019 17:00:00.000,212.08,212.61,212.02,212.26,0.084873633
22.08.2019 18:00:00.000,212.26,213.12,212.2,212.74,0.226137756
22.08.2019 19:00:00.000,212.74,212.85,212.31,212.76,0.009401147
22.08.2019 20:00:00.000,212.77,213.29,212.27,213.24,0.220895803
23.08.2019 14:00:00.000,209.81,210.34,209.15,209.7,-0.052428388
23.08.2019 15:00:00.000,209.69,212.04,209.36,211.29,0.763031141
23.08.2019 16:00:00.000,211.29,211.69,203.51,203.8,-3.544890908
23.08.2019 17:00:00.000,203.81,204.76,203.41,204.04,0.112850204
23.08.2019 18:00:00.000,204.02,204.2,202.45,203.21,-0.3970199
23.08.2019 19:00:00.000,203.22,203.23,201.91,202.5,-0.354295837
23.08.2019 20:00:00.000,202.5,203.61,202.1,202.12,-0.187654321
26.08.2019 14:00:00.000,206.68,207.17,205.63,206.45,-0.111283143
26.08.2019 15:00:00.000,206.45,206.84,205.05,206.17,-0.13562606
26.08.2019 16:00:00.000,206.17,206.79,205.73,206.04,-0.063054761
26.08.2019 17:00:00.000,206.04,207.16,205.88,206.73,0.33488643
26.08.2019 18:00:00.000,206.72,206.99,205.85,205.94,-0.377321981
26.08.2019 19:00:00.000,205.94,206.01,205.32,205.68,-0.126250364
26.08.2019 20:00:00.000,205.68,206.19,205.18,205.81,0.063204979
27.08.2019 14:00:00.000,207.6,207.99,206.66,206.9,-0.337186898
27.08.2019 15:00:00.000,206.9,207.17,205.47,205.64,-0.60898985
27.08.2019 16:00:00.000,205.64,205.87,204.23,204.77,-0.423069442
27.08.2019 17:00:00.000,204.77,205.06,203.67,203.73,-0.507886897
27.08.2019 18:00:00.000,203.7,205.26,203.53,205.12,0.697103584
27.08.2019 19:00:00.000,205.13,205.56,204.39,205.45,0.155998635
27.08.2019 20:00:00.000,205.46,205.98,204.6,204.96,-0.243356371
28.08.2019 14:00:00.000,204.08,205.22,203.32,204.88,0.392003136
28.08.2019 15:00:00.000,204.89,205.45,204.27,204.94,0.024403338
28.08.2019 16:00:00.000,204.97,205.68,204.48,205.31,0.165877933
28.08.2019 17:00:00.000,205.3,205.34,204.76,205.02,-0.136385777
28.08.2019 18:00:00.000,205.03,205.14,204.35,204.8,-0.112178706
28.08.2019 19:00:00.000,204.82,205.4,204.59,205.32,0.244116785
28.08.2019 20:00:00.000,205.3,205.71,204.89,205.31,0.004870921
29.08.2019 14:00:00.000,208.9,209.04,208.11,208.25,-0.311153662
29.08.2019 15:00:00.000,208.25,208.3,206.62,207.78,-0.225690276
29.08.2019 16:00:00.000,207.78,208.25,207.53,208,0.105881221
29.08.2019 17:00:00.000,208,208.9,207.88,208.53,0.254807692
29.08.2019 18:00:00.000,208.54,208.89,208.43,208.87,0.158243023
29.08.2019 19:00:00.000,208.87,209.32,208.41,208.56,-0.148417676
29.08.2019 20:00:00.000,208.56,208.94,208.26,208.78,0.105485232
30.08.2019 14:00:00.000,209.75,210.07,209.21,209.34,-0.195470799
30.08.2019 15:00:00.000,209.34,209.77,208.38,208.69,-0.310499666
30.08.2019 16:00:00.000,208.69,208.83,207.2,207.94,-0.359384733
30.08.2019 17:00:00.000,207.94,208.05,207.33,207.81,-0.062518034
30.08.2019 18:00:00.000,207.8,207.93,207.37,207.68,-0.057747834
30.08.2019 19:00:00.000,207.68,208.05,207.43,207.65,-0.0144453
30.08.2019 20:00:00.000,207.66,208.43,207.21,207.64,-0.009631128
03.09.2019 14:00:00.000,206.49,206.97,205.94,206.67,0.087171292
03.09.2019 15:00:00.000,206.65,206.65,204.22,205.3,-0.65327849
03.09.2019 16:00:00.000,205.3,205.75,204.52,205.27,-0.014612762
03.09.2019 17:00:00.000,205.27,205.38,204.73,204.88,-0.189993667
03.09.2019 18:00:00.000,204.88,205.05,204.46,204.62,-0.126903553
03.09.2019 19:00:00.000,204.64,205.57,204.59,205.39,0.366497263
03.09.2019 20:00:00.000,205.39,206.07,205.17,205.94,0.267783242
04.09.2019 14:00:00.000,208.26,208.44,207.55,207.73,-0.25448958
04.09.2019 15:00:00.000,207.73,207.97,207.31,207.85,0.057767294
04.09.2019 16:00:00.000,207.86,208.44,207.74,208.25,0.187626287
04.09.2019 17:00:00.000,208.25,208.94,207.69,208.84,0.283313325
04.09.2019 18:00:00.000,208.85,209.47,208.77,208.88,0.014364376
04.09.2019 19:00:00.000,208.88,209.25,208.8,209.04,0.076599004
04.09.2019 20:00:00.000,209.04,209.46,209,209.34,0.143513203
05.09.2019 14:00:00.000,212.45,213.75,212.42,213.09,0.301247352
05.09.2019 15:00:00.000,213.09,213.96,212.59,212.86,-0.107935614
05.09.2019 16:00:00.000,212.86,213.26,212.42,212.42,-0.206708635
05.09.2019 17:00:00.000,212.41,212.69,212.11,212.21,-0.094157526
05.09.2019 18:00:00.000,212.2,212.44,211.5,212.19,-0.004712535
05.09.2019 19:00:00.000,212.19,213.11,212.04,213.09,0.424148169
05.09.2019 20:00:00.000,213.09,213.4,212.7,213.02,-0.032849969
06.09.2019 14:00:00.000,213.82,213.86,212.88,213.05,-0.360115985
06.09.2019 15:00:00.000,213.06,213.36,212.5,213.07,0.004693514
06.09.2019 16:00:00.000,213.07,213.35,212.54,212.69,-0.178345145
06.09.2019 17:00:00.000,212.68,213.13,212.52,213.1,0.197479782
06.09.2019 18:00:00.000,213.1,213.94,213.06,213.88,0.36602534
06.09.2019 19:00:00.000,213.88,213.92,213.5,213.63,-0.116887975
06.09.2019 20:00:00.000,213.63,213.98,213.45,213.49,-0.065533867
09.09.2019 14:00:00.000,215.17,216.03,214.91,215.21,0.018589952
09.09.2019 15:00:00.000,215.21,215.48,214.63,215.32,0.051112867
09.09.2019 16:00:00.000,215.32,216.43,215.17,216.33,0.469069292
09.09.2019 17:00:00.000,216.33,216.38,214.23,215.13,-0.554708085
09.09.2019 18:00:00.000,215.13,215.2,213.83,214.57,-0.260307721
09.09.2019 19:00:00.000,214.57,214.57,213.87,214.28,-0.135154029
09.09.2019 20:00:00.000,214.28,214.9,214.06,214.44,0.074668658
10.09.2019 14:00:00.000,213.94,213.96,211.7,213.22,-0.336542956
10.09.2019 15:00:00.000,213.21,213.59,212.76,213.05,-0.075043384
10.09.2019 16:00:00.000,213.05,214.41,213.02,213.95,0.422436048
10.09.2019 17:00:00.000,213.96,214.62,213.29,214.42,0.214993457
10.09.2019 18:00:00.000,214.43,215.79,213.4,213.79,-0.2984657
10.09.2019 19:00:00.000,213.79,214.79,213.18,214.26,0.219841901
10.09.2019 20:00:00.000,214.26,215.49,214.26,215.48,0.569401662
11.09.2019 14:00:00.000,219.79,220.78,219.21,220.06,0.122844533
11.09.2019 15:00:00.000,220.06,220.83,219.85,220.37,0.140870672
11.09.2019 16:00:00.000,220.37,222.49,220.19,222.2,0.830421564
11.09.2019 17:00:00.000,222.2,222.99,222.08,222.65,0.202520252
11.09.2019 18:00:00.000,222.65,223.14,222.11,222.41,-0.107792499
11.09.2019 19:00:00.000,222.41,222.58,221.72,222.27,-0.06294681
11.09.2019 20:00:00.000,222.27,223.42,222.25,223.38,0.499392631
12.09.2019 14:00:00.000,224.57,224.91,223.01,224.22,-0.155853409
12.09.2019 15:00:00.000,224.23,226.37,223.78,224.46,0.102573251
12.09.2019 16:00:00.000,224.4,225.86,224.33,225.77,0.610516934
12.09.2019 17:00:00.000,225.78,225.81,225.05,225.48,-0.132872708
12.09.2019 18:00:00.000,225.48,225.86,224.91,225.1,-0.16852936
12.09.2019 19:00:00.000,225.1,225.32,224.65,224.98,-0.05330964
12.09.2019 20:00:00.000,224.98,224.99,223.53,223.6,-0.613387857
13.09.2019 14:00:00.000,219.04,220.78,218.88,219.76,0.328707085
13.09.2019 15:00:00.000,219.78,219.87,218.36,218.85,-0.423150423
13.09.2019 16:00:00.000,218.85,219.27,218.2,218.2,-0.297007082
13.09.2019 17:00:00.000,218.2,218.49,217.07,217.83,-0.169569203
13.09.2019 18:00:00.000,217.83,218.08,217.02,217.22,-0.28003489
13.09.2019 19:00:00.000,217.21,219.8,217.2,219.52,1.063486948
13.09.2019 20:00:00.000,219.52,219.54,218.52,218.71,-0.36898688
16.09.2019 14:00:00.000,218.64,219.85,218.08,219.7,0.484815221
16.09.2019 15:00:00.000,219.7,219.73,218.18,218.91,-0.359581247
16.09.2019 16:00:00.000,218.91,220.12,218.86,219.04,0.059385135
16.09.2019 17:00:00.000,219.03,219.47,218.91,219.12,0.041090262
16.09.2019 18:00:00.000,219.13,220.08,219.01,220,0.397024597
16.09.2019 19:00:00.000,220,220.1,219.56,219.75,-0.113636364
16.09.2019 20:00:00.000,219.75,219.95,219.54,219.79,0.018202503
17.09.2019 14:00:00.000,219.31,220.57,219.11,219.38,0.031918289
17.09.2019 15:00:00.000,219.39,220.11,219.24,219.77,0.17320753
17.09.2019 16:00:00.000,219.76,220.59,219.74,220.21,0.204768839
17.09.2019 17:00:00.000,220.22,220.33,219.56,219.93,-0.131686495
17.09.2019 18:00:00.000,219.93,220.34,219.89,219.99,0.027281408
17.09.2019 19:00:00.000,220,220.19,219.8,220.02,0.009090909
17.09.2019 20:00:00.000,220.02,220.54,219.9,220.37,0.159076448
18.09.2019 14:00:00.000,221.5,222.11,221.26,221.85,0.158013544
18.09.2019 15:00:00.000,221.85,222.51,221.84,222.17,0.144241605
18.09.2019 16:00:00.000,222.18,222.29,221.71,221.86,-0.144027365
18.09.2019 17:00:00.000,221.86,221.97,221.15,221.18,-0.306499594
18.09.2019 18:00:00.000,221.18,221.32,220.59,221.17,-0.004521204
18.09.2019 19:00:00.000,221.17,221.78,219.44,220.8,-0.167292128
18.09.2019 20:00:00.000,220.79,222.8,220.68,222.36,0.711082929
19.09.2019 14:00:00.000,222.27,223.23,222.11,222.91,0.287938093
19.09.2019 15:00:00.000,222.91,223.76,222.57,223.25,0.152527926
19.09.2019 16:00:00.000,223.25,223.39,221.96,222.16,-0.488241881
19.09.2019 17:00:00.000,222.18,222.29,220.76,221.37,-0.364569268
19.09.2019 18:00:00.000,221.37,221.7,220.36,221.58,0.094863803
19.09.2019 19:00:00.000,221.58,221.72,220.75,221.07,-0.230165177
19.09.2019 20:00:00.000,221.07,221.49,220.76,220.97,-0.045234541
20.09.2019 14:00:00.000,222.13,222.37,221.45,221.89,-0.108044839
20.09.2019 15:00:00.000,221.89,222.43,221.58,221.94,0.022533688
20.09.2019 16:00:00.000,221.92,222.12,220.85,221.11,-0.364996395
20.09.2019 17:00:00.000,221.11,221.23,220.09,220.27,-0.379901407
20.09.2019 18:00:00.000,220.26,220.59,217.47,218.5,-0.799055661
20.09.2019 19:00:00.000,218.51,219.97,218.28,219.43,0.421033362
20.09.2019 20:00:00.000,219.42,219.79,218.21,218.71,-0.323580348
23.09.2019 14:00:00.000,219.08,219.44,218.12,218.54,-0.246485302
23.09.2019 15:00:00.000,218.54,218.73,217.65,218.11,-0.196760318
23.09.2019 16:00:00.000,218.11,219.12,218.06,218.72,0.279675393
23.09.2019 17:00:00.000,218.72,219.22,218.55,218.76,0.018288222
23.09.2019 18:00:00.000,218.76,219.37,218.57,219.24,0.219418541
23.09.2019 19:00:00.000,219.24,219.74,219.17,219.39,0.068418172
23.09.2019 20:00:00.000,219.39,219.84,219.17,219.19,-0.091161858
24.09.2019 14:00:00.000,220.94,222.48,220.93,221.85,0.411876528
24.09.2019 15:00:00.000,221.86,221.88,220.11,220.69,-0.527359596
24.09.2019 16:00:00.000,220.68,220.89,218.75,219.13,-0.702374479
24.09.2019 17:00:00.000,219.13,219.81,217.3,217.49,-0.748414183
24.09.2019 18:00:00.000,217.5,218.28,217.18,217.72,0.101149425
24.09.2019 19:00:00.000,217.72,219.69,217.4,218.34,0.284769429
24.09.2019 20:00:00.000,218.34,218.66,217.56,218.17,-0.077860218
25.09.2019 14:00:00.000,219.1,219.28,217.75,218,-0.502053857
25.09.2019 15:00:00.000,218,220.05,217.12,219.49,0.683486239
25.09.2019 16:00:00.000,219.49,220.54,219.31,220.25,0.346257233
25.09.2019 17:00:00.000,220.25,220.92,219.94,220.15,-0.045402951
25.09.2019 18:00:00.000,220.14,220.53,219.84,220.5,0.163532298
25.09.2019 19:00:00.000,220.51,220.9,220,220.54,0.013604825
25.09.2019 20:00:00.000,220.54,221.49,220.41,221.35,0.367280312
26.09.2019 14:00:00.000,219.05,219.47,218.82,219.2,0.068477517
26.09.2019 15:00:00.000,219.2,220.81,219.1,220.05,0.387773723
26.09.2019 16:00:00.000,220.04,220.15,219.2,219.97,-0.031812398
26.09.2019 17:00:00.000,219.96,220.41,219.61,219.86,-0.045462811
26.09.2019 18:00:00.000,219.87,220.16,219.65,220.14,0.122799836
26.09.2019 19:00:00.000,220.15,220.6,219.98,220.04,-0.049965932
26.09.2019 20:00:00.000,220.04,220.93,219.88,219.99,-0.022723141
27.09.2019 14:00:00.000,220.37,220.62,219.96,220.18,-0.086218632
27.09.2019 15:00:00.000,220.18,220.48,219.47,220.37,0.086293033
27.09.2019 16:00:00.000,220.38,220.51,217.76,219.71,-0.304020329
27.09.2019 17:00:00.000,219.72,219.96,218.25,218.25,-0.669033315
27.09.2019 18:00:00.000,218.25,218.98,217.96,218.58,0.151202749
27.09.2019 19:00:00.000,218.58,218.63,217.28,217.49,-0.498673255
27.09.2019 20:00:00.000,217.5,219.12,217.5,218.67,0.537931034
30.09.2019 14:00:00.000,221.98,222.35,221.3,221.75,-0.103612938
30.09.2019 15:00:00.000,221.75,222.63,221.15,222.62,0.392333709
30.09.2019 16:00:00.000,222.63,223.41,222.52,223.18,0.247046669
30.09.2019 17:00:00.000,223.18,224.42,223.18,224.42,0.555605341
30.09.2019 18:00:00.000,224.41,224.55,223.8,224.18,-0.102490976
30.09.2019 19:00:00.000,224.18,224.38,223.76,224.11,-0.031224909
30.09.2019 20:00:00.000,224.12,224.28,223.54,223.67,-0.200785294
01.10.2019 14:00:00.000,225.39,228.2,225.33,228.05,1.180176583
01.10.2019 15:00:00.000,227.72,227.93,225.82,226.18,-0.676269102
01.10.2019 16:00:00.000,226.18,227.66,226,226.27,0.039791317
01.10.2019 17:00:00.000,226.26,226.28,225.3,225.36,-0.397772474
01.10.2019 18:00:00.000,225.36,225.53,224.41,224.88,-0.212992545
01.10.2019 19:00:00.000,224.88,225.72,224.7,225.16,0.12451085
01.10.2019 20:00:00.000,225.16,225.65,224.24,224.38,-0.346420323
02.10.2019 14:00:00.000,222.32,222.4,220.73,221.24,-0.485786254
02.10.2019 15:00:00.000,221.24,221.45,219.35,219.77,-0.664436811
02.10.2019 16:00:00.000,219.77,220.52,218.85,219.2,-0.25936206
02.10.2019 17:00:00.000,219.19,219.26,217.93,218.43,-0.346731146
02.10.2019 18:00:00.000,218.44,219.48,218.26,218.69,0.114447903
02.10.2019 19:00:00.000,218.7,219.75,218.52,219.23,0.242341107
02.10.2019 20:00:00.000,219.24,219.95,218.84,219.2,-0.018244846
03.10.2019 14:00:00.000,218.84,219.01,217.66,218.32,-0.237616523
03.10.2019 15:00:00.000,218.32,218.32,215.13,217.45,-0.398497618
03.10.2019 16:00:00.000,217.45,219.66,217.19,218.82,0.630029892
03.10.2019 17:00:00.000,218.83,220.83,218.81,220.59,0.804277293
03.10.2019 18:00:00.000,220.59,220.95,220.02,220.65,0.027199782
03.10.2019 19:00:00.000,220.65,220.68,219.87,220.02,-0.285520054
03.10.2019 20:00:00.000,220.02,220.39,219.71,219.96,-0.027270248
04.10.2019 14:00:00.000,224.41,225.63,223.89,224.9,0.218350341
04.10.2019 15:00:00.000,224.86,225.36,224.4,225.12,0.115627502
04.10.2019 16:00:00.000,225.13,226.19,224.91,226.04,0.4042109
04.10.2019 17:00:00.000,226.04,226.11,225.46,225.95,-0.039815962
04.10.2019 18:00:00.000,225.95,226.37,225.75,226.31,0.159327285
04.10.2019 19:00:00.000,226.32,227.47,226.24,226.9,0.256274302
04.10.2019 20:00:00.000,226.89,227.12,226.12,226.9,0.004407422
07.10.2019 14:00:00.000,226.73,227.91,226.14,227.06,0.145547568
07.10.2019 15:00:00.000,227.07,228.81,226.93,228.75,0.739859955
07.10.2019 16:00:00.000,228.75,229.42,228.56,229.41,0.28852459
07.10.2019 17:00:00.000,229.41,229.45,228.8,229.39,-0.008718016
07.10.2019 18:00:00.000,229.38,229.92,228.62,229.88,0.2179789
07.10.2019 19:00:00.000,229.89,229.91,226.59,227.42,-1.0744269
07.10.2019 20:00:00.000,227.42,227.98,226.61,226.66,-0.334183449
08.10.2019 14:00:00.000,226.88,227.21,225.44,225.81,-0.471614951
08.10.2019 15:00:00.000,225.81,226.47,225.05,226.25,0.194854081
08.10.2019 16:00:00.000,226.23,226.61,225.33,226.09,-0.061883923
08.10.2019 17:00:00.000,226.09,227.47,225.61,226.75,0.291919147
08.10.2019 18:00:00.000,226.74,227.48,226.52,226.94,0.088206757
08.10.2019 19:00:00.000,226.94,228.04,225.14,226.24,-0.308451573
08.10.2019 20:00:00.000,226.22,226.85,224.58,224.76,-0.645389444
09.10.2019 14:00:00.000,226.7,227.04,225.87,226.19,-0.224966917
09.10.2019 15:00:00.000,226.2,226.65,225.75,226.03,-0.07515473
09.10.2019 16:00:00.000,226.02,226.9,225.64,226.7,0.300858331
09.10.2019 17:00:00.000,226.71,227.25,226.6,227.12,0.180847779
09.10.2019 18:00:00.000,227.11,227.5,226.7,226.85,-0.114481969
09.10.2019 19:00:00.000,226.85,227.61,226.61,227.29,0.193960767
09.10.2019 20:00:00.000,227.29,227.78,226.67,227.3,0.004399666
10.10.2019 14:00:00.000,227.9,230.19,227.65,229.85,0.855638438
10.10.2019 15:00:00.000,229.85,230.18,228.95,230.13,0.121818577
10.10.2019 16:00:00.000,230.13,230.42,229.88,230.06,-0.03041759
10.10.2019 17:00:00.000,230.06,230.29,229.24,229.89,-0.073893767
10.10.2019 18:00:00.000,229.89,229.91,229.1,229.73,-0.069598504
10.10.2019 19:00:00.000,229.73,229.91,228.3,229.77,0.017411744
10.10.2019 20:00:00.000,229.77,230.29,229.73,230.25,0.208904557
11.10.2019 14:00:00.000,233.01,233.81,232.65,233.66,0.278957985
11.10.2019 15:00:00.000,233.66,234.39,233.64,233.91,0.106993067
11.10.2019 16:00:00.000,233.9,235.16,233.9,234.48,0.247969218
11.10.2019 17:00:00.000,234.48,234.87,233.07,234.82,0.145001706
11.10.2019 18:00:00.000,234.82,235.42,234.47,235.3,0.20441189
11.10.2019 19:00:00.000,235.31,236.55,234.9,236.49,0.501466151
11.10.2019 20:00:00.000,236.49,237.62,235.81,235.91,-0.245253499
14.10.2019 14:00:00.000,235.75,237.26,235.26,237.16,0.598091198
14.10.2019 15:00:00.000,237.15,238.13,237.08,237.89,0.312038794
14.10.2019 16:00:00.000,237.89,237.95,236.93,236.99,-0.378326117
14.10.2019 17:00:00.000,236.99,237.04,236.07,236.34,-0.274273176
14.10.2019 18:00:00.000,236.33,236.74,236.23,236.69,0.15232937
14.10.2019 19:00:00.000,236.68,236.86,236.06,236.22,-0.194355248
14.10.2019 20:00:00.000,236.22,236.42,235.66,236.26,0.016933367
15.10.2019 14:00:00.000,236.74,237.22,236.43,236.75,0.004224043
15.10.2019 15:00:00.000,236.77,237.62,236.36,237.45,0.287198547
15.10.2019 16:00:00.000,237.44,237.45,234.87,235.7,-0.732816712
15.10.2019 17:00:00.000,235.7,236.21,235.54,236.02,0.135765804
15.10.2019 18:00:00.000,236.03,236.1,235.52,235.8,-0.09744524
15.10.2019 19:00:00.000,235.8,236.16,235.66,235.89,0.038167939
15.10.2019 20:00:00.000,235.89,236.05,235.06,235.07,-0.347619653
16.10.2019 14:00:00.000,234.37,235.23,234.14,234.53,0.068268123
16.10.2019 15:00:00.000,234.53,234.64,233.61,234.45,-0.034110775
16.10.2019 16:00:00.000,234.45,234.72,233.76,234.36,-0.038387716
16.10.2019 17:00:00.000,234.36,234.47,233.59,233.7,-0.281618024
16.10.2019 18:00:00.000,233.7,234.05,233.61,233.69,-0.00427899
16.10.2019 19:00:00.000,233.69,234.14,233.64,233.99,0.128375198
16.10.2019 20:00:00.000,233.99,234.36,233.71,234.33,0.145305355
17.10.2019 14:00:00.000,235.21,236.13,234.71,235.85,0.272097275
17.10.2019 15:00:00.000,235.85,236.03,234.22,234.47,-0.58511766
17.10.2019 16:00:00.000,234.47,234.61,233.57,233.91,-0.238836525
17.10.2019 17:00:00.000,233.92,234.41,233.52,234.38,0.196648427
17.10.2019 18:00:00.000,234.38,235.24,234.23,234.91,0.226128509
17.10.2019 19:00:00.000,234.91,235.14,234.36,235.12,0.089395939
17.10.2019 20:00:00.000,235.13,235.38,234.84,235.36,0.097818228
18.10.2019 14:00:00.000,235.01,236.01,234.82,235.93,0.391472703
18.10.2019 15:00:00.000,235.93,236.28,234.94,235.52,-0.173780359
18.10.2019 16:00:00.000,235.53,236.17,234.93,235.13,-0.169829746
18.10.2019 17:00:00.000,235.14,235.49,234.28,235.23,0.03827507
18.10.2019 18:00:00.000,235.24,236.56,235.18,236.1,0.365584084
18.10.2019 19:00:00.000,236.09,236.72,235.93,236.71,0.262611716
18.10.2019 20:00:00.000,236.71,237.55,236.69,237.23,0.219678087
21.10.2019 14:00:00.000,238.41,239.99,238.4,239.67,0.528501321
21.10.2019 15:00:00.000,239.67,239.99,239.1,239.91,0.100137689
21.10.2019 16:00:00.000,239.91,240.87,239.83,240.72,0.33762661
21.10.2019 17:00:00.000,240.72,240.98,240.52,240.57,-0.062313061
21.10.2019 18:00:00.000,240.59,240.93,240.44,240.8,0.087285423
21.10.2019 19:00:00.000,240.8,240.93,240.51,240.69,-0.045681063
21.10.2019 20:00:00.000,240.69,240.73,240.05,240.29,-0.166188874
22.10.2019 14:00:00.000,241.05,241.95,240.29,241.01,-0.016594068
22.10.2019 15:00:00.000,241.02,241.83,240.7,241.56,0.224047797
22.10.2019 16:00:00.000,241.57,241.72,240.91,241.19,-0.157304301
22.10.2019 17:00:00.000,241.19,241.94,241.04,241.93,0.306812057
22.10.2019 18:00:00.000,241.93,241.97,241.33,241.93,0
22.10.2019 19:00:00.000,241.92,242.17,240.35,240.73,-0.491898148
22.10.2019 20:00:00.000,240.74,241,239.61,239.97,-0.319847138
23.10.2019 14:00:00.000,242.78,243.05,241.37,241.84,-0.387181811
23.10.2019 15:00:00.000,241.83,242.8,241.21,242.61,0.322540628
23.10.2019 16:00:00.000,242.61,242.92,242.35,242.49,-0.0494621
23.10.2019 17:00:00.000,242.5,242.74,242,242.66,0.065979381
23.10.2019 18:00:00.000,242.66,242.71,242.1,242.64,-0.008241985
23.10.2019 19:00:00.000,242.64,242.64,241.81,242.47,-0.070062644
23.10.2019 20:00:00.000,242.47,243.04,242.24,242.93,0.189714191
24.10.2019 14:00:00.000,243.53,244.05,242.18,242.6,-0.381883136
24.10.2019 15:00:00.000,242.62,242.99,241.8,242.44,-0.074190092
24.10.2019 16:00:00.000,242.45,243.46,242.3,243.25,0.329964941
24.10.2019 17:00:00.000,243.23,243.37,242.2,242.99,-0.098672039
24.10.2019 18:00:00.000,242.99,243.08,242.32,242.41,-0.23869295
24.10.2019 19:00:00.000,242.41,243.21,242.33,243,0.243389299
24.10.2019 20:00:00.000,243,243.49,242.96,243.43,0.176954733
25.10.2019 14:00:00.000,243.78,243.84,243.12,243.45,-0.135367955
25.10.2019 15:00:00.000,243.45,244.67,243.23,244.52,0.439515301
25.10.2019 16:00:00.000,244.52,245.85,244.34,245.36,0.343530182
25.10.2019 17:00:00.000,245.35,245.67,245.06,245.26,-0.036682291
25.10.2019 18:00:00.000,245.26,245.54,245.09,245.25,-0.004077306
25.10.2019 19:00:00.000,245.25,245.47,244.7,245.39,0.057084608
25.10.2019 20:00:00.000,245.4,246.09,245.33,246.09,0.281173594
28.10.2019 14:00:00.000,247.2,248.35,246.72,248.01,0.327669903
28.10.2019 15:00:00.000,248.01,248.64,247.75,248.07,0.024192573
28.10.2019 16:00:00.000,248.07,248.73,247.97,248.56,0.197524892
28.10.2019 17:00:00.000,248.57,248.71,248.22,248.48,-0.036207105
28.10.2019 18:00:00.000,248.48,248.67,248.35,248.4,-0.03219575
28.10.2019 19:00:00.000,248.4,248.57,248.3,248.49,0.036231884
28.10.2019 20:00:00.000,248.49,249.02,248.49,248.91,0.169020886
29.10.2019 14:00:00.000,249.5,249.5,247.85,247.89,-0.645290581
29.10.2019 15:00:00.000,247.87,248,245.41,245.5,-0.956146367
29.10.2019 16:00:00.000,245.5,245.78,243.08,243.15,-0.957230143
29.10.2019 17:00:00.000,243.14,244.7,242.9,243.57,0.176852842
29.10.2019 18:00:00.000,243.57,243.96,242.94,243.65,0.032844767
29.10.2019 19:00:00.000,243.65,243.85,242.57,242.66,-0.406320542
29.10.2019 20:00:00.000,242.66,244.37,242.65,243.6,0.387373279
30.10.2019 14:00:00.000,244.41,244.41,242.31,243.54,-0.355959249
30.10.2019 15:00:00.000,243.54,243.98,242.5,242.99,-0.225835592
30.10.2019 16:00:00.000,242.99,243.22,241.21,242.04,-0.390962591
30.10.2019 17:00:00.000,242.04,242.96,241.73,242.28,0.099157164
30.10.2019 18:00:00.000,242.28,242.43,241.54,241.57,-0.293049364
30.10.2019 19:00:00.000,241.57,242.82,241.3,242.68,0.459494142
30.10.2019 20:00:00.000,242.68,243.73,242.58,243.17,0.201911983
31.10.2019 14:00:00.000,248.65,249.08,246.56,246.8,-0.744017696
31.10.2019 15:00:00.000,246.8,248.37,245.6,247.28,0.194489465
31.10.2019 16:00:00.000,247.28,248.95,246.87,248.2,0.372047881
31.10.2019 17:00:00.000,248.21,248.43,246.95,247.62,-0.237701946
31.10.2019 18:00:00.000,247.62,248.16,247.48,247.8,0.072692028
31.10.2019 19:00:00.000,247.8,247.85,246.64,247.73,-0.028248588
31.10.2019 20:00:00.000,247.75,248.64,247.6,248.22,0.189707366
01.11.2019 14:00:00.000,250.67,251.94,249.71,251.76,0.434834643
01.11.2019 15:00:00.000,251.76,253.72,251.27,253.3,0.611693677
01.11.2019 16:00:00.000,253.3,253.78,253,253.23,-0.027635215
01.11.2019 17:00:00.000,253.25,253.3,252.43,252.53,-0.284304047
01.11.2019 18:00:00.000,252.53,253.82,252.44,253.64,0.439551736
01.11.2019 19:00:00.000,253.64,254.37,253.3,254.33,0.272039111
01.11.2019 20:00:00.000,254.33,255.35,254.13,255.29,0.377462352
04.11.2019 14:00:00.000,257.57,257.78,255.37,256.44,-0.438715689
04.11.2019 15:00:00.000,256.44,257.41,256.3,256.95,0.19887693
04.11.2019 16:00:00.000,256.94,257.13,256.2,256.25,-0.268545186
04.11.2019 17:00:00.000,256.26,256.5,255.42,256.35,0.035120581
04.11.2019 18:00:00.000,256.35,256.99,256.18,256.8,0.175541252
04.11.2019 19:00:00.000,256.8,257.36,256.56,257.35,0.214174455
04.11.2019 20:00:00.000,257.35,257.83,256.91,257.55,0.077715174
05.11.2019 14:00:00.000,256.76,257.62,256.31,257.28,0.202523758
05.11.2019 15:00:00.000,257.27,258.17,256.7,257.51,0.093287208
05.11.2019 16:00:00.000,257.51,257.76,257.06,257.51,0
05.11.2019 17:00:00.000,257.51,257.89,257.15,257.57,0.023300066
05.11.2019 18:00:00.000,257.57,258.01,257.56,257.8,0.089296114
05.11.2019 19:00:00.000,257.8,258.18,257.56,257.92,0.046547711
05.11.2019 20:00:00.000,257.92,258.05,257.16,257.24,-0.263647643
06.11.2019 14:00:00.000,256.74,257.27,256.35,257.08,0.132429695
06.11.2019 15:00:00.000,257.09,257.19,256.03,256.09,-0.388968844
06.11.2019 16:00:00.000,256.09,257.14,255.36,256.11,0.007809754
06.11.2019 17:00:00.000,256.11,256.41,255.55,255.84,-0.105423451
06.11.2019 18:00:00.000,255.84,256.57,255.61,256.38,0.211069418
06.11.2019 19:00:00.000,256.38,256.72,256.32,256.64,0.101411967
06.11.2019 20:00:00.000,256.64,256.93,256.42,256.93,0.112998753
07.11.2019 14:00:00.000,258.42,258.86,258.11,258.44,0.007739339
07.11.2019 15:00:00.000,258.44,259.58,258.22,259.4,0.371459526
07.11.2019 16:00:00.000,259.41,259.9,259.06,259.76,0.134921553
07.11.2019 17:00:00.000,259.78,259.99,259.31,259.96,0.069289399
07.11.2019 18:00:00.000,259.97,260.28,259.75,260.15,0.069238758
07.11.2019 19:00:00.000,260.15,260.34,259,259.85,-0.115318086
07.11.2019 20:00:00.000,259.85,259.96,258.35,259.18,-0.257841062
08.11.2019 14:00:00.000,258.62,259.05,257.42,257.48,-0.440801175
08.11.2019 15:00:00.000,257.47,258.58,256.84,258.57,0.427234241
08.11.2019 16:00:00.000,258.57,258.77,257.93,258.53,-0.015469699
08.11.2019 17:00:00.000,258.54,259.14,258.35,259.13,0.228204533
08.11.2019 18:00:00.000,259.13,259.61,258.85,258.86,-0.104194806
08.11.2019 19:00:00.000,258.86,259.39,258.79,259.23,0.142934405
08.11.2019 20:00:00.000,259.23,259.99,259.18,259.95,0.277745631
11.11.2019 14:00:00.000,258.91,259.59,258.36,259.28,0.142906802
11.11.2019 15:00:00.000,259.28,260.58,259.06,260.09,0.312403579
11.11.2019 16:00:00.000,260.09,260.7,260.05,260.48,0.149948095
11.11.2019 17:00:00.000,260.48,261.55,260.37,261.5,0.391584767
11.11.2019 18:00:00.000,261.5,262.45,261.44,262.27,0.294455067
11.11.2019 19:00:00.000,262.27,262.27,261.46,261.6,-0.255461929
11.11.2019 20:00:00.000,261.61,262.02,261.54,262.02,0.156721838
12.11.2019 14:00:00.000,261.47,262.24,261.18,261.35,-0.045894366
12.11.2019 15:00:00.000,261.36,262.22,260.92,261.42,0.022956841
12.11.2019 16:00:00.000,261.41,262.67,261.07,261.86,0.172143376
12.11.2019 17:00:00.000,261.86,262.46,261.72,262.15,0.1107462
12.11.2019 18:00:00.000,262.15,262.78,262.09,262.7,0.209803548
12.11.2019 19:00:00.000,262.7,262.7,261.36,261.68,-0.3882756
12.11.2019 20:00:00.000,261.69,262.09,261.59,261.82,0.049677099
13.11.2019 14:00:00.000,262.25,262.76,261.75,262.49,0.091515729
13.11.2019 15:00:00.000,262.49,263.66,262.28,263.61,0.426682921
13.11.2019 16:00:00.000,263.6,264.16,263.42,264.08,0.182094082
13.11.2019 17:00:00.000,264.08,264.18,263.68,264.03,-0.018933656
13.11.2019 18:00:00.000,264.03,264.67,263.3,263.99,-0.015149794
13.11.2019 19:00:00.000,263.99,264.15,262.58,264.06,0.026516156
13.11.2019 20:00:00.000,264.07,264.77,264.07,264.11,0.015147499
14.11.2019 14:00:00.000,264.01,264.81,263.61,264.33,0.12120753
14.11.2019 15:00:00.000,264.32,264.87,262.77,262.77,-0.586410412
14.11.2019 16:00:00.000,262.77,263.74,262.22,262.89,0.045667314
14.11.2019 17:00:00.000,262.89,263.33,262.11,263.11,0.083685192
14.11.2019 18:00:00.000,263.11,263.46,262.11,262.84,-0.102618677
14.11.2019 19:00:00.000,262.85,262.99,262.51,262.91,0.022826707
14.11.2019 20:00:00.000,262.92,263.16,262.62,262.65,-0.102692834
15.11.2019 14:00:00.000,264.1,264.53,263.27,263.35,-0.28398334
15.11.2019 15:00:00.000,263.35,264.22,263,264.1,0.284792102
15.11.2019 16:00:00.000,264.09,264.78,264.09,264.21,0.045439055
15.11.2019 17:00:00.000,264.21,264.87,264.07,264.44,0.087051966
15.11.2019 18:00:00.000,264.44,265.07,264.23,264.87,0.162607775
15.11.2019 19:00:00.000,264.87,265.23,264.76,265.06,0.071733303
15.11.2019 20:00:00.000,265.06,265.24,264.71,265.18,0.045272768
18.11.2019 14:00:00.000,265.02,265.39,264.22,264.6,-0.158478605
18.11.2019 15:00:00.000,264.6,265.68,264.54,265.23,0.238095238
18.11.2019 16:00:00.000,265.24,266.07,265.13,265.97,0.27522244
18.11.2019 17:00:00.000,265.96,266.48,265.43,266.35,0.146638592
18.11.2019 18:00:00.000,266.35,266.99,266.16,266.83,0.180214004
18.11.2019 19:00:00.000,266.83,267.42,266.56,267.19,0.134917363
18.11.2019 20:00:00.000,267.19,267.26,266.6,267.04,-0.056139826
19.11.2019 14:00:00.000,266.75,267.37,266.56,266.85,0.037488285
19.11.2019 15:00:00.000,266.85,267.65,265.64,265.64,-0.453438261
19.11.2019 16:00:00.000,265.64,266.85,265.38,266.39,0.282336997
19.11.2019 17:00:00.000,266.39,266.5,265.8,265.89,-0.187694733
19.11.2019 18:00:00.000,265.89,266.5,265.66,266.39,0.188047689
19.11.2019 19:00:00.000,266.39,267.17,266.39,266.78,0.146401892
19.11.2019 20:00:00.000,266.77,267.04,265.92,266.23,-0.202421562
20.11.2019 14:00:00.000,265.52,266.06,264.8,265.21,-0.116752034
20.11.2019 15:00:00.000,265.22,265.5,264.23,265.02,-0.075409094
20.11.2019 16:00:00.000,265.02,265.22,263.4,263.55,-0.554675119
20.11.2019 17:00:00.000,263.55,264.28,260.6,261.71,-0.698159742
20.11.2019 18:00:00.000,261.71,262.29,260.4,262.02,0.118451721
20.11.2019 19:00:00.000,262.02,262.79,261.21,262.21,0.072513549
20.11.2019 20:00:00.000,262.21,262.98,261.8,262.87,0.251706647
21.11.2019 14:00:00.000,263.2,263.91,262.85,263.49,0.110182371
21.11.2019 15:00:00.000,263.49,264,262.19,262.45,-0.394701886
21.11.2019 16:00:00.000,262.45,262.76,261.18,261.27,-0.449609449
21.11.2019 17:00:00.000,261.26,262.44,261.17,262.16,0.344484422
21.11.2019 18:00:00.000,262.16,262.47,261.83,261.92,-0.091547147
21.11.2019 19:00:00.000,261.93,262.58,261.5,262.35,0.160348185
21.11.2019 20:00:00.000,262.35,262.54,261.27,261.65,-0.266819135
22.11.2019 14:00:00.000,263,263.16,261.54,262.53,-0.178707224
22.11.2019 15:00:00.000,262.54,262.89,261.76,261.9,-0.243772378
22.11.2019 16:00:00.000,261.9,262.48,260.86,262.31,0.156548301
22.11.2019 17:00:00.000,262.31,262.43,261.73,262.16,-0.057184248
22.11.2019 18:00:00.000,262.16,262.4,261.4,261.73,-0.164021971
22.11.2019 19:00:00.000,261.73,261.76,261.01,261.25,-0.183395102
22.11.2019 20:00:00.000,261.26,261.84,260.84,261.35,0.034448442
25.11.2019 14:00:00.000,264.11,264.81,263.8,264.55,0.166597251
25.11.2019 15:00:00.000,264.56,265.64,264.42,265.3,0.279709707
25.11.2019 16:00:00.000,265.3,265.47,264.84,265.08,-0.082924991
25.11.2019 17:00:00.000,265.09,265.21,264.93,265.08,-0.003772304
25.11.2019 18:00:00.000,265.08,265.25,264.62,264.73,-0.132035612
25.11.2019 19:00:00.000,264.73,265.26,264.58,265.23,0.188871681
25.11.2019 20:00:00.000,265.23,266.05,265.16,266.03,0.301625005
26.11.2019 14:00:00.000,265.85,266.33,265.23,266.01,0.060184314
26.11.2019 15:00:00.000,266.01,266.48,265.5,266.32,0.116536972
26.11.2019 16:00:00.000,266.32,266.54,265.72,266.4,0.030039051
26.11.2019 17:00:00.000,266.4,266.69,266.14,266.59,0.071321321
26.11.2019 18:00:00.000,266.59,266.78,266.27,266.41,-0.067519412
26.11.2019 19:00:00.000,266.41,266.62,266.13,266.45,0.015014451
26.11.2019 20:00:00.000,266.45,266.7,265.54,265.62,-0.311503096
27.11.2019 14:00:00.000,265.61,266.26,265.3,266.13,0.195775761
27.11.2019 15:00:00.000,266.13,266.37,265.42,266.17,0.015030248
27.11.2019 16:00:00.000,266.17,266.59,266.14,266.43,0.097681933
27.11.2019 17:00:00.000,266.43,266.7,266.32,266.35,-0.030026649
27.11.2019 18:00:00.000,266.35,266.9,266.31,266.75,0.150178337
27.11.2019 19:00:00.000,266.75,267.1,266.66,267,0.093720712
27.11.2019 20:00:00.000,267,267.84,266.81,267.79,0.29588015
29.11.2019 14:00:00.000,266.28,267.61,265.9,267.43,0.431876221
29.11.2019 15:00:00.000,267.43,267.97,267,267.7,0.100960999
29.11.2019 16:00:00.000,267.7,267.96,267.32,267.7,0
29.11.2019 17:00:00.000,267.7,267.84,267.28,267.34,-0.134478894
02.12.2019 14:00:00.000,268.05,268.06,266.55,266.55,-0.55959709
02.12.2019 15:00:00.000,266.53,266.53,263.74,263.74,-1.046786478
02.12.2019 16:00:00.000,263.74,264.85,263.45,264.66,0.348828392
02.12.2019 17:00:00.000,264.66,264.96,263.75,264.6,-0.022670596
02.12.2019 18:00:00.000,264.58,265.61,264.55,265.36,0.294806864
02.12.2019 19:00:00.000,265.36,265.74,265.15,265.47,0.04145312
02.12.2019 20:00:00.000,265.47,265.54,264.43,264.46,-0.380457302
03.12.2019 14:00:00.000,258.03,258.46,256.31,257.73,-0.116265551
03.12.2019 15:00:00.000,257.72,258.44,256.8,257.01,-0.275492783
03.12.2019 16:00:00.000,257.01,257.92,256.6,257.55,0.210108556
03.12.2019 17:00:00.000,257.55,258.27,257.15,257.95,0.155309649
03.12.2019 18:00:00.000,257.95,259.3,257.9,258.52,0.220973057
03.12.2019 19:00:00.000,258.52,258.94,257.86,258.45,-0.027077209
03.12.2019 20:00:00.000,258.46,259.24,258.26,259.24,0.301787511
04.12.2019 14:00:00.000,260.77,261.86,260.77,261.48,0.272270583
04.12.2019 15:00:00.000,261.48,262.14,261.12,262.14,0.252409362
04.12.2019 16:00:00.000,262.13,263.3,262.05,262.85,0.274672872
04.12.2019 17:00:00.000,262.87,262.95,262.13,262.8,-0.026629132
04.12.2019 18:00:00.000,262.8,262.82,262.07,262.29,-0.194063927
04.12.2019 19:00:00.000,262.28,262.97,262.19,262.84,0.213512277
04.12.2019 20:00:00.000,262.84,262.87,261.77,261.85,-0.376654999
05.12.2019 14:00:00.000,264.45,264.73,263.98,264.29,-0.060502931
05.12.2019 15:00:00.000,264.3,264.35,262.73,263.7,-0.227014756
05.12.2019 16:00:00.000,263.69,264.45,263.51,264.36,0.254086238
05.12.2019 17:00:00.000,264.36,264.38,263.75,264.3,-0.022696323
05.12.2019 18:00:00.000,264.3,265.29,264.2,264.94,0.242149073
05.12.2019 19:00:00.000,264.94,265.57,264.35,264.99,0.018872197
05.12.2019 20:00:00.000,264.99,265.88,264.9,265.43,0.166044002
06.12.2019 14:00:00.000,268.42,269.18,267.85,269.08,0.245883317
06.12.2019 15:00:00.000,269.08,269.63,268.75,269.4,0.11892374
06.12.2019 16:00:00.000,269.4,270.46,269.31,270.2,0.296956199
06.12.2019 17:00:00.000,270.21,270.99,270.15,270.78,0.210947041
06.12.2019 18:00:00.000,270.78,270.83,269.95,270.08,-0.258512446
06.12.2019 19:00:00.000,270.08,270.66,269.88,270.39,0.114780806
06.12.2019 20:00:00.000,270.39,270.79,269.97,270.72,0.122045934
09.12.2019 14:00:00.000,270.25,270.29,269.14,269.58,-0.247918594
09.12.2019 15:00:00.000,269.58,269.86,269.15,269.59,0.003709474
09.12.2019 16:00:00.000,269.59,269.61,265.93,266.23,-1.24633703
09.12.2019 17:00:00.000,266.24,266.49,264.9,265.67,-0.214092548
09.12.2019 18:00:00.000,265.67,267.42,265.58,267.21,0.579666504
09.12.2019 19:00:00.000,267.21,267.43,266.44,267.19,-0.00748475
09.12.2019 20:00:00.000,267.19,267.55,266.8,267.04,-0.056139826
10.12.2019 14:00:00.000,267.3,267.4,265.85,266.81,-0.183314628
10.12.2019 15:00:00.000,266.84,269.92,266.81,269.8,1.109278969
10.12.2019 16:00:00.000,269.81,270.06,268.85,269.1,-0.263148141
10.12.2019 17:00:00.000,269.1,269.2,268.56,269.04,-0.022296544
10.12.2019 18:00:00.000,269.04,269.69,268.94,269.05,0.003716919
10.12.2019 19:00:00.000,269.05,269.56,269.05,269.34,0.107786657
10.12.2019 20:00:00.000,269.34,269.74,268.05,268.09,-0.464097423
11.12.2019 14:00:00.000,269.24,270.73,268.67,270.61,0.508839697
11.12.2019 15:00:00.000,270.61,271.06,269.33,269.42,-0.439747238
11.12.2019 16:00:00.000,269.42,270.4,269.08,270.07,0.241259001
11.12.2019 17:00:00.000,270.07,270.23,269.6,269.97,-0.037027437
11.12.2019 18:00:00.000,269.97,270.2,269.8,269.9,-0.025928807
11.12.2019 19:00:00.000,269.92,270.66,269.78,270.65,0.270450504
11.12.2019 20:00:00.000,270.65,270.88,270.13,270.81,0.059116941
12.12.2019 14:00:00.000,267.75,271.09,267.36,270.69,1.098039216
12.12.2019 15:00:00.000,270.69,272.52,270.09,271.02,0.121910673
12.12.2019 16:00:00.000,271.03,271.11,268,268.31,-1.00357894
12.12.2019 17:00:00.000,268.31,269.61,267.41,269.32,0.376430249
12.12.2019 18:00:00.000,269.32,270.34,269.27,270.12,0.297044408
12.12.2019 19:00:00.000,270.12,271.09,269.22,270.18,0.02221235
12.12.2019 20:00:00.000,270.17,271.63,269.99,271.49,0.488581264
13.12.2019 14:00:00.000,271.18,273.56,271.18,272.89,0.630577476
13.12.2019 15:00:00.000,272.91,274.78,272.32,272.65,-0.095269503
13.12.2019 16:00:00.000,272.66,274.31,272.03,274.26,0.586811413
13.12.2019 17:00:00.000,274.24,274.97,273.95,274.93,0.251604434
13.12.2019 18:00:00.000,274.94,274.99,274.3,274.7,-0.087291773
13.12.2019 19:00:00.000,274.68,274.74,273.73,274.47,-0.076452599
13.12.2019 20:00:00.000,274.47,275.23,274.22,275.07,0.218603126
16.12.2019 14:00:00.000,277.77,279.48,277.64,278.98,0.435612197
16.12.2019 15:00:00.000,278.98,280.16,278.85,279.45,0.168470858
16.12.2019 16:00:00.000,279.45,280.46,279.45,280.34,0.318482734
16.12.2019 17:00:00.000,280.34,280.77,280.14,280.18,-0.057073554
16.12.2019 18:00:00.000,280.18,280.48,279.82,280.42,0.085659219
16.12.2019 19:00:00.000,280.42,280.6,279.79,280.14,-0.099850225
16.12.2019 20:00:00.000,280.14,280.48,279.6,279.86,-0.099950025
17.12.2019 14:00:00.000,280.02,280.89,279.58,280.27,0.089279337
17.12.2019 15:00:00.000,280.27,281.75,280.05,280.83,0.199807329
17.12.2019 16:00:00.000,280.83,281.44,278.8,280.56,-0.096143574
17.12.2019 17:00:00.000,280.56,281.24,280.56,281.08,0.185343599
17.12.2019 18:00:00.000,281.1,281.1,280.65,280.85,-0.088936322
17.12.2019 19:00:00.000,280.85,280.96,280.15,280.71,-0.049848674
17.12.2019 20:00:00.000,280.71,280.78,280.16,280.32,-0.138933419
18.12.2019 14:00:00.000,279.7,280.43,279.3,279.4,-0.107257776
18.12.2019 15:00:00.000,279.39,279.97,279.11,279.68,0.103797559
18.12.2019 16:00:00.000,279.68,280.25,279.53,280.05,0.13229405
18.12.2019 17:00:00.000,280.06,281.24,280.03,281.03,0.346354353
18.12.2019 18:00:00.000,281.02,281.48,280.77,281.46,0.156572486
18.12.2019 19:00:00.000,281.46,281.88,281.26,281.85,0.138563206
18.12.2019 20:00:00.000,281.85,281.89,280.07,280.08,-0.627993614
19.12.2019 14:00:00.000,280.42,281.17,280.05,280.43,0.003566079
19.12.2019 15:00:00.000,280.42,280.53,279.46,279.48,-0.335211469
19.12.2019 16:00:00.000,279.48,280.26,279.48,279.81,0.118076428
19.12.2019 17:00:00.000,279.81,279.95,278.98,279.47,-0.121511025
19.12.2019 18:00:00.000,279.48,279.78,279.06,279.09,-0.139544869
19.12.2019 19:00:00.000,279.09,280.06,278.94,279.67,0.207818267
19.12.2019 20:00:00.000,279.67,280.07,279.29,279.85,0.064361569
20.12.2019 14:00:00.000,281.72,282.22,280.86,280.92,-0.283969899
20.12.2019 15:00:00.000,280.95,281.8,280.65,281.38,0.153052145
20.12.2019 16:00:00.000,281.37,281.91,280.83,281.01,-0.12794541
20.12.2019 17:00:00.000,281.02,281.16,280.67,280.88,-0.049818518
20.12.2019 18:00:00.000,280.89,281.09,280.74,280.74,-0.053401687
20.12.2019 19:00:00.000,280.74,280.76,280.15,280.45,-0.103298426
20.12.2019 20:00:00.000,280.45,280.48,278.62,279.5,-0.338741309
23.12.2019 14:00:00.000,281.35,282.42,281.3,282.01,0.234583259
23.12.2019 15:00:00.000,282.01,282.95,281.8,282.68,0.237580228
23.12.2019 16:00:00.000,282.69,283.74,282.68,283.48,0.279458064
23.12.2019 17:00:00.000,283.48,284.05,283.37,283.53,0.017637929
23.12.2019 18:00:00.000,283.53,283.96,283.44,283.67,0.049377491
23.12.2019 19:00:00.000,283.67,284.21,283.61,284.07,0.141008919
23.12.2019 20:00:00.000,284.07,284.24,283.55,283.72,-0.123209068
24.12.2019 14:00:00.000,283.92,284.42,282.92,284.11,0.066920259
24.12.2019 15:00:00.000,284.11,284.54,283.8,284.19,0.028158108
24.12.2019 16:00:00.000,284.18,284.32,283.71,283.88,-0.105566894
24.12.2019 17:00:00.000,283.88,284.55,283.69,284.27,0.137381992
26.12.2019 14:00:00.000,285.55,285.98,285.32,285.9,0.122570478
26.12.2019 15:00:00.000,285.9,287.43,285.89,287.41,0.528156698
26.12.2019 16:00:00.000,287.41,288.71,287.41,288.61,0.417522007
26.12.2019 17:00:00.000,288.62,288.67,287.95,288.17,-0.155914351
26.12.2019 18:00:00.000,288.17,288.61,288.07,288.43,0.09022452
26.12.2019 19:00:00.000,288.44,289.28,288.4,289.19,0.260019415
26.12.2019 20:00:00.000,289.19,289.64,288.43,289.62,0.148691172
27.12.2019 14:00:00.000,292.59,293.94,290.1,290.24,-0.803171674
27.12.2019 15:00:00.000,290.24,292.3,290.1,291.23,0.341097023
27.12.2019 16:00:00.000,291.23,291.96,290.64,290.67,-0.192287882
27.12.2019 17:00:00.000,290.67,290.93,289.81,290.09,-0.199538996
27.12.2019 18:00:00.000,290.09,290.17,288.1,289.79,-0.103416181
27.12.2019 19:00:00.000,289.78,290.55,289.71,290.3,0.179446477
27.12.2019 20:00:00.000,290.3,290.42,288.5,289.28,-0.351360661
30.12.2019 14:00:00.000,288.69,288.71,286.33,286.81,-0.651217569
30.12.2019 15:00:00.000,286.83,287.77,285.22,287.6,0.268451696
30.12.2019 16:00:00.000,287.61,290.84,287.19,290.45,0.987448281
30.12.2019 17:00:00.000,290.45,291.87,290.24,291.48,0.354622138
30.12.2019 18:00:00.000,291.48,292.68,290.96,292.56,0.370522849
30.12.2019 19:00:00.000,292.57,292.59,291.08,291.29,-0.437502136
30.12.2019 20:00:00.000,291.29,292.47,291.08,291.6,0.106423152
31.12.2019 14:00:00.000,291.24,292.85,291.24,292.15,0.31245708
31.12.2019 15:00:00.000,292.16,292.29,290.66,291.06,-0.376506024
31.12.2019 16:00:00.000,291.06,292.23,290.97,292.02,0.329828901
31.12.2019 17:00:00.000,292.03,292.46,291.73,292.04,0.003424306
31.12.2019 18:00:00.000,292.04,292.3,291.89,292.2,0.054787015
02.01.2020 14:00:00.000,296.87,298.15,296.7,297.95,0.363795601
02.01.2020 15:00:00.000,297.96,298.4,296.59,298.1,0.046986173
02.01.2020 16:00:00.000,298.1,298.73,297.46,298.4,0.10063737
02.01.2020 17:00:00.000,298.4,298.78,298.06,298.69,0.097184987
02.01.2020 18:00:00.000,298.7,298.71,298.1,298.45,-0.083696016
02.01.2020 19:00:00.000,298.44,299.14,298.06,299.07,0.211097708
02.01.2020 20:00:00.000,299.07,300.24,299.04,300.23,0.387869061
03.01.2020 14:00:00.000,299.92,300.55,298.56,299.18,-0.246732462
03.01.2020 15:00:00.000,299,299.56,297.6,298.62,-0.127090301
03.01.2020 16:00:00.000,298.62,299.81,297.94,299.33,0.237760364
03.01.2020 17:00:00.000,299.32,300.57,299.3,300.19,0.290658827
03.01.2020 18:00:00.000,300.2,300.38,298.77,299.35,-0.28314457
03.01.2020 19:00:00.000,299.35,299.93,298.83,299.81,0.153666277
03.01.2020 20:00:00.000,299.81,299.99,297.53,298.03,-0.593709349
06.01.2020 14:00:00.000,295.52,296.99,294.92,296.83,0.44328641
06.01.2020 15:00:00.000,296.84,298.22,296.23,298.01,0.394151732
06.01.2020 16:00:00.000,297.99,299.61,297.64,298.44,0.151011779
06.01.2020 17:00:00.000,298.44,298.44,297.14,298.1,-0.113925747
06.01.2020 18:00:00.000,298.12,299.35,298.04,299.18,0.355561519
06.01.2020 19:00:00.000,299.18,299.95,298.98,299.38,0.066849388
06.01.2020 20:00:00.000,299.38,299.77,298.94,299.74,0.120248514
07.01.2020 14:00:00.000,300.76,300.83,297.75,298.81,-0.648357494
07.01.2020 15:00:00.000,298.85,299.56,297.47,299.39,0.180692655
07.01.2020 16:00:00.000,299.38,299.87,298.54,298.93,-0.150310642
07.01.2020 17:00:00.000,298.93,299.63,298.65,299.58,0.217442211
07.01.2020 18:00:00.000,299.57,300.4,299.57,300.07,0.166905898
07.01.2020 19:00:00.000,300.07,300.09,298.95,299,-0.356583464
07.01.2020 20:00:00.000,299.01,299.55,298.17,298.37,-0.214039664
08.01.2020 14:00:00.000,298.46,298.7,297.75,298.35,-0.03685586
08.01.2020 15:00:00.000,298.37,298.74,297.37,297.72,-0.21785032
08.01.2020 16:00:00.000,297.73,300.19,297.5,300.06,0.782588251
08.01.2020 17:00:00.000,300.06,303.03,300.06,302.63,0.856495368
08.01.2020 18:00:00.000,302.63,303.2,302.4,302.59,-0.01321746
08.01.2020 19:00:00.000,302.59,303.08,302.52,303.06,0.155325688
08.01.2020 20:00:00.000,303.06,304.42,302.22,302.72,-0.112189005
09.01.2020 14:00:00.000,307.53,308.89,306.87,308.27,0.240626931
09.01.2020 15:00:00.000,308.28,309.45,307.41,309.08,0.259504347
09.01.2020 16:00:00.000,309.08,310.4,308.97,309.92,0.271774298
09.01.2020 17:00:00.000,309.92,310,306.19,307.63,-0.738900361
09.01.2020 18:00:00.000,307.64,309.78,307.43,309.07,0.464829021
09.01.2020 19:00:00.000,309.07,309.47,308.73,309.01,-0.019413078
09.01.2020 20:00:00.000,309.01,309.48,308.25,309.45,0.142390214
10.01.2020 14:00:00.000,309.85,312.16,309.7,312.05,0.710020978
10.01.2020 15:00:00.000,312.05,312.65,311.66,312.04,-0.003204615
10.01.2020 16:00:00.000,312.04,312.31,310.43,311.08,-0.307652865
10.01.2020 17:00:00.000,311.09,311.11,308.25,309.76,-0.427529011
10.01.2020 18:00:00.000,309.76,310.93,309.7,310.67,0.293775826
10.01.2020 19:00:00.000,310.68,310.94,309.28,310.06,-0.199562251
10.01.2020 20:00:00.000,310.03,310.28,309.23,310.02,-0.003225494
13.01.2020 14:00:00.000,312.93,313.35,312.08,312.92,-0.003195603
13.01.2020 15:00:00.000,312.92,313,311.15,312.07,-0.271634923
13.01.2020 16:00:00.000,312.08,312.85,311.4,312.79,0.227505768
13.01.2020 17:00:00.000,312.79,313.3,312.45,313.12,0.105502094
13.01.2020 18:00:00.000,313.12,313.76,312.85,313.56,0.140521206
13.01.2020 19:00:00.000,313.56,314.95,313.3,314.92,0.433728792
13.01.2020 20:00:00.000,314.92,316.81,314.62,316.77,0.587450781
14.01.2020 14:00:00.000,316.35,317.22,313.34,313.76,-0.81871345
14.01.2020 15:00:00.000,313.76,317.53,313.45,315.74,0.631055584
14.01.2020 16:00:00.000,315.74,316.56,314.6,316.52,0.247038703
14.01.2020 17:00:00.000,316.52,316.65,314.6,314.73,-0.565525085
14.01.2020 18:00:00.000,314.71,315.85,312.75,313.32,-0.441676464
14.01.2020 19:00:00.000,313.32,314.78,312.16,313.5,0.057449253
14.01.2020 20:00:00.000,313.49,314.19,312.21,312.46,-0.328559125
15.01.2020 14:00:00.000,313.14,315.42,313.07,315.34,0.702561155
15.01.2020 15:00:00.000,315.35,315.49,313.8,314.49,-0.272712859
15.01.2020 16:00:00.000,314.49,314.67,313.37,313.9,-0.187605329
15.01.2020 17:00:00.000,313.91,314.58,313.69,313.89,-0.006371253
15.01.2020 18:00:00.000,313.9,314.43,312.16,312.65,-0.398215992
15.01.2020 19:00:00.000,312.65,313.81,312.5,312.96,0.099152407
15.01.2020 20:00:00.000,312.96,312.99,309.53,310.83,-0.68059816
16.01.2020 14:00:00.000,314.73,315.25,314.14,314.55,-0.057191879
16.01.2020 15:00:00.000,314.55,315.6,312.7,312.79,-0.559529487
16.01.2020 16:00:00.000,312.79,313.81,312.09,313.29,0.159851658
16.01.2020 17:00:00.000,313.29,313.46,312.45,312.85,-0.140444955
16.01.2020 18:00:00.000,312.85,313.87,312.67,313.7,0.271695701
16.01.2020 19:00:00.000,313.69,314.3,313.5,313.85,0.05100577
16.01.2020 20:00:00.000,313.85,315.08,313.6,315.06,0.385534491
17.01.2020 14:00:00.000,316.16,317.05,315.55,316.9,0.234058704
17.01.2020 15:00:00.000,316.91,317.23,315.9,316.28,-0.19879461
17.01.2020 16:00:00.000,316.28,316.38,315.05,316.34,0.018970532
17.01.2020 17:00:00.000,316.34,316.92,315.75,315.81,-0.167541253
17.01.2020 18:00:00.000,315.83,316.81,315.38,316.75,0.29129595
17.01.2020 19:00:00.000,316.75,317.06,316.42,317.06,0.097868982
17.01.2020 20:00:00.000,317.06,318.38,316.62,318.32,0.397401123
21.01.2020 14:00:00.000,317.76,318.84,316.95,318.19,0.135322256
21.01.2020 15:00:00.000,318.16,319.02,317.09,317.37,-0.248302741
21.01.2020 16:00:00.000,317.36,318.92,317.25,318.45,0.343458533
21.01.2020 17:00:00.000,318.45,318.48,317.81,317.95,-0.15701052
21.01.2020 18:00:00.000,317.96,318.2,316.42,316.56,-0.440306957
21.01.2020 19:00:00.000,316.56,317.25,316.25,316.89,0.104245641
21.01.2020 20:00:00.000,316.89,317.23,316.2,316.3,-0.18618448
22.01.2020 14:00:00.000,317.97,318.3,317.31,318.05,0.025159606
22.01.2020 15:00:00.000,318.06,318.88,317.51,317.88,-0.056593096
22.01.2020 16:00:00.000,317.88,318.68,317.45,318.49,0.191896313
22.01.2020 17:00:00.000,318.48,319.74,318.1,319.63,0.361090178
22.01.2020 18:00:00.000,319.63,319.87,319.04,319.05,-0.181459813
22.01.2020 19:00:00.000,319.05,319.98,319,319.88,0.260147312
22.01.2020 20:00:00.000,319.88,319.89,317.65,317.84,-0.637739152
23.01.2020 14:00:00.000,316.56,317.47,315.65,317.06,0.15794794
23.01.2020 15:00:00.000,317.08,318.12,316.28,317.35,0.085152012
23.01.2020 16:00:00.000,317.35,317.86,316.9,317.5,0.047266425
23.01.2020 17:00:00.000,317.47,318.19,317.27,317.7,0.07244779
23.01.2020 18:00:00.000,317.7,318.88,317.4,318.72,0.321057602
23.01.2020 19:00:00.000,318.72,319.24,318.54,319.21,0.15373996
23.01.2020 20:00:00.000,319.21,319.49,318.65,319.45,0.075185614
24.01.2020 14:00:00.000,320.86,322.61,320.65,322.57,0.532942716
24.01.2020 15:00:00.000,322.59,322.61,321,322.22,-0.114696674
24.01.2020 16:00:00.000,322.23,323.29,321.75,321.97,-0.080687708
24.01.2020 17:00:00.000,321.97,321.97,319.33,321.08,-0.276423269
24.01.2020 18:00:00.000,321.1,321.13,319.05,319.87,-0.383058237
24.01.2020 19:00:00.000,319.87,320.24,317.88,320.16,0.090661831
24.01.2020 20:00:00.000,320.16,320.35,317.51,318.5,-0.518490755
27.01.2020 14:00:00.000,309.1,311.75,307.7,311.43,0.753801359
27.01.2020 15:00:00.000,311.48,311.74,308.85,309.41,-0.664569154
27.01.2020 16:00:00.000,309.41,310.03,307.51,309.37,-0.01292783
27.01.2020 17:00:00.000,309.38,311.57,309.11,311.16,0.575344237
27.01.2020 18:00:00.000,311.17,311.59,310.1,310.26,-0.292444644
27.01.2020 19:00:00.000,310.26,311.19,308.91,309.49,-0.248178947
27.01.2020 20:00:00.000,309.49,309.8,308.35,309,-0.158324986
28.01.2020 14:00:00.000,313.3,313.81,312.6,312.93,-0.11809767
28.01.2020 15:00:00.000,312.93,315.82,312.43,315.8,0.917138018
28.01.2020 16:00:00.000,315.8,316.77,315.01,316.53,0.231158961
28.01.2020 17:00:00.000,316.53,317.18,316.01,316.68,0.047388873
28.01.2020 18:00:00.000,316.67,316.93,316.11,316.83,0.050525784
28.01.2020 19:00:00.000,316.83,318.35,316.8,318.32,0.470283748
28.01.2020 20:00:00.000,318.32,318.38,316.91,317.46,-0.270168384
29.01.2020 14:00:00.000,324.77,325.98,322.66,323.32,-0.446469809
29.01.2020 15:00:00.000,323.34,325.49,321.38,325.38,0.630914826
29.01.2020 16:00:00.000,325.38,327.77,325.24,327.15,0.543979347
29.01.2020 17:00:00.000,327.15,327.63,326.13,326.33,-0.250649549
29.01.2020 18:00:00.000,326.33,326.9,325.45,326.61,0.085802715
29.01.2020 19:00:00.000,326.61,327.84,326.25,327.02,0.12553198
29.01.2020 20:00:00.000,327.02,327.54,324.43,324.5,-0.770595071
30.01.2020 14:00:00.000,323.08,324.04,322.26,322.36,-0.22285502
30.01.2020 15:00:00.000,322.36,323.71,318.76,318.91,-1.070232039
30.01.2020 16:00:00.000,318.91,322.51,318.75,321.92,0.943839955
30.01.2020 17:00:00.000,321.92,322.09,319.88,320.42,-0.465954274
30.01.2020 18:00:00.000,320.43,320.63,319.3,319.97,-0.143557095
30.01.2020 19:00:00.000,319.98,321.85,319.53,320.94,0.300018751
30.01.2020 20:00:00.000,320.95,323.49,320.61,323.43,0.772706029
31.01.2020 14:00:00.000,321.75,321.77,317.04,318.36,-1.053613054
31.01.2020 15:00:00.000,318.36,318.39,315.07,315.83,-0.794697826
31.01.2020 16:00:00.000,315.82,317.17,314.45,316.76,0.297637895
31.01.2020 17:00:00.000,316.73,316.91,314.2,314.78,-0.61566634
31.01.2020 18:00:00.000,314.78,315.28,310.05,312.56,-0.705254463
31.01.2020 19:00:00.000,312.56,313.7,311.35,312.16,-0.127975429
31.01.2020 20:00:00.000,312.16,312.54,308.26,309.94,-0.711173757
03.02.2020 14:00:00.000,306.48,310.91,306.48,310.76,1.396502219
03.02.2020 15:00:00.000,310.81,313.22,310.75,312.32,0.485827354
03.02.2020 16:00:00.000,312.32,313.47,311.63,311.93,-0.124871926
03.02.2020 17:00:00.000,311.93,312.1,308.65,308.71,-1.032282884
03.02.2020 18:00:00.000,308.71,309.01,306.12,307.81,-0.291535746
03.02.2020 19:00:00.000,307.8,308.21,306.69,307.08,-0.233918129
03.02.2020 20:00:00.000,307.09,309.28,307.01,308.26,0.380995799
04.02.2020 14:00:00.000,316.62,316.81,313.63,314.36,-0.713789401
04.02.2020 15:00:00.000,314.36,317.49,313.8,317.46,0.986130551
04.02.2020 16:00:00.000,317.46,319.52,317.11,318.38,0.28980029
04.02.2020 17:00:00.000,318.38,318.51,317.32,318.33,-0.015704504
04.02.2020 18:00:00.000,318.33,319.38,317.83,319.26,0.292149656
04.02.2020 19:00:00.000,319.26,319.62,318.61,318.86,-0.125289733
04.02.2020 20:00:00.000,318.85,319.13,317.42,318.47,-0.119178297
05.02.2020 14:00:00.000,323.73,323.76,320.88,322.92,-0.250208507
05.02.2020 15:00:00.000,322.95,323.46,318.95,320.71,-0.693605821
05.02.2020 16:00:00.000,320.71,321.56,319.7,321.34,0.196439151
05.02.2020 17:00:00.000,321.34,322.04,320.88,321.35,0.003111969
05.02.2020 18:00:00.000,321.36,321.39,319.95,320.6,-0.236494897
05.02.2020 19:00:00.000,320.6,321.5,320.06,321.25,0.202744853
05.02.2020 20:00:00.000,321.25,322.46,320.53,321.26,0.00311284
06.02.2020 14:00:00.000,321.66,322.39,320.25,322.37,0.220729963
06.02.2020 15:00:00.000,322.37,322.42,320.36,321.67,-0.217141794
06.02.2020 16:00:00.000,321.67,322.84,321.32,321.63,-0.012435104
06.02.2020 17:00:00.000,321.63,323.56,321.54,323.5,0.581413425
06.02.2020 18:00:00.000,323.5,324.69,323.35,324.57,0.330757342
06.02.2020 19:00:00.000,324.57,324.99,324,324.51,-0.018485997
06.02.2020 20:00:00.000,324.51,324.91,323.92,324.91,0.123262765
07.02.2020 14:00:00.000,320.89,321.72,320.65,321.14,0.077908317
07.02.2020 15:00:00.000,321.16,323.31,320.43,322.37,0.376759248
07.02.2020 16:00:00.000,322.37,323.32,321.75,322.83,0.142693179
07.02.2020 17:00:00.000,322.83,323.39,322.55,322.58,-0.077440139
07.02.2020 18:00:00.000,322.58,322.74,320.69,320.73,-0.573501147
07.02.2020 19:00:00.000,320.73,320.99,318.32,319.52,-0.377264366
07.02.2020 20:00:00.000,319.56,319.88,318.1,319.74,0.05632745
10.02.2020 14:00:00.000,317.4,318.92,316.77,318.25,0.267800882
10.02.2020 15:00:00.000,318.25,320.05,316.6,318.91,0.207384132
10.02.2020 16:00:00.000,318.91,320.2,318.8,318.89,-0.006271362
10.02.2020 17:00:00.000,318.89,319.45,318.14,319.37,0.150522124
10.02.2020 18:00:00.000,319.37,320,319.23,319.36,-0.003131164
10.02.2020 19:00:00.000,319.35,320.75,319.01,320.63,0.400814154
10.02.2020 20:00:00.000,320.63,321.33,320.54,321.14,0.159061847
11.02.2020 14:00:00.000,322.16,322.96,321.56,321.73,-0.13347405
11.02.2020 15:00:00.000,321.73,323.27,321.58,322.81,0.335685202
11.02.2020 16:00:00.000,322.81,323.02,321.01,321.9,-0.281899569
11.02.2020 17:00:00.000,321.92,322.77,321.6,322.69,0.239189861
11.02.2020 18:00:00.000,322.69,323,321.46,321.74,-0.294400198
11.02.2020 19:00:00.000,321.78,321.83,320.18,320.67,-0.344956181
11.02.2020 20:00:00.000,320.67,320.98,318.71,319.57,-0.343031777
12.02.2020 14:00:00.000,322.97,323.87,322.42,323.43,0.142428089
12.02.2020 15:00:00.000,323.45,323.64,322.29,323.25,-0.061833359
12.02.2020 16:00:00.000,323.24,324.63,323.16,324.38,0.352679124
12.02.2020 17:00:00.000,324.38,325.39,324,325.26,0.271286762
12.02.2020 18:00:00.000,325.27,325.33,324.64,325.13,-0.043041166
12.02.2020 19:00:00.000,325.11,325.52,324.72,325.26,0.04613823
12.02.2020 20:00:00.000,325.26,327.15,324.86,327.14,0.577999139
13.02.2020 14:00:00.000,325.17,325.95,324.45,324.59,-0.178368238
13.02.2020 15:00:00.000,324.66,325.47,323.54,325.32,0.203289595
13.02.2020 16:00:00.000,325.32,325.7,324.75,324.98,-0.10451248
13.02.2020 17:00:00.000,324.98,326.21,324.37,324.61,-0.11385316
13.02.2020 18:00:00.000,324.61,326.07,324.41,325.73,0.34502942
13.02.2020 19:00:00.000,325.73,326.17,325.14,326.03,0.09210082
13.02.2020 20:00:00.000,326.01,326.17,324.41,324.97,-0.319008619
14.02.2020 14:00:00.000,325.77,325.78,323.52,323.93,-0.564815667
14.02.2020 15:00:00.000,323.93,325.93,322.83,325.72,0.552588522
14.02.2020 16:00:00.000,325.72,325.86,324.52,324.98,-0.227188997
14.02.2020 17:00:00.000,324.98,325.11,324.01,324.19,-0.243091883
14.02.2020 18:00:00.000,324.19,325.06,323.95,324.08,-0.03393072
14.02.2020 19:00:00.000,324.08,324.61,323.33,324.46,0.117254999
14.02.2020 20:00:00.000,324.46,324.98,323.61,324.97,0.157184245
18.02.2020 14:00:00.000,318.05,318.22,315.2,317.74,-0.097468951
18.02.2020 15:00:00.000,317.75,318.55,316.47,317.78,0.009441385
18.02.2020 16:00:00.000,317.78,317.93,315.6,315.6,-0.686009189
18.02.2020 17:00:00.000,315.6,317.19,315.21,317.04,0.456273764
18.02.2020 18:00:00.000,317.06,318.17,317.05,318.1,0.328013625
18.02.2020 19:00:00.000,318.09,319.72,317.56,319.26,0.367820428
18.02.2020 20:00:00.000,319.26,319.67,318.3,318.66,-0.187934599
19.02.2020 14:00:00.000,320.83,322.96,320.7,322.7,0.582863199
19.02.2020 15:00:00.000,322.68,323.62,321.94,323.56,0.272716003
19.02.2020 16:00:00.000,323.56,324.53,323.49,323.95,0.120534059
19.02.2020 17:00:00.000,323.95,324.54,323.6,324.41,0.141997222
19.02.2020 18:00:00.000,324.41,324.44,323.65,323.92,-0.151043433
19.02.2020 19:00:00.000,323.92,324.29,323.65,323.98,0.018523092
19.02.2020 20:00:00.000,323.98,324.16,322.92,323.62,-0.11111797
20.02.2020 14:00:00.000,324.12,324.48,322.9,324.36,0.074046649
20.02.2020 15:00:00.000,324.37,324.51,322.66,322.78,-0.490180966
20.02.2020 16:00:00.000,322.79,322.87,318.2,319.85,-0.910808885
20.02.2020 17:00:00.000,319.85,320.27,318.62,320.23,0.11880569
20.02.2020 18:00:00.000,320.21,321.05,319.5,319.69,-0.162393429
20.02.2020 19:00:00.000,319.69,321.15,319.69,320.37,0.212706059
20.02.2020 20:00:00.000,320.37,320.72,319.71,320.36,-0.003121391
21.02.2020 14:00:00.000,319.55,319.55,316.27,317.23,-0.726020967
21.02.2020 15:00:00.000,317.23,317.76,315.58,316.28,-0.299467263
21.02.2020 16:00:00.000,316.28,317.26,315.63,316.91,0.199190591
21.02.2020 17:00:00.000,316.91,317.41,314.67,315.1,-0.571140071
21.02.2020 18:00:00.000,315.1,315.46,311.18,312.09,-0.955252301
21.02.2020 19:00:00.000,312.09,312.59,310.5,312.1,0.003204204
21.02.2020 20:00:00.000,312.1,313.52,310.83,313.22,0.35885934
24.02.2020 14:00:00.000,298.05,304.11,296.73,302.76,1.580271766
24.02.2020 15:00:00.000,302.77,303.64,298.4,301.05,-0.568087988
24.02.2020 16:00:00.000,301.05,301.32,298.41,299.66,-0.461717323
24.02.2020 17:00:00.000,299.66,300.95,298,300.07,0.136821731
24.02.2020 18:00:00.000,300.07,300.65,298.65,300.34,0.089979005
24.02.2020 19:00:00.000,300.34,302.48,299.1,302.14,0.59932077
24.02.2020 20:00:00.000,302.14,303.27,299,299,-1.039253326
25.02.2020 14:00:00.000,300.68,302.34,298.85,300.1,-0.192896102
25.02.2020 15:00:00.000,300.08,300.84,294.45,295.37,-1.569581445
25.02.2020 16:00:00.000,295.37,296.06,290.34,295.34,-0.010156753
25.02.2020 17:00:00.000,295.32,296.55,293.25,294.05,-0.430041988
25.02.2020 18:00:00.000,294.03,295.4,292.61,292.63,-0.47614189
25.02.2020 19:00:00.000,292.61,292.82,288.83,290.75,-0.635658385
25.02.2020 20:00:00.000,290.75,292.44,286.15,288.05,-0.928632846
26.02.2020 14:00:00.000,289.01,293.4,288.84,292.08,1.062246981
26.02.2020 15:00:00.000,292.09,297.68,290.61,296.33,1.451607381
26.02.2020 16:00:00.000,296.33,297.85,294.32,294.56,-0.597307056
26.02.2020 17:00:00.000,294.56,294.91,290.3,293.7,-0.291960891
26.02.2020 18:00:00.000,293.72,294.81,289.22,290.68,-1.034999319
26.02.2020 19:00:00.000,290.67,293.15,290.21,291.43,0.261464891
26.02.2020 20:00:00.000,291.41,294.12,291.41,292.86,0.497580728
27.02.2020 14:00:00.000,282.62,285.94,280.42,282.89,0.09553464
27.02.2020 15:00:00.000,282.89,284.09,273.74,281.15,-0.615080066
27.02.2020 16:00:00.000,281.15,284.45,278.02,282.03,0.313000178
27.02.2020 17:00:00.000,282.03,285.61,280.62,282.26,0.081551608
27.02.2020 18:00:00.000,282.26,284.22,278.8,280.48,-0.630624247
27.02.2020 19:00:00.000,280.46,281.01,278.02,278.25,-0.787991157
27.02.2020 20:00:00.000,278.25,280.77,274.75,274.75,-1.257861635
28.02.2020 14:00:00.000,262.94,265.16,257.12,260.3,-1.004031338
28.02.2020 15:00:00.000,260.3,268.74,257.1,268.47,3.138686131
28.02.2020 16:00:00.000,268.47,278.33,264.16,270,0.569896078
28.02.2020 17:00:00.000,270,274.66,267.02,273.93,1.455555556
28.02.2020 18:00:00.000,273.93,275.13,265.24,266.82,-2.595553609
28.02.2020 19:00:00.000,266.88,272.42,263.65,268.77,0.708183453
28.02.2020 20:00:00.000,268.77,271.35,265.66,270.39,0.602745842
02.03.2020 14:00:00.000,281.28,282.57,277.72,281.54,0.092434585
02.03.2020 15:00:00.000,281.54,286.36,279.76,285.02,1.236058819
02.03.2020 16:00:00.000,285.02,292.87,284.9,292.71,2.698056277
02.03.2020 17:00:00.000,292.71,293.53,289.04,292,-0.242560896
02.03.2020 18:00:00.000,292,292.26,287.5,290.61,-0.476027397
02.03.2020 19:00:00.000,290.61,291.92,286.85,288.34,-0.781115584
02.03.2020 20:00:00.000,288.32,297.1,288.05,297.01,3.014012209
03.03.2020 14:00:00.000,299.93,300.06,292.25,294.26,-1.890441103
03.03.2020 15:00:00.000,294.26,303.9,294,299.3,1.712771019
03.03.2020 16:00:00.000,299.28,299.89,291.11,295.87,-1.13940123
03.03.2020 17:00:00.000,295.87,297.44,292.76,293.68,-0.740189948
03.03.2020 18:00:00.000,293.67,293.68,288,288.16,-1.876255661
03.03.2020 19:00:00.000,288.15,290.67,285.78,290.16,0.697553358
03.03.2020 20:00:00.000,290.16,293.4,287.83,290.65,0.168872346
04.03.2020 14:00:00.000,296.2,296.46,293.12,294.61,-0.53679946
04.03.2020 15:00:00.000,294.72,298.13,294.32,295.17,0.152687296
04.03.2020 16:00:00.000,295.17,297.41,294.34,295.33,0.054206051
04.03.2020 17:00:00.000,295.33,298.98,295.33,298.91,1.212203298
04.03.2020 18:00:00.000,298.9,300.71,298.54,298.9,0
04.03.2020 19:00:00.000,298.9,300.16,297.84,299.08,0.06022081
04.03.2020 20:00:00.000,299.08,302.45,298.4,302.44,1.123445232
05.03.2020 14:00:00.000,296.64,297.41,294.55,295.12,-0.512405609
05.03.2020 15:00:00.000,295.13,299.22,294.3,297.61,0.840307661
05.03.2020 16:00:00.000,297.61,299.54,296.84,297.39,-0.073922247
05.03.2020 17:00:00.000,297.41,297.76,293.22,294.2,-1.079318113
05.03.2020 18:00:00.000,294.2,296.81,293.39,296.01,0.615227736
05.03.2020 19:00:00.000,296.02,296.02,293.77,294.38,-0.55401662
05.03.2020 20:00:00.000,294.38,294.96,291.82,292.18,-0.747333379
06.03.2020 14:00:00.000,283.42,285.47,282.65,284.34,0.324606591
06.03.2020 15:00:00.000,284.32,290.01,284.3,287.8,1.223972988
06.03.2020 16:00:00.000,287.8,288.01,284.11,284.49,-1.150104239
06.03.2020 17:00:00.000,284.48,287.55,283.57,285.27,0.277699663
06.03.2020 18:00:00.000,285.26,288.23,284.41,284.81,-0.157750824
06.03.2020 19:00:00.000,284.83,285.46,281.99,282.47,-0.828564407
06.03.2020 20:00:00.000,282.5,289.94,281.6,288.91,2.269026549
09.03.2020 14:00:00.000,268.49,275.03,1,272.57,1.519609669
09.03.2020 15:00:00.000,272.61,277.3,269.24,271.68,-0.341146693
09.03.2020 16:00:00.000,271.66,277.58,270.02,276.08,1.627033792
09.03.2020 17:00:00.000,276.08,278.05,273.16,274.81,-0.460011591
09.03.2020 18:00:00.000,274.8,276.35,270.42,270.76,-1.470160116
09.03.2020 19:00:00.000,270.76,271.89,267.91,270.05,-0.262224849
09.03.2020 20:00:00.000,270.05,273.76,268.94,272.44,0.885021292
10.03.2020 14:00:00.000,278.85,280.32,274.91,279.19,0.121929353
10.03.2020 15:00:00.000,279.17,281.82,274.95,275.13,-1.4471469
10.03.2020 16:00:00.000,275.13,277.35,269.35,272.65,-0.901392069
10.03.2020 17:00:00.000,272.64,278.31,272.64,276.02,1.239730047
10.03.2020 18:00:00.000,276.02,278.25,273.24,274.02,-0.724585175
10.03.2020 19:00:00.000,274.02,279.13,272.3,278.21,1.529085468
10.03.2020 20:00:00.000,278.21,283.58,277.91,283.54,1.915818986
11.03.2020 14:00:00.000,278.81,279.16,276.1,277.37,-0.516480758
11.03.2020 15:00:00.000,277.37,279.28,274.87,276.19,-0.425424523
11.03.2020 16:00:00.000,276.19,277.67,275.05,276.99,0.289655672
11.03.2020 17:00:00.000,277.01,281.18,275.63,276.35,-0.238258547
11.03.2020 18:00:00.000,276.35,277.26,274.44,276.33,-0.007237199
11.03.2020 19:00:00.000,276.33,277.92,274.12,275.85,-0.173705352
11.03.2020 20:00:00.000,275.85,278.28,272.2,276.08,0.083378648
12.03.2020 14:00:00.000,255.79,258.79,137.72,258.71,1.141561437
12.03.2020 15:00:00.000,258.71,262.36,253.56,259.37,0.255111901
12.03.2020 16:00:00.000,259.37,259.46,251,252.61,-2.606315302
12.03.2020 17:00:00.000,252.6,260.07,249.53,258.12,2.185273159
12.03.2020 18:00:00.000,258.12,269.96,255.05,259.26,0.441655044
12.03.2020 19:00:00.000,259.19,259.8,252.77,253.72,-2.110420927
12.03.2020 20:00:00.000,253.72,258.03,251.77,252.33,-0.547848021
13.03.2020 14:00:00.000,265.02,265.15,253.45,259.45,-2.101728171
13.03.2020 15:00:00.000,259.42,264.5,257,257,-0.932850204
13.03.2020 16:00:00.000,257,261.27,252.96,257.31,0.120622568
13.03.2020 17:00:00.000,257.31,263.01,254.85,259.68,0.921067972
13.03.2020 18:00:00.000,259.67,263.22,258.55,262.29,1.008972927
13.03.2020 19:00:00.000,262.3,262.41,256.18,259.18,-1.189477697
13.03.2020 20:00:00.000,259.18,271.9,254.31,271.7,4.830619647
16.03.2020 14:00:00.000,240,253.3,138.99,249.61,4.004166667
16.03.2020 15:00:00.000,249.6,257.22,248.12,254.24,1.858974359
16.03.2020 16:00:00.000,254.23,259.02,253.56,258.3,1.600912559
16.03.2020 17:00:00.000,258.3,258.37,252.67,253.47,-1.869918699
16.03.2020 18:00:00.000,253.47,255.94,250.66,251.05,-0.954748096
16.03.2020 19:00:00.000,251.05,254.99,249.59,252.7,0.657239594
16.03.2020 20:00:00.000,252.7,255.11,246.11,246.11,-2.607835378
17.03.2020 14:00:00.000,248.37,248.48,238.98,240.38,-3.216974675
17.03.2020 15:00:00.000,240.42,251.26,238.4,250.3,4.109475085
17.03.2020 16:00:00.000,250.28,254.66,248.67,254.36,1.630174205
17.03.2020 17:00:00.000,254.36,257.57,249.61,252.56,-0.707658437
17.03.2020 18:00:00.000,252.56,254.03,248.05,253.22,0.261324042
17.03.2020 19:00:00.000,253.21,256.2,250.62,253.1,-0.043442202
17.03.2020 20:00:00.000,253.1,256.53,248.23,252.79,-0.122481233
18.03.2020 14:00:00.000,243.8,246.32,241.56,244.65,0.348646432
18.03.2020 15:00:00.000,244.61,247.93,243.71,245.35,0.302522383
18.03.2020 16:00:00.000,245.35,246.76,243.3,246.03,0.277155085
18.03.2020 17:00:00.000,246.02,246.46,241.99,242.07,-1.605560524
18.03.2020 18:00:00.000,241,243.18,198.5,240.99,-0.004149378
18.03.2020 19:00:00.000,240.99,241.93,237.11,241.82,0.344412631
18.03.2020 20:00:00.000,241.84,246.67,238.7,245.82,1.645716176
19.03.2020 14:00:00.000,245.32,250.33,242.59,250.1,1.948475461
19.03.2020 15:00:00.000,250.1,252.77,242.95,244.64,-2.183126749
19.03.2020 16:00:00.000,244.64,251.25,244.51,247.03,0.976945716
19.03.2020 17:00:00.000,247.03,249.19,245.2,247.54,0.206452658
19.03.2020 18:00:00.000,247.55,250.6,247.03,249.31,0.710967481
19.03.2020 19:00:00.000,249.31,251.78,248.05,249.42,0.044121776
19.03.2020 20:00:00.000,249.42,250.07,244.2,246.18,-1.299013712
20.03.2020 14:00:00.000,248.88,250.65,246.15,248.38,-0.200900032
20.03.2020 15:00:00.000,248.38,251.8,248.06,251.61,1.300426765
20.03.2020 16:00:00.000,251.61,251.75,248.01,248.47,-1.247963118
20.03.2020 17:00:00.000,248.47,249,244.34,247.67,-0.321970459
20.03.2020 18:00:00.000,247.67,249.65,246.3,247.08,-0.238220212
20.03.2020 19:00:00.000,247.08,248.09,240.99,241.55,-2.238141493
20.03.2020 20:00:00.000,241.55,243.05,228.2,230.1,-4.740219416
23.03.2020 14:00:00.000,224.84,225.57,218,224.15,-0.306884896
23.03.2020 15:00:00.000,224.15,224.61,218.56,219,-2.297568592
23.03.2020 16:00:00.000,219.07,221.22,212.6,216.67,-1.095540238
23.03.2020 17:00:00.000,216.67,225.34,215.08,224.75,3.729173397
23.03.2020 18:00:00.000,224.75,227.07,220.06,221.18,-1.588431591
23.03.2020 19:00:00.000,221.18,222.31,218.18,219.7,-0.669138258
23.03.2020 20:00:00.000,219.7,225.75,217.01,225.36,2.576240328
24.03.2020 14:00:00.000,237.5,237.74,234.29,236.46,-0.437894737
24.03.2020 15:00:00.000,236.46,243.41,235.7,241.17,1.991880233
24.03.2020 16:00:00.000,241.17,242.33,239.06,242.26,0.451963345
24.03.2020 17:00:00.000,242.26,243.07,240.12,240.2,-0.850326096
24.03.2020 18:00:00.000,240.2,241.42,238.1,238.47,-0.720233139
24.03.2020 19:00:00.000,238.47,242.99,236.57,242.89,1.853482618
24.03.2020 20:00:00.000,242.89,245.22,242.05,245.03,0.881057269
25.03.2020 14:00:00.000,254.41,257.98,249.85,250.71,-1.454345348
25.03.2020 15:00:00.000,250.71,250.71,244.3,250.4,-0.123648837
25.03.2020 16:00:00.000,250.4,254.97,250.33,253.15,1.098242812
25.03.2020 17:00:00.000,253.15,255.76,253.02,253.92,0.30416749
25.03.2020 18:00:00.000,253.92,257.27,253.75,255.36,0.56710775
25.03.2020 19:00:00.000,255.36,256.03,252.69,254.87,-0.191885965
25.03.2020 20:00:00.000,254.87,257.14,245,246.03,-3.468434888
26.03.2020 14:00:00.000,248.18,250.06,246.38,248.76,0.233701346
26.03.2020 15:00:00.000,248.76,252.6,247.38,250.84,0.836147291
26.03.2020 16:00:00.000,250.84,254.64,249.9,253.78,1.172061872
26.03.2020 17:00:00.000,253.83,254.99,252.81,254.16,0.130008273
26.03.2020 18:00:00.000,254.16,254.9,250.14,251.91,-0.885269122
26.03.2020 19:00:00.000,251.91,254.35,251.7,252.92,0.400936843
26.03.2020 20:00:00.000,252.92,257.98,250.59,257.9,1.969002056
27.03.2020 14:00:00.000,250.71,251.67,248.36,250.81,0.039886722
27.03.2020 15:00:00.000,250.78,251.13,248.68,249.66,-0.446606587
27.03.2020 16:00:00.000,249.64,252.11,249.63,249.98,0.136196122
27.03.2020 17:00:00.000,249.98,251.43,249,251.02,0.416033283
27.03.2020 18:00:00.000,251.02,254.6,250.44,253.33,0.920245399
27.03.2020 19:00:00.000,253.33,253.95,251.7,253.71,0.150001974
27.03.2020 20:00:00.000,253.71,255.85,247.16,247.17,-2.577746246
30.03.2020 14:00:00.000,253.47,253.59,249.5,249.89,-1.412395944
30.03.2020 15:00:00.000,249.89,252.58,249.35,251.37,0.592260595
30.03.2020 16:00:00.000,251.37,253.49,251.21,252.53,0.461471138
30.03.2020 17:00:00.000,252.53,253.99,251.25,253.72,0.471231141
30.03.2020 18:00:00.000,253.73,253.74,251.84,252.55,-0.465061286
30.03.2020 19:00:00.000,252.55,254.17,251.46,253.71,0.459314987
30.03.2020 20:00:00.000,253.71,255.44,252.1,255.03,0.520279059
31.03.2020 14:00:00.000,256.03,257.36,254.72,255.26,-0.300746006
31.03.2020 15:00:00.000,255.26,262.45,255.21,259.8,1.778578704
31.03.2020 16:00:00.000,259.8,260.68,258.27,258.86,-0.361816782
31.03.2020 17:00:00.000,258.86,259.28,254.72,255.84,-1.16665379
31.03.2020 18:00:00.000,255.81,257.11,254.5,256.81,0.390915132
31.03.2020 19:00:00.000,256.81,256.88,254.9,255.54,-0.494529029
31.03.2020 20:00:00.000,255.54,256.46,252,253.41,-0.833528997
01.04.2020 14:00:00.000,247.45,248.66,246.2,246.21,-0.501111336
01.04.2020 15:00:00.000,246.21,247.63,245.75,247.15,0.381787905
01.04.2020 16:00:00.000,247.15,248.29,245.16,245.8,-0.546226988
01.04.2020 17:00:00.000,245.79,245.79,242.18,242.56,-1.314129948
01.04.2020 18:00:00.000,242.55,243.84,242.27,243.4,0.350443208
01.04.2020 19:00:00.000,243.4,243.84,240.88,241,-0.986031224
01.04.2020 20:00:00.000,241,241.5,239.13,240.9,-0.041493776
02.04.2020 14:00:00.000,240.96,242,237.57,239.28,-0.697211155
02.04.2020 15:00:00.000,239.33,244.32,238.91,242.56,1.349600969
02.04.2020 16:00:00.000,242.57,243.31,241.19,242.68,0.045347735
02.04.2020 17:00:00.000,242.69,243.49,241.68,242.65,-0.016481932
02.04.2020 18:00:00.000,242.66,243.21,238.94,240.13,-1.042611061
02.04.2020 19:00:00.000,240.14,241.07,236.89,240.93,0.328974765
02.04.2020 20:00:00.000,240.95,244.59,240.5,244.42,1.440132808
03.04.2020 14:00:00.000,244.1,245.65,243.21,244.52,0.172060631
03.04.2020 15:00:00.000,244.52,245.63,241.55,242.99,-0.625715688
03.04.2020 16:00:00.000,242.99,243.55,241.58,242.29,-0.288077699
03.04.2020 17:00:00.000,242.28,242.62,240.66,241.77,-0.210500248
03.04.2020 18:00:00.000,241.77,242.48,239.88,240.37,-0.579062746
03.04.2020 19:00:00.000,240.37,240.87,239.32,240.72,0.145608853
03.04.2020 20:00:00.000,240.71,241.65,238.97,241.41,0.290806365
06.04.2020 14:00:00.000,250.03,253.66,249.38,253.29,1.303843539
06.04.2020 15:00:00.000,253.27,254.07,252.27,252.99,-0.110553954
06.04.2020 16:00:00.000,252.98,254.07,252.73,253.62,0.252984426
06.04.2020 17:00:00.000,253.62,254.6,253.41,254.36,0.291775097
06.04.2020 18:00:00.000,254.38,255.76,253.87,255.73,0.530702099
06.04.2020 19:00:00.000,255.73,255.99,254.61,255.93,0.078207484
06.04.2020 20:00:00.000,255.94,262.08,255.37,261.96,2.352113777
07.04.2020 14:00:00.000,267.53,270.27,266.27,269.35,0.680297537
07.04.2020 15:00:00.000,269.33,269.62,263.01,264.19,-1.908439461
07.04.2020 16:00:00.000,264.19,266.76,263.46,265.82,0.616980204
07.04.2020 17:00:00.000,265.81,267.68,264.93,265.96,0.056431286
07.04.2020 18:00:00.000,265.96,266.32,262.83,263.31,-0.996390435
07.04.2020 19:00:00.000,263.31,263.43,259.05,260.01,-1.253275607
07.04.2020 20:00:00.000,260.01,263.08,259,260.77,0.29229645
08.04.2020 14:00:00.000,262.24,263.86,261.31,261.44,-0.305064063
08.04.2020 15:00:00.000,261.44,264.84,261.23,264.64,1.223990208
08.04.2020 16:00:00.000,264.63,265.73,263.81,264.88,0.094471526
08.04.2020 17:00:00.000,264.87,265.47,264.15,264.97,0.03775437
08.04.2020 18:00:00.000,264.99,265.34,262.84,263.21,-0.671723461
08.04.2020 19:00:00.000,263.22,266.06,263.03,266.05,1.075146265
08.04.2020 20:00:00.000,266.06,267.36,263.64,266.94,0.330752462
09.04.2020 14:00:00.000,267.69,270.03,267.53,269.71,0.754604206
09.04.2020 15:00:00.000,269.71,269.81,264.8,266.35,-1.245782507
09.04.2020 16:00:00.000,266.35,267.74,264.68,267.11,0.28533884
09.04.2020 17:00:00.000,267.22,267.67,265.69,267.13,-0.033680114
09.04.2020 18:00:00.000,267.12,267.77,266.2,266.99,-0.048667266
09.04.2020 19:00:00.000,266.99,267.65,265.26,266.28,-0.265927563
09.04.2020 20:00:00.000,266.27,268.86,265.69,267.92,0.619671762
13.04.2020 14:00:00.000,268.22,269.7,267,267.33,-0.331817165
13.04.2020 15:00:00.000,267.28,269.12,266.52,266.81,-0.175845555
13.04.2020 16:00:00.000,266.81,268.99,265.81,267.82,0.378546531
13.04.2020 17:00:00.000,267.82,269.09,267.61,268.37,0.20536181
13.04.2020 18:00:00.000,268.37,269.58,267.4,269.44,0.398703283
13.04.2020 19:00:00.000,269.44,269.99,268.75,269.87,0.159590261
13.04.2020 20:00:00.000,269.87,273.47,268.93,273.25,1.252454886
14.04.2020 14:00:00.000,280.39,285.95,280.16,285.86,1.950854167
14.04.2020 15:00:00.000,285.87,286.18,283.6,284.15,-0.601672089
14.04.2020 16:00:00.000,284.15,284.9,282.62,284.25,0.03519268
14.04.2020 17:00:00.000,284.26,286.52,284.24,285.97,0.60156195
14.04.2020 18:00:00.000,285.97,287.71,285.26,287.29,0.46158688
14.04.2020 19:00:00.000,287.3,288.03,286.69,287.79,0.170553428
14.04.2020 20:00:00.000,287.79,288,285.67,287,-0.274505716
15.04.2020 14:00:00.000,282.53,283.14,280.62,282.36,-0.060170601
15.04.2020 15:00:00.000,282.36,284.74,281,284.39,0.71894036
15.04.2020 16:00:00.000,284.37,284.97,282.55,282.93,-0.50638253
15.04.2020 17:00:00.000,282.93,284.63,282.04,284.16,0.434736507
15.04.2020 18:00:00.000,284.16,285.56,283.85,284.04,-0.04222973
15.04.2020 19:00:00.000,284.04,286.06,284.02,286.04,0.704126179
15.04.2020 20:00:00.000,286.04,286.29,283.91,284.12,-0.671234792
16.04.2020 14:00:00.000,286.73,287.31,285.06,285.2,-0.533603041
16.04.2020 15:00:00.000,285.2,286.81,283.52,286.66,0.511921459
16.04.2020 16:00:00.000,286.66,287.89,285.81,286.75,0.031396079
16.04.2020 17:00:00.000,286.75,286.97,282.33,283.93,-0.983435048
16.04.2020 18:00:00.000,283.96,284.95,283.26,283.53,-0.151429779
16.04.2020 19:00:00.000,283.53,285.16,282.85,284.61,0.380912073
16.04.2020 20:00:00.000,284.56,287.18,283.79,287.05,0.875035142
17.04.2020 14:00:00.000,286.04,286.51,282.78,284.02,-0.706194938
17.04.2020 15:00:00.000,284.02,284.24,279.32,281.73,-0.806281248
17.04.2020 16:00:00.000,281.73,282.58,279.41,280.63,-0.390444752
17.04.2020 17:00:00.000,280.63,281.54,279.79,281.18,0.195987599
17.04.2020 18:00:00.000,281.18,281.37,279.6,279.66,-0.540578989
17.04.2020 19:00:00.000,279.66,279.68,276.85,278.29,-0.489880569
17.04.2020 20:00:00.000,278.28,282.37,278.12,282.26,1.430214173
20.04.2020 14:00:00.000,279.58,279.72,278.01,278.25,-0.47571357
20.04.2020 15:00:00.000,278.27,281.65,277.93,280.87,0.934344342
20.04.2020 16:00:00.000,280.87,281.54,279.8,280.25,-0.220742692
20.04.2020 17:00:00.000,280.26,280.67,279.38,279.56,-0.249768073
20.04.2020 18:00:00.000,279.55,280.2,278.45,280.03,0.171704525
20.04.2020 19:00:00.000,280.03,280.29,277.72,277.91,-0.757061743
20.04.2020 20:00:00.000,277.92,278.96,277.31,277.64,-0.100748417
21.04.2020 14:00:00.000,274.16,274.44,271.8,273.14,-0.372045521
21.04.2020 15:00:00.000,273.14,273.4,267.89,268.94,-1.537672988
21.04.2020 16:00:00.000,268.93,269.79,265.42,267.72,-0.449931209
21.04.2020 17:00:00.000,267.72,267.93,266.34,267.9,0.067234424
21.04.2020 18:00:00.000,267.9,270.13,267.64,268.97,0.399402762
21.04.2020 19:00:00.000,268.98,271.36,268.1,268.8,-0.066919474
21.04.2020 20:00:00.000,268.81,271.22,268.01,268.2,-0.226926082
22.04.2020 14:00:00.000,273.87,274.84,272.42,273.62,-0.091284186
22.04.2020 15:00:00.000,273.62,274.38,272.58,272.68,-0.343542139
22.04.2020 16:00:00.000,272.69,274.02,272.2,273.6,0.333712274
22.04.2020 17:00:00.000,273.61,274.9,273.61,274.16,0.201016045
22.04.2020 18:00:00.000,274.17,275.89,274.02,275.74,0.572637415
22.04.2020 19:00:00.000,275.74,277.56,275.14,277.37,0.591136578
22.04.2020 20:00:00.000,277.38,277.78,276.25,277.18,-0.072103252
23.04.2020 14:00:00.000,277.7,279,277.7,278.53,0.298883687
23.04.2020 15:00:00.000,278.53,281.73,278.51,280.72,0.786270779
23.04.2020 16:00:00.000,280.73,280.78,279.12,279.66,-0.381149147
23.04.2020 17:00:00.000,279.67,280.32,275.95,278.45,-0.436228412
23.04.2020 18:00:00.000,278.45,279.53,275.57,276.51,-0.696713952
23.04.2020 19:00:00.000,276.52,278.05,275.09,277.75,0.444814118
23.04.2020 20:00:00.000,277.73,277.9,275.34,275.8,-0.694919526
24.04.2020 14:00:00.000,277.96,279.46,277.17,277.41,-0.197870197
24.04.2020 15:00:00.000,277.42,280.48,277.42,279.43,0.724533199
24.04.2020 16:00:00.000,279.44,279.53,278.01,278.84,-0.214715145
24.04.2020 17:00:00.000,278.85,280.81,278.46,280.46,0.577371347
24.04.2020 18:00:00.000,280.46,281.36,280.23,281.3,0.299507951
24.04.2020 19:00:00.000,281.28,281.88,281.04,281.21,-0.024886234
24.04.2020 20:00:00.000,281.21,282.83,280.62,282.71,0.533409196
27.04.2020 14:00:00.000,280.26,284.17,279.95,284.14,1.384428745
27.04.2020 15:00:00.000,284.15,284.52,281.04,281.34,-0.988914306
27.04.2020 16:00:00.000,281.34,283.32,280.7,282.23,0.316343215
27.04.2020 17:00:00.000,282.24,282.46,281.08,281.78,-0.162981859
27.04.2020 18:00:00.000,281.81,281.96,280.35,281.7,-0.039033391
27.04.2020 19:00:00.000,281.7,283,281.68,282.58,0.312389066
27.04.2020 20:00:00.000,282.57,283.53,282.32,283.01,0.155713628
28.04.2020 14:00:00.000,285.53,285.8,284.22,284.65,-0.308198788
28.04.2020 15:00:00.000,284.65,285.4,280.63,281.07,-1.257684876
28.04.2020 16:00:00.000,281.06,282.34,280.55,281.09,0.010673877
28.04.2020 17:00:00.000,281.1,281.64,279.33,281.44,0.120953397
28.04.2020 18:00:00.000,281.44,281.71,280.17,281.02,-0.149232518
28.04.2020 19:00:00.000,281.02,282.04,280.45,280.82,-0.071169312
28.04.2020 20:00:00.000,280.82,281.25,278.45,278.67,-0.765614985
29.04.2020 14:00:00.000,285.58,288,284.7,286.88,0.455213951
29.04.2020 15:00:00.000,286.88,289.66,286.45,287.82,0.327663134
29.04.2020 16:00:00.000,287.83,288.14,286.76,286.85,-0.340478755
29.04.2020 17:00:00.000,286.86,287.96,286.72,287.16,0.104580632
29.04.2020 18:00:00.000,287.18,288,286.59,287.08,-0.034821366
29.04.2020 19:00:00.000,287.08,288.62,286.32,288.44,0.473735544
29.04.2020 20:00:00.000,288.44,289.31,287.31,287.59,-0.29468867
30.04.2020 14:00:00.000,289.29,293.31,288.32,292.37,1.064675585
30.04.2020 15:00:00.000,292.36,293.06,290.34,291.54,-0.280476125
30.04.2020 16:00:00.000,291.54,292.4,290.18,290.22,-0.452768059
30.04.2020 17:00:00.000,290.21,290.67,288.77,290.45,0.082698735
30.04.2020 18:00:00.000,290.43,291.43,289.88,290.9,0.161829012
30.04.2020 19:00:00.000,290.9,291.82,290.37,290.92,0.006875215
30.04.2020 20:00:00.000,290.93,292.62,290.86,292.56,0.56027223
01.05.2020 14:00:00.000,290.27,294.79,289.47,294.1,1.319461191
01.05.2020 15:00:00.000,294.1,298.99,293.48,296.75,0.901054063
01.05.2020 16:00:00.000,296.78,297.22,293.11,293.39,-1.14226026
01.05.2020 17:00:00.000,293.39,293.74,288.85,290.35,-1.036163468
01.05.2020 18:00:00.000,290.35,291.47,288.68,290.5,0.051661787
01.05.2020 19:00:00.000,290.53,291.8,289.67,291.38,0.292568754
01.05.2020 20:00:00.000,291.38,292.54,288.22,288.22,-1.084494475
04.05.2020 14:00:00.000,288.35,289.27,286.31,288.65,0.104040229
04.05.2020 15:00:00.000,288.65,291.45,288.5,290.12,0.509267279
04.05.2020 16:00:00.000,290.14,292.08,289.87,291.49,0.465292617
04.05.2020 17:00:00.000,291.49,292.08,289.08,289.66,-0.627808844
04.05.2020 18:00:00.000,289.66,290.75,288.12,290.7,0.359041635
04.05.2020 19:00:00.000,290.7,291.68,289.97,291.54,0.288957688
04.05.2020 20:00:00.000,291.54,293.15,291.14,292.81,0.435617754
05.05.2020 14:00:00.000,296.43,298.2,296,297.42,0.333974294
05.05.2020 15:00:00.000,297.44,298.65,296.57,298.03,0.198359333
05.05.2020 16:00:00.000,298.03,299.06,297.33,298.89,0.288561554
05.05.2020 17:00:00.000,298.89,299.79,298.52,299.31,0.140519924
05.05.2020 18:00:00.000,299.3,299.99,298.65,299.72,0.140327431
05.05.2020 19:00:00.000,299.72,300.98,299.5,300.93,0.403710129
05.05.2020 20:00:00.000,300.93,300.99,297.03,298.72,-0.734390057
06.05.2020 14:00:00.000,301.84,302.92,301.18,301.99,0.049695203
06.05.2020 15:00:00.000,301.99,302.84,298.86,301.98,-0.003311368
06.05.2020 16:00:00.000,301.95,303.09,301.5,302.68,0.241761881
06.05.2020 17:00:00.000,302.68,303.23,302.16,302.71,0.009911458
06.05.2020 18:00:00.000,302.72,303.17,301.06,301.9,-0.270877378
06.05.2020 19:00:00.000,301.9,302.66,301.18,301.82,-0.026498841
06.05.2020 20:00:00.000,301.82,302.71,300.62,300.99,-0.274998343
07.05.2020 14:00:00.000,304.91,305.07,303.56,304.55,-0.118067627
07.05.2020 15:00:00.000,304.55,304.89,301.97,302.89,-0.545066492
07.05.2020 16:00:00.000,302.89,304.28,302.63,303.93,0.343358975
07.05.2020 17:00:00.000,303.94,304.39,303.57,304.15,0.069092584
07.05.2020 18:00:00.000,304.16,304.37,303.67,303.94,-0.072330352
07.05.2020 19:00:00.000,303.95,304.14,303.2,303.62,-0.108570489
07.05.2020 20:00:00.000,303.62,303.88,302.55,303.36,-0.085633357
08.05.2020 14:00:00.000,304.75,305.51,304.3,304.87,0.039376538
08.05.2020 15:00:00.000,304.87,306.72,304.86,306.37,0.492012989
08.05.2020 16:00:00.000,306.38,308,305.94,307.96,0.515699458
08.05.2020 17:00:00.000,307.96,308.46,307.72,308.23,0.087673724
08.05.2020 18:00:00.000,308.23,308.49,306.76,307.07,-0.376342342
08.05.2020 19:00:00.000,307.07,307.92,306.63,307.72,0.211678119
08.05.2020 20:00:00.000,307.72,310.29,307.66,310.24,0.818926297
11.05.2020 14:00:00.000,308.44,310.48,308,309.81,0.444170665
11.05.2020 15:00:00.000,309.81,312.62,309.7,311.92,0.681062587
11.05.2020 16:00:00.000,311.95,313.82,311.87,313.26,0.419939093
11.05.2020 17:00:00.000,313.25,313.72,312.69,313.25,0
11.05.2020 18:00:00.000,313.25,315.2,312.94,314.83,0.504389465
11.05.2020 19:00:00.000,314.81,316.25,314.51,316.05,0.393888377
11.05.2020 20:00:00.000,316.06,317.04,315.25,315.5,-0.177181548
12.05.2020 14:00:00.000,317.63,318.88,315.75,317.5,-0.040928124
12.05.2020 15:00:00.000,317.5,318.39,316.08,318.19,0.217322835
12.05.2020 16:00:00.000,318.19,318.99,317.62,318.36,0.053427198
12.05.2020 17:00:00.000,318.38,319.68,317.97,319.34,0.301526478
12.05.2020 18:00:00.000,319.34,319.39,316.35,318.44,-0.281831277
12.05.2020 19:00:00.000,318.43,318.51,316.29,317.27,-0.364287284
12.05.2020 20:00:00.000,317.26,317.49,310.9,311.05,-1.95738511
13.05.2020 14:00:00.000,311.35,313.37,310.1,313.18,0.587762968
13.05.2020 15:00:00.000,313.2,315.94,312.59,312.87,-0.105363985
13.05.2020 16:00:00.000,312.87,314.38,308.75,309.23,-1.163422508
13.05.2020 17:00:00.000,309.25,309.3,303.2,307.19,-0.666127728
13.05.2020 18:00:00.000,307.2,307.36,304.52,304.7,-0.813802083
13.05.2020 19:00:00.000,304.71,306.86,303.7,303.72,-0.324899084
13.05.2020 20:00:00.000,303.72,307.64,303.27,307.48,1.237982352
14.05.2020 14:00:00.000,305.46,306.48,301.54,302.58,-0.942840306
14.05.2020 15:00:00.000,302.6,304.57,301.58,303.64,0.343688037
14.05.2020 16:00:00.000,303.65,306.65,303.42,304.24,0.194302651
14.05.2020 17:00:00.000,304.25,306.33,302.94,306.07,0.598192276
14.05.2020 18:00:00.000,306.04,307.51,305.53,306.09,0.016337734
14.05.2020 19:00:00.000,306.09,306.62,304.63,305.96,-0.042471169
14.05.2020 20:00:00.000,305.95,309.17,305.75,309.01,1.000163425
15.05.2020 14:00:00.000,302.96,304.44,301.4,304,0.343279641
15.05.2020 15:00:00.000,303.99,306.1,303.62,304.09,0.032895819
15.05.2020 16:00:00.000,304.08,304.08,302.28,303.07,-0.332149434
15.05.2020 17:00:00.000,303.07,305.35,302.85,304.92,0.610420035
15.05.2020 18:00:00.000,304.93,306.11,304.62,305.49,0.183648706
15.05.2020 19:00:00.000,305.48,307.42,305.38,306.07,0.193138667
15.05.2020 20:00:00.000,306.08,307.86,305.65,307.53,0.473732358
18.05.2020 14:00:00.000,311.05,312.6,310.3,312.37,0.424369072
18.05.2020 15:00:00.000,312.4,313.79,311.41,313.62,0.390524968
18.05.2020 16:00:00.000,313.62,314.13,313.12,313.95,0.105222881
18.05.2020 17:00:00.000,313.95,314.99,313.75,314.86,0.289855072
18.05.2020 18:00:00.000,314.86,316.19,314.75,315.37,0.161976752
18.05.2020 19:00:00.000,315.37,315.74,314.46,314.93,-0.139518661
18.05.2020 20:00:00.000,314.93,316.37,314.03,316.13,0.381037056
19.05.2020 14:00:00.000,315.74,317.58,315.53,317.46,0.544752011
19.05.2020 15:00:00.000,317.47,318.51,316.61,317.79,0.100796926
19.05.2020 16:00:00.000,317.79,317.95,316.65,317.27,-0.16363007
19.05.2020 17:00:00.000,317.28,317.63,316.27,317.51,0.072491175
19.05.2020 18:00:00.000,317.5,317.85,317.1,317.23,-0.08503937
19.05.2020 19:00:00.000,317.23,317.57,314.56,314.84,-0.753396589
19.05.2020 20:00:00.000,314.86,316.98,313.51,313.64,-0.387473798
20.05.2020 14:00:00.000,317.81,319.02,317.4,318.85,0.327239546
20.05.2020 15:00:00.000,318.85,319.05,317.52,318.48,-0.116042026
20.05.2020 16:00:00.000,318.47,319.51,318.29,319.24,0.241781015
20.05.2020 17:00:00.000,319.24,319.47,317.1,318.6,-0.200476131
20.05.2020 18:00:00.000,318.61,318.84,317.43,318.11,-0.156931672
20.05.2020 19:00:00.000,318.11,318.95,317.31,318.79,0.213762535
20.05.2020 20:00:00.000,318.8,319.19,318.02,319.11,0.097239649
21.05.2020 14:00:00.000,318.99,320.88,318.8,319.69,0.219442616
21.05.2020 15:00:00.000,319.68,319.99,317.02,318.36,-0.412912913
21.05.2020 16:00:00.000,318.34,318.34,315.85,317.07,-0.398944525
21.05.2020 17:00:00.000,317.07,317.85,316.62,317.62,0.173463273
21.05.2020 18:00:00.000,317.63,318.7,317.25,318.36,0.229827157
21.05.2020 19:00:00.000,318.36,319.06,317.04,317.78,-0.182183691
21.05.2020 20:00:00.000,317.78,318.61,317,317.01,-0.242305998
22.05.2020 14:00:00.000,316.67,317.88,315.34,317.71,0.328417596
22.05.2020 15:00:00.000,317.72,317.92,316.5,316.7,-0.321037391
22.05.2020 16:00:00.000,316.7,317.68,316.51,317.38,0.214714241
22.05.2020 17:00:00.000,317.4,317.99,316.92,317.44,0.012602394
22.05.2020 18:00:00.000,317.44,318.42,317.4,317.82,0.119707661
22.05.2020 19:00:00.000,317.83,318.59,317.71,318.19,0.113268099
22.05.2020 20:00:00.000,318.19,318.57,317.24,318.38,0.05971275
26.05.2020 14:00:00.000,322.65,322.9,319.71,319.94,-0.839919417
26.05.2020 15:00:00.000,319.94,321.8,319.8,320.93,0.309433019
26.05.2020 16:00:00.000,320.93,321.43,316.66,318.85,-0.648116412
26.05.2020 17:00:00.000,318.86,320.52,318.52,320.04,0.370068369
26.05.2020 18:00:00.000,320.04,321.34,319.28,320.1,0.018747657
26.05.2020 19:00:00.000,320.1,320.25,318.51,319.26,-0.262417994
26.05.2020 20:00:00.000,319.25,319.43,316.57,316.6,-0.830070478
27.05.2020 14:00:00.000,317.84,318.67,315.17,315.95,-0.594638812
27.05.2020 15:00:00.000,315.97,318.04,313.09,314.7,-0.401936893
27.05.2020 16:00:00.000,314.7,315.94,313.38,314.82,0.038131554
27.05.2020 17:00:00.000,314.82,315.82,313.9,315.32,0.158820914
27.05.2020 18:00:00.000,315.32,315.71,314.46,315.27,-0.015856907
27.05.2020 19:00:00.000,315.27,317.02,315.25,316.99,0.54556412
27.05.2020 20:00:00.000,316.99,318.14,316.33,317.62,0.19874444
28.05.2020 14:00:00.000,317.17,320.43,317.14,319.31,0.674717029
28.05.2020 15:00:00.000,319.39,320.79,318.43,320.44,0.328751683
28.05.2020 16:00:00.000,320.45,321.7,319.66,321.61,0.36199095
28.05.2020 17:00:00.000,321.61,322.99,321.27,322.42,0.25185784
28.05.2020 18:00:00.000,322.42,323.34,322.22,322.49,0.021710812
28.05.2020 19:00:00.000,322.49,322.85,321.74,322.32,-0.052714813
28.05.2020 20:00:00.000,322.32,323.43,317.55,318.13,-1.29995036
29.05.2020 14:00:00.000,318.22,319.5,318,318.3,0.02513984
29.05.2020 15:00:00.000,318.35,318.76,316.45,318.03,-0.100518297
29.05.2020 16:00:00.000,318.04,319.16,316.95,319.05,0.317570117
29.05.2020 17:00:00.000,319.05,319.53,317.02,319.07,0.00626861
29.05.2020 18:00:00.000,319.06,319.58,318.25,318.82,-0.075220962
29.05.2020 19:00:00.000,318.8,320.23,316.53,319.78,0.30740276
29.05.2020 20:00:00.000,319.78,321.14,319.19,319.22,-0.175120395
01.06.2020 14:00:00.000,317.98,320.48,317.86,320.12,0.672998302
01.06.2020 15:00:00.000,320.14,321.71,319.84,320.73,0.184294371
01.06.2020 16:00:00.000,320.73,320.86,319.7,320.67,-0.018707324
01.06.2020 17:00:00.000,320.68,321.19,320.23,320.89,0.065485843
01.06.2020 18:00:00.000,320.89,322.34,320.89,321.96,0.333447599
01.06.2020 19:00:00.000,321.96,322.26,321.38,322.25,0.090073301
01.06.2020 20:00:00.000,322.25,322.34,321.31,321.88,-0.114817688
02.06.2020 14:00:00.000,321.52,322.47,320.62,321,-0.161731774
02.06.2020 15:00:00.000,321,322.29,320.17,320.48,-0.161993769
02.06.2020 16:00:00.000,320.48,320.52,318.91,319.71,-0.240264603
02.06.2020 17:00:00.000,319.71,321.09,319.65,321.05,0.419129836
02.06.2020 18:00:00.000,321.06,322.16,320.97,321.73,0.208683735
02.06.2020 19:00:00.000,321.74,322.3,321.28,321.98,0.074594393
02.06.2020 20:00:00.000,321.99,322.81,321.3,322.77,0.242243548
03.06.2020 14:00:00.000,323.34,324.83,322.43,324.41,0.330921012
03.06.2020 15:00:00.000,324.46,324.81,323.07,323.95,-0.157184245
03.06.2020 16:00:00.000,323.95,324.55,323.33,323.65,-0.092606884
03.06.2020 17:00:00.000,323.65,323.93,322.3,323.3,-0.108141511
03.06.2020 18:00:00.000,323.3,324.4,323.16,323.98,0.210330962
03.06.2020 19:00:00.000,323.98,324.99,323.86,324.53,0.169763566
03.06.2020 20:00:00.000,324.53,326.09,324.25,325.44,0.28040551
04.06.2020 14:00:00.000,324.25,325.6,324.18,324.67,0.129529684
04.06.2020 15:00:00.000,324.67,325.61,324.42,324.67,0
04.06.2020 16:00:00.000,324.67,324.78,322.84,324.12,-0.169402778
04.06.2020 17:00:00.000,324.12,324.35,322.45,322.48,-0.505985437
04.06.2020 18:00:00.000,322.48,323.92,322.44,323.63,0.356611263
04.06.2020 19:00:00.000,323.63,323.84,320.87,320.87,-0.852825758
04.06.2020 20:00:00.000,320.87,322.14,320.78,321.55,0.211923832
05.06.2020 14:00:00.000,324.65,327.99,324.58,326.78,0.656091175
05.06.2020 15:00:00.000,326.78,327.99,325.71,327.93,0.351918722
05.06.2020 16:00:00.000,327.94,329.79,327.62,329.59,0.503140818
05.06.2020 17:00:00.000,329.6,329.99,329.01,329.93,0.100121359
05.06.2020 18:00:00.000,329.93,331.11,329.45,330.3,0.112145
05.06.2020 19:00:00.000,330.3,330.69,329.22,330.24,-0.018165304
05.06.2020 20:00:00.000,330.24,331.75,329.81,330.62,0.115067829
08.06.2020 14:00:00.000,330.08,331.32,328.81,329.07,-0.305986428
08.06.2020 15:00:00.000,329.08,330.14,327.33,330.01,0.282606053
08.06.2020 16:00:00.000,330.01,330.94,329.67,330.47,0.139389715
08.06.2020 17:00:00.000,330.48,330.69,329.82,330.5,0.006051803
08.06.2020 18:00:00.000,330.5,332.42,329.94,332.41,0.577912254
08.06.2020 19:00:00.000,332.42,333.06,331.95,332.79,0.111304976
08.06.2020 20:00:00.000,332.78,333.3,332.15,333.2,0.126209508
09.06.2020 14:00:00.000,333.5,337.09,333.42,335.9,0.71964018
09.06.2020 15:00:00.000,335.85,339.61,335.55,339.52,1.092749739
09.06.2020 16:00:00.000,339.52,342.22,339.37,341.13,0.474198869
09.06.2020 17:00:00.000,341.12,344.86,341.09,344.38,0.955675422
09.06.2020 18:00:00.000,344.37,345.41,343.64,345.23,0.249731394
09.06.2020 19:00:00.000,345.23,345.59,342.69,343.83,-0.40552675
09.06.2020 20:00:00.000,343.84,345.08,343.63,344.19,0.101791531
10.06.2020 14:00:00.000,346.4,351.25,346.07,350.55,1.198036952
10.06.2020 15:00:00.000,350.54,351.47,348.62,349.82,-0.205397387
10.06.2020 16:00:00.000,349.83,352.83,349.41,352,0.620301289
10.06.2020 17:00:00.000,352.01,352.35,350.44,351.73,-0.079543195
10.06.2020 18:00:00.000,351.72,352.34,351.25,351.6,-0.034118048
10.06.2020 19:00:00.000,351.6,354.75,350.23,352.51,0.258816837
10.06.2020 20:00:00.000,352.51,354.62,351.39,353.92,0.399988653
11.06.2020 14:00:00.000,348.9,349.34,346.58,349.06,0.045858412
11.06.2020 15:00:00.000,349.05,351.04,347.39,347.78,-0.363844721
11.06.2020 16:00:00.000,347.79,350.04,346.92,348.26,0.135139021
11.06.2020 17:00:00.000,348.24,348.3,339.47,340.33,-2.271422008
11.06.2020 18:00:00.000,340.35,344.69,339.82,342.75,0.705156457
11.06.2020 19:00:00.000,342.77,342.78,338.2,339.15,-1.056101759
11.06.2020 20:00:00.000,339.15,340.14,335.58,335.9,-0.958278048
12.06.2020 14:00:00.000,344.58,347.78,344.36,346.49,0.554297986
12.06.2020 15:00:00.000,346.49,347.19,337.17,337.23,-2.672515801
12.06.2020 16:00:00.000,337.23,342.36,335.18,342.27,1.494528956
12.06.2020 17:00:00.000,342.28,343.44,338.84,340.76,-0.444080869
12.06.2020 18:00:00.000,340.76,340.92,334.22,334.74,-1.766639277
12.06.2020 19:00:00.000,334.75,339.29,334.3,339.06,1.287528006
12.06.2020 20:00:00.000,339.07,340.26,336.22,339.09,0.005898487
15.06.2020 14:00:00.000,333.3,336.76,332.75,336.09,0.837083708
15.06.2020 15:00:00.000,336.11,337.62,334.4,335.57,-0.160661688
15.06.2020 16:00:00.000,335.56,337.89,335.44,337.56,0.596018596
15.06.2020 17:00:00.000,337.55,340.28,337.36,339.82,0.672492964
15.06.2020 18:00:00.000,339.82,341.07,338.98,340.9,0.317815314
15.06.2020 19:00:00.000,340.9,344.79,340.88,344.14,0.950425345
15.06.2020 20:00:00.000,344.12,344.76,341.18,342.06,-0.598628385
16.06.2020 14:00:00.000,350.47,353.01,349.86,351.8,0.379490399
16.06.2020 15:00:00.000,351.78,352.54,346.7,346.77,-1.424185571
16.06.2020 16:00:00.000,346.64,351.57,344.7,350.35,1.070274637
16.06.2020 17:00:00.000,350.36,351.97,349.12,351.06,0.199794497
16.06.2020 18:00:00.000,351.05,351.99,350.72,351.46,0.11679248
16.06.2020 19:00:00.000,351.46,353.17,350.76,351.31,-0.04267911
16.06.2020 20:00:00.000,351.32,351.84,349.15,351.26,-0.017078447
17.06.2020 14:00:00.000,354.22,355.17,352.81,353.87,-0.09880865
17.06.2020 15:00:00.000,353.87,354.66,352.3,354.36,0.138468929
17.06.2020 16:00:00.000,354.36,354.54,352.95,354.46,0.028219889
17.06.2020 17:00:00.000,354.47,355.11,354.21,354.83,0.101560076
17.06.2020 18:00:00.000,354.83,355.23,354.47,354.49,-0.095820534
17.06.2020 19:00:00.000,354.5,355.05,353.95,354.05,-0.126939351
17.06.2020 20:00:00.000,354.04,354.12,351.33,352.13,-0.539487064
18.06.2020 14:00:00.000,352.2,352.71,350.85,351.29,-0.258375923
18.06.2020 15:00:00.000,351.26,352.78,350.35,352.49,0.350167967
18.06.2020 16:00:00.000,352.5,353.44,351.82,352.01,-0.139007092
18.06.2020 17:00:00.000,352.01,352.42,351.35,351.6,-0.116473964
18.06.2020 18:00:00.000,351.6,352.3,351.29,351.92,0.091012514
18.06.2020 19:00:00.000,351.93,351.97,349.78,349.86,-0.58818515
18.06.2020 20:00:00.000,349.86,351.83,349.22,351.78,0.548790945
19.06.2020 14:00:00.000,356,356.53,354.84,355,-0.280898876
19.06.2020 15:00:00.000,355,355.77,353.25,354.09,-0.256338028
19.06.2020 16:00:00.000,354.1,355.05,352.95,353.21,-0.251341429
19.06.2020 17:00:00.000,353.22,353.34,348.12,350.96,-0.639827869
19.06.2020 18:00:00.000,350.96,351.01,347.16,347.18,-1.077045817
19.06.2020 19:00:00.000,347.19,347.98,345.16,347.37,0.051844811
19.06.2020 20:00:00.000,347.38,350.31,346.15,349.65,0.653463066
22.06.2020 14:00:00.000,353.44,355.1,352.34,354.98,0.435717519
22.06.2020 15:00:00.000,354.98,356.2,354.51,354.53,-0.126767705
22.06.2020 16:00:00.000,354.53,356.35,353.87,356.02,0.42027473
22.06.2020 17:00:00.000,356.02,357.4,356.02,357.1,0.303353744
22.06.2020 18:00:00.000,357.1,357.67,356.57,356.95,-0.042005041
22.06.2020 19:00:00.000,356.95,359.08,356.4,359.04,0.585516179
22.06.2020 20:00:00.000,359.03,359.2,357.23,359.01,-0.005570565
23.06.2020 14:00:00.000,362.97,365.24,362.26,365.06,0.575805163
23.06.2020 15:00:00.000,365.06,366.61,364.3,365.58,0.142442338
23.06.2020 16:00:00.000,365.58,368.42,364.92,368.39,0.768641611
23.06.2020 17:00:00.000,368.41,369.99,368.11,369.6,0.32300969
23.06.2020 18:00:00.000,369.62,372.32,369.45,371.12,0.405822196
23.06.2020 19:00:00.000,371.12,371.26,368.95,368.95,-0.584716534
23.06.2020 20:00:00.000,368.96,369.44,366.04,367.8,-0.314397225
24.06.2020 14:00:00.000,365.36,368.74,363.08,363.48,-0.514560981
24.06.2020 15:00:00.000,363.47,365.46,362.27,362.96,-0.140314194
24.06.2020 16:00:00.000,362.96,364.02,358.52,359.92,-0.837557858
24.06.2020 17:00:00.000,359.91,363.21,359.24,362.88,0.825206302
24.06.2020 18:00:00.000,362.88,363.8,360.15,361.02,-0.512566138
24.06.2020 19:00:00.000,361.02,362.07,359.29,359.81,-0.335161487
24.06.2020 20:00:00.000,359.81,362.36,359.71,359.93,0.033350935
25.06.2020 14:00:00.000,362.24,363.36,357.58,359.69,-0.70395318
25.06.2020 15:00:00.000,359.59,362.86,359.44,361.51,0.533941433
25.06.2020 16:00:00.000,361.51,361.95,359.59,361.31,-0.055323504
25.06.2020 17:00:00.000,361.31,364,361.31,362.45,0.31551853
25.06.2020 18:00:00.000,362.45,362.92,361.25,361.93,-0.143468065
25.06.2020 19:00:00.000,361.93,362.04,360,361.04,-0.245903904
25.06.2020 20:00:00.000,361.04,364.46,360.66,364.42,0.936184356
26.06.2020 14:00:00.000,363.7,364.36,361.5,362.33,-0.37668408
26.06.2020 15:00:00.000,362.32,362.32,355.06,357.34,-1.374475602
26.06.2020 16:00:00.000,357.39,361.38,357.2,360.88,0.976524245
26.06.2020 17:00:00.000,360.88,360.95,356.85,358.95,-0.534803813
26.06.2020 18:00:00.000,358.95,360.18,357.01,357.02,-0.537679343
26.06.2020 19:00:00.000,357.02,358.05,355.53,356.23,-0.221276119
26.06.2020 20:00:00.000,356.23,357.85,353.01,353.07,-0.887067344
29.06.2020 14:00:00.000,355.97,356.41,351.27,355.03,-0.264067197
29.06.2020 15:00:00.000,355.03,358.98,354.68,358.13,0.873165648
29.06.2020 16:00:00.000,358.16,360.93,356.91,360,0.513736877
29.06.2020 17:00:00.000,360.01,362.16,359.79,361.36,0.374989584
29.06.2020 18:00:00.000,361.35,361.78,359.9,360.77,-0.160509202
29.06.2020 19:00:00.000,360.78,361.42,358.95,359.42,-0.376961029
29.06.2020 20:00:00.000,359.44,361.01,358.52,360.74,0.361673715
30.06.2020 14:00:00.000,361.21,364.13,360.78,363.83,0.72533983
30.06.2020 15:00:00.000,363.83,365.52,363.54,365.27,0.395789242
30.06.2020 16:00:00.000,365.28,365.86,364.21,365.36,0.021901007
30.06.2020 17:00:00.000,365.36,365.56,363.24,363.41,-0.533720166
30.06.2020 18:00:00.000,363.41,363.66,361.7,363.01,-0.110068518
30.06.2020 19:00:00.000,363.01,363.58,361.14,363.51,0.137737252
30.06.2020 20:00:00.000,363.53,365.95,362.24,365.61,0.572167359
01.07.2020 14:00:00.000,366.74,367.27,364.58,365.93,-0.220864918
01.07.2020 15:00:00.000,365.95,366.96,365.52,366.78,0.226806941
01.07.2020 16:00:00.000,366.81,367.2,366.12,366.23,-0.158120008
01.07.2020 17:00:00.000,366.25,367.34,365.88,366.62,0.101023891
01.07.2020 18:00:00.000,366.63,366.74,365.54,366.41,-0.060006001
01.07.2020 19:00:00.000,366.41,366.87,363.91,365.08,-0.36298136
01.07.2020 20:00:00.000,365.08,365.67,364.31,364.85,-0.06299989
02.07.2020 14:00:00.000,369.33,370.45,368.75,369.93,0.16245634
02.07.2020 15:00:00.000,369.93,370.08,365.67,367.23,-0.729867813
02.07.2020 16:00:00.000,367.23,367.52,365.82,367.41,0.049015603
02.07.2020 17:00:00.000,367.41,368.05,366.66,367.56,0.040826325
02.07.2020 18:00:00.000,367.56,367.58,366.28,366.43,-0.3074328
02.07.2020 19:00:00.000,366.43,367.3,366.14,367.09,0.180116257
02.07.2020 20:00:00.000,367.09,367.25,364.4,364.41,-0.730066196
06.07.2020 14:00:00.000,371.39,373.48,370.8,373.19,0.484665715
06.07.2020 15:00:00.000,373.19,374.99,371.91,374.96,0.474289236
06.07.2020 16:00:00.000,374.98,375.75,374.22,374.39,-0.157341725
06.07.2020 17:00:00.000,374.39,374.79,373.3,374.12,-0.072117311
06.07.2020 18:00:00.000,374.16,374.19,373.22,373.45,-0.189758392
06.07.2020 19:00:00.000,373.46,373.5,371.94,373.05,-0.10978418
06.07.2020 20:00:00.000,373.05,374.37,372,374.01,0.257338158
07.07.2020 14:00:00.000,376.74,376.79,374,375.8,-0.249508945
07.07.2020 15:00:00.000,375.8,378.6,375.23,378.06,0.601383715
07.07.2020 16:00:00.000,378.06,378.49,377.23,377.64,-0.111093477
07.07.2020 17:00:00.000,377.64,377.84,375.42,376.57,-0.283338629
07.07.2020 18:00:00.000,376.57,376.83,375.19,375.8,-0.204477255
07.07.2020 19:00:00.000,375.82,376,374.84,375.46,-0.095790538
07.07.2020 20:00:00.000,375.45,375.74,373.25,373.26,-0.58330004
08.07.2020 14:00:00.000,378.34,380.84,377.54,380.08,0.45990379
08.07.2020 15:00:00.000,380.08,380.63,378.06,380.41,0.086823827
08.07.2020 16:00:00.000,380.41,380.56,376.66,379.75,-0.173497016
08.07.2020 17:00:00.000,379.75,380.35,378.7,380.28,0.139565504
08.07.2020 18:00:00.000,380.29,380.34,377.89,378.63,-0.43650898
08.07.2020 19:00:00.000,378.63,380.11,378.11,380.01,0.364471912
08.07.2020 20:00:00.000,380.03,380.82,379.5,380.81,0.205246954
09.07.2020 14:00:00.000,383.9,384.31,382.3,384.23,0.085959885
09.07.2020 15:00:00.000,384.22,384.77,379.6,379.64,-1.192025402
09.07.2020 16:00:00.000,379.62,381.67,378.64,381.29,0.439913598
09.07.2020 17:00:00.000,381.29,383.21,380.99,382.88,0.417005429
09.07.2020 18:00:00.000,382.88,383.49,381.13,381.47,-0.368261596
09.07.2020 19:00:00.000,381.47,383.03,381.15,382.73,0.330301203
09.07.2020 20:00:00.000,382.73,383.96,380,382.9,0.044417736
10.07.2020 14:00:00.000,380.82,381.86,379.44,379.95,-0.228454388
10.07.2020 15:00:00.000,379.9,382.03,378.82,381.27,0.360621216
10.07.2020 16:00:00.000,381.27,382.52,380.47,382.01,0.194088179
10.07.2020 17:00:00.000,382.01,382.22,380.42,380.87,-0.298421507
10.07.2020 18:00:00.000,380.86,381.97,380.7,381.4,0.141784383
10.07.2020 19:00:00.000,381.41,383.36,381.1,383.33,0.503395296
10.07.2020 20:00:00.000,383.35,383.87,382.74,383.45,0.026085822
13.07.2020 14:00:00.000,390.35,394.73,390.34,393.71,0.860765979
13.07.2020 15:00:00.000,393.68,399.45,393.6,397.14,0.878886405
13.07.2020 16:00:00.000,397.14,399.8,396.77,397.64,0.125900186
13.07.2020 17:00:00.000,397.64,398.47,395.04,395.17,-0.621164873
13.07.2020 18:00:00.000,395.17,396.64,393.35,393.52,-0.417541817
13.07.2020 19:00:00.000,393.52,393.86,386.55,391.18,-0.594633055
13.07.2020 20:00:00.000,391.18,391.3,381.12,381.21,-2.548698809
14.07.2020 14:00:00.000,384.76,386.39,378.3,381.43,-0.865474582
14.07.2020 15:00:00.000,381.49,381.71,375.5,379.35,-0.560958348
14.07.2020 16:00:00.000,379.36,384.3,378.04,382.08,0.716997048
14.07.2020 17:00:00.000,382.1,384.07,381.1,381.38,-0.188432348
14.07.2020 18:00:00.000,381.38,384.76,380.01,382.96,0.414284965
14.07.2020 19:00:00.000,382.96,387.46,382.53,386.48,0.919156048
14.07.2020 20:00:00.000,386.54,388.94,382.86,388.57,0.525172039
15.07.2020 14:00:00.000,394.03,396.95,392.31,394.42,0.098977235
15.07.2020 15:00:00.000,394.42,395.61,390.27,390.82,-0.91273262
15.07.2020 16:00:00.000,390.83,391.17,386.8,386.87,-1.013228258
15.07.2020 17:00:00.000,386.87,390.13,385.95,389.81,0.759945201
15.07.2020 18:00:00.000,389.83,391.31,388.52,389.53,-0.076956622
15.07.2020 19:00:00.000,389.53,391.77,388.67,388.86,-0.172002156
15.07.2020 20:00:00.000,388.86,391.47,387.9,390.14,0.32916731
16.07.2020 14:00:00.000,386.99,389.58,386.45,387.01,0.005168092
16.07.2020 15:00:00.000,387.02,387.65,384.64,385.61,-0.364322257
16.07.2020 16:00:00.000,385.61,385.88,383.6,384.96,-0.168564093
16.07.2020 17:00:00.000,384.96,385.23,383.75,383.89,-0.277950956
16.07.2020 18:00:00.000,383.89,386.16,383.78,384.76,0.226627419
16.07.2020 19:00:00.000,384.76,386.98,384.57,384.94,0.04678241
16.07.2020 20:00:00.000,384.94,387.38,384.78,385.84,0.233802671
17.07.2020 14:00:00.000,387.51,387.83,384.89,386.37,-0.294185956
17.07.2020 15:00:00.000,386.37,386.56,383.34,385.58,-0.204467221
17.07.2020 16:00:00.000,385.57,386.76,384.91,386.74,0.303446845
17.07.2020 17:00:00.000,386.75,387.46,385.62,385.96,-0.204266322
17.07.2020 18:00:00.000,385.96,386.38,385,385.15,-0.209866307
17.07.2020 19:00:00.000,385.16,386.49,385.15,385.7,0.140201475
17.07.2020 20:00:00.000,385.7,386.69,385.14,385.2,-0.129634431
20.07.2020 14:00:00.000,385.59,386.03,384.25,385.42,-0.04408828
20.07.2020 15:00:00.000,385.45,388.4,384.8,387.83,0.617460112
20.07.2020 16:00:00.000,387.83,390.56,387.75,389.8,0.507954516
20.07.2020 17:00:00.000,389.8,390.25,388.72,389.89,0.023088763
20.07.2020 18:00:00.000,389.9,390.84,389.47,390.3,0.102590408
20.07.2020 19:00:00.000,390.3,391.02,390.22,390.98,0.174224955
20.07.2020 20:00:00.000,390.98,393.82,390.97,393.75,0.708476137
21.07.2020 14:00:00.000,394.8,394.99,392.43,394.5,-0.075987842
21.07.2020 15:00:00.000,394.45,394.66,391.34,392.3,-0.545062746
21.07.2020 16:00:00.000,392.3,392.58,389.51,390.26,-0.520010196
21.07.2020 17:00:00.000,390.26,390.83,389.24,390.31,0.012811972
21.07.2020 18:00:00.000,390.3,392.08,389.1,391.61,0.335639252
21.07.2020 19:00:00.000,391.62,392.81,391.14,391.54,-0.020427966
21.07.2020 20:00:00.000,391.56,391.66,387.13,387.82,-0.955153744
22.07.2020 14:00:00.000,389.08,391.19,386.94,390.62,0.39580549
22.07.2020 15:00:00.000,390.62,391.87,387.56,388.4,-0.568327275
22.07.2020 16:00:00.000,388.4,389.35,387.07,388.39,-0.002574665
22.07.2020 17:00:00.000,388.39,389.06,387.36,387.99,-0.102989263
22.07.2020 18:00:00.000,388,388.46,386.4,386.63,-0.353092784
22.07.2020 19:00:00.000,386.6,387.99,386.54,387.16,0.144852561
22.07.2020 20:00:00.000,387.15,389.65,387.15,389.28,0.550174351
23.07.2020 14:00:00.000,386.15,388.07,386.07,386.69,0.13984203
23.07.2020 15:00:00.000,386.69,387.14,382.88,383.12,-0.923220151
23.07.2020 16:00:00.000,383.12,384.05,382.33,382.82,-0.078304448
23.07.2020 17:00:00.000,382.82,382.83,376.62,378.39,-1.157201818
23.07.2020 18:00:00.000,378.39,379.83,372.94,373.91,-1.183963635
23.07.2020 19:00:00.000,373.88,374.04,368.33,372.47,-0.377126351
23.07.2020 20:00:00.000,372.47,372.71,368.03,370.97,-0.402716997
24.07.2020 14:00:00.000,363.9,363.94,356.58,362.21,-0.4644133
24.07.2020 15:00:00.000,362.21,368.44,362.15,368.36,1.697910052
24.07.2020 16:00:00.000,368.36,371.59,366.92,369.19,0.225323054
24.07.2020 17:00:00.000,369.19,369.66,367.22,367.79,-0.379208538
24.07.2020 18:00:00.000,367.79,370.45,365.58,369.69,0.516599146
24.07.2020 19:00:00.000,369.67,371.44,368.58,369.87,0.054102307
24.07.2020 20:00:00.000,369.84,371.86,369.01,370.54,0.189271036
27.07.2020 14:00:00.000,377.93,379.47,377.05,377.7,-0.060857831
27.07.2020 15:00:00.000,377.74,379.03,375.9,377.3,-0.116482236
27.07.2020 16:00:00.000,377.27,377.82,373.9,375.58,-0.447955045
27.07.2020 17:00:00.000,375.6,377.04,375.03,376.95,0.35942492
27.07.2020 18:00:00.000,376.95,378.42,376.55,378.17,0.323650352
27.07.2020 19:00:00.000,378.18,378.99,377.16,377.27,-0.240626157
27.07.2020 20:00:00.000,377.27,379.6,377.2,379.11,0.487714369
28.07.2020 14:00:00.000,375.75,376.78,373.92,374.99,-0.202262142
28.07.2020 15:00:00.000,374.99,376.2,373.92,376.01,0.272007254
28.07.2020 16:00:00.000,376.01,376.72,374.7,374.87,-0.303183426
28.07.2020 17:00:00.000,374.87,375.74,374.18,375.72,0.226745272
28.07.2020 18:00:00.000,375.72,377.49,375.11,377.29,0.417864367
28.07.2020 19:00:00.000,377.3,377.34,375.65,376.13,-0.310098065
28.07.2020 20:00:00.000,376.13,376.25,373.1,373.55,-0.685933055
29.07.2020 14:00:00.000,376.55,377.68,375.26,377.05,0.132784491
29.07.2020 15:00:00.000,377.05,379.25,377,378.39,0.355390532
29.07.2020 16:00:00.000,378.39,378.61,377.43,378.21,-0.047569967
29.07.2020 17:00:00.000,378.2,378.2,376.36,377.36,-0.222104707
29.07.2020 18:00:00.000,377.37,377.68,376.35,376.57,-0.211993534
29.07.2020 19:00:00.000,376.57,380.55,376.17,379.02,0.650609448
29.07.2020 20:00:00.000,379.02,380.9,377.77,379.5,0.126642394
30.07.2020 14:00:00.000,378.78,380.16,375.25,375.84,-0.776176144
30.07.2020 15:00:00.000,375.87,378.7,375.06,378.38,0.667784074
30.07.2020 16:00:00.000,378.33,381.44,378,380.76,0.642296408
30.07.2020 17:00:00.000,380.76,383.78,380.76,381.89,0.296774871
30.07.2020 18:00:00.000,381.86,383.03,380.89,382.82,0.251401037
30.07.2020 19:00:00.000,382.82,384.53,381.78,384.13,0.342197377
30.07.2020 20:00:00.000,384.13,384.48,382.49,384.1,-0.007809856
31.07.2020 14:00:00.000,407.47,410.55,403.36,410.44,0.728888016
31.07.2020 15:00:00.000,410.44,410.55,404.09,409.25,-0.289932755
31.07.2020 16:00:00.000,409.25,412.21,408.7,410.36,0.271227856
31.07.2020 17:00:00.000,410.38,411.28,408.14,408.88,-0.365514889
31.07.2020 18:00:00.000,408.88,412.64,408.63,411.96,0.753277245
31.07.2020 19:00:00.000,411.96,417.72,411.62,416.6,1.126322944
31.07.2020 20:00:00.000,416.6,424.99,416.41,424.62,1.925108017
03.08.2020 14:00:00.000,437.72,444.68,437.31,442.06,0.991501416
03.08.2020 15:00:00.000,442.06,446.54,436.28,438.18,-0.877708908
03.08.2020 16:00:00.000,438.17,440.57,436.88,439.41,0.282995185
03.08.2020 17:00:00.000,439.42,439.63,435.4,436.69,-0.621273497
03.08.2020 18:00:00.000,436.71,437.59,434.58,435.93,-0.17860823
03.08.2020 19:00:00.000,435.93,439.6,435.7,438.57,0.605601817
03.08.2020 20:00:00.000,438.57,438.87,435.38,435.84,-0.622477598
04.08.2020 14:00:00.000,436.69,438.77,433.51,438.08,0.318303602
04.08.2020 15:00:00.000,438.07,443.14,437.77,438.82,0.171205515
04.08.2020 16:00:00.000,438.82,440.28,437.48,439.96,0.259787612
04.08.2020 17:00:00.000,439.96,440.48,438.08,438.84,-0.254568597
04.08.2020 18:00:00.000,438.84,440.68,438.5,440.3,0.332695288
04.08.2020 19:00:00.000,440.35,440.52,435.95,437.46,-0.656296128
04.08.2020 20:00:00.000,437.46,438.3,436.45,438.07,0.13944132
05.08.2020 14:00:00.000,435.71,441.53,435.58,440.25,1.041977462
05.08.2020 15:00:00.000,440.25,440.96,436.91,436.93,-0.754116979
05.08.2020 16:00:00.000,436.93,438.96,436.91,437.7,0.176229602
05.08.2020 17:00:00.000,437.7,438.43,436.05,436.87,-0.189627599
05.08.2020 18:00:00.000,436.87,437.89,436.83,437.12,0.057225262
05.08.2020 19:00:00.000,437.12,439.64,436.61,439.32,0.50329429
05.08.2020 20:00:00.000,439.32,440.47,437.76,439.63,0.070563598
06.08.2020 14:00:00.000,442.07,444.89,440.4,444.22,0.486348316
06.08.2020 15:00:00.000,444.22,445.76,442.41,444.25,0.00675341
06.08.2020 16:00:00.000,444.25,446.97,444.24,446.22,0.443444007
06.08.2020 17:00:00.000,446.2,449.68,446.06,449.45,0.728372927
06.08.2020 18:00:00.000,449.45,451.9,447.48,451.74,0.509511625
06.08.2020 19:00:00.000,451.74,455.99,450.33,455.69,0.874396777
06.08.2020 20:00:00.000,455.7,457.61,453.81,456.4,0.153609831
07.08.2020 14:00:00.000,453.19,453.19,449.05,452.46,-0.161080342
07.08.2020 15:00:00.000,452.5,453.35,448.13,452.93,0.095027624
07.08.2020 16:00:00.000,452.93,453.33,448.7,448.85,-0.900801448
07.08.2020 17:00:00.000,448.85,450.46,445.71,446.29,-0.570346441
07.08.2020 18:00:00.000,446.29,447.02,442.91,444.16,-0.477268144
07.08.2020 19:00:00.000,444.16,445.75,441.14,444.55,0.087806196
07.08.2020 20:00:00.000,444.55,446.72,443.86,444.93,0.085479699
10.08.2020 14:00:00.000,451,455.08,447.87,449.77,-0.272727273
10.08.2020 15:00:00.000,449.77,450.7,441.21,441.36,-1.869844587
10.08.2020 16:00:00.000,441.36,449.06,440,448.21,1.552021026
10.08.2020 17:00:00.000,448.21,451.82,447.23,450.7,0.555543161
10.08.2020 18:00:00.000,450.72,451.85,449.15,449.93,-0.175275115
10.08.2020 19:00:00.000,449.93,452.77,449.65,452.55,0.582312804
10.08.2020 20:00:00.000,452.55,452.94,449.6,450.87,-0.371229698
11.08.2020 14:00:00.000,445.46,449.81,445.12,447.41,0.437749742
11.08.2020 15:00:00.000,447.42,447.78,444.26,445.38,-0.455947432
11.08.2020 16:00:00.000,445.41,448.69,444.37,445.52,0.024696347
11.08.2020 17:00:00.000,445.52,447.45,444.94,445.88,0.080804453
11.08.2020 18:00:00.000,445.88,446.98,445.19,446.03,0.033641338
11.08.2020 19:00:00.000,446.05,446.2,442.3,443.33,-0.609797108
11.08.2020 20:00:00.000,443.33,443.66,436.43,436.51,-1.538357431
12.08.2020 14:00:00.000,442.57,445.57,441.19,445.21,0.596515805
12.08.2020 15:00:00.000,445.21,447.38,443.6,447.04,0.41104198
12.08.2020 16:00:00.000,447.06,449.98,446.37,449.51,0.548024874
12.08.2020 17:00:00.000,449.51,453.09,449.43,450.83,0.293653089
12.08.2020 18:00:00.000,450.83,452.84,449.12,452.81,0.439189939
12.08.2020 19:00:00.000,452.81,453.09,450.7,451.28,-0.337890064
12.08.2020 20:00:00.000,451.28,452.43,450.15,451.76,0.10636412
13.08.2020 14:00:00.000,458.52,459.45,456.04,457.9,-0.135217657
13.08.2020 15:00:00.000,457.9,461.22,455.7,460.22,0.506660843
13.08.2020 16:00:00.000,460.22,462.3,459.53,461.1,0.191212898
13.08.2020 17:00:00.000,461.1,463.79,461.05,463.76,0.576881371
13.08.2020 18:00:00.000,463.76,464.13,459.65,461.42,-0.50457133
13.08.2020 19:00:00.000,461.42,461.64,456.77,457.85,-0.773698583
13.08.2020 20:00:00.000,457.86,461.27,457.29,460.5,0.576595466
14.08.2020 14:00:00.000,456.69,458.28,453.67,455.42,-0.278087981
14.08.2020 15:00:00.000,455.41,456.22,452.91,453.2,-0.485277003
14.08.2020 16:00:00.000,453.2,456.18,452.17,455.72,0.556045896
14.08.2020 17:00:00.000,455.73,459.46,455.5,458.3,0.563930397
14.08.2020 18:00:00.000,458.3,459.31,457.41,458.55,0.054549422
14.08.2020 19:00:00.000,458.55,458.68,456.56,457.11,-0.314033366
14.08.2020 20:00:00.000,457.11,459.9,455.89,459.8,0.588479797
17.08.2020 14:00:00.000,461.52,462.78,460.7,461.85,0.07150286
17.08.2020 15:00:00.000,461.82,462.31,457.16,458.21,-0.781689836
17.08.2020 16:00:00.000,458.21,458.85,455.85,457.3,-0.198598896
17.08.2020 17:00:00.000,457.3,458.71,457.08,458.67,0.299584518
17.08.2020 18:00:00.000,458.67,459.17,457.13,458.64,-0.00654065
17.08.2020 19:00:00.000,458.64,460.79,458.4,460.27,0.35539857
17.08.2020 20:00:00.000,460.27,460.53,458.56,459.26,-0.219436418
18.08.2020 14:00:00.000,458.59,461.99,456.76,458.46,-0.028347762
18.08.2020 15:00:00.000,458.47,460.36,456.03,459.91,0.314088163
18.08.2020 16:00:00.000,459.91,460.76,459.2,460.45,0.117414277
18.08.2020 17:00:00.000,460.45,462.8,460.37,461.46,0.219350635
18.08.2020 18:00:00.000,461.48,463.48,460.84,462.57,0.236196585
18.08.2020 19:00:00.000,462.57,463.99,462.18,462.73,0.034589359
18.08.2020 20:00:00.000,462.73,462.81,461.6,462.06,-0.14479286
19.08.2020 14:00:00.000,464.65,466.32,463.17,464.64,-0.002152158
19.08.2020 15:00:00.000,464.64,468.03,464.6,467.9,0.701618457
19.08.2020 16:00:00.000,467.9,468.62,466.55,468,0.021372088
19.08.2020 17:00:00.000,468,468.42,466.69,467.85,-0.032051282
19.08.2020 18:00:00.000,467.85,468.09,466.44,467.1,-0.160307791
19.08.2020 19:00:00.000,467.1,467.28,462.42,465.46,-0.351102548
19.08.2020 20:00:00.000,465.46,465.82,462.78,462.81,-0.569329266
20.08.2020 14:00:00.000,465.67,469.66,465.2,469.01,0.717246118
20.08.2020 15:00:00.000,469.01,469.74,467.18,468.66,-0.074625275
20.08.2020 16:00:00.000,468.66,469.62,467.43,469.24,0.123757095
20.08.2020 17:00:00.000,469.24,470.47,468.36,468.58,-0.140652971
20.08.2020 18:00:00.000,468.58,469.99,468.1,469.34,0.162192155
20.08.2020 19:00:00.000,469.34,470.66,468.9,470.57,0.262070141
20.08.2020 20:00:00.000,470.55,473.41,470.45,473.14,0.550419722
21.08.2020 14:00:00.000,480.22,483.37,479.41,483.04,0.587230853
21.08.2020 15:00:00.000,483.02,492.88,481.54,492.42,1.946089189
21.08.2020 16:00:00.000,492.41,493.41,487.76,488.22,-0.850916919
21.08.2020 17:00:00.000,488.22,492.64,487.9,492.39,0.854123141
21.08.2020 18:00:00.000,492.4,492.6,488.63,490.48,-0.389926889
21.08.2020 19:00:00.000,490.48,496.27,490.36,496.07,1.139699886
21.08.2020 20:00:00.000,496.07,499.41,494.5,498.38,0.465660088
24.08.2020 14:00:00.000,510.99,514.89,502.23,507.21,-0.739740504
24.08.2020 15:00:00.000,507.21,507.39,495.73,496.54,-2.103665149
24.08.2020 16:00:00.000,496.55,508.53,495.75,508.08,2.322021951
24.08.2020 17:00:00.000,508.08,509.77,504.23,504.73,-0.659344985
24.08.2020 18:00:00.000,504.73,507.97,503.08,505.96,0.243694649
24.08.2020 19:00:00.000,505.96,507,501.12,501.65,-0.851845996
24.08.2020 20:00:00.000,501.65,504.48,498.6,502.28,0.125585568
25.08.2020 14:00:00.000,497.82,500.69,494.81,497.24,-0.116507975
25.08.2020 15:00:00.000,497.24,497.29,492.23,495.41,-0.368031534
25.08.2020 16:00:00.000,495.41,499.39,494.9,495.9,0.098907975
25.08.2020 17:00:00.000,495.9,496.65,493.89,495.3,-0.120992136
25.08.2020 18:00:00.000,495.28,497.06,494.42,495.33,0.0100953
25.08.2020 19:00:00.000,495.33,496.79,494.81,496.48,0.232168453
25.08.2020 20:00:00.000,496.48,500.28,496.1,499.29,0.565984531
26.08.2020 14:00:00.000,505.4,507.93,503.39,503.92,-0.292837357
26.08.2020 15:00:00.000,503.89,504.21,500.34,502.25,-0.32546786
26.08.2020 16:00:00.000,502.25,505.07,501.31,504.75,0.49776008
26.08.2020 17:00:00.000,504.77,507.3,503.11,504.65,-0.023773204
26.08.2020 18:00:00.000,504.66,505.62,503.37,505.22,0.110965799
26.08.2020 19:00:00.000,505.22,505.73,501.6,502.51,-0.536399984
26.08.2020 20:00:00.000,502.51,505.78,501.82,505.75,0.644763288
27.08.2020 14:00:00.000,509.02,509.67,506.41,507,-0.396840989
27.08.2020 15:00:00.000,507,507.26,502.87,504.76,-0.441814596
27.08.2020 16:00:00.000,504.76,505.74,503.6,504.7,-0.011886837
27.08.2020 17:00:00.000,504.72,504.8,495.34,497.53,-1.424552227
27.08.2020 18:00:00.000,497.53,501.71,496.17,501.55,0.807991478
27.08.2020 19:00:00.000,501.5,503.45,501.1,502.58,0.215353938
27.08.2020 20:00:00.000,502.59,503.16,500,500.72,-0.372072664
28.08.2020 14:00:00.000,503.39,503.88,499.4,503.48,0.017878782
28.08.2020 15:00:00.000,503.48,503.5,500.22,500.41,-0.609756098
28.08.2020 16:00:00.000,500.42,503.55,500,502.34,0.383677711
28.08.2020 17:00:00.000,502.37,502.68,500.5,501.38,-0.197065908
28.08.2020 18:00:00.000,501.39,501.6,498.3,500.09,-0.259279204
28.08.2020 19:00:00.000,500.09,502.66,499.67,500.75,0.131976244
28.08.2020 20:00:00.000,500.75,505.73,499.19,499.44,-0.261607589
31.08.2020 14:00:00.000,127.13,128.46,126.34,128.02,0.700070794
31.08.2020 15:00:00.000,128.02,129.49,127.12,129.04,0.796750508
31.08.2020 16:00:00.000,129.04,130.04,127.7,128.9,-0.10849349
31.08.2020 17:00:00.000,128.9,129.66,128.53,129.44,0.418929403
31.08.2020 18:00:00.000,129.44,130.99,129.4,130.69,0.965698393
31.08.2020 19:00:00.000,130.69,130.86,129.75,130.51,-0.137730507
31.08.2020 20:00:00.000,130.51,130.58,129.22,129.23,-0.980767757
01.09.2020 14:00:00.000,131.3,132.01,130.54,131.61,0.236100533
01.09.2020 15:00:00.000,131.61,132.18,130.77,131.77,0.121571309
01.09.2020 16:00:00.000,131.77,132.64,131.75,132.3,0.402215982
01.09.2020 17:00:00.000,132.3,133.91,132.24,133.7,1.058201058
01.09.2020 18:00:00.000,133.7,134.79,133.22,134.66,0.71802543
01.09.2020 19:00:00.000,134.66,134.68,133.67,133.95,-0.527253824
01.09.2020 20:00:00.000,133.95,134.36,133.55,133.7,-0.186636805
02.09.2020 14:00:00.000,135.26,135.28,127,128.28,-5.160431761
02.09.2020 15:00:00.000,128.28,132.55,128.24,130.85,2.003429997
02.09.2020 16:00:00.000,130.85,131.25,127.1,129.72,-0.863584257
02.09.2020 17:00:00.000,129.72,131.26,129.41,130.44,0.555041628
02.09.2020 18:00:00.000,130.44,131.65,129.7,131.01,0.436982521
02.09.2020 19:00:00.000,131.01,131.35,130.3,130.36,-0.496145332
02.09.2020 20:00:00.000,130.36,131.79,130.36,131.78,1.089291194
03.09.2020 14:00:00.000,127.7,128.82,126.69,127.31,-0.305403289
03.09.2020 15:00:00.000,127.31,127.76,123.21,124.96,-1.84588799
03.09.2020 16:00:00.000,124.97,125.14,120.72,124.1,-0.69616708
03.09.2020 17:00:00.000,124.1,124.37,122.08,122.67,-1.152296535
03.09.2020 18:00:00.000,122.67,123.81,121.81,122.76,0.073367572
03.09.2020 19:00:00.000,122.76,123.38,121.77,121.77,-0.806451613
03.09.2020 20:00:00.000,121.77,122.25,120.5,120.82,-0.780159317
04.09.2020 14:00:00.000,121.82,123.66,113.69,116.46,-4.399934329
04.09.2020 15:00:00.000,116.46,118.06,110.89,115.14,-1.133436373
04.09.2020 16:00:00.000,115.15,118.48,113.35,118.46,2.874511507
04.09.2020 17:00:00.000,118.46,120.64,117.4,118.84,0.320783387
04.09.2020 18:00:00.000,118.86,118.87,116.34,118.55,-0.260811038
04.09.2020 19:00:00.000,118.55,121.66,118.08,121.47,2.46309574
04.09.2020 20:00:00.000,121.47,122.69,120.43,121.77,0.246974562
08.09.2020 14:00:00.000,115.4,117.25,114.05,117.16,1.525129983
08.09.2020 15:00:00.000,117.16,118.97,116.11,116.7,-0.392625469
08.09.2020 16:00:00.000,116.72,118.03,115.5,116.25,-0.402673064
08.09.2020 17:00:00.000,116.25,117.19,115.7,116.91,0.567741935
08.09.2020 18:00:00.000,116.91,117.03,115.64,115.74,-1.000769823
08.09.2020 19:00:00.000,115.74,116.02,113.47,114.48,-1.088646967
08.09.2020 20:00:00.000,114.48,114.48,113.1,113.11,-1.196715584
09.09.2020 14:00:00.000,116.85,116.93,115.26,116.33,-0.445014976
09.09.2020 15:00:00.000,116.33,118.17,115.81,117.83,1.289435227
09.09.2020 16:00:00.000,117.81,118.45,116.96,117.84,0.025464731
09.09.2020 17:00:00.000,117.84,118.51,117.65,118.41,0.483706721
09.09.2020 18:00:00.000,118.41,119.13,117.3,117.42,-0.836078034
09.09.2020 19:00:00.000,117.42,118.28,117.1,117.87,0.383239653
09.09.2020 20:00:00.000,117.87,118.14,117,118.1,0.195130228
10.09.2020 14:00:00.000,119.41,119.44,118.12,118.96,-0.37685286
10.09.2020 15:00:00.000,118.96,119.63,116.03,116.11,-2.395763282
10.09.2020 16:00:00.000,116.11,117.68,115.55,116.88,0.663164241
10.09.2020 17:00:00.000,116.88,117.35,115.8,116.43,-0.385010267
10.09.2020 18:00:00.000,116.43,116.88,115.2,115.26,-1.004895645
10.09.2020 19:00:00.000,115.26,115.85,112.96,114.2,-0.919659899
10.09.2020 20:00:00.000,114.2,114.25,112.5,113.64,-0.490367776
11.09.2020 14:00:00.000,113.51,114.55,112.26,112.72,-0.695973923
11.09.2020 15:00:00.000,112.72,113.64,111.08,112.55,-0.150816182
11.09.2020 16:00:00.000,112.56,113.86,111.5,111.55,-0.897299218
11.09.2020 17:00:00.000,111.53,112.42,110.7,110.72,-0.726261992
11.09.2020 18:00:00.000,110.72,111.35,110.02,110.4,-0.289017341
11.09.2020 19:00:00.000,110.4,112.21,110.28,111.3,0.815217391
11.09.2020 20:00:00.000,111.3,112.53,110.7,111.78,0.431266846
14.09.2020 14:00:00.000,113.75,115.71,113.53,114.8,0.923076923
14.09.2020 15:00:00.000,114.8,115.41,113.85,114.48,-0.278745645
14.09.2020 16:00:00.000,114.48,114.75,113.67,114.5,0.0174703
14.09.2020 17:00:00.000,114.5,114.8,113.99,114.33,-0.148471616
14.09.2020 18:00:00.000,114.33,114.47,112.8,113.72,-0.533543252
14.09.2020 19:00:00.000,113.72,114.61,113.42,114.43,0.624340485
14.09.2020 20:00:00.000,114.45,115.89,114.2,115.45,0.873743993
15.09.2020 14:00:00.000,117.84,118.28,117.23,118.03,0.161235574
15.09.2020 15:00:00.000,118.03,118.08,115.64,116.47,-1.321697873
15.09.2020 16:00:00.000,116.47,117.55,116.25,117.4,0.798488881
15.09.2020 17:00:00.000,117.4,118.1,117.13,117.86,0.391822828
15.09.2020 18:00:00.000,117.85,118.19,116.5,116.78,-0.907933814
15.09.2020 19:00:00.000,116.79,116.93,115,115.33,-1.25010703
15.09.2020 20:00:00.000,115.33,115.51,113.6,115.48,0.130061562
16.09.2020 14:00:00.000,114.9,115.47,114.17,114.85,-0.043516101
16.09.2020 15:00:00.000,114.85,115.04,113.35,113.86,-0.861993905
16.09.2020 16:00:00.000,113.86,114.38,113.6,113.67,-0.166871597
16.09.2020 17:00:00.000,113.67,113.84,113.14,113.34,-0.290314067
16.09.2020 18:00:00.000,113.34,113.55,112.75,113.39,0.044115052
16.09.2020 19:00:00.000,113.39,114.58,113.01,113.29,-0.088191199
16.09.2020 20:00:00.000,113.29,113.44,112.2,112.23,-0.935651867
17.09.2020 14:00:00.000,109.27,110.83,109.17,110.34,0.979225771
17.09.2020 15:00:00.000,110.35,111.52,109.79,110.9,0.498414137
17.09.2020 16:00:00.000,110.9,112.19,110.2,110.28,-0.559062218
17.09.2020 17:00:00.000,110.28,110.66,108.95,109.75,-0.480594849
17.09.2020 18:00:00.000,109.75,110.45,109.37,109.9,0.13667426
17.09.2020 19:00:00.000,109.9,110.47,109.1,109.4,-0.454959054
17.09.2020 20:00:00.000,109.4,110.66,108.95,110.25,0.776965265
18.09.2020 14:00:00.000,110.12,110.4,109.02,109.41,-0.644751181
18.09.2020 15:00:00.000,109.41,110,108.06,108.18,-1.124211681
18.09.2020 16:00:00.000,108.18,108.42,107.21,108.14,-0.036975411
18.09.2020 17:00:00.000,108.14,108.49,106.52,106.95,-1.100425375
18.09.2020 18:00:00.000,106.95,107.38,106.09,107.31,0.336605891
18.09.2020 19:00:00.000,107.31,107.73,106.77,107.6,0.270245084
18.09.2020 20:00:00.000,107.6,108.08,106.68,106.69,-0.845724907
21.09.2020 14:00:00.000,105.1,107.83,104.55,107.36,2.150333016
21.09.2020 15:00:00.000,107.36,107.67,104.56,105.2,-2.011922504
21.09.2020 16:00:00.000,105.2,106.51,104.89,106.46,1.197718631
21.09.2020 17:00:00.000,106.46,107.56,106.46,106.78,0.300582378
21.09.2020 18:00:00.000,106.78,107.8,106.3,107.09,0.290316539
21.09.2020 19:00:00.000,107.09,107.43,106.46,107.32,0.214772621
21.09.2020 20:00:00.000,107.32,109.69,107.22,109.62,2.143123369
22.09.2020 14:00:00.000,111.81,111.85,110.26,111.42,-0.34880601
22.09.2020 15:00:00.000,111.43,111.84,109.4,109.43,-1.794848784
22.09.2020 16:00:00.000,109.43,110.38,109.16,110.03,0.548295714
22.09.2020 17:00:00.000,110.03,110.66,109.47,109.82,-0.190857039
22.09.2020 18:00:00.000,109.82,110.7,109.68,110.64,0.74667638
22.09.2020 19:00:00.000,110.64,111.43,110.47,110.86,0.198843095
22.09.2020 20:00:00.000,110.86,112.44,110.67,112.09,1.109507487
23.09.2020 14:00:00.000,111.34,112.1,110.6,110.87,-0.422130411
23.09.2020 15:00:00.000,110.88,111.3,110.01,110.46,-0.378787879
23.09.2020 16:00:00.000,110.47,110.92,109.71,109.81,-0.597447271
23.09.2020 17:00:00.000,109.81,110.18,109.05,110.04,0.209452691
23.09.2020 18:00:00.000,110.04,110.06,108.5,108.74,-1.181388586
23.09.2020 19:00:00.000,108.74,108.74,107.45,107.67,-0.983998529
23.09.2020 20:00:00.000,107.67,108.01,106.77,106.9,-0.715148138
24.09.2020 14:00:00.000,105.83,108.95,105.8,108.69,2.702447321
24.09.2020 15:00:00.000,108.69,109.26,107.6,109.15,0.423222008
24.09.2020 16:00:00.000,109.16,110.03,108.22,109.56,0.366434591
24.09.2020 17:00:00.000,109.57,110.22,108.66,109.56,-0.009126586
24.09.2020 18:00:00.000,109.56,110.19,109.34,109.47,-0.082146769
24.09.2020 19:00:00.000,109.47,109.71,108.06,108.09,-1.260619348
24.09.2020 20:00:00.000,108.1,108.99,107.53,108.31,0.19426457
25.09.2020 14:00:00.000,108.13,109.16,107.67,109.12,0.915564598
25.09.2020 15:00:00.000,109.12,110.45,108.57,110.09,0.888929619
25.09.2020 16:00:00.000,110.09,110.93,109.81,109.86,-0.208919975
25.09.2020 17:00:00.000,109.86,110.74,109.82,110.7,0.764609503
25.09.2020 18:00:00.000,110.7,111.26,110.4,111.23,0.478771454
25.09.2020 19:00:00.000,111.23,111.81,111.17,111.76,0.476490156
25.09.2020 20:00:00.000,111.76,112.31,111.71,112.23,0.420544023
28.09.2020 14:00:00.000,114.01,114.36,112.96,113.48,-0.464871502
28.09.2020 15:00:00.000,113.48,113.88,112.78,112.89,-0.519915404
28.09.2020 16:00:00.000,112.89,113.84,112.89,113.66,0.682079901
28.09.2020 17:00:00.000,113.66,113.96,113.13,113.91,0.21995425
28.09.2020 18:00:00.000,113.91,114.71,113.63,114.56,0.570625933
28.09.2020 19:00:00.000,114.56,114.64,113.8,114.33,-0.200768156
28.09.2020 20:00:00.000,114.33,114.88,114.16,114.88,0.481063588
29.09.2020 14:00:00.000,115.03,115.3,113.76,113.92,-0.964965661
29.09.2020 15:00:00.000,113.92,114.79,113.57,113.94,0.01755618
29.09.2020 16:00:00.000,113.94,114.47,113.78,113.95,0.008776549
29.09.2020 17:00:00.000,113.95,114.26,113.78,114.24,0.254497587
29.09.2020 18:00:00.000,114.24,114.45,113.68,114.31,0.06127451
29.09.2020 19:00:00.000,114.32,114.66,114.2,114.39,0.061231631
29.09.2020 20:00:00.000,114.39,114.69,113.85,114.25,-0.122388321
30.09.2020 14:00:00.000,114.49,115.85,114.13,115.74,1.09179841
30.09.2020 15:00:00.000,115.73,116.47,115.31,116.15,0.362913678
30.09.2020 16:00:00.000,116.15,116.69,115.71,116.58,0.370210934
30.09.2020 17:00:00.000,116.56,116.88,116.05,116.22,-0.291695264
30.09.2020 18:00:00.000,116.22,116.96,115.78,116.81,0.50765789
30.09.2020 19:00:00.000,116.82,117.23,115.67,116.37,-0.385208012
30.09.2020 20:00:00.000,116.37,116.64,114.96,116.04,-0.283578242
01.10.2020 14:00:00.000,117.01,117.08,116.15,116.41,-0.512776686
01.10.2020 15:00:00.000,116.41,117.01,116.27,116.79,0.326432437
01.10.2020 16:00:00.000,116.79,116.88,116.14,116.3,-0.419556469
01.10.2020 17:00:00.000,116.3,116.45,115.83,116.31,0.008598452
01.10.2020 18:00:00.000,116.33,116.91,116.22,116.43,0.085962348
01.10.2020 19:00:00.000,116.44,116.92,115.91,116.74,0.257643422
01.10.2020 20:00:00.000,116.74,116.98,116.11,116.57,-0.145622751
02.10.2020 14:00:00.000,114.11,114.6,113.62,114.16,0.043817369
02.10.2020 15:00:00.000,114.16,115.37,114.06,115.12,0.840925018
02.10.2020 16:00:00.000,115.12,115.17,113.13,113.3,-1.580958999
02.10.2020 17:00:00.000,113.3,114.55,112.56,114.07,0.67961165
02.10.2020 18:00:00.000,114.07,114.15,113.28,113.58,-0.429560796
02.10.2020 19:00:00.000,113.58,114.27,113.18,113.71,0.114456771
02.10.2020 20:00:00.000,113.72,113.93,113.15,113.24,-0.422089342
05.10.2020 14:00:00.000,114.13,114.66,113.86,114.58,0.394287216
05.10.2020 15:00:00.000,114.58,115.49,114.58,115.13,0.480013964
05.10.2020 16:00:00.000,115.13,115.35,114.82,115.17,0.034743334
05.10.2020 17:00:00.000,115.17,115.83,115.06,115.81,0.555700269
05.10.2020 18:00:00.000,115.81,116.09,115.34,115.47,-0.293584319
05.10.2020 19:00:00.000,115.47,115.97,115.18,115.96,0.424352646
05.10.2020 20:00:00.000,115.96,116.48,115.87,116.43,0.405312177
06.10.2020 14:00:00.000,115.75,115.84,114.53,114.9,-0.734341253
06.10.2020 15:00:00.000,114.9,115.59,114.56,114.97,0.060922541
06.10.2020 16:00:00.000,114.97,115.11,113.47,113.83,-0.991563016
06.10.2020 17:00:00.000,113.83,115.43,113.8,115.27,1.265044364
06.10.2020 18:00:00.000,115.27,115.62,114.78,114.97,-0.260258523
06.10.2020 19:00:00.000,114.97,116.01,113.13,114.04,-0.808906671
06.10.2020 20:00:00.000,114.04,114.04,112.25,113.23,-0.710277096
07.10.2020 14:00:00.000,114.89,115.23,114.61,114.65,-0.208895465
07.10.2020 15:00:00.000,114.65,114.92,114.13,114.91,0.226777148
07.10.2020 16:00:00.000,114.91,115.15,114.67,114.68,-0.200156644
07.10.2020 17:00:00.000,114.69,114.99,114.12,114.96,0.235417212
07.10.2020 18:00:00.000,114.96,115.47,114.87,115.21,0.217466945
07.10.2020 19:00:00.000,115.21,115.44,114.99,115.29,0.069438417
07.10.2020 20:00:00.000,115.29,115.44,114.83,115.22,-0.060716454
08.10.2020 14:00:00.000,115.6,116,115.36,115.52,-0.069204152
08.10.2020 15:00:00.000,115.52,115.67,115.05,115.24,-0.242382271
08.10.2020 16:00:00.000,115.24,115.77,114.92,115.22,-0.017355085
08.10.2020 17:00:00.000,115.22,115.53,115.16,115.26,0.034716195
08.10.2020 18:00:00.000,115.26,115.29,114.65,114.71,-0.477182023
08.10.2020 19:00:00.000,114.71,115.13,114.59,115.09,0.33127016
08.10.2020 20:00:00.000,115.1,115.12,114.79,114.85,-0.217202433
09.10.2020 14:00:00.000,115.41,116.27,115.31,115.93,0.450567542
09.10.2020 15:00:00.000,115.93,116.35,115.68,116.26,0.284654533
09.10.2020 16:00:00.000,116.25,116.36,115.78,116.13,-0.103225806
09.10.2020 17:00:00.000,116.13,116.34,115.76,116.28,0.12916559
09.10.2020 18:00:00.000,116.28,116.61,115.99,116.12,-0.137598899
09.10.2020 19:00:00.000,116.12,116.44,116.04,116.09,-0.025835343
09.10.2020 20:00:00.000,116.09,116.72,116.02,116.7,0.525454389
12.10.2020 14:00:00.000,120.23,121.48,119.86,120.44,0.174665225
12.10.2020 15:00:00.000,120.44,121.81,120.19,121.78,1.11258718
12.10.2020 16:00:00.000,121.78,123.62,121.78,122.71,0.763672196
12.10.2020 17:00:00.000,122.71,123.74,122.57,123.54,0.676391492
12.10.2020 18:00:00.000,123.54,124.47,123.35,124.3,0.615185365
12.10.2020 19:00:00.000,124.3,125.17,124.16,124.29,-0.008045052
12.10.2020 20:00:00.000,124.29,124.63,123.62,124.5,0.168959691
13.10.2020 14:00:00.000,122.79,123.54,121.52,122.87,0.065151885
13.10.2020 15:00:00.000,122.87,123.91,122.51,123.52,0.529014405
13.10.2020 16:00:00.000,123.52,124.73,123.13,123.72,0.161917098
13.10.2020 17:00:00.000,123.72,123.75,122.2,122.62,-0.889104429
13.10.2020 18:00:00.000,122.62,123.67,119.69,120.37,-1.834937204
13.10.2020 19:00:00.000,120.38,121.45,119.87,121.3,0.764246553
13.10.2020 20:00:00.000,121.3,122.18,121.11,121.11,-0.156636439
14.10.2020 14:00:00.000,120.6,123.02,120.6,122.67,1.71641791
14.10.2020 15:00:00.000,122.67,122.81,121.17,122.11,-0.456509334
14.10.2020 16:00:00.000,122.11,122.26,120.71,120.81,-1.064613873
14.10.2020 17:00:00.000,120.81,121.32,119.71,120.28,-0.438705405
14.10.2020 18:00:00.000,120.28,120.76,119.62,120.53,0.207848354
14.10.2020 19:00:00.000,120.53,121.36,120.5,121.18,0.539284825
14.10.2020 20:00:00.000,121.18,121.99,121.03,121.56,0.3135831
15.10.2020 14:00:00.000,119.31,120.63,119.23,120.18,0.729192859
15.10.2020 15:00:00.000,120.18,120.36,119.01,119.73,-0.374438342
15.10.2020 16:00:00.000,119.73,120.38,119.17,120.29,0.467719034
15.10.2020 17:00:00.000,120.29,120.64,119.55,119.8,-0.407348907
15.10.2020 18:00:00.000,119.8,120.43,119.38,120.34,0.450751252
15.10.2020 19:00:00.000,120.34,120.8,120.19,120.66,0.265913246
15.10.2020 20:00:00.000,120.66,121.19,120.57,120.77,0.091165258
16.10.2020 14:00:00.000,121.08,121.32,120.31,120.84,-0.198216056
16.10.2020 15:00:00.000,120.84,121.26,120.31,120.69,-0.124131082
16.10.2020 16:00:00.000,120.69,120.69,119.45,119.98,-0.588284033
16.10.2020 17:00:00.000,119.98,120.11,119.29,119.82,-0.133355559
16.10.2020 18:00:00.000,119.82,120.35,119.71,120.04,0.183608746
16.10.2020 19:00:00.000,120.05,120.49,119.87,120.39,0.283215327
16.10.2020 20:00:00.000,120.39,120.48,118.8,118.95,-1.196112634
19.10.2020 14:00:00.000,120.15,120.41,119.38,119.54,-0.50769871
19.10.2020 15:00:00.000,119.54,119.58,118.17,118.86,-0.568847248
19.10.2020 16:00:00.000,118.86,119.69,118.73,118.75,-0.092545852
19.10.2020 17:00:00.000,118.76,119.13,118.4,118.76,0
19.10.2020 18:00:00.000,118.76,118.96,117.6,118.03,-0.614685079
19.10.2020 19:00:00.000,118.02,118.09,116.83,116.84,-0.999830537
19.10.2020 20:00:00.000,116.84,116.89,115.66,115.69,-0.984251969
20.10.2020 14:00:00.000,116.36,117.06,115.63,117.02,0.567205225
20.10.2020 15:00:00.000,117.02,117.61,116.21,116.45,-0.487096223
20.10.2020 16:00:00.000,116.45,117.18,115.93,117.16,0.609703736
20.10.2020 17:00:00.000,117.16,118.5,116.99,118.16,0.853533629
20.10.2020 18:00:00.000,118.16,118.97,118.1,118.3,0.118483412
20.10.2020 19:00:00.000,118.3,118.53,117.73,117.98,-0.270498732
20.10.2020 20:00:00.000,117.99,118.41,116.94,117.8,-0.161030596
21.10.2020 14:00:00.000,117.37,118.26,117.36,118.15,0.664565051
21.10.2020 15:00:00.000,118.13,118.7,117.76,118.08,-0.042326251
21.10.2020 16:00:00.000,118.07,118.2,117.17,117.38,-0.584399085
21.10.2020 17:00:00.000,117.38,118.09,116.73,116.89,-0.417447606
21.10.2020 18:00:00.000,116.89,117.51,116.8,117.12,0.19676619
21.10.2020 19:00:00.000,117.12,117.94,116.98,117.93,0.691598361
21.10.2020 20:00:00.000,117.93,118.04,116.96,117.05,-0.746205376
22.10.2020 14:00:00.000,117.62,117.95,117.18,117.27,-0.297568441
22.10.2020 15:00:00.000,117.27,117.36,114.58,115.59,-1.432591456
22.10.2020 16:00:00.000,115.56,116.09,115.33,115.38,-0.15576324
22.10.2020 17:00:00.000,115.39,115.73,114.96,115.62,0.199324032
22.10.2020 18:00:00.000,115.62,116.12,115.37,115.53,-0.077841204
22.10.2020 19:00:00.000,115.53,115.93,115.32,115.81,0.242361291
22.10.2020 20:00:00.000,115.81,116.33,115.5,115.91,0.086348329
23.10.2020 14:00:00.000,115.97,116.03,115.36,115.45,-0.448391825
23.10.2020 15:00:00.000,115.45,115.46,114.73,115.04,-0.355132092
23.10.2020 16:00:00.000,115.03,115.32,114.28,114.59,-0.382508911
23.10.2020 17:00:00.000,114.59,115.04,114.32,114.82,0.200715595
23.10.2020 18:00:00.000,114.82,115.15,114.76,114.85,0.026127852
23.10.2020 19:00:00.000,114.85,115.06,114.41,114.42,-0.374401393
23.10.2020 20:00:00.000,114.42,115.02,114.4,115.02,0.524383849
26.10.2020 14:00:00.000,115.22,115.86,114.89,115.69,0.407915292
26.10.2020 15:00:00.000,115.69,116.54,114.87,114.93,-0.656927997
26.10.2020 16:00:00.000,114.93,114.97,113.89,114.18,-0.65257113
26.10.2020 17:00:00.000,114.18,114.67,113.86,113.93,-0.218952531
26.10.2020 18:00:00.000,113.93,114.13,112.88,113.82,-0.096550513
26.10.2020 19:00:00.000,113.82,114.39,113.66,114.16,0.298717273
26.10.2020 20:00:00.000,114.16,114.99,113.9,114.63,0.411702873
27.10.2020 14:00:00.000,114.74,116.02,114.55,116,1.098134914
27.10.2020 15:00:00.000,116,116.44,115.45,115.99,-0.00862069
27.10.2020 16:00:00.000,115.99,117.18,115.95,117.1,0.95697905
27.10.2020 17:00:00.000,117.1,117.27,116.53,117.01,-0.076857387
27.10.2020 18:00:00.000,117.01,117.15,116.3,116.37,-0.546961798
27.10.2020 19:00:00.000,116.37,116.46,115.92,116.21,-0.137492481
27.10.2020 20:00:00.000,116.21,116.99,116.02,116.85,0.550727132
28.10.2020 14:00:00.000,114.08,114.45,112.44,112.98,-0.964235624
28.10.2020 15:00:00.000,112.98,113.11,111.95,112.53,-0.398300584
28.10.2020 16:00:00.000,112.53,113.05,112,112.9,0.328801209
28.10.2020 17:00:00.000,112.9,113.36,112.5,112.51,-0.345438441
28.10.2020 18:00:00.000,112.51,113.23,112.05,113.17,0.586614523
28.10.2020 19:00:00.000,113.17,113.37,112.48,112.9,-0.238579129
28.10.2020 20:00:00.000,112.9,113.19,111.5,111.52,-1.222320638
29.10.2020 14:00:00.000,113.65,114.18,112.77,114.02,0.325560933
29.10.2020 15:00:00.000,114.01,114.59,113.4,113.96,-0.043855802
29.10.2020 16:00:00.000,113.96,114.97,113.6,114.5,0.473850474
29.10.2020 17:00:00.000,114.5,115.24,114.36,115.06,0.489082969
29.10.2020 18:00:00.000,115.07,116.21,114.99,116.19,0.973320587
29.10.2020 19:00:00.000,116.19,116.92,115.81,116.03,-0.137705482
29.10.2020 20:00:00.000,116.03,116.73,115.7,116.34,0.267172283
30.10.2020 14:00:00.000,111.03,111.37,108.84,109.69,-1.206881023
30.10.2020 15:00:00.000,109.69,110.42,108.29,108.56,-1.03017595
30.10.2020 16:00:00.000,108.56,109.84,108.55,108.77,0.193441415
30.10.2020 17:00:00.000,108.77,109.96,108.7,108.88,0.101130827
30.10.2020 18:00:00.000,108.88,109.18,108.1,108.34,-0.495958854
30.10.2020 19:00:00.000,108.34,108.77,108.01,108.15,-0.175373823
30.10.2020 20:00:00.000,108.14,108.67,107.72,108.07,-0.064730904
02.11.2020 14:00:00.000,109.84,110.6,109.62,109.82,-0.018208303
02.11.2020 15:00:00.000,109.81,110.22,108.42,108.48,-1.211182952
02.11.2020 16:00:00.000,108.47,108.67,107.72,107.91,-0.51627178
02.11.2020 17:00:00.000,107.91,108.59,107.78,108.13,0.203873598
02.11.2020 18:00:00.000,108.13,108.24,107.32,107.41,-0.665865162
02.11.2020 19:00:00.000,107.41,108.09,107.35,107.83,0.391025044
02.11.2020 20:00:00.000,107.83,108.38,107.73,108.38,0.510062135
03.11.2020 14:00:00.000,109.04,109.93,108.94,109.88,0.770359501
03.11.2020 15:00:00.000,109.88,111.21,109.78,111.19,1.192209683
03.11.2020 16:00:00.000,111.18,111.44,110.68,110.89,-0.26083828
03.11.2020 17:00:00.000,110.89,111.06,110.53,110.7,-0.171340969
03.11.2020 18:00:00.000,110.7,110.91,109.76,109.84,-0.776874435
03.11.2020 19:00:00.000,109.85,110.46,109.8,110.36,0.464269458
03.11.2020 20:00:00.000,110.36,111.45,109.99,111.05,0.625226531
04.11.2020 14:00:00.000,113.84,114.03,112.35,113.53,-0.272312017
04.11.2020 15:00:00.000,113.54,115.5,113.5,114.88,1.18020081
04.11.2020 16:00:00.000,114.88,115.22,113.81,115.1,0.191504178
04.11.2020 17:00:00.000,115.1,115.58,114.67,115.19,0.078192876
04.11.2020 18:00:00.000,115.19,115.5,114.61,114.85,-0.295164511
04.11.2020 19:00:00.000,114.85,115.17,114.44,115.03,0.156726165
04.11.2020 20:00:00.000,115.03,115.49,114.57,115.47,0.382508911
05.11.2020 14:00:00.000,117.47,119.61,117.26,118.76,1.09815272
05.11.2020 15:00:00.000,118.76,119.24,117.57,118.39,-0.311552711
05.11.2020 16:00:00.000,118.39,118.58,117.91,118.11,-0.236506462
05.11.2020 17:00:00.000,118.11,118.36,117.41,117.96,-0.127000254
05.11.2020 18:00:00.000,117.97,118.46,117.84,118.4,0.364499449
05.11.2020 19:00:00.000,118.4,119.26,118.34,119.15,0.633445946
05.11.2020 20:00:00.000,119.15,119.28,118.45,119.04,-0.092320604
06.11.2020 14:00:00.000,117.53,117.59,116.12,116.28,-1.06355824
06.11.2020 15:00:00.000,116.28,117.89,116.13,117.41,0.971792226
06.11.2020 16:00:00.000,117.41,118.81,117.3,118.73,1.124265395
06.11.2020 17:00:00.000,118.73,119.18,118.28,118.88,0.126337067
06.11.2020 18:00:00.000,118.88,119.19,118.82,119,0.100942127
06.11.2020 19:00:00.000,119,119.16,118.22,118.47,-0.445378151
06.11.2020 20:00:00.000,118.47,119.05,118.08,118.93,0.388283954
09.11.2020 14:00:00.000,119.91,120.58,118.48,119.74,-0.141772996
09.11.2020 15:00:00.000,119.74,121.98,119.66,120.6,0.718222816
09.11.2020 16:00:00.000,120.61,121.67,119.72,120.56,-0.041455932
09.11.2020 17:00:00.000,120.56,120.95,120,120.8,0.199071002
09.11.2020 18:00:00.000,120.8,120.99,119.38,119.63,-0.968543046
09.11.2020 19:00:00.000,119.63,119.8,118.2,118.52,-0.927860904
09.11.2020 20:00:00.000,118.52,118.94,116.78,116.86,-1.400607492
10.11.2020 14:00:00.000,117.35,117.58,115.77,115.82,-1.303792075
10.11.2020 15:00:00.000,115.77,116.93,114.12,115,-0.66511186
10.11.2020 16:00:00.000,115,117.33,114.9,116.67,1.452173913
10.11.2020 17:00:00.000,116.67,117.46,115.81,116.92,0.214279592
10.11.2020 18:00:00.000,116.91,117.58,115.88,116.85,-0.051321529
10.11.2020 19:00:00.000,116.85,117.26,115.98,116.74,-0.094137783
10.11.2020 20:00:00.000,116.74,117.01,115.73,115.85,-0.762377934
11.11.2020 14:00:00.000,117,118.07,116.89,117.7,0.598290598
11.11.2020 15:00:00.000,117.7,118.49,117.63,118.17,0.399320306
11.11.2020 16:00:00.000,118.17,118.77,117.83,118.77,0.507743082
11.11.2020 17:00:00.000,118.77,119.47,118.53,119.22,0.378883556
11.11.2020 18:00:00.000,119.22,119.55,119.04,119.1,-0.100654253
11.11.2020 19:00:00.000,119.11,119.53,118.71,118.92,-0.159516413
11.11.2020 20:00:00.000,118.92,119.48,118.81,119.47,0.462495795
12.11.2020 14:00:00.000,119.28,120.03,118.98,119.73,0.377263581
12.11.2020 15:00:00.000,119.73,120.52,119.49,120.2,0.392549904
12.11.2020 16:00:00.000,120.21,120.52,119.03,119.59,-0.51576408
12.11.2020 17:00:00.000,119.59,120.2,118.97,119.48,-0.091980935
12.11.2020 18:00:00.000,119.46,119.49,118.57,119.13,-0.276243094
12.11.2020 19:00:00.000,119.13,119.29,118.58,119.07,-0.050365147
12.11.2020 20:00:00.000,119.07,119.46,118.8,119.07,0
13.11.2020 14:00:00.000,119.1,119.38,118.37,118.39,-0.596137699
13.11.2020 15:00:00.000,118.39,118.73,117.87,118.02,-0.312526396
13.11.2020 16:00:00.000,118.04,118.76,117.93,118.72,0.576075906
13.11.2020 17:00:00.000,118.72,119.04,118.61,118.95,0.193733154
13.11.2020 18:00:00.000,118.95,119.25,118.49,118.58,-0.311055065
13.11.2020 19:00:00.000,118.58,118.89,118.2,118.87,0.244560634
13.11.2020 20:00:00.000,118.87,119.56,118.79,119.23,0.302851855
16.11.2020 14:00:00.000,118.25,120.13,118.18,119.94,1.429175476
16.11.2020 15:00:00.000,119.94,120.72,119.8,120.67,0.608637652
16.11.2020 16:00:00.000,120.67,120.82,120.3,120.74,0.058009447
16.11.2020 17:00:00.000,120.74,120.98,120.28,120.43,-0.256750041
16.11.2020 18:00:00.000,120.42,120.58,120,120.21,-0.174389636
16.11.2020 19:00:00.000,120.21,120.36,119.78,119.9,-0.25788204
16.11.2020 20:00:00.000,119.9,120.12,119.63,119.91,0.008340284
17.11.2020 14:00:00.000,120.16,120.3,118.96,119.13,-0.857190413
17.11.2020 15:00:00.000,119.13,120.52,119.11,120.36,1.03248552
17.11.2020 16:00:00.000,120.36,120.39,119.6,120.21,-0.124626122
17.11.2020 17:00:00.000,120.21,120.48,120.01,120.47,0.216288162
17.11.2020 18:00:00.000,120.47,120.67,120.28,120.35,-0.099609861
17.11.2020 19:00:00.000,120.35,120.61,119.95,120.01,-0.282509348
17.11.2020 20:00:00.000,120.01,120.14,119.41,119.47,-0.449962503
18.11.2020 14:00:00.000,118.49,119.38,118.48,118.78,0.244746392
18.11.2020 15:00:00.000,118.78,119.49,118.39,119.48,0.589324802
18.11.2020 16:00:00.000,119.48,119.58,119.07,119.51,0.025108805
18.11.2020 17:00:00.000,119.51,119.82,119.44,119.54,0.025102502
18.11.2020 18:00:00.000,119.54,119.69,119.11,119.31,-0.192404216
18.11.2020 19:00:00.000,119.31,119.33,118.8,119.33,0.016763054
18.11.2020 20:00:00.000,119.33,119.61,118.16,118.24,-0.913433336
19.11.2020 14:00:00.000,117.08,118.11,116.8,117.94,0.734540485
19.11.2020 15:00:00.000,117.94,118.29,117.5,117.77,-0.144141089
19.11.2020 16:00:00.000,117.77,118.37,117.65,118.13,0.305680564
19.11.2020 17:00:00.000,118.13,118.34,117.57,117.72,-0.347075256
19.11.2020 18:00:00.000,117.72,118.13,117.54,118.09,0.314305131
19.11.2020 19:00:00.000,118.09,118.69,117.9,118.62,0.448810229
19.11.2020 20:00:00.000,118.63,118.99,118.43,118.57,-0.050577426
20.11.2020 14:00:00.000,118.22,118.31,117.84,118.13,-0.076129251
20.11.2020 15:00:00.000,118.13,118.63,118.06,118.46,0.279353255
20.11.2020 16:00:00.000,118.46,118.76,117.9,117.98,-0.405200068
20.11.2020 17:00:00.000,117.98,118.29,117.87,118.27,0.245804374
20.11.2020 18:00:00.000,118.27,118.28,117.9,117.95,-0.270567346
20.11.2020 19:00:00.000,117.95,118.09,117.7,117.86,-0.076303518
20.11.2020 20:00:00.000,117.86,117.95,117.34,117.35,-0.432716783
23.11.2020 14:00:00.000,117.37,117.61,116.73,116.99,-0.323762461
23.11.2020 15:00:00.000,117,117.06,115.1,115.43,-1.341880342
23.11.2020 16:00:00.000,115.43,115.44,113.8,114.5,-0.805683098
23.11.2020 17:00:00.000,114.49,115.32,114.27,115.29,0.698750983
23.11.2020 18:00:00.000,115.29,115.35,114.59,114.61,-0.589816983
23.11.2020 19:00:00.000,114.61,114.68,114.01,114.2,-0.357734927
23.11.2020 20:00:00.000,114.2,114.47,113.76,113.87,-0.288966725
24.11.2020 14:00:00.000,112.93,113.31,112.58,113.01,0.070840344
24.11.2020 15:00:00.000,113.01,114.9,113,114.9,1.67241837
24.11.2020 16:00:00.000,114.9,115.37,114.66,114.8,-0.087032202
24.11.2020 17:00:00.000,114.8,115.01,114.23,114.79,-0.008710801
24.11.2020 18:00:00.000,114.78,115.69,114.61,115.69,0.792821049
24.11.2020 19:00:00.000,115.69,115.85,114.97,115.36,-0.285245051
24.11.2020 20:00:00.000,115.36,115.73,115.16,115.19,-0.147364771
25.11.2020 14:00:00.000,115.74,116.6,115.7,116.35,0.527043373
25.11.2020 15:00:00.000,116.35,116.52,115.53,116.49,0.120326601
25.11.2020 16:00:00.000,116.49,116.74,115.88,116.02,-0.403468109
25.11.2020 17:00:00.000,116.02,116.32,115.7,116.21,0.163764868
25.11.2020 18:00:00.000,116.2,116.33,115.87,115.98,-0.189328744
25.11.2020 19:00:00.000,115.98,116.13,115.73,116.11,0.112088291
25.11.2020 20:00:00.000,116.11,116.46,115.96,115.99,-0.103350271
27.11.2020 14:00:00.000,117.01,117.3,116.78,116.97,-0.034185112
27.11.2020 15:00:00.000,116.98,117.48,116.67,117.06,0.068387759
27.11.2020 16:00:00.000,117.06,117.17,116.66,116.86,-0.170852554
27.11.2020 17:00:00.000,116.86,116.91,116.21,116.59,-0.231045696
30.11.2020 14:00:00.000,118.24,119.37,117.96,118.91,0.566644114
30.11.2020 15:00:00.000,118.91,119.49,116.91,118.12,-0.664368009
30.11.2020 16:00:00.000,118.12,119.01,117.5,118.87,0.634947511
30.11.2020 17:00:00.000,118.87,119.1,118.61,119.04,0.143013376
30.11.2020 18:00:00.000,119.04,119.75,118.8,119.73,0.579637097
30.11.2020 19:00:00.000,119.73,120.82,119.58,120.56,0.693226426
30.11.2020 20:00:00.000,120.56,120.96,119.33,119.33,-1.020238885
01.12.2020 14:00:00.000,120.29,122.58,120.01,122.35,1.712528057
01.12.2020 15:00:00.000,122.35,122.95,121.61,122.45,0.081732734
01.12.2020 16:00:00.000,122.45,123.24,122.09,123.1,0.53082891
01.12.2020 17:00:00.000,123.1,123.46,122.56,122.58,-0.422420796
01.12.2020 18:00:00.000,122.58,123.29,122.57,122.77,0.155000816
01.12.2020 19:00:00.000,122.77,123.21,122.61,122.78,0.008145312
01.12.2020 20:00:00.000,122.78,122.94,122.05,122.88,0.08144649
02.12.2020 14:00:00.000,122.58,122.6,120.89,122.01,-0.465002447
02.12.2020 15:00:00.000,122.01,122.49,121.55,121.99,-0.016392099
02.12.2020 16:00:00.000,121.99,122.82,121.7,122.54,0.450856628
02.12.2020 17:00:00.000,122.54,123.19,122.49,122.91,0.301942223
02.12.2020 18:00:00.000,122.91,123.36,122.69,122.95,0.032544138
02.12.2020 19:00:00.000,122.95,123.13,122.65,122.94,-0.008133388
02.12.2020 20:00:00.000,122.94,123.23,122.88,123.11,0.138278835
03.12.2020 14:00:00.000,123.36,123.51,122.69,123.16,-0.162127108
03.12.2020 15:00:00.000,123.16,123.44,122.58,122.59,-0.462812601
03.12.2020 16:00:00.000,122.59,123.18,122.21,123.08,0.399706338
03.12.2020 17:00:00.000,123.1,123.2,122.73,122.88,-0.178716491
03.12.2020 18:00:00.000,122.89,123.02,122.59,122.66,-0.187159248
03.12.2020 19:00:00.000,122.66,123.04,122.61,123.03,0.301646829
03.12.2020 20:00:00.000,123.03,123.32,122.53,122.64,-0.316995855
04.12.2020 14:00:00.000,121.86,122.43,121.54,122.06,0.164122764
04.12.2020 15:00:00.000,122.06,122.17,121.52,121.78,-0.229395379
04.12.2020 16:00:00.000,121.78,122.66,121.62,122.36,0.476268681
04.12.2020 17:00:00.000,122.37,122.39,121.82,122.15,-0.179782626
04.12.2020 18:00:00.000,122.15,122.2,121.81,121.83,-0.261972984
04.12.2020 19:00:00.000,121.83,122.17,121.67,122.07,0.196995814
04.12.2020 20:00:00.000,122.09,122.2,121.88,122.11,0.016381358
07.12.2020 14:00:00.000,123.08,124.52,123.07,124.43,1.096847579
07.12.2020 15:00:00.000,124.43,124.56,123.69,124.03,-0.321465884
07.12.2020 16:00:00.000,124.03,124.35,123.73,124.07,0.032250262
07.12.2020 17:00:00.000,124.07,124.26,123.78,124.07,0
07.12.2020 18:00:00.000,124.07,124.09,123.41,123.9,-0.137019425
07.12.2020 19:00:00.000,123.9,124.28,123.77,124.01,0.088781275
07.12.2020 20:00:00.000,124.01,124.04,123.29,123.61,-0.322554633
08.12.2020 14:00:00.000,124.29,124.3,123.45,123.89,-0.321827983
08.12.2020 15:00:00.000,123.89,124.21,123.09,123.33,-0.452013883
08.12.2020 16:00:00.000,123.33,123.91,123.17,123.9,0.462174653
08.12.2020 17:00:00.000,123.88,124.4,123.85,124.29,0.33096545
08.12.2020 18:00:00.000,124.29,124.86,124.23,124.76,0.37814788
08.12.2020 19:00:00.000,124.76,124.95,124.38,124.95,0.152292401
08.12.2020 20:00:00.000,124.95,124.97,124.42,124.43,-0.416166467
09.12.2020 14:00:00.000,124.05,125.94,123.86,125.85,1.451027811
09.12.2020 15:00:00.000,125.85,125.89,124.59,125.4,-0.357568534
09.12.2020 16:00:00.000,125.38,125.43,124.67,124.89,-0.390811932
09.12.2020 17:00:00.000,124.89,124.91,122.83,123.64,-1.000880775
09.12.2020 18:00:00.000,123.64,123.71,121.61,121.64,-1.617599482
09.12.2020 19:00:00.000,121.68,122.24,121.1,121.62,-0.049309665
09.12.2020 20:00:00.000,121.62,122.2,121.07,121.76,0.115112646
10.12.2020 14:00:00.000,121.23,122.47,120.83,122.44,0.99810278
10.12.2020 15:00:00.000,122.44,123.57,121.99,123.49,0.857562888
10.12.2020 16:00:00.000,123.49,123.86,123.12,123.29,-0.161956434
10.12.2020 17:00:00.000,123.29,123.57,122.71,122.78,-0.413658853
10.12.2020 18:00:00.000,122.78,123.58,122.74,123.47,0.561980779
10.12.2020 19:00:00.000,123.47,123.61,122.76,122.83,-0.518344537
10.12.2020 20:00:00.000,122.83,123.57,122.71,123.53,0.569893349
11.12.2020 14:00:00.000,121.93,122.06,120.88,121.32,-0.50028705
11.12.2020 15:00:00.000,121.32,122.01,121.16,121.32,0
11.12.2020 16:00:00.000,121.34,121.7,120.79,120.98,-0.296686995
11.12.2020 17:00:00.000,120.99,121.44,120.55,121.4,0.338870981
11.12.2020 18:00:00.000,121.4,121.83,121.22,121.7,0.247116969
11.12.2020 19:00:00.000,121.71,122.15,121.62,121.97,0.213622545
11.12.2020 20:00:00.000,121.97,122.4,121.72,122.22,0.204968435
14.12.2020 14:00:00.000,122.73,123.17,122.66,122.95,0.179255276
14.12.2020 15:00:00.000,122.94,123.1,122.48,122.8,-0.113876688
14.12.2020 16:00:00.000,122.8,123.18,122.63,122.95,0.122149837
14.12.2020 17:00:00.000,122.95,122.98,122.29,122.44,-0.414802765
14.12.2020 18:00:00.000,122.44,122.61,122.12,122.4,-0.032669062
14.12.2020 19:00:00.000,122.4,122.53,121.87,122.24,-0.130718954
14.12.2020 20:00:00.000,122.24,122.48,121.71,122.05,-0.155431937
15.12.2020 14:00:00.000,125.16,126.96,124.98,126.48,1.054650048
15.12.2020 15:00:00.000,126.48,126.57,125.26,125.93,-0.43485136
15.12.2020 16:00:00.000,125.93,126.23,125.13,125.95,0.015881839
15.12.2020 17:00:00.000,125.95,126.79,125.9,126.55,0.476379516
15.12.2020 18:00:00.000,126.55,126.97,126.3,126.71,0.12643224
15.12.2020 19:00:00.000,126.71,127.49,126.48,127.22,0.402493884
15.12.2020 20:00:00.000,127.22,127.8,127.03,127.77,0.432321962
16.12.2020 14:00:00.000,126.82,127.46,126.55,127.14,0.252326132
16.12.2020 15:00:00.000,127.19,127.86,126.81,126.98,-0.16510732
16.12.2020 16:00:00.000,126.98,127.82,126.69,127.79,0.637895732
16.12.2020 17:00:00.000,127.79,128.01,127.34,127.77,-0.015650677
16.12.2020 18:00:00.000,127.77,127.93,127.26,127.66,-0.086092197
16.12.2020 19:00:00.000,127.66,128.23,127.28,128.11,0.352498825
16.12.2020 20:00:00.000,128.11,128.36,127.7,127.94,-0.132698462
17.12.2020 14:00:00.000,129.17,129.56,128.6,128.94,-0.178059921
17.12.2020 15:00:00.000,128.94,129.19,128.19,128.78,-0.124088723
17.12.2020 16:00:00.000,128.78,129.04,128.04,128.38,-0.310607237
17.12.2020 17:00:00.000,128.39,128.56,128.14,128.47,0.062310149
17.12.2020 18:00:00.000,128.48,128.7,128.28,128.45,-0.023349938
17.12.2020 19:00:00.000,128.45,128.53,128.12,128.45,0
17.12.2020 20:00:00.000,128.45,128.82,128.24,128.8,0.272479564
18.12.2020 14:00:00.000,127.8,128.31,127.38,127.61,-0.148669797
18.12.2020 15:00:00.000,127.61,127.93,127.08,127.74,0.101872894
18.12.2020 16:00:00.000,127.74,127.89,127.22,127.4,-0.266165649
18.12.2020 17:00:00.000,127.4,127.84,127.3,127.69,0.227629513
18.12.2020 18:00:00.000,127.69,127.72,126.62,126.78,-0.712663482
18.12.2020 19:00:00.000,126.78,127.03,126.42,126.77,-0.007887679
18.12.2020 20:00:00.000,126.77,126.91,126.12,126.36,-0.323420368
21.12.2020 14:00:00.000,126.18,126.61,125.25,125.9,-0.221905215
21.12.2020 15:00:00.000,125.9,126.02,123.44,123.84,-1.636219222
21.12.2020 16:00:00.000,123.83,125.15,123.81,124.93,0.888314625
21.12.2020 17:00:00.000,124.93,126.04,124.89,126.04,0.888497559
21.12.2020 18:00:00.000,126.04,127.27,125.83,126.74,0.555379245
21.12.2020 19:00:00.000,126.73,127.06,126.48,126.74,0.007890791
21.12.2020 20:00:00.000,126.74,127.83,126.14,127.63,0.702225028
22.12.2020 14:00:00.000,130.88,134.22,130.55,134.12,2.475550122
22.12.2020 15:00:00.000,134.12,134.4,132.28,132.86,-0.939457203
22.12.2020 16:00:00.000,132.87,132.89,129.65,131.46,-1.061187627
22.12.2020 17:00:00.000,131.46,132.36,131.04,131.98,0.395557584
22.12.2020 18:00:00.000,131.99,133.14,131.98,132.75,0.575801197
22.12.2020 19:00:00.000,132.75,132.98,131.89,132.04,-0.534839925
22.12.2020 20:00:00.000,132.04,132.31,131.22,131.64,-0.302938503
23.12.2020 14:00:00.000,130.9,132.29,130.78,132.14,0.947288006
23.12.2020 15:00:00.000,132.14,132.19,131.16,131.43,-0.537308915
23.12.2020 16:00:00.000,131.43,131.83,131.2,131.54,0.083694742
23.12.2020 17:00:00.000,131.54,132.11,131.49,131.95,0.311692261
23.12.2020 18:00:00.000,131.95,132.25,131.83,132.05,0.075786283
23.12.2020 19:00:00.000,132.05,132.07,131.56,131.73,-0.24233245
23.12.2020 20:00:00.000,131.73,131.87,131.33,131.33,-0.303651408
24.12.2020 14:00:00.000,131.93,133.18,131.72,132.47,0.409307966
24.12.2020 15:00:00.000,132.47,133.45,132.24,132.51,0.030195516
24.12.2020 16:00:00.000,132.51,132.63,131.65,131.86,-0.490529017
24.12.2020 17:00:00.000,131.86,132.15,131.59,131.96,0.07583801
28.12.2020 14:00:00.000,134.38,135.73,134.31,135.42,0.773924691
28.12.2020 15:00:00.000,135.42,135.57,134.14,134.97,-0.332299513
28.12.2020 16:00:00.000,134.97,136.38,134.95,136.28,0.970586056
28.12.2020 17:00:00.000,136.28,136.4,135.79,136.3,0.014675668
28.12.2020 18:00:00.000,136.3,136.43,135.98,136.15,-0.110051357
28.12.2020 19:00:00.000,136.15,136.97,136.15,136.88,0.536173338
28.12.2020 20:00:00.000,136.88,137.34,136.34,136.34,-0.394506137
29.12.2020 14:00:00.000,138.43,138.78,135.93,136.42,-1.451997399
29.12.2020 15:00:00.000,136.42,137.05,135.51,136.72,0.219909104
29.12.2020 16:00:00.000,136.72,137.56,136.6,137.09,0.270626097
29.12.2020 17:00:00.000,137.09,137.09,135.67,136.3,-0.576263768
29.12.2020 18:00:00.000,136.28,136.45,135.93,136.13,-0.110067508
29.12.2020 19:00:00.000,136.13,136.15,135.12,135.43,-0.514214354
29.12.2020 20:00:00.000,135.43,135.66,134.34,134.52,-0.67193384
30.12.2020 14:00:00.000,135.17,135.38,134.42,134.78,-0.28852556
30.12.2020 15:00:00.000,134.79,134.87,133.56,134.39,-0.29675792
30.12.2020 16:00:00.000,134.39,135.13,134.09,135.12,0.543195178
30.12.2020 17:00:00.000,135.12,135.17,134.19,134.35,-0.569863825
30.12.2020 18:00:00.000,134.35,134.61,134.23,134.54,0.14142166
30.12.2020 19:00:00.000,134.53,134.58,133.68,133.76,-0.572363042
30.12.2020 20:00:00.000,133.76,134.18,133.4,133.76,0
31.12.2020 14:00:00.000,134.15,134.47,133.18,133.43,-0.536712635
31.12.2020 15:00:00.000,133.44,133.59,132.65,133.12,-0.239808153
31.12.2020 16:00:00.000,133.12,133.13,131.89,131.95,-0.87890625
31.12.2020 17:00:00.000,131.95,132.79,131.72,132.42,0.356195529
31.12.2020 18:00:00.000,132.43,132.62,132.09,132.1,-0.24918825
04.01.2021 14:00:00.000,132.78,132.87,131.29,131.44,-1.009188131
04.01.2021 15:00:00.000,131.49,131.64,130.38,130.96,-0.403072477
04.01.2021 16:00:00.000,130.97,131.3,128.79,128.81,-1.649232649
04.01.2021 17:00:00.000,128.81,128.91,126.76,128.41,-0.310534896
04.01.2021 18:00:00.000,128.41,129.19,128.04,129.16,0.584066661
04.01.2021 19:00:00.000,129.16,129.57,128.62,129.48,0.247754723
04.01.2021 20:00:00.000,129.48,129.74,128.75,129.43,-0.038616002
05.01.2021 14:00:00.000,130.48,131.47,130.47,131.3,0.628448804
05.01.2021 15:00:00.000,131.3,131.73,130.43,130.53,-0.58644326
05.01.2021 16:00:00.000,130.53,130.69,129.93,130.28,-0.191526852
05.01.2021 17:00:00.000,130.28,130.33,129.84,130.14,-0.107460854
05.01.2021 18:00:00.000,130.14,130.63,129.94,130.62,0.368833564
05.01.2021 19:00:00.000,130.62,131.4,130.59,130.92,0.229673863
05.01.2021 20:00:00.000,130.94,131.39,130.76,131.03,0.068733771
06.01.2021 14:00:00.000,126.72,128.51,126.63,128.05,1.049558081
06.01.2021 15:00:00.000,128.05,129.73,127.58,129.38,1.038656775
06.01.2021 16:00:00.000,129.38,131.04,129.09,130.1,0.556500232
06.01.2021 17:00:00.000,130.1,130.7,129.88,130.01,-0.069177556
06.01.2021 18:00:00.000,130.01,130.25,128.94,129.24,-0.592262134
06.01.2021 19:00:00.000,129.24,129.44,127.1,127.93,-1.013618075
06.01.2021 20:00:00.000,127.9,128.21,126.47,126.8,-0.860046912
07.01.2021 14:00:00.000,128.15,129.13,127.86,129,0.663285213
07.01.2021 15:00:00.000,129.01,130.55,128.87,130.54,1.185954577
07.01.2021 16:00:00.000,130.54,131.03,130.14,130.32,-0.168530719
07.01.2021 17:00:00.000,130.32,130.63,129.85,130.46,0.10742787
07.01.2021 18:00:00.000,130.46,130.56,130.01,130.3,-0.122642956
07.01.2021 19:00:00.000,130.3,130.77,130.28,130.77,0.360706063
07.01.2021 20:00:00.000,130.77,131.62,130.45,131.25,0.367056664
08.01.2021 14:00:00.000,132.31,132.52,130.34,131.53,-0.589524601
08.01.2021 15:00:00.000,131.55,131.97,130.26,131.01,-0.410490308
08.01.2021 16:00:00.000,131.01,132.24,130.62,132.24,0.938859629
08.01.2021 17:00:00.000,132.24,132.56,131.52,131.67,-0.431034483
08.01.2021 18:00:00.000,131.67,131.79,130.22,131,-0.508847877
08.01.2021 19:00:00.000,130.97,131.55,130.97,131.43,0.351225471
08.01.2021 20:00:00.000,131.43,132.15,131.38,132.04,0.46412539
11.01.2021 14:00:00.000,128.72,129.81,128.55,129.4,0.528278434
11.01.2021 15:00:00.000,129.4,130.13,129.32,129.57,0.13137558
11.01.2021 16:00:00.000,129.6,129.68,129.03,129.5,-0.077160494
11.01.2021 17:00:00.000,129.5,130.05,129.35,129.55,0.038610039
11.01.2021 18:00:00.000,129.55,129.93,129.22,129.33,-0.169818603
11.01.2021 19:00:00.000,129.34,129.34,128.87,129.29,-0.038657801
11.01.2021 20:00:00.000,129.3,129.41,128.69,128.97,-0.255220418
12.01.2021 14:00:00.000,129.24,129.68,128.08,128.35,-0.688641288
12.01.2021 15:00:00.000,128.35,129.32,128.17,128.91,0.436306973
12.01.2021 16:00:00.000,128.91,129.17,128.15,128.35,-0.434411605
12.01.2021 17:00:00.000,128.35,128.38,126.86,127.93,-0.32723023
12.01.2021 18:00:00.000,127.93,128.43,127.71,128.19,0.203236145
12.01.2021 19:00:00.000,128.18,128.78,128.08,128.39,0.163832111
12.01.2021 20:00:00.000,128.39,129.13,128.2,128.87,0.373860893
13.01.2021 14:00:00.000,129.27,130.19,128.86,129.83,0.433201826
13.01.2021 15:00:00.000,129.82,131.25,129.32,131.03,0.932059775
13.01.2021 16:00:00.000,131.03,131.44,130.72,131.14,0.08395024
13.01.2021 17:00:00.000,131.14,131.18,130.42,131.12,-0.015250877
13.01.2021 18:00:00.000,131.12,131.28,130.76,130.85,-0.205918243
13.01.2021 19:00:00.000,130.85,131.13,130.74,131,0.114635078
13.01.2021 20:00:00.000,131,131.12,130.6,130.98,-0.015267176
14.01.2021 14:00:00.000,130.38,130.61,129.66,130,-0.291455745
14.01.2021 15:00:00.000,130,130.86,129.59,130.62,0.476923077
14.01.2021 16:00:00.000,130.62,130.69,129.86,129.99,-0.482315113
14.01.2021 17:00:00.000,129.99,130.18,129.53,130.12,0.100007693
14.01.2021 18:00:00.000,130.12,130.13,129.5,129.53,-0.453427605
14.01.2021 19:00:00.000,129.53,129.73,129.29,129.62,0.069481973
14.01.2021 20:00:00.000,129.62,129.73,128.77,128.8,-0.632618423
15.01.2021 14:00:00.000,130.04,130.18,128.91,129.14,-0.69209474
15.01.2021 15:00:00.000,129.14,129.15,127.5,128.21,-0.720148676
15.01.2021 16:00:00.000,128.21,129.34,127.59,128.75,0.421183995
15.01.2021 17:00:00.000,128.75,128.8,128.19,128.48,-0.209708738
15.01.2021 18:00:00.000,128.48,128.92,128.27,128.49,0.007783313
15.01.2021 19:00:00.000,128.49,128.72,127.65,127.72,-0.599268426
15.01.2021 20:00:00.000,127.72,127.96,127,127.12,-0.469777639
19.01.2021 14:00:00.000,128.3,128.69,127.32,127.46,-0.654715511
19.01.2021 15:00:00.000,127.46,127.49,126.93,127.1,-0.28244155
19.01.2021 16:00:00.000,127.1,127.78,127.04,127.7,0.472069237
19.01.2021 17:00:00.000,127.7,128.08,127.28,128.03,0.258418168
19.01.2021 18:00:00.000,128.03,128.25,127.89,127.94,-0.070296024
19.01.2021 19:00:00.000,127.94,128.18,127.68,127.88,-0.046896983
19.01.2021 20:00:00.000,127.89,128.13,127.64,127.94,0.039096098
20.01.2021 14:00:00.000,129.32,130.42,129.3,129.96,0.494896381
20.01.2021 15:00:00.000,129.97,131.82,129.8,131.7,1.331076402
20.01.2021 16:00:00.000,131.7,132.24,131.06,132.08,0.288534548
20.01.2021 17:00:00.000,132.08,132.2,131.68,131.86,-0.166565718
20.01.2021 18:00:00.000,131.86,132.43,131.82,131.93,0.053086607
20.01.2021 19:00:00.000,131.93,132.48,131.72,132.18,0.189494429
20.01.2021 20:00:00.000,132.18,132.45,131.94,132.29,0.083219852
21.01.2021 14:00:00.000,133.97,135.07,133.83,134.86,0.664327835
21.01.2021 15:00:00.000,134.86,136.34,134.79,135.98,0.830490879
21.01.2021 16:00:00.000,135.98,136.37,135.56,136.07,0.066186204
21.01.2021 17:00:00.000,136.07,136.2,135.21,136.16,0.066142427
21.01.2021 18:00:00.000,136.17,136.47,135.91,136.12,-0.036718807
21.01.2021 19:00:00.000,136.12,136.69,136.09,136.53,0.301204819
21.01.2021 20:00:00.000,136.53,137.33,136.44,136.89,0.263678312
22.01.2021 14:00:00.000,135.73,137.57,135.33,137.33,1.178810875
22.01.2021 15:00:00.000,137.34,137.66,136.02,136.87,-0.342216397
22.01.2021 16:00:00.000,136.87,137.51,136.8,137.34,0.343391539
22.01.2021 17:00:00.000,137.34,138.17,137.2,137.97,0.458715596
22.01.2021 18:00:00.000,137.97,138.31,137.73,137.99,0.014495905
22.01.2021 19:00:00.000,137.99,139.18,137.88,139.08,0.789912312
22.01.2021 20:00:00.000,139.08,139.85,138.62,139.44,0.258843831
25.01.2021 14:00:00.000,144.54,145.08,143.59,144.93,0.269821503
25.01.2021 15:00:00.000,144.93,144.98,140.88,141.09,-2.649554958
25.01.2021 16:00:00.000,141.09,142.75,136.54,142.59,1.06315118
25.01.2021 17:00:00.000,142.59,142.94,140.9,142.42,-0.119222947
25.01.2021 18:00:00.000,142.42,143.28,142.15,142.65,0.161494172
25.01.2021 19:00:00.000,142.65,142.99,141.79,142.68,0.021030494
25.01.2021 20:00:00.000,142.68,142.94,141.75,142.9,0.154191197
26.01.2021 14:00:00.000,143.93,144.2,141.37,143.02,-0.632251789
26.01.2021 15:00:00.000,143.03,143.2,141.89,142.64,-0.272670069
26.01.2021 16:00:00.000,142.66,143.16,141.83,141.91,-0.525725501
26.01.2021 17:00:00.000,141.91,142.44,141.91,142.2,0.204354873
26.01.2021 18:00:00.000,142.21,143.19,142.03,142.96,0.527389072
26.01.2021 19:00:00.000,142.96,143.37,142.63,142.91,-0.034974818
26.01.2021 20:00:00.000,142.91,143.31,142.75,143.05,0.097963753
27.01.2021 14:00:00.000,142.47,143,141.44,142.75,0.196532603
27.01.2021 15:00:00.000,142.79,144.28,142.77,143.33,0.378177744
27.01.2021 16:00:00.000,143.31,143.36,141.83,141.92,-0.969925337
27.01.2021 17:00:00.000,141.92,143.53,141.77,143.32,0.986471251
27.01.2021 18:00:00.000,143.32,143.64,142.91,143.39,0.048841753
27.01.2021 19:00:00.000,143.39,143.98,141.26,141.77,-1.129785899
27.01.2021 20:00:00.000,141.75,142.39,140.4,142,0.176366843
28.01.2021 14:00:00.000,138.99,139.94,138,138.24,-0.539607166
28.01.2021 15:00:00.000,138.25,140.32,138,139.23,0.708860759
28.01.2021 16:00:00.000,139.23,140.02,138.48,139.05,-0.129282482
28.01.2021 17:00:00.000,139.05,141.97,139,140.7,1.186623517
28.01.2021 18:00:00.000,140.71,140.92,139.9,140.2,-0.362447587
28.01.2021 19:00:00.000,140.2,140.33,139.03,139.32,-0.62767475
28.01.2021 20:00:00.000,139.29,139.33,137.13,137.15,-1.536362984
29.01.2021 14:00:00.000,136.72,136.72,133.78,135.11,-1.177589233
29.01.2021 15:00:00.000,135.11,135.58,133.83,134.11,-0.740137666
29.01.2021 16:00:00.000,134.11,134.33,131.2,132.98,-0.842591902
29.01.2021 17:00:00.000,132.98,133.3,130.21,130.57,-1.812302602
29.01.2021 18:00:00.000,130.57,132.8,130.34,131.65,0.827142529
29.01.2021 19:00:00.000,131.65,132.58,131.03,131.62,-0.022787695
29.01.2021 20:00:00.000,131.62,133.49,131.61,132.54,0.698981918
01.02.2021 14:00:00.000,134.65,134.79,130.92,132.25,-1.782398812
01.02.2021 15:00:00.000,132.25,133.83,131.27,132.95,0.529300567
01.02.2021 16:00:00.000,132.95,134.42,132.28,133.77,0.616773223
01.02.2021 17:00:00.000,133.77,134.95,133.76,134.82,0.784929356
01.02.2021 18:00:00.000,134.82,135.38,134.26,134.74,-0.059338377
01.02.2021 19:00:00.000,134.73,134.77,133.88,134.22,-0.378534847
01.02.2021 20:00:00.000,134.22,134.84,134.13,134.41,0.141558635
02.02.2021 14:00:00.000,135.95,136.12,134.95,135.42,-0.389849209
02.02.2021 15:00:00.000,135.42,136.02,135.02,135.47,0.036922168
02.02.2021 16:00:00.000,135.47,135.65,134.84,135.04,-0.317413449
02.02.2021 17:00:00.000,135.11,135.47,134.9,135,-0.081415143
02.02.2021 18:00:00.000,135,135.18,134.62,134.98,-0.014814815
02.02.2021 19:00:00.000,134.98,135.12,134.73,134.86,-0.08890206
02.02.2021 20:00:00.000,134.86,135.45,134.61,135.25,0.289188788
03.02.2021 14:00:00.000,134.97,135.34,134.34,135.34,0.274134993
03.02.2021 15:00:00.000,135.34,135.39,133.61,134.1,-0.916211024
03.02.2021 16:00:00.000,134.1,134.75,133.86,134.58,0.357941834
03.02.2021 17:00:00.000,134.58,135.46,134.54,135.44,0.639025115
03.02.2021 18:00:00.000,135.43,135.54,134.82,134.99,-0.324891088
03.02.2021 19:00:00.000,134.99,135.06,134.31,134.38,-0.451885325
03.02.2021 20:00:00.000,134.36,134.58,134,134.11,-0.186067282
04.02.2021 14:00:00.000,135.92,136.14,135.06,135.27,-0.478222484
04.02.2021 15:00:00.000,135.27,135.74,134.59,135.01,-0.192208176
04.02.2021 16:00:00.000,135,136.33,134.99,136.02,0.755555556
04.02.2021 17:00:00.000,136.02,136.26,135.75,135.84,-0.13233348
04.02.2021 18:00:00.000,135.84,136.26,135.75,136.21,0.27237927
04.02.2021 19:00:00.000,136.21,136.84,136.21,136.74,0.389105058
04.02.2021 20:00:00.000,136.74,137.14,136.68,137.13,0.285212813
05.02.2021 14:00:00.000,136.39,137.24,136.07,136.52,0.095314906
05.02.2021 15:00:00.000,136.52,136.75,135.86,136.46,-0.043949604
05.02.2021 16:00:00.000,136.46,136.76,136.19,136.58,0.087937857
05.02.2021 17:00:00.000,136.58,137.12,136.51,137.05,0.344120662
05.02.2021 18:00:00.000,137.05,137.32,136.51,136.53,-0.379423568
05.02.2021 19:00:00.000,136.53,136.78,136.42,136.66,0.095217168
05.02.2021 20:00:00.000,136.66,136.73,136.06,136.48,-0.131713742
08.02.2021 14:00:00.000,135.13,135.82,134.96,135.68,0.407015467
08.02.2021 15:00:00.000,135.68,136.67,135.59,136.6,0.678066038
08.02.2021 16:00:00.000,136.6,136.9,135.84,136.23,-0.270863836
08.02.2021 17:00:00.000,136.23,136.53,135.83,135.97,-0.190853703
08.02.2021 18:00:00.000,135.97,136.29,135.82,135.93,-0.029418254
08.02.2021 19:00:00.000,135.93,136.32,135.89,136.31,0.279555654
08.02.2021 20:00:00.000,136.31,136.68,136.14,136.64,0.242095224
09.02.2021 14:00:00.000,137.35,137.67,136.81,136.94,-0.298507463
09.02.2021 15:00:00.000,136.95,137.87,136.82,137.19,0.17524644
09.02.2021 16:00:00.000,137.19,137.26,136.43,136.46,-0.532108754
09.02.2021 17:00:00.000,136.46,136.78,136.43,136.57,0.080609702
09.02.2021 18:00:00.000,136.57,136.6,136.18,136.41,-0.117156037
09.02.2021 19:00:00.000,136.41,136.79,136.4,136.71,0.219925225
09.02.2021 20:00:00.000,136.71,136.73,135.89,135.9,-0.592495063
10.02.2021 14:00:00.000,136.51,136.71,136.12,136.38,-0.095231119
10.02.2021 15:00:00.000,136.37,136.72,134.4,135.35,-0.747965095
10.02.2021 16:00:00.000,135.35,135.64,134.82,135.41,0.044329516
10.02.2021 17:00:00.000,135.41,135.45,135.04,135.08,-0.243704305
10.02.2021 18:00:00.000,135.08,135.23,134.93,135.06,-0.014806041
10.02.2021 19:00:00.000,135.07,135.84,135.03,135.6,0.392389132
10.02.2021 20:00:00.000,135.6,135.79,134.94,135.08,-0.383480826
11.02.2021 14:00:00.000,136.01,136.3,135,135,-0.742592456
11.02.2021 15:00:00.000,135.01,135.52,134.91,135.11,0.074068588
11.02.2021 16:00:00.000,135.1,135.22,134.75,134.9,-0.14803849
11.02.2021 17:00:00.000,134.9,134.99,133.87,134.28,-0.459599703
11.02.2021 18:00:00.000,134.28,134.38,133.95,134.18,-0.074471254
11.02.2021 19:00:00.000,134.18,134.33,133.77,134.33,0.111790133
11.02.2021 20:00:00.000,134.33,135.08,134.3,135.06,0.543437802
12.02.2021 14:00:00.000,134.42,134.42,133.79,133.87,-0.409165303
12.02.2021 15:00:00.000,133.87,134.84,133.69,134.55,0.507955479
12.02.2021 16:00:00.000,134.55,134.76,134.29,134.31,-0.178372352
12.02.2021 17:00:00.000,134.31,134.49,134.07,134.31,0
12.02.2021 18:00:00.000,134.31,134.38,134.08,134.27,-0.029781848
12.02.2021 19:00:00.000,134.27,134.68,134.08,134.59,0.238325762
12.02.2021 20:00:00.000,134.59,135.34,134.46,135.32,0.542387993
16.02.2021 14:00:00.000,135.28,135.37,134.68,135.03,-0.184801892
16.02.2021 15:00:00.000,135.03,135.14,134.14,134.31,-0.533214841
16.02.2021 16:00:00.000,134.3,134.32,132.95,133.1,-0.893521966
16.02.2021 17:00:00.000,133.1,133.72,132.9,133.47,0.277986476
16.02.2021 18:00:00.000,133.47,133.55,132.81,132.92,-0.41207762
16.02.2021 19:00:00.000,132.92,133.64,132.92,133.16,0.180559735
16.02.2021 20:00:00.000,133.16,133.45,133.01,133.22,0.045058576
17.02.2021 14:00:00.000,131.56,132.21,130.81,130.82,-0.562480997
17.02.2021 15:00:00.000,130.82,131.03,129.88,130.87,0.038220456
17.02.2021 16:00:00.000,130.87,130.98,129.46,130.24,-0.48139375
17.02.2021 17:00:00.000,130.25,130.41,129.69,130.38,0.099808061
17.02.2021 18:00:00.000,130.38,130.65,130.16,130.49,0.084368768
17.02.2021 19:00:00.000,130.49,130.73,130.25,130.34,-0.114951337
17.02.2021 20:00:00.000,130.34,130.98,130.26,130.84,0.383612091
18.02.2021 14:00:00.000,129.26,129.67,128.83,129.53,0.208881324
18.02.2021 15:00:00.000,129.52,129.56,127.4,128.54,-0.756639901
18.02.2021 16:00:00.000,128.55,129.1,128.12,128.33,-0.171139634
18.02.2021 17:00:00.000,128.33,128.82,127.9,128.69,0.280526767
18.02.2021 18:00:00.000,128.69,129.05,128.45,128.55,-0.108788562
18.02.2021 19:00:00.000,128.55,129.12,128.46,129.07,0.404511863
18.02.2021 20:00:00.000,129.07,129.99,129.03,129.67,0.464864027
19.02.2021 14:00:00.000,129.77,130.44,129.44,130.43,0.508592125
19.02.2021 15:00:00.000,130.43,130.52,129.47,129.94,-0.375680442
19.02.2021 16:00:00.000,129.94,130.7,129.82,130.07,0.100046175
19.02.2021 17:00:00.000,130.07,130.16,129.03,129.33,-0.568924425
19.02.2021 18:00:00.000,129.33,129.41,128.79,129.12,-0.162375319
19.02.2021 19:00:00.000,129.13,129.65,128.81,129.64,0.394950825
19.02.2021 20:00:00.000,129.64,130.09,129.58,129.8,0.123418698
22.02.2021 14:00:00.000,128.08,129.04,127.82,128.48,0.312304809
22.02.2021 15:00:00.000,128.48,128.84,125.6,125.92,-1.99252802
22.02.2021 16:00:00.000,125.92,127.24,125.79,126.9,0.778271919
22.02.2021 17:00:00.000,126.9,127.25,126.5,127.25,0.275807723
22.02.2021 18:00:00.000,127.25,127.95,126.93,127.75,0.392927308
22.02.2021 19:00:00.000,127.75,127.82,127.19,127.28,-0.367906067
22.02.2021 20:00:00.000,127.28,127.29,126.1,126.13,-0.903519799
23.02.2021 14:00:00.000,123.36,123.37,118.37,121.72,-1.329442283
23.02.2021 15:00:00.000,121.72,123.91,121.4,123.64,1.577390733
23.02.2021 16:00:00.000,123.64,124.11,122.02,122.12,-1.229375607
23.02.2021 17:00:00.000,122.12,122.8,121.31,122.13,0.008188667
23.02.2021 18:00:00.000,122.13,124.59,121.91,124.4,1.858675182
23.02.2021 19:00:00.000,124.39,125.64,124.19,125.63,0.9968647
23.02.2021 20:00:00.000,125.64,126.7,125.46,125.95,0.246736708
24.02.2021 14:00:00.000,124.24,124.38,123.21,123.35,-0.716355441
24.02.2021 15:00:00.000,123.35,124.47,122.23,124.25,0.729631131
24.02.2021 16:00:00.000,124.25,124.92,123.95,124.52,0.217303823
24.02.2021 17:00:00.000,124.52,125.13,124.41,124.43,-0.072277546
24.02.2021 18:00:00.000,124.43,125.18,123.95,124.91,0.385759061
24.02.2021 19:00:00.000,124.92,124.98,124.28,124.45,-0.376240794
24.02.2021 20:00:00.000,124.45,125.22,124.2,125.2,0.602651667
25.02.2021 14:00:00.000,125.22,126.45,124.49,124.62,-0.479156684
25.02.2021 15:00:00.000,124.62,124.65,123.13,123.99,-0.505536832
25.02.2021 16:00:00.000,123.99,124.23,122.45,122.6,-1.12105815
25.02.2021 17:00:00.000,122.6,122.88,121.26,121.36,-1.01141925
25.02.2021 18:00:00.000,121.28,122.64,120.75,122.17,0.73383905
25.02.2021 19:00:00.000,122.17,123.42,121.99,122.05,-0.098223787
25.02.2021 20:00:00.000,122.05,122.28,120.54,121.59,-0.376894715
26.02.2021 14:00:00.000,122.43,123.93,122.01,122.3,-0.106183125
26.02.2021 15:00:00.000,122.31,124.11,121.28,123.83,1.242743848
26.02.2021 16:00:00.000,123.83,124.47,122.99,124.35,0.41993055
26.02.2021 17:00:00.000,124.35,124.75,123.58,123.67,-0.546843587
26.02.2021 18:00:00.000,123.67,124.34,122.75,123.05,-0.501334196
26.02.2021 19:00:00.000,123.06,123.68,122.78,123.58,0.422558102
26.02.2021 20:00:00.000,123.59,124.84,122.82,122.86,-0.590662675
01.03.2021 14:00:00.000,123.3,124.82,122.79,124.8,1.216545012
01.03.2021 15:00:00.000,124.8,125.72,124.5,125.61,0.649038462
01.03.2021 16:00:00.000,125.61,126.59,125.42,126.53,0.732425762
01.03.2021 17:00:00.000,126.53,126.61,125.82,126.16,-0.29242077
01.03.2021 18:00:00.000,126.17,126.55,125.66,126.35,0.142664659
01.03.2021 19:00:00.000,126.35,127.74,126.27,127.57,0.965571824
01.03.2021 20:00:00.000,127.57,127.83,127.27,127.8,0.180293172
02.03.2021 14:00:00.000,127.25,127.29,126.18,126.71,-0.424361493
02.03.2021 15:00:00.000,126.72,127.19,125.72,126.13,-0.465593434
02.03.2021 16:00:00.000,126.13,126.44,125.45,125.81,-0.253706493
02.03.2021 17:00:00.000,125.81,126.67,125.71,126.16,0.278197282
02.03.2021 18:00:00.000,126.16,126.42,125.94,125.97,-0.15060241
02.03.2021 19:00:00.000,125.98,126.2,125.58,126.01,0.023813304
02.03.2021 20:00:00.000,126.01,126.31,125.21,125.52,-0.388858027
03.03.2021 14:00:00.000,125.57,125.57,123.76,123.99,-1.258262324
03.03.2021 15:00:00.000,123.99,124.69,123.11,124.63,0.516170659
03.03.2021 16:00:00.000,124.62,124.93,124.02,124.05,-0.457390467
03.03.2021 17:00:00.000,124.05,124.46,123.44,123.47,-0.467553406
03.03.2021 18:00:00.000,123.47,124.16,122.93,123.14,-0.267271402
03.03.2021 19:00:00.000,123.14,123.2,121.83,122.81,-0.267987656
03.03.2021 20:00:00.000,122.8,122.97,122.12,122.26,-0.439739414
04.03.2021 14:00:00.000,122.75,123.59,120.58,120.93,-1.482688391
04.03.2021 15:00:00.000,120.93,122.99,120.31,122.82,1.562887621
04.03.2021 16:00:00.000,122.82,123.27,121.96,122.54,-0.2279759
04.03.2021 17:00:00.000,122.54,123.04,119.99,120.39,-1.754529133
04.03.2021 18:00:00.000,120.4,120.71,118.68,118.74,-1.378737542
04.03.2021 19:00:00.000,118.74,120.85,118.61,120.34,1.347481893
04.03.2021 20:00:00.000,120.31,120.5,119.51,120.01,-0.249355831
05.03.2021 14:00:00.000,120.02,120.31,118.61,119.13,-0.741543076
05.03.2021 15:00:00.000,119.13,120.01,118.38,118.93,-0.167883824
05.03.2021 16:00:00.000,118.93,119.32,117.56,119.02,0.075674767
05.03.2021 17:00:00.000,119,119.71,118.54,119.2,0.168067227
05.03.2021 18:00:00.000,119.2,120.7,118.46,120.28,0.906040268
05.03.2021 19:00:00.000,120.27,121.46,119.63,121.33,0.881350295
05.03.2021 20:00:00.000,121.33,121.65,120.86,121.42,0.074177862
08.03.2021 14:00:00.000,119.2,119.95,118.25,118.44,-0.637583893
08.03.2021 15:00:00.000,118.44,119.48,118.05,118.62,0.151975684
08.03.2021 16:00:00.000,118.63,119.03,117.63,117.63,-0.842957093
08.03.2021 17:00:00.000,117.63,118.25,117.4,117.73,0.085012327
08.03.2021 18:00:00.000,117.73,118.24,116.76,116.81,-0.781449078
08.03.2021 19:00:00.000,116.81,117.81,116.77,117.24,0.368119168
08.03.2021 20:00:00.000,117.24,117.38,116.59,116.64,-0.511770727
09.03.2021 14:00:00.000,119.32,120.48,118.79,120.27,0.796178344
09.03.2021 15:00:00.000,120.27,121.55,120.07,120.27,0
09.03.2021 16:00:00.000,120.27,120.68,120.05,120.55,0.232809512
09.03.2021 17:00:00.000,120.55,121.23,120.46,120.87,0.265450021
09.03.2021 18:00:00.000,120.87,121.94,120.87,121.63,0.628774717
09.03.2021 19:00:00.000,121.63,121.72,121.05,121.55,-0.065773247
09.03.2021 20:00:00.000,121.55,122.05,120.82,121.48,-0.057589469
10.03.2021 14:00:00.000,121.08,121.55,120.1,120.82,-0.21473406
10.03.2021 15:00:00.000,120.83,121.12,119.45,119.76,-0.88554167
10.03.2021 16:00:00.000,119.76,120.49,119.47,120.35,0.492651971
10.03.2021 17:00:00.000,120.34,120.48,119.59,120.18,-0.132956623
10.03.2021 18:00:00.000,120.18,120.47,119.54,120.01,-0.141454485
10.03.2021 19:00:00.000,120.01,120.92,119.81,120.66,0.541621532
10.03.2021 20:00:00.000,120.66,120.83,120,120.06,-0.497265042
11.03.2021 14:00:00.000,122.76,123.2,121.4,121.69,-0.87161942
11.03.2021 15:00:00.000,121.69,122.4,121.25,122.36,0.550579341
11.03.2021 16:00:00.000,122.36,122.76,122.01,122.01,-0.28604119
11.03.2021 17:00:00.000,122.01,122.45,121.73,121.83,-0.147528891
11.03.2021 18:00:00.000,121.83,122.3,121.55,121.9,0.057457112
11.03.2021 19:00:00.000,121.9,122.04,121.7,121.82,-0.065627564
11.03.2021 20:00:00.000,121.82,122.22,121.75,121.97,0.123132491
12.03.2021 14:00:00.000,119.9,120.04,119.15,119.93,0.025020851
12.03.2021 15:00:00.000,119.94,120.28,119.27,119.59,-0.291812573
12.03.2021 16:00:00.000,119.59,120.2,119.42,120.11,0.434818965
12.03.2021 17:00:00.000,120.11,121.07,119.99,120.68,0.474564982
12.03.2021 18:00:00.000,120.68,121,120.42,120.64,-0.033145509
12.03.2021 19:00:00.000,120.64,120.89,120.5,120.75,0.091180371
12.03.2021 20:00:00.000,120.75,121.16,120.46,120.78,0.02484472
15.03.2021 14:00:00.000,120.88,123.63,120.74,123.25,1.960622105
15.03.2021 15:00:00.000,123.25,123.46,122.23,123.11,-0.113590264
15.03.2021 16:00:00.000,123.11,123.22,122.04,122.34,-0.625456908
15.03.2021 17:00:00.000,122.34,122.61,122.2,122.52,0.147130947
15.03.2021 18:00:00.000,122.52,123.15,122.44,123.1,0.473392099
15.03.2021 19:00:00.000,123.1,123.63,123.09,123.36,0.211210398
15.03.2021 20:00:00.000,123.36,123.9,123.06,123.87,0.413424125
16.03.2021 14:00:00.000,126.01,126.64,125.29,126.51,0.396793905
16.03.2021 15:00:00.000,126.51,127.21,126.05,126.93,0.331989566
16.03.2021 16:00:00.000,126.92,127.05,126.16,126.22,-0.551528522
16.03.2021 17:00:00.000,126.22,126.32,125.33,125.85,-0.293138964
16.03.2021 18:00:00.000,125.85,126.27,125.33,125.63,-0.174811283
16.03.2021 19:00:00.000,125.63,125.83,124.71,125.33,-0.238796466
16.03.2021 20:00:00.000,125.33,125.92,125.23,125.65,0.25532594
17.03.2021 14:00:00.000,123.51,123.56,122.82,123.27,-0.19431625
17.03.2021 15:00:00.000,123.27,123.62,122.79,123.04,-0.186582299
17.03.2021 16:00:00.000,123.04,123.05,122.47,122.66,-0.308842653
17.03.2021 17:00:00.000,122.66,122.9,122.39,122.47,-0.154899723
17.03.2021 18:00:00.000,122.47,122.92,122.33,122.82,0.285784274
17.03.2021 19:00:00.000,122.82,125.38,122.82,125.36,2.06806709
17.03.2021 20:00:00.000,125.36,125.85,124.38,124.46,-0.717932355
18.03.2021 14:00:00.000,122.66,122.8,121.77,122.35,-0.252731127
18.03.2021 15:00:00.000,122.35,122.63,121.58,122.51,0.130772374
18.03.2021 16:00:00.000,122.51,122.72,121.77,121.92,-0.481593339
18.03.2021 17:00:00.000,121.92,122.58,121.71,121.75,-0.139435696
18.03.2021 18:00:00.000,121.75,122.21,121.69,121.96,0.1724846
18.03.2021 19:00:00.000,121.96,122.02,121.02,121.17,-0.647753362
18.03.2021 20:00:00.000,121.17,121.36,120.32,120.52,-0.536436412
19.03.2021 14:00:00.000,121.04,121.15,119.98,120.68,-0.29742234
19.03.2021 15:00:00.000,120.68,120.72,119.67,120.5,-0.14915479
19.03.2021 16:00:00.000,120.5,120.61,119.86,120.46,-0.033195021
19.03.2021 17:00:00.000,120.46,121.15,120.4,120.92,0.3818695
19.03.2021 18:00:00.000,120.92,120.94,120.27,120.31,-0.504465762
19.03.2021 19:00:00.000,120.31,120.48,119.9,120.11,-0.166237221
19.03.2021 20:00:00.000,120.11,120.96,119.9,120.32,0.17483973
22.03.2021 14:00:00.000,121.615,121.753,121.063,121.412,-0.166920199
22.03.2021 15:00:00.000,121.4,122.679,121.4,122.539,0.938220758
22.03.2021 16:00:00.000,122.554,122.824,122.198,122.303,-0.204807677
22.03.2021 17:00:00.000,122.291,123.747,122.291,123.407,0.912577377
22.03.2021 18:00:00.000,123.419,123.687,123.027,123.666,0.20013126
22.03.2021 19:00:00.000,123.662,123.829,123.383,123.775,0.091378111
22.03.2021 20:00:00.000,123.775,123.85,123.001,123.464,-0.251262371
23.03.2021 14:00:00.000,122.562,123.089,122.525,122.73,0.137073481
23.03.2021 15:00:00.000,122.712,123.745,122.581,123.227,0.419681857
23.03.2021 16:00:00.000,123.225,124.215,122.821,123.144,-0.065733414
23.03.2021 17:00:00.000,123.16,123.348,122.652,123.135,-0.020298798
23.03.2021 18:00:00.000,123.14,123.595,122.905,123.029,-0.090141303
23.03.2021 19:00:00.000,123.031,123.416,122.502,122.504,-0.428347327
23.03.2021 20:00:00.000,122.508,122.809,122.135,122.581,0.059587945
24.03.2021 14:00:00.000,122.223,122.369,121.587,121.615,-0.49745138
24.03.2021 15:00:00.000,121.58,121.995,121.093,121.672,0.075670341
24.03.2021 16:00:00.000,121.706,122.423,121.431,121.545,-0.132286001
24.03.2021 17:00:00.000,121.541,121.709,121.1,121.121,-0.345562403
24.03.2021 18:00:00.000,121.109,121.467,120.637,121.414,0.251839252
24.03.2021 19:00:00.000,121.41,121.537,120.502,120.545,-0.712461906
24.03.2021 20:00:00.000,120.548,120.822,120.291,120.391,-0.130238577
25.03.2021 14:00:00.000,119.848,121.034,119.795,120.99,0.95287364
25.03.2021 15:00:00.000,120.998,121.63,119.266,119.704,-1.069439164
25.03.2021 16:00:00.000,119.683,119.929,119.071,119.695,0.010026487
25.03.2021 17:00:00.000,119.702,120.336,119.52,120.146,0.370921121
25.03.2021 18:00:00.000,120.139,120.565,119.758,119.937,-0.168138573
25.03.2021 19:00:00.000,119.932,120.589,119.483,120.559,0.522796251
25.03.2021 20:00:00.000,120.565,121.087,120.541,120.786,0.183303612
26.03.2021 14:00:00.000,120.817,120.928,119.997,120.127,-0.571111681
26.03.2021 15:00:00.000,120.14,120.747,119.788,120.127,-0.010820709
26.03.2021 16:00:00.000,120.134,120.424,119.472,120.424,0.241397107
26.03.2021 17:00:00.000,120.431,120.719,120.01,120.429,-0.001660702
26.03.2021 18:00:00.000,120.427,120.667,119.801,119.885,-0.450065185
26.03.2021 19:00:00.000,119.882,120.117,118.914,119.575,-0.25608515
26.03.2021 20:00:00.000,119.57,120.732,119.566,120.723,0.964288701
29.03.2021 14:00:00.000,122.101,122.563,121.205,121.312,-0.646186354
29.03.2021 15:00:00.000,121.29,122.07,120.843,121.591,0.248165554
29.03.2021 16:00:00.000,121.587,121.587,120.912,121.177,-0.337207103
29.03.2021 17:00:00.000,121.183,121.379,120.701,121.351,0.138633307
29.03.2021 18:00:00.000,121.356,121.967,121.356,121.63,0.225781997
29.03.2021 19:00:00.000,121.631,121.671,121.007,121.154,-0.392169759
29.03.2021 20:00:00.000,121.198,121.717,121.18,121.299,0.083334708
30.03.2021 14:00:00.000,119.825,120.015,119.246,119.474,-0.292927185
30.03.2021 15:00:00.000,119.493,119.614,118.841,119.488,-0.004184346
30.03.2021 16:00:00.000,119.486,120.352,119.334,119.86,0.313007382
30.03.2021 17:00:00.000,119.853,119.955,119.55,119.725,-0.106797494
30.03.2021 18:00:00.000,119.719,120.064,119.49,119.729,0.008352893
30.03.2021 19:00:00.000,119.727,119.809,119.451,119.707,-0.01670467
30.03.2021 20:00:00.000,119.69,120.219,119.561,119.61,-0.066839335
31.03.2021 14:00:00.000,121.546,123.028,121.472,122.94,1.146890889
31.03.2021 15:00:00.000,122.958,123.221,122.51,122.799,-0.129312448
31.03.2021 16:00:00.000,122.782,123.28,122.63,123.257,0.386864524
31.03.2021 17:00:00.000,123.257,123.509,123.056,123.061,-0.159017338
31.03.2021 18:00:00.000,123.068,123.359,122.773,122.827,-0.195826697
31.03.2021 19:00:00.000,122.814,122.902,122.431,122.769,-0.036640774
31.03.2021 20:00:00.000,122.769,122.869,122.112,122.112,-0.535151382
01.04.2021 14:00:00.000,123.371,124.157,123.252,123.567,0.158870399
01.04.2021 15:00:00.000,123.564,123.648,122.987,123.445,-0.096306368
01.04.2021 16:00:00.000,123.433,123.683,122.872,122.887,-0.44234524
01.04.2021 17:00:00.000,122.89,123.428,122.822,123.164,0.222963626
01.04.2021 18:00:00.000,123.162,123.228,122.601,122.662,-0.405969374
01.04.2021 19:00:00.000,122.663,122.947,122.55,122.655,-0.006521934
01.04.2021 20:00:00.000,122.668,122.886,122.48,122.874,0.167932957
05.04.2021 14:00:00.000,123.374,125.118,123.211,124.802,1.15745619
05.04.2021 15:00:00.000,124.786,125.601,124.552,125.146,0.288493902
05.04.2021 16:00:00.000,125.162,125.559,124.81,125.316,0.123040539
05.04.2021 17:00:00.000,125.319,125.947,125.29,125.54,0.176349955
05.04.2021 18:00:00.000,125.547,126.058,125.521,126.037,0.390292082
05.04.2021 19:00:00.000,126.028,126.149,125.581,125.623,-0.321357159
05.04.2021 20:00:00.000,125.613,125.979,125.29,125.927,0.249974127
06.04.2021 14:00:00.000,125.792,126.549,125.646,126.529,0.585887815
06.04.2021 15:00:00.000,126.545,126.946,125.955,126.548,0.002370698
06.04.2021 16:00:00.000,126.556,127.108,126.48,126.904,0.274977085
06.04.2021 17:00:00.000,126.903,126.928,126.202,126.216,-0.54135836
06.04.2021 18:00:00.000,126.223,126.277,125.73,126.17,-0.041989178
06.04.2021 19:00:00.000,126.182,126.589,126.1,126.524,0.271037073
06.04.2021 20:00:00.000,126.527,126.66,126.095,126.124,-0.318509093
07.04.2021 14:00:00.000,125.256,126.192,125.131,126.105,0.677811841
07.04.2021 15:00:00.000,126.105,127.224,126.027,126.873,0.609016296
07.04.2021 16:00:00.000,126.889,127.449,126.74,127.304,0.327057507
07.04.2021 17:00:00.000,127.301,127.469,127.012,127.072,-0.17988861
07.04.2021 18:00:00.000,127.057,127.239,126.837,127.23,0.136159362
07.04.2021 19:00:00.000,127.224,127.76,127.211,127.565,0.268031189
07.04.2021 20:00:00.000,127.551,127.789,127.19,127.605,0.042336007
08.04.2021 14:00:00.000,129.291,129.986,129.002,129.944,0.505062224
08.04.2021 15:00:00.000,129.952,130.057,129.01,129.238,-0.549433637
08.04.2021 16:00:00.000,129.237,129.646,129.047,129.559,0.249154654
08.04.2021 17:00:00.000,129.568,129.889,129.39,129.801,0.179828353
08.04.2021 18:00:00.000,129.805,130.249,129.724,129.921,0.089364816
08.04.2021 19:00:00.000,129.936,130.369,129.89,130.261,0.250123138
08.04.2021 20:00:00.000,130.268,130.309,129.901,130.206,-0.04759419
09.04.2021 14:00:00.000,129.596,131.029,129.473,130.833,0.954504769
09.04.2021 15:00:00.000,130.839,131.407,130.658,130.763,-0.058086656
09.04.2021 16:00:00.000,130.769,131.534,130.52,131.429,0.504706773
09.04.2021 17:00:00.000,131.412,131.797,131.253,131.753,0.25948924
09.04.2021 18:00:00.000,131.766,132.599,131.711,132.399,0.480397068
09.04.2021 19:00:00.000,132.399,132.473,131.991,132.258,-0.106496273
09.04.2021 20:00:00.000,132.248,132.961,131.88,132.92,0.508136229
12.04.2021 14:00:00.000,131.821,132.665,131.347,131.621,-0.151720894
12.04.2021 15:00:00.000,131.608,132.208,131.023,131.158,-0.341924503
12.04.2021 16:00:00.000,131.175,131.417,130.611,130.943,-0.176862969
12.04.2021 17:00:00.000,130.963,131.849,130.832,131.83,0.662019044
12.04.2021 18:00:00.000,131.834,132.254,131.438,131.47,-0.276104798
12.04.2021 19:00:00.000,131.496,131.817,130.902,131.009,-0.370353471
12.04.2021 20:00:00.000,131.005,131.519,130.831,131.298,0.223655586
13.04.2021 14:00:00.000,132.209,133.662,132.195,133.096,0.670907427
13.04.2021 15:00:00.000,133.108,133.628,132.75,133.131,0.017279202
13.04.2021 16:00:00.000,133.136,133.418,132.8,133.035,-0.075862276
13.04.2021 17:00:00.000,133.04,134.629,132.986,134.131,0.820054119
13.04.2021 18:00:00.000,134.126,134.509,134.05,134.256,0.096923788
13.04.2021 19:00:00.000,134.263,134.532,134.031,134.344,0.060329354
13.04.2021 20:00:00.000,134.344,134.589,134.205,134.489,0.107931876
14.04.2021 14:00:00.000,133.675,134.385,133.455,134.005,0.246867402
14.04.2021 15:00:00.000,133.995,134.017,133.243,133.279,-0.534348297
14.04.2021 16:00:00.000,133.284,133.449,132.562,133.319,0.026259716
14.04.2021 17:00:00.000,133.321,133.599,132.963,133.51,0.141763113
14.04.2021 18:00:00.000,133.513,133.569,132.55,132.664,-0.635893134
14.04.2021 19:00:00.000,132.654,132.939,131.644,132.286,-0.277413421
14.04.2021 20:00:00.000,132.278,132.638,131.931,131.953,-0.245694673
15.04.2021 14:00:00.000,134.012,134.943,134.012,134.32,0.229830164
15.04.2021 15:00:00.000,134.33,134.966,134.073,134.283,-0.034988461
15.04.2021 16:00:00.000,134.282,134.686,134.032,134.29,0.005957612
15.04.2021 17:00:00.000,134.289,134.576,133.68,134.545,0.190633633
15.04.2021 18:00:00.000,134.561,134.739,134.245,134.572,0.008174731
15.04.2021 19:00:00.000,134.574,134.667,134.113,134.248,-0.242245902
15.04.2021 20:00:00.000,134.242,134.485,133.92,134.453,0.157178826
16.04.2021 14:00:00.000,133.881,134.119,133.275,133.396,-0.362262009
16.04.2021 15:00:00.000,133.398,134.565,133.35,133.956,0.418297126
16.04.2021 16:00:00.000,133.963,134.079,133.661,133.81,-0.11421064
16.04.2021 17:00:00.000,133.819,134.115,133.716,133.773,-0.03437479
16.04.2021 18:00:00.000,133.766,133.909,133.502,133.513,-0.189136253
16.04.2021 19:00:00.000,133.51,134.109,133.495,133.983,0.354280578
16.04.2021 20:00:00.000,133.973,134.168,133.86,134.086,0.084345353
19.04.2021 14:00:00.000,134.446,135.302,134.446,135.192,0.554869613
19.04.2021 15:00:00.000,135.206,135.456,134.142,134.777,-0.317293611
19.04.2021 16:00:00.000,134.778,135.079,134.242,134.356,-0.31310748
19.04.2021 17:00:00.000,134.355,134.517,133.701,134.03,-0.241896468
19.04.2021 18:00:00.000,134.035,134.658,133.94,134.541,0.377513336
19.04.2021 19:00:00.000,134.511,134.803,134.322,134.566,0.040888849
19.04.2021 20:00:00.000,134.556,134.587,134.128,134.46,-0.071345759
20.04.2021 14:00:00.000,134.755,135.515,134.425,135.197,0.328002672
20.04.2021 15:00:00.000,135.206,135.409,133.48,133.673,-1.133825422
20.04.2021 16:00:00.000,133.656,133.784,132.26,133.147,-0.380828395
20.04.2021 17:00:00.000,133.149,133.718,133.096,133.533,0.288398711
20.04.2021 18:00:00.000,133.541,133.797,132.331,133.145,-0.296538142
20.04.2021 19:00:00.000,133.149,133.149,131.798,131.967,-0.887727283
20.04.2021 20:00:00.000,131.976,133.188,131.97,133.118,0.865308844
21.04.2021 14:00:00.000,132.078,132.633,131.319,132.612,0.404306546
21.04.2021 15:00:00.000,132.592,132.619,131.895,132.141,-0.340141185
21.04.2021 16:00:00.000,132.155,133.488,132.076,133.428,0.963262835
21.04.2021 17:00:00.000,133.413,133.423,132.731,132.805,-0.455727703
21.04.2021 18:00:00.000,132.81,133.244,132.799,133.041,0.173932686
21.04.2021 19:00:00.000,133.059,133.417,133.03,133.185,0.094694835
21.04.2021 20:00:00.000,133.189,133.722,133.07,133.52,0.248519022
22.04.2021 14:00:00.000,132.814,133.235,132.599,132.959,0.109175238
22.04.2021 15:00:00.000,132.947,134.136,132.596,133.93,0.739392389
22.04.2021 16:00:00.000,133.946,134.089,133.6,133.802,-0.10750601
22.04.2021 17:00:00.000,133.798,134.079,133.525,134.01,0.158447809
22.04.2021 18:00:00.000,134.013,134.064,131.599,131.793,-1.656555707
22.04.2021 19:00:00.000,131.772,132.587,131.39,132.235,0.351364478
22.04.2021 20:00:00.000,132.22,132.511,131.85,132.057,-0.123279383
23.04.2021 14:00:00.000,132.769,133.354,132.437,133.163,0.29675602
23.04.2021 15:00:00.000,133.151,133.766,132.992,133.72,0.42733438
23.04.2021 16:00:00.000,133.713,134.563,133.603,134.351,0.47714134
23.04.2021 17:00:00.000,134.35,134.589,134.111,134.573,0.165984369
23.04.2021 18:00:00.000,134.577,135.102,134.473,134.611,0.025264347
23.04.2021 19:00:00.000,134.616,135.089,134.582,134.834,0.161942117
23.04.2021 20:00:00.000,134.846,134.968,134.455,134.519,-0.242498851
26.04.2021 14:00:00.000,134.25,134.527,133.54,134.103,-0.109497207
26.04.2021 15:00:00.000,134.075,134.777,134.016,134.474,0.29759463
26.04.2021 16:00:00.000,134.466,134.817,134.42,134.482,0.011898919
26.04.2021 17:00:00.000,134.489,134.619,134.184,134.477,-0.008922663
26.04.2021 18:00:00.000,134.46,134.678,134.341,134.391,-0.051316377
26.04.2021 19:00:00.000,134.383,135.041,134.381,134.995,0.455414747
26.04.2021 20:00:00.000,135.007,135.048,134.421,134.633,-0.277022673
27.04.2021 14:00:00.000,134.96,135.079,134.251,134.421,-0.399377593
27.04.2021 15:00:00.000,134.463,134.923,134.091,134.366,-0.072138804
27.04.2021 16:00:00.000,134.356,134.658,134.263,134.399,0.032004525
27.04.2021 17:00:00.000,134.404,135.066,134.401,134.632,0.169637808
27.04.2021 18:00:00.000,134.636,134.749,134.44,134.492,-0.106955049
27.04.2021 19:00:00.000,134.508,134.839,134.331,134.499,-0.006691052
27.04.2021 20:00:00.000,134.478,134.778,134.32,134.41,-0.050565892
28.04.2021 14:00:00.000,134.333,134.838,133.915,134.661,0.24416934
28.04.2021 15:00:00.000,134.674,134.995,133.78,134.109,-0.41953161
28.04.2021 16:00:00.000,134.096,134.207,133.066,133.223,-0.651026131
28.04.2021 17:00:00.000,133.208,133.789,133.072,133.622,0.310792145
28.04.2021 18:00:00.000,133.624,134.018,133.492,133.943,0.23872957
28.04.2021 19:00:00.000,133.956,134.759,133.641,134.291,0.250082117
28.04.2021 20:00:00.000,134.282,134.373,133.314,133.389,-0.665018394
29.04.2021 14:00:00.000,135.883,135.996,133.85,134.201,-1.237829603
29.04.2021 15:00:00.000,134.208,134.544,133.58,134.157,-0.038000715
29.04.2021 16:00:00.000,134.162,134.647,132.688,133.135,-0.765492464
29.04.2021 17:00:00.000,133.14,133.184,132.441,132.958,-0.136698212
29.04.2021 18:00:00.000,132.963,133.838,132.784,133.806,0.634010965
29.04.2021 19:00:00.000,133.815,134.55,133.715,134.19,0.280237642
29.04.2021 20:00:00.000,134.188,134.415,133.43,133.458,-0.544012877
30.04.2021 14:00:00.000,132.658,132.802,131.98,132.733,0.056536357
30.04.2021 15:00:00.000,132.732,133.539,132.188,133.443,0.535665853
30.04.2021 16:00:00.000,133.451,133.453,133,133,-0.337951758
30.04.2021 17:00:00.000,133.008,133.166,132.262,132.41,-0.449597017
30.04.2021 18:00:00.000,132.429,132.629,131.621,131.728,-0.52934025
30.04.2021 19:00:00.000,131.727,132.059,131.49,131.844,0.08882006
30.04.2021 20:00:00.000,131.871,132.129,131.056,131.133,-0.559637828
03.05.2021 14:00:00.000,132.606,133.329,132.352,133.171,0.426074235
03.05.2021 15:00:00.000,133.153,134.045,132.616,132.762,-0.293647158
03.05.2021 16:00:00.000,132.744,132.941,132.131,132.795,0.038419816
03.05.2021 17:00:00.000,132.807,132.896,132.295,132.433,-0.281611662
03.05.2021 18:00:00.000,132.431,132.593,132.184,132.445,0.010571543
03.05.2021 19:00:00.000,132.445,132.949,132.434,132.811,0.276341123
03.05.2021 20:00:00.000,132.822,132.967,132.42,132.451,-0.279321197
04.05.2021 14:00:00.000,129.77,129.912,128.381,128.513,-0.968636819
04.05.2021 15:00:00.000,128.513,128.798,127.836,128.182,-0.257561492
04.05.2021 16:00:00.000,128.175,128.25,126.719,126.914,-0.983811196
04.05.2021 17:00:00.000,126.929,127.459,126.82,126.851,-0.061451678
04.05.2021 18:00:00.000,126.869,127.276,126.681,126.967,0.077245032
04.05.2021 19:00:00.000,126.958,127.578,126.85,127.408,0.354447928
04.05.2021 20:00:00.000,127.413,127.754,127.121,127.359,-0.042381861
05.05.2021 14:00:00.000,129.881,130.436,129.365,129.676,-0.157836789
05.05.2021 15:00:00.000,129.68,129.897,128.859,129.73,0.038556447
05.05.2021 16:00:00.000,129.736,130.183,129.462,130.129,0.302922859
05.05.2021 17:00:00.000,130.147,130.174,129.396,129.439,-0.544000246
05.05.2021 18:00:00.000,129.421,129.566,129.141,129.286,-0.104310738
05.05.2021 19:00:00.000,129.289,129.319,128.623,128.792,-0.38441012
05.05.2021 20:00:00.000,128.789,128.815,127.95,128.241,-0.425502178
06.05.2021 14:00:00.000,127.21,128.519,127.105,127.579,0.290071535
06.05.2021 15:00:00.000,127.542,128.496,127.312,128.107,0.442991328
06.05.2021 16:00:00.000,128.121,129.044,127.606,128.704,0.455038596
06.05.2021 17:00:00.000,128.713,129.219,128.58,128.876,0.126638335
06.05.2021 18:00:00.000,128.863,128.999,128.54,128.701,-0.125714907
06.05.2021 19:00:00.000,128.682,129.023,128.301,128.671,-0.008548204
06.05.2021 20:00:00.000,128.666,129.607,128.582,129.535,0.6753921
07.05.2021 14:00:00.000,129.99,130.422,129.459,130.115,0.096161243
07.05.2021 15:00:00.000,130.135,130.959,129.983,130.551,0.319668037
07.05.2021 16:00:00.000,130.544,131.237,130.45,131.117,0.438932467
07.05.2021 17:00:00.000,131.109,131.138,130.36,130.581,-0.402718349
07.05.2021 18:00:00.000,130.582,130.609,129.988,129.991,-0.452589178
07.05.2021 19:00:00.000,129.992,130.359,129.838,130.296,0.233860545
07.05.2021 20:00:00.000,130.284,130.589,130.203,130.43,0.112062878
10.05.2021 14:00:00.000,128.59,128.916,128.163,128.41,-0.139979781
10.05.2021 15:00:00.000,128.432,128.629,127.852,128.167,-0.20633487
10.05.2021 16:00:00.000,128.162,128.536,127.886,128.513,0.273872131
10.05.2021 17:00:00.000,128.521,128.689,128.14,128.293,-0.177402915
10.05.2021 18:00:00.000,128.308,128.475,127.95,128.023,-0.222121769
10.05.2021 19:00:00.000,128.056,128.098,126.819,127.045,-0.789498344
10.05.2021 20:00:00.000,127.052,127.489,126.99,127,-0.040928124
11.05.2021 14:00:00.000,123.213,124.786,123.213,124.706,1.211722789
11.05.2021 15:00:00.000,124.698,124.698,123.24,124.226,-0.378514491
11.05.2021 16:00:00.000,124.233,125.399,123.924,125.094,0.693052571
11.05.2021 17:00:00.000,125.118,125.692,124.711,124.936,-0.145462683
11.05.2021 18:00:00.000,124.939,126.159,124.863,125.903,0.771576529
11.05.2021 19:00:00.000,125.891,126.25,125.495,125.719,-0.136626129
11.05.2021 20:00:00.000,125.718,126.196,125.26,125.931,0.169426812
12.05.2021 14:00:00.000,124.112,124.594,123.619,123.959,-0.123275751
12.05.2021 15:00:00.000,123.937,124.208,122.808,123.11,-0.667274502
12.05.2021 16:00:00.000,123.122,123.567,122.69,122.79,-0.26965124
12.05.2021 17:00:00.000,122.802,123.12,122.302,123.099,0.241852739
12.05.2021 18:00:00.000,123.087,123.433,122.591,122.674,-0.335535028
12.05.2021 19:00:00.000,122.688,122.939,122.232,122.758,0.057055295
12.05.2021 20:00:00.000,122.738,123.041,122.245,122.318,-0.342192312
13.05.2021 14:00:00.000,125.16,125.811,124.393,125.324,0.131032279
13.05.2021 15:00:00.000,125.379,126.118,125.14,125.99,0.487322438
13.05.2021 16:00:00.000,126.004,126.088,124.58,124.88,-0.892035173
13.05.2021 17:00:00.000,124.894,125.738,124.834,125.019,0.100084872
13.05.2021 18:00:00.000,125.019,125.299,124.24,124.669,-0.279957446
13.05.2021 19:00:00.000,124.675,125.646,124.667,125.364,0.552636856
13.05.2021 20:00:00.000,125.407,125.763,125.16,125.226,-0.144330061
14.05.2021 14:00:00.000,126.937,127.129,125.981,126.377,-0.441163727
14.05.2021 15:00:00.000,126.348,126.766,125.831,126.73,0.30233957
14.05.2021 16:00:00.000,126.747,126.774,126.381,126.504,-0.191720514
14.05.2021 17:00:00.000,126.507,127.165,126.453,127.135,0.496415218
14.05.2021 18:00:00.000,127.13,127.268,126.95,127.192,0.048768977
14.05.2021 19:00:00.000,127.194,127.718,127.134,127.517,0.253942796
14.05.2021 20:00:00.000,127.515,127.837,127.151,127.799,0.222718896
17.05.2021 14:00:00.000,126.154,126.558,126.014,126.023,-0.103841337
17.05.2021 15:00:00.000,126.002,126.384,125.446,125.972,-0.023809146
17.05.2021 16:00:00.000,125.987,126.116,125.59,125.686,-0.238913539
17.05.2021 17:00:00.000,125.67,125.889,125.468,125.565,-0.08355216
17.05.2021 18:00:00.000,125.56,125.699,125.15,125.393,-0.133004141
17.05.2021 19:00:00.000,125.384,125.609,125.21,125.57,0.148344286
17.05.2021 20:00:00.000,125.571,125.938,125.4,125.922,0.279523138
18.05.2021 14:00:00.000,126.051,126.965,126.051,126.525,0.37603827
18.05.2021 15:00:00.000,126.506,126.799,126.261,126.66,0.121733357
18.05.2021 16:00:00.000,126.676,126.857,126.191,126.264,-0.325239193
18.05.2021 17:00:00.000,126.264,126.474,126.17,126.254,-0.007919914
18.05.2021 18:00:00.000,126.257,126.359,126.004,126.025,-0.183752188
18.05.2021 19:00:00.000,126.027,126.139,125.363,125.628,-0.316598824
18.05.2021 20:00:00.000,125.614,125.77,124.954,125.009,-0.481634213
19.05.2021 14:00:00.000,123.848,124.059,123.095,123.322,-0.424714166
19.05.2021 15:00:00.000,123.294,124.028,123.1,123.601,0.248998329
19.05.2021 16:00:00.000,123.61,124.1,123.284,123.884,0.221664914
19.05.2021 17:00:00.000,123.876,124.235,123.696,123.969,0.075075075
19.05.2021 18:00:00.000,123.966,124.428,123.95,124.217,0.202474872
19.05.2021 19:00:00.000,124.237,124.889,123.49,123.923,-0.252742742
19.05.2021 20:00:00.000,123.91,124.619,123.75,124.457,0.441449439
20.05.2021 14:00:00.000,125.421,126.192,125.421,125.822,0.319723172
20.05.2021 15:00:00.000,125.821,126.45,125.744,126.342,0.41408032
20.05.2021 16:00:00.000,126.351,127.259,126.3,127.021,0.530268854
20.05.2021 17:00:00.000,127.048,127.056,126.652,126.959,-0.070052264
20.05.2021 18:00:00.000,126.965,127.367,126.88,127.133,0.132319931
20.05.2021 19:00:00.000,127.143,127.588,127.07,127.521,0.297303037
20.05.2021 20:00:00.000,127.519,127.703,127.207,127.524,0.003920984
21.05.2021 14:00:00.000,127.424,127.494,126.58,127.028,-0.310773481
21.05.2021 15:00:00.000,127.032,127.227,126.151,126.36,-0.529000567
21.05.2021 16:00:00.000,126.366,126.459,125.68,125.748,-0.4890556
21.05.2021 17:00:00.000,125.731,125.965,125.38,125.575,-0.124074413
21.05.2021 18:00:00.000,125.556,125.913,125.378,125.863,0.244512409
21.05.2021 19:00:00.000,125.877,126.079,125.522,125.948,0.056404268
21.05.2021 20:00:00.000,125.935,126.068,125.344,125.398,-0.42641045
24.05.2021 14:00:00.000,126.384,127.023,126.382,126.634,0.197809849
24.05.2021 15:00:00.000,126.659,127.649,126.649,127.512,0.673461815
24.05.2021 16:00:00.000,127.521,127.666,127.36,127.51,-0.00862603
24.05.2021 17:00:00.000,127.519,127.769,127.325,127.424,-0.074498702
24.05.2021 18:00:00.000,127.432,127.678,127.353,127.586,0.120848766
24.05.2021 19:00:00.000,127.599,127.917,127.57,127.753,0.120690601
24.05.2021 20:00:00.000,127.747,127.898,127.291,127.304,-0.346779181
25.05.2021 14:00:00.000,127.888,127.888,126.871,126.927,-0.751438759
25.05.2021 15:00:00.000,126.922,127.259,126.731,127.117,0.153637667
25.05.2021 16:00:00.000,127.115,127.147,126.657,126.789,-0.256460685
25.05.2021 17:00:00.000,126.782,127.055,126.703,126.806,0.018930132
25.05.2021 18:00:00.000,126.808,126.989,126.59,126.875,0.052835783
25.05.2021 19:00:00.000,126.879,126.907,126.55,126.649,-0.181275073
25.05.2021 20:00:00.000,126.641,126.929,126.301,126.809,0.13265846
26.05.2021 14:00:00.000,126.905,127.208,126.823,126.91,0.003939955
26.05.2021 15:00:00.000,126.913,127.164,126.626,126.991,0.061459425
26.05.2021 16:00:00.000,127.018,127.243,126.73,126.947,-0.055897589
26.05.2021 17:00:00.000,126.937,127.089,126.69,126.713,-0.176465491
26.05.2021 18:00:00.000,126.703,126.908,126.404,126.546,-0.123911825
26.05.2021 19:00:00.000,126.559,126.839,126.467,126.775,0.170671386
26.05.2021 20:00:00.000,126.777,126.804,126.605,126.727,-0.03943933
27.05.2021 14:00:00.000,126.657,127.472,126.541,127.094,0.345026331
27.05.2021 15:00:00.000,127.094,127.615,126.899,127.042,-0.040914599
27.05.2021 16:00:00.000,127.04,127.227,126.683,126.803,-0.186555416
27.05.2021 17:00:00.000,126.801,126.88,126.5,126.613,-0.148263815
27.05.2021 18:00:00.000,126.605,126.697,126.191,126.268,-0.26618222
27.05.2021 19:00:00.000,126.257,126.288,125.78,125.964,-0.232066341
27.05.2021 20:00:00.000,125.964,125.989,125.392,125.42,-0.431869423
28.05.2021 14:00:00.000,124.747,125.503,124.566,125.434,0.550714646
28.05.2021 15:00:00.000,125.449,125.687,125.11,125.155,-0.234358185
28.05.2021 16:00:00.000,125.164,125.219,124.872,125.189,0.019973794
28.05.2021 17:00:00.000,125.186,125.394,125.12,125.279,0.074289457
28.05.2021 18:00:00.000,125.282,125.369,124.721,124.865,-0.332849092
28.05.2021 19:00:00.000,124.868,125.127,124.802,125.061,0.154563219
28.05.2021 20:00:00.000,125.057,125.154,124.692,124.749,-0.246287693
01.06.2021 14:00:00.000,124.852,125.037,124.421,124.628,-0.179412424
01.06.2021 15:00:00.000,124.612,124.808,123.919,124.409,-0.162905659
01.06.2021 16:00:00.000,124.392,124.819,124.321,124.695,0.243584796
01.06.2021 17:00:00.000,124.693,124.832,124.334,124.819,0.101048174
01.06.2021 18:00:00.000,124.812,124.819,124.441,124.569,-0.194692818
01.06.2021 19:00:00.000,124.554,124.987,124.511,124.853,0.240056522
01.06.2021 20:00:00.000,124.869,124.886,124.242,124.269,-0.480503568
02.06.2021 14:00:00.000,124.28,125.116,124.241,125.013,0.589797232
02.06.2021 15:00:00.000,125.028,125.219,124.734,124.89,-0.110375276
02.06.2021 16:00:00.000,124.883,125.169,124.638,124.976,0.074469704
02.06.2021 17:00:00.000,124.978,124.998,124.393,124.4,-0.462481397
02.06.2021 18:00:00.000,124.403,124.547,124.062,124.295,-0.086814627
02.06.2021 19:00:00.000,124.291,124.688,124.03,124.673,0.307343251
02.06.2021 20:00:00.000,124.668,125.158,124.5,125.052,0.308018096
03.06.2021 14:00:00.000,124.096,124.109,123.259,123.617,-0.38599149
03.06.2021 15:00:00.000,123.575,123.926,123.116,123.926,0.284038034
03.06.2021 16:00:00.000,123.919,124.128,123.532,123.697,-0.179149283
03.06.2021 17:00:00.000,123.69,123.838,123.36,123.642,-0.038806694
03.06.2021 18:00:00.000,123.65,124.029,123.407,123.862,0.171451678
03.06.2021 19:00:00.000,123.885,124.068,123.583,123.621,-0.21310086
03.06.2021 20:00:00.000,123.626,123.898,123.37,123.404,-0.179573876
04.06.2021 14:00:00.000,124.102,124.978,124.102,124.914,0.654300495
04.06.2021 15:00:00.000,124.912,125.347,124.752,124.945,0.026418599
04.06.2021 16:00:00.000,124.949,125.369,124.851,125.096,0.117648
04.06.2021 17:00:00.000,125.098,125.94,124.972,125.634,0.428464084
04.06.2021 18:00:00.000,125.628,125.779,125.46,125.663,0.027860031
04.06.2021 19:00:00.000,125.658,126.149,125.605,126.036,0.300816502
04.06.2021 20:00:00.000,126.035,126.039,125.48,125.897,-0.109493395
07.06.2021 14:00:00.000,125.759,125.772,124.882,125.216,-0.431778243
07.06.2021 15:00:00.000,125.214,125.388,124.841,125.088,-0.100627725
07.06.2021 16:00:00.000,125.087,125.188,124.812,124.997,-0.071949923
07.06.2021 17:00:00.000,124.982,125.427,124.971,125.319,0.269638828
07.06.2021 18:00:00.000,125.32,125.469,124.99,125.012,-0.245770827
07.06.2021 19:00:00.000,125.01,125.238,124.9,125.193,0.146388289
07.06.2021 20:00:00.000,125.206,126.02,125.137,125.865,0.526332604
08.06.2021 14:00:00.000,127.099,128.446,126.906,127.014,-0.066877001
08.06.2021 15:00:00.000,127.016,127.629,126.772,127.118,0.080304843
08.06.2021 16:00:00.000,127.12,127.457,126.19,126.609,-0.401982379
08.06.2021 17:00:00.000,126.598,126.829,126.52,126.8,0.159560183
08.06.2021 18:00:00.000,126.819,126.909,126.42,126.69,-0.101719774
08.06.2021 19:00:00.000,126.695,127.303,126.65,127.27,0.45384585
08.06.2021 20:00:00.000,127.267,127.407,126.732,126.753,-0.403875317
09.06.2021 14:00:00.000,127.127,127.386,126.624,126.866,-0.205306505
09.06.2021 15:00:00.000,126.874,127.278,126.517,127.171,0.234090515
09.06.2021 16:00:00.000,127.173,127.329,126.805,126.928,-0.192650956
09.06.2021 17:00:00.000,126.932,127.225,126.88,127.131,0.156776857
09.06.2021 18:00:00.000,127.123,127.265,127.03,127.118,-0.003933199
09.06.2021 19:00:00.000,127.114,127.279,127.052,127.134,0.015733908
09.06.2021 20:00:00.000,127.145,127.229,126.726,127.112,-0.025954619
10.06.2021 14:00:00.000,127.068,128.167,127.068,127.885,0.642962823
10.06.2021 15:00:00.000,127.938,127.994,126.097,126.459,-1.156028701
10.06.2021 16:00:00.000,126.455,126.677,126.171,126.574,0.094104622
10.06.2021 17:00:00.000,126.585,126.809,126.404,126.594,0.007109847
10.06.2021 18:00:00.000,126.576,126.624,126.21,126.331,-0.193559601
10.06.2021 19:00:00.000,126.344,126.379,125.958,126.317,-0.021370227
10.06.2021 20:00:00.000,126.315,126.399,126.009,126.059,-0.202667933
11.06.2021 14:00:00.000,126.301,127.099,126.211,126.876,0.455261637
11.06.2021 15:00:00.000,126.89,127.259,126.568,126.685,-0.161557254
11.06.2021 16:00:00.000,126.699,127.159,126.49,127.053,0.279402363
11.06.2021 17:00:00.000,127.062,127.239,126.89,127.054,-0.006296139
11.06.2021 18:00:00.000,127.044,127.399,126.89,127.317,0.214886181
11.06.2021 19:00:00.000,127.319,127.429,127.171,127.37,0.040056865
11.06.2021 20:00:00.000,127.356,127.365,127.02,127.226,-0.10207607
14.06.2021 14:00:00.000,127.379,129.316,127.07,129.113,1.361291893
14.06.2021 15:00:00.000,129.102,129.579,128.452,129.568,0.360954904
14.06.2021 16:00:00.000,129.554,129.859,129.233,129.461,-0.071784738
14.06.2021 17:00:00.000,129.455,129.567,129.25,129.55,0.073384574
14.06.2021 18:00:00.000,129.543,129.989,129.512,129.892,0.269408613
14.06.2021 19:00:00.000,129.907,130.384,129.79,130.051,0.11084853
14.06.2021 20:00:00.000,130.066,130.432,129.72,130.422,0.273707195
15.06.2021 14:00:00.000,129.528,130.579,129.521,130.125,0.460904206
15.06.2021 15:00:00.000,130.141,130.208,129.441,129.617,-0.402640213
15.06.2021 16:00:00.000,129.601,129.959,129.551,129.908,0.236880888
15.06.2021 17:00:00.000,129.926,130.219,129.776,129.839,-0.066961193
15.06.2021 18:00:00.000,129.831,129.949,129.66,129.885,0.041592532
15.06.2021 19:00:00.000,129.876,129.907,129.513,129.68,-0.150913179
15.06.2021 20:00:00.000,129.707,129.977,129.493,129.607,-0.077096841
16.06.2021 14:00:00.000,129.964,130.808,129.621,130.516,0.424733003
16.06.2021 15:00:00.000,130.54,130.879,130.26,130.616,0.058219703
16.06.2021 16:00:00.000,130.604,130.659,130.102,130.106,-0.38130532
16.06.2021 17:00:00.000,130.101,130.437,129.745,130.399,0.229052813
16.06.2021 18:00:00.000,130.406,130.508,130.165,130.369,-0.028372928
16.06.2021 19:00:00.000,130.034,130.092,128.451,129.169,-0.665210637
16.06.2021 20:00:00.000,129.151,130.463,129.078,130.16,0.781256049
17.06.2021 14:00:00.000,130.119,130.85,130.009,130.776,0.504922417
17.06.2021 15:00:00.000,130.781,131.896,130.613,131.461,0.519953204
17.06.2021 16:00:00.000,131.473,132.534,131.39,131.915,0.336190701
17.06.2021 17:00:00.000,131.92,131.977,130.928,131.241,-0.514705882
17.06.2021 18:00:00.000,131.252,132.115,131.225,131.699,0.340566239
17.06.2021 19:00:00.000,131.735,132.139,131.587,131.949,0.162447337
17.06.2021 20:00:00.000,131.953,132.239,131.834,131.995,0.031829515
18.06.2021 14:00:00.000,131.119,131.487,130.681,131.245,0.096095913
18.06.2021 15:00:00.000,131.215,131.409,130.601,130.696,-0.395534047
18.06.2021 16:00:00.000,130.708,130.928,130.27,130.666,-0.032132693
18.06.2021 17:00:00.000,130.676,131.124,130.665,130.939,0.201261134
18.06.2021 18:00:00.000,130.936,131.202,130.745,130.899,-0.02825808
18.06.2021 19:00:00.000,130.903,131.118,130.67,130.796,-0.081739914
18.06.2021 20:00:00.000,130.781,131.063,130.561,130.678,-0.078757618
21.06.2021 14:00:00.000,129.801,130.476,129.202,130.387,0.451460312
21.06.2021 15:00:00.000,130.396,131.427,130.157,131.239,0.646492224
21.06.2021 16:00:00.000,131.249,131.689,131.241,131.608,0.273525894
21.06.2021 17:00:00.000,131.594,132.168,131.59,132.031,0.33208201
21.06.2021 18:00:00.000,132.022,132.399,131.863,132.223,0.152247353
21.06.2021 19:00:00.000,132.228,132.288,131.953,131.987,-0.182260943
21.06.2021 20:00:00.000,131.965,132.229,131.91,132.195,0.174288637
22.06.2021 14:00:00.000,132.416,132.795,131.755,131.858,-0.421399227
22.06.2021 15:00:00.000,131.865,132.416,131.6,132.232,0.278314943
22.06.2021 16:00:00.000,132.256,132.739,132.221,132.424,0.127026373
22.06.2021 17:00:00.000,132.447,133.369,132.382,133.159,0.53757352
22.06.2021 18:00:00.000,133.163,133.399,133.023,133.192,0.021777821
22.06.2021 19:00:00.000,133.19,133.569,133.065,133.546,0.267287334
22.06.2021 20:00:00.000,133.555,133.986,133.541,133.962,0.304743364
23.06.2021 14:00:00.000,133.671,134.299,133.513,134.088,0.311959961
23.06.2021 15:00:00.000,134.061,134.239,133.632,133.745,-0.235713593
23.06.2021 16:00:00.000,133.756,133.773,133.211,133.718,-0.02840994
23.06.2021 17:00:00.000,133.721,133.808,133.242,133.701,-0.014956514
23.06.2021 18:00:00.000,133.712,134.229,133.643,133.929,0.162289099
23.06.2021 19:00:00.000,133.926,133.939,133.59,133.925,-0.000746681
23.06.2021 20:00:00.000,133.924,133.979,133.495,133.582,-0.255368717
24.06.2021 14:00:00.000,134.042,134.435,133.952,134.269,0.169349905
24.06.2021 15:00:00.000,134.276,134.487,134.052,134.052,-0.166820579
24.06.2021 16:00:00.000,134.065,134.168,133.711,133.974,-0.067877522
24.06.2021 17:00:00.000,133.984,134.068,133.401,133.419,-0.421692142
24.06.2021 18:00:00.000,133.414,133.689,133.142,133.685,0.203127108
24.06.2021 19:00:00.000,133.679,133.748,133.351,133.449,-0.17205395
24.06.2021 20:00:00.000,133.444,133.477,132.911,133.274,-0.127394263
25.06.2021 14:00:00.000,133.526,133.638,133.085,133.236,-0.217186166
25.06.2021 15:00:00.000,133.21,133.876,133.063,133.471,0.195931236
25.06.2021 16:00:00.000,133.496,133.639,133.32,133.362,-0.100377539
25.06.2021 17:00:00.000,133.355,133.498,133.22,133.379,0.017997075
25.06.2021 18:00:00.000,133.384,133.439,133.03,133.07,-0.235410544
25.06.2021 19:00:00.000,133.075,133.158,132.884,132.983,-0.069133947
25.06.2021 20:00:00.000,132.973,133.28,132.79,133.119,0.109796726
28.06.2021 14:00:00.000,134.077,135.016,134.013,134.979,0.672747749
28.06.2021 15:00:00.000,134.975,135.198,134.78,134.813,-0.120022226
28.06.2021 16:00:00.000,134.814,135.169,134.762,134.879,0.048214577
28.06.2021 17:00:00.000,134.877,135.189,134.82,134.955,0.057830468
28.06.2021 18:00:00.000,134.949,134.954,134.651,134.799,-0.111153102
28.06.2021 19:00:00.000,134.804,135.228,134.68,135.07,0.197323522
28.06.2021 20:00:00.000,135.077,135.089,134.696,134.795,-0.208769813
29.06.2021 14:00:00.000,134.684,135.609,134.381,135.428,0.552404146
29.06.2021 15:00:00.000,135.434,136.069,135.197,135.991,0.411270434
29.06.2021 16:00:00.000,135.99,136.158,135.76,136.016,0.019119053
29.06.2021 17:00:00.000,136.013,136.459,135.98,136.413,0.294089536
29.06.2021 18:00:00.000,136.402,136.48,136.094,136.365,-0.027125702
29.06.2021 19:00:00.000,136.36,136.467,136.076,136.426,0.048401291
29.06.2021 20:00:00.000,136.429,136.469,136.145,136.267,-0.118743082
30.06.2021 14:00:00.000,136.027,136.979,135.896,136.166,0.102185596
30.06.2021 15:00:00.000,136.173,137.119,136.15,136.974,0.588222335
30.06.2021 16:00:00.000,136.98,137.178,136.622,136.667,-0.228500511
30.06.2021 17:00:00.000,136.698,136.919,136.455,136.688,-0.007315396
30.06.2021 18:00:00.000,136.686,137.03,136.651,136.979,0.21435992
30.06.2021 19:00:00.000,136.968,137.029,136.71,136.908,-0.043805852
30.06.2021 20:00:00.000,136.905,137.377,136.891,137.079,0.127095431
01.07.2021 14:00:00.000,136.686,137.172,136.391,136.91,0.163879256
01.07.2021 15:00:00.000,136.927,136.927,136.243,136.416,-0.373191555
01.07.2021 16:00:00.000,136.432,136.464,135.745,136.303,-0.094552598
01.07.2021 17:00:00.000,136.295,136.513,136.022,136.073,-0.162881984
01.07.2021 18:00:00.000,136.089,136.609,136.01,136.509,0.308621564
01.07.2021 19:00:00.000,136.509,136.985,136.455,136.973,0.339904329
01.07.2021 20:00:00.000,136.978,137.178,136.861,137.154,0.128487786
02.07.2021 14:00:00.000,138.326,139.058,138.067,138.989,0.479302517
02.07.2021 15:00:00.000,138.985,139.11,138.375,138.574,-0.295715365
02.07.2021 16:00:00.000,138.569,139.079,138.54,138.949,0.27423161
02.07.2021 17:00:00.000,138.949,139.605,138.949,139.571,0.447646259
02.07.2021 18:00:00.000,139.572,139.689,139.332,139.65,0.055885135
02.07.2021 19:00:00.000,139.643,139.781,139.35,139.495,-0.105984546
02.07.2021 20:00:00.000,139.499,139.978,139.446,139.891,0.281005599
06.07.2021 14:00:00.000,140.419,142.852,140.362,142.734,1.648637293
06.07.2021 15:00:00.000,142.702,143.129,141.794,141.804,-0.629283402
06.07.2021 16:00:00.000,141.808,142.097,141.141,141.551,-0.18123096
06.07.2021 17:00:00.000,141.53,141.647,140.101,141.594,0.045220095
06.07.2021 18:00:00.000,141.598,142.026,141.35,141.597,-0.000706225
06.07.2021 19:00:00.000,141.582,141.809,141.201,141.707,0.088288059
06.07.2021 20:00:00.000,141.695,142.188,141.601,141.868,0.122093228
07.07.2021 14:00:00.000,142.743,144.428,142.65,144.115,0.961167973
07.07.2021 15:00:00.000,144.146,144.458,142.811,143.429,-0.497412346
07.07.2021 16:00:00.000,143.411,144.239,142.858,143.874,0.322848317
07.07.2021 17:00:00.000,143.908,144.089,143.705,143.929,0.014592656
07.07.2021 18:00:00.000,143.929,144.39,143.55,144.339,0.284862675
07.07.2021 19:00:00.000,144.349,144.879,144.05,144.336,-0.009005951
07.07.2021 20:00:00.000,144.337,144.638,144.226,144.527,0.131636379
08.07.2021 14:00:00.000,142.599,143.126,140.66,141.946,-0.457927475
08.07.2021 15:00:00.000,141.948,142.323,141.457,141.561,-0.272635049
08.07.2021 16:00:00.000,141.599,142.719,141.488,142.622,0.722462729
08.07.2021 17:00:00.000,142.614,143.328,142.291,143.259,0.452269763
08.07.2021 18:00:00.000,143.246,144.037,143.102,143.774,0.36859668
08.07.2021 19:00:00.000,143.799,143.956,142.855,143.169,-0.438111531
08.07.2021 20:00:00.000,143.166,143.297,142.431,142.86,-0.213737899
09.07.2021 14:00:00.000,143.266,143.962,142.632,143.922,0.45788952
09.07.2021 15:00:00.000,143.913,145.326,143.874,145.197,0.892205708
09.07.2021 16:00:00.000,145.199,145.428,144.83,145.21,0.00757581
09.07.2021 17:00:00.000,145.224,145.619,145.022,145.401,0.121880681
09.07.2021 18:00:00.000,145.411,145.468,144.991,145.094,-0.218002765
09.07.2021 19:00:00.000,145.089,145.229,144.79,145.133,0.030326214
09.07.2021 20:00:00.000,145.156,145.209,144.824,145.147,-0.006200226
12.07.2021 14:00:00.000,145.329,145.377,144.061,144.606,-0.497491898
12.07.2021 15:00:00.000,144.606,145.237,143.994,144.97,0.251718463
12.07.2021 16:00:00.000,144.962,145.138,144.552,144.848,-0.078641299
12.07.2021 17:00:00.000,144.828,145.069,144.614,144.696,-0.091142597
12.07.2021 18:00:00.000,144.682,144.748,144.142,144.383,-0.206660124
12.07.2021 19:00:00.000,144.385,144.739,144.333,144.737,0.243792638
12.07.2021 20:00:00.000,144.734,144.779,144.409,144.469,-0.183094504
13.07.2021 14:00:00.000,144.402,146.489,144.19,146.322,1.329621473
13.07.2021 15:00:00.000,146.344,146.946,145.982,146.513,0.115481332
13.07.2021 16:00:00.000,146.508,147.448,146.492,147.439,0.63546018
13.07.2021 17:00:00.000,147.433,147.446,147.002,147.19,-0.16482063
13.07.2021 18:00:00.000,147.187,147.199,145.282,145.729,-0.990576613
13.07.2021 19:00:00.000,145.719,146.059,144.617,146.059,0.233325785
13.07.2021 20:00:00.000,146.04,146.057,145.413,145.447,-0.406053136
14.07.2021 14:00:00.000,148.675,148.907,147.741,148.345,-0.221960652
14.07.2021 15:00:00.000,148.374,149.305,148.101,149.297,0.622076644
14.07.2021 16:00:00.000,149.294,149.435,147.924,147.986,-0.876123622
14.07.2021 17:00:00.000,148.005,149.191,147.97,148.91,0.611465829
14.07.2021 18:00:00.000,148.934,149.081,148.586,148.94,0.00402863
14.07.2021 19:00:00.000,148.924,149.436,148.863,149.291,0.246434423
14.07.2021 20:00:00.000,149.299,149.554,148.955,149.152,-0.098460137
15.07.2021 14:00:00.000,148.307,149.975,148.109,149.74,0.96623895
15.07.2021 15:00:00.000,149.752,149.765,147.892,148.176,-1.052406646
15.07.2021 16:00:00.000,148.175,148.866,147.794,148.104,-0.047916315
15.07.2021 17:00:00.000,148.105,148.223,147.406,147.878,-0.15326964
15.07.2021 18:00:00.000,147.897,148.069,147.073,147.305,-0.400278572
15.07.2021 19:00:00.000,147.301,147.996,147.268,147.972,0.455529833
15.07.2021 20:00:00.000,147.978,148.519,147.881,148.379,0.270986228
16.07.2021 14:00:00.000,149.606,149.722,148.724,148.988,-0.413085037
16.07.2021 15:00:00.000,148.976,149.297,148.169,148.585,-0.262458383
16.07.2021 16:00:00.000,148.594,148.697,147.042,147.3,-0.870829239
16.07.2021 17:00:00.000,147.317,147.869,147.316,147.685,0.249801449
16.07.2021 18:00:00.000,147.682,148.168,147.61,147.668,-0.009479828
16.07.2021 19:00:00.000,147.665,147.676,146.454,146.516,-0.77811262
16.07.2021 20:00:00.000,146.518,146.618,145.87,146.264,-0.17335754
19.07.2021 14:00:00.000,142.869,143.799,142.033,142.033,-0.585151432
19.07.2021 15:00:00.000,142.024,143.038,141.65,143.008,0.692840647
19.07.2021 16:00:00.000,143.037,143.933,142.836,143.34,0.211833302
19.07.2021 17:00:00.000,143.339,143.389,142.001,142.069,-0.886011483
19.07.2021 18:00:00.000,142.056,142.277,141.691,141.888,-0.11826322
19.07.2021 19:00:00.000,141.888,142.557,141.86,142.117,0.161394903
19.07.2021 20:00:00.000,142.124,142.565,141.757,141.971,-0.107652472
20.07.2021 14:00:00.000,143.189,144.299,142.98,144.192,0.700472802
20.07.2021 15:00:00.000,144.196,145.239,143.807,145.145,0.658131987
20.07.2021 16:00:00.000,145.139,145.646,144.89,145.624,0.334162424
20.07.2021 17:00:00.000,145.608,146.687,145.52,146.676,0.733476183
20.07.2021 18:00:00.000,146.686,147.073,146.173,146.746,0.040903699
20.07.2021 19:00:00.000,146.738,146.979,146.238,146.402,-0.228979542
20.07.2021 20:00:00.000,146.4,146.989,146.31,146.493,0.06352459
21.07.2021 14:00:00.000,145.366,146.105,144.8,145.253,-0.077734821
21.07.2021 15:00:00.000,145.259,145.869,144.641,145.691,0.297399817
21.07.2021 16:00:00.000,145.692,146.033,145.084,145.419,-0.1873816
21.07.2021 17:00:00.000,145.405,145.463,144.949,145.013,-0.26959183
21.07.2021 18:00:00.000,145.017,145.336,144.82,145.253,0.162739541
21.07.2021 19:00:00.000,145.252,145.439,145.001,145.42,0.115661058
21.07.2021 20:00:00.000,145.419,145.519,144.809,145.077,-0.235182473
22.07.2021 14:00:00.000,146.29,146.975,145.801,146.791,0.342470435
22.07.2021 15:00:00.000,146.843,147.958,146.815,147.717,0.595193506
22.07.2021 16:00:00.000,147.715,148.172,147.13,147.328,-0.261990996
22.07.2021 17:00:00.000,147.327,147.427,146.65,147.19,-0.092990423
22.07.2021 18:00:00.000,147.199,147.659,147.131,147.219,0.013587049
22.07.2021 19:00:00.000,147.207,147.359,146.933,147.101,-0.072007445
22.07.2021 20:00:00.000,147.117,147.138,146.47,146.694,-0.287526255
23.07.2021 14:00:00.000,147.371,147.98,146.905,147.673,0.204924985
23.07.2021 15:00:00.000,147.651,148.157,147.556,147.845,0.131390915
23.07.2021 16:00:00.000,147.84,148.258,147.791,148.086,0.166396104
23.07.2021 17:00:00.000,148.079,148.246,147.832,148.132,0.035791706
23.07.2021 18:00:00.000,148.131,148.619,148.11,148.393,0.176870473
23.07.2021 19:00:00.000,148.396,148.697,148.271,148.426,0.020216178
23.07.2021 20:00:00.000,148.421,148.609,148.17,148.461,0.026950364
26.07.2021 14:00:00.000,147.844,149.717,147.761,149.464,1.095749574
26.07.2021 15:00:00.000,149.461,149.818,148.905,149.315,-0.097684346
26.07.2021 16:00:00.000,149.327,149.788,149.202,149.493,0.111165429
26.07.2021 17:00:00.000,149.496,149.619,149.02,149.072,-0.283619629
26.07.2021 18:00:00.000,149.072,149.499,149.041,149.328,0.171729097
26.07.2021 19:00:00.000,149.326,149.489,149.021,149.45,0.083039792
26.07.2021 20:00:00.000,149.464,149.487,148.756,148.904,-0.374672162
27.07.2021 14:00:00.000,148.498,148.813,148.243,148.641,0.096297593
27.07.2021 15:00:00.000,148.628,148.703,146.598,147.387,-0.83497053
27.07.2021 16:00:00.000,147.374,147.648,146.151,146.334,-0.70568757
27.07.2021 17:00:00.000,146.336,146.455,145.524,146.054,-0.192707194
27.07.2021 18:00:00.000,146.04,146.277,145.694,145.953,-0.05957272
27.07.2021 19:00:00.000,145.968,147.054,145.9,147.054,0.743998685
27.07.2021 20:00:00.000,147.044,147.308,146.272,146.476,-0.386278937
28.07.2021 14:00:00.000,143.339,144.653,142.525,144.545,0.841362086
28.07.2021 15:00:00.000,144.523,146.934,144.402,146.287,1.220566969
28.07.2021 16:00:00.000,146.27,146.477,144.4,144.742,-1.044643468
28.07.2021 17:00:00.000,144.749,145.419,144.593,144.883,0.092574042
28.07.2021 18:00:00.000,144.891,144.97,143.86,144.456,-0.300225687
28.07.2021 19:00:00.000,144.464,145.417,143.891,144.997,0.36895005
28.07.2021 20:00:00.000,145.02,145.473,144.96,145.157,0.094469728
29.07.2021 14:00:00.000,145.649,146.535,145.649,146.191,0.372127512
29.07.2021 15:00:00.000,146.195,146.478,145.594,146.062,-0.090974384
29.07.2021 16:00:00.000,146.052,146.099,145.501,145.767,-0.195135979
29.07.2021 17:00:00.000,145.747,146.049,145.66,145.924,0.121443323
29.07.2021 18:00:00.000,145.929,146.158,145.66,145.785,-0.098678124
29.07.2021 19:00:00.000,145.785,145.989,145.745,145.798,0.008917241
29.07.2021 20:00:00.000,145.795,145.838,145.53,145.661,-0.091909873
30.07.2021 14:00:00.000,144.562,145.258,144.106,145.09,0.365241211
30.07.2021 15:00:00.000,145.116,145.286,144.51,144.784,-0.228782491
30.07.2021 16:00:00.000,144.775,145.167,144.646,145.092,0.218960456
30.07.2021 17:00:00.000,145.095,145.483,144.937,145.466,0.255694545
30.07.2021 18:00:00.000,145.461,145.892,145.33,145.722,0.179429538
30.07.2021 19:00:00.000,145.736,146.296,145.64,146.181,0.305346654
30.07.2021 20:00:00.000,146.185,146.313,145.801,145.932,-0.173068372
02.08.2021 14:00:00.000,146.41,146.41,145.253,145.924,-0.331944539
02.08.2021 15:00:00.000,145.917,146.237,145.397,146.004,0.059622936
02.08.2021 16:00:00.000,146.012,146.539,145.708,146.009,-0.002054626
02.08.2021 17:00:00.000,146.003,146.016,145.54,145.732,-0.185612624
02.08.2021 18:00:00.000,145.733,146.208,145.73,146.022,0.198307864
02.08.2021 19:00:00.000,146.022,146.169,145.85,145.913,-0.074646286
02.08.2021 20:00:00.000,145.922,145.997,145.45,145.58,-0.234371788
03.08.2021 14:00:00.000,145.453,146.571,145.186,145.523,0.048125511
03.08.2021 15:00:00.000,145.512,146.137,145.315,145.916,0.277640332
03.08.2021 16:00:00.000,145.89,147.044,145.4,147.002,0.76221811
03.08.2021 17:00:00.000,147.024,147.738,146.923,147.714,0.469311133
03.08.2021 18:00:00.000,147.702,148.019,147.7,147.803,0.068380929
03.08.2021 19:00:00.000,147.825,147.922,147.11,147.418,-0.275325554
03.08.2021 20:00:00.000,147.438,147.728,147.18,147.275,-0.110554945
04.08.2021 14:00:00.000,146.93,147.768,146.791,147.665,0.500238209
04.08.2021 15:00:00.000,147.664,147.729,146.56,146.628,-0.701592805
04.08.2021 16:00:00.000,146.627,146.969,146.256,146.958,0.225742871
04.08.2021 17:00:00.000,146.948,147.298,146.808,147.131,0.124533849
04.08.2021 18:00:00.000,147.136,147.509,146.986,147.055,-0.055051109
04.08.2021 19:00:00.000,147.056,147.242,146.752,146.808,-0.168643238
04.08.2021 20:00:00.000,146.793,147.317,146.649,147.272,0.326309838
05.08.2021 14:00:00.000,146.518,147.167,146.168,147.043,0.358317749
05.08.2021 15:00:00.000,147.057,147.577,146.78,147.473,0.282883508
05.08.2021 16:00:00.000,147.465,147.819,147.286,147.458,-0.004746889
05.08.2021 17:00:00.000,147.459,147.538,147.166,147.243,-0.146481395
05.08.2021 18:00:00.000,147.235,147.369,147.096,147.34,0.071314565
05.08.2021 19:00:00.000,147.332,147.449,147.02,147.038,-0.199549317
05.08.2021 20:00:00.000,147.053,147.178,146.713,146.975,-0.0530421
06.08.2021 14:00:00.000,146.432,146.83,145.946,146.569,0.093558785
06.08.2021 15:00:00.000,146.567,147.089,146.383,146.511,-0.038207782
06.08.2021 16:00:00.000,146.52,146.689,145.952,146.277,-0.165847666
06.08.2021 17:00:00.000,146.277,146.319,145.883,146.099,-0.121686936
06.08.2021 18:00:00.000,146.099,146.221,145.705,145.926,-0.118412857
06.08.2021 19:00:00.000,145.917,145.957,145.605,145.697,-0.150770644
06.08.2021 20:00:00.000,145.696,146.147,145.65,146.025,0.225812651
09.08.2021 14:00:00.000,146.269,146.637,145.518,146.519,0.170917966
09.08.2021 15:00:00.000,146.495,146.657,145.943,146.056,-0.299668931
09.08.2021 16:00:00.000,146.04,146.139,145.771,146.1,0.041084634
09.08.2021 17:00:00.000,146.118,146.139,145.77,145.834,-0.19436346
09.08.2021 18:00:00.000,145.839,146.079,145.792,145.819,-0.013713753
09.08.2021 19:00:00.000,145.81,146.119,145.77,146.037,0.155682052
09.08.2021 20:00:00.000,146.033,146.129,145.85,146.034,0.000684777
10.08.2021 14:00:00.000,146.478,147.688,146.181,147.415,0.639686506
10.08.2021 15:00:00.000,147.404,147.614,145.635,145.894,-1.024395539
10.08.2021 16:00:00.000,145.883,145.936,145.385,145.605,-0.190563671
10.08.2021 17:00:00.000,145.615,145.998,145.53,145.584,-0.021289016
10.08.2021 18:00:00.000,145.58,145.739,145.48,145.649,0.04739662
10.08.2021 19:00:00.000,145.638,145.701,145.291,145.683,0.030898529
10.08.2021 20:00:00.000,145.686,145.719,145.28,145.288,-0.273190286
11.08.2021 14:00:00.000,146.442,146.701,145.971,146.053,-0.265634176
11.08.2021 15:00:00.000,146.04,146.416,145.553,145.59,-0.308134758
11.08.2021 16:00:00.000,145.598,146.048,145.51,145.86,0.179947527
11.08.2021 17:00:00.000,145.868,146.449,145.841,146.293,0.291359311
11.08.2021 18:00:00.000,146.291,146.566,145.796,146.024,-0.182512937
11.08.2021 19:00:00.000,146.038,146.093,145.781,145.951,-0.059573536
11.08.2021 20:00:00.000,145.955,146.076,145.774,145.783,-0.117844541
12.08.2021 14:00:00.000,146.387,147.403,145.821,147.034,0.441979137
12.08.2021 15:00:00.000,147.049,148.237,146.564,148.164,0.758250651
12.08.2021 16:00:00.000,148.145,148.479,148,148.02,-0.084376793
12.08.2021 17:00:00.000,148.026,148.429,147.687,148.29,0.178347047
12.08.2021 18:00:00.000,148.297,148.438,148.045,148.311,0.009440515
12.08.2021 19:00:00.000,148.317,148.835,148.201,148.694,0.254185292
12.08.2021 20:00:00.000,148.695,148.938,148.555,148.938,0.163421769
13.08.2021 14:00:00.000,148.316,149.359,148.316,149.11,0.535343456
13.08.2021 15:00:00.000,149.119,149.427,148.688,148.887,-0.155580442
13.08.2021 16:00:00.000,148.895,149.067,148.301,148.357,-0.361328453
13.08.2021 17:00:00.000,148.349,148.829,148.25,148.797,0.301990576
13.08.2021 18:00:00.000,148.799,149.079,148.69,148.89,0.061156325
13.08.2021 19:00:00.000,148.899,149.109,148.72,149.081,0.122230505
13.08.2021 20:00:00.000,149.073,149.105,148.86,148.976,-0.065068792
16.08.2021 14:00:00.000,149.546,150.559,148.06,148.638,-0.607171038
16.08.2021 15:00:00.000,148.615,148.875,146.459,147.067,-1.041617603
16.08.2021 16:00:00.000,147.069,148.538,147.01,148.305,0.840421843
16.08.2021 17:00:00.000,148.316,149.706,148.258,149.482,0.786159282
16.08.2021 18:00:00.000,149.472,150.664,149.178,150.495,0.68440912
16.08.2021 19:00:00.000,150.496,150.781,150.112,150.487,-0.005980225
16.08.2021 20:00:00.000,150.482,150.977,150.41,150.961,0.318310496
17.08.2021 14:00:00.000,150.243,151.639,149.912,150.476,0.1550821
17.08.2021 15:00:00.000,150.479,151.444,149.741,151.083,0.401384911
17.08.2021 16:00:00.000,151.102,151.333,150.111,150.158,-0.624743551
17.08.2021 17:00:00.000,150.158,150.362,149.11,149.211,-0.630669029
17.08.2021 18:00:00.000,149.216,149.66,149.072,149.465,0.166872185
17.08.2021 19:00:00.000,149.452,150.157,149.442,150.013,0.375371357
17.08.2021 20:00:00.000,150.026,150.239,149.7,149.92,-0.07065442
18.08.2021 14:00:00.000,149.897,150.125,149.36,149.731,-0.11074271
18.08.2021 15:00:00.000,149.72,150.416,149.13,149.255,-0.310579749
18.08.2021 16:00:00.000,149.268,149.268,148.18,148.435,-0.55805665
18.08.2021 17:00:00.000,148.442,148.909,148.328,148.642,0.134732758
18.08.2021 18:00:00.000,148.646,148.683,147.882,148.156,-0.329642237
18.08.2021 19:00:00.000,148.155,148.667,147.703,147.967,-0.126894131
18.08.2021 20:00:00.000,147.974,147.975,146.393,146.532,-0.974495519
19.08.2021 14:00:00.000,145.948,146.229,144.75,145.09,-0.587880615
19.08.2021 15:00:00.000,145.082,146.488,145.082,146.354,0.876745565
19.08.2021 16:00:00.000,146.351,147.659,146.18,147.61,0.860260606
19.08.2021 17:00:00.000,147.618,147.987,147.217,147.611,-0.004741969
19.08.2021 18:00:00.000,147.611,147.729,146.691,146.797,-0.551449418
19.08.2021 19:00:00.000,146.78,146.945,145.823,146.813,0.022482627
19.08.2021 20:00:00.000,146.827,147.274,146.47,146.484,-0.23360826
20.08.2021 14:00:00.000,147.095,147.807,146.754,147.461,0.248818791
20.08.2021 15:00:00.000,147.493,148.483,147.333,147.868,0.254249354
20.08.2021 16:00:00.000,147.868,148.017,147.101,147.334,-0.361132902
20.08.2021 17:00:00.000,147.326,148.059,147.223,147.88,0.376036816
20.08.2021 18:00:00.000,147.883,148.019,147.531,147.718,-0.111574691
20.08.2021 19:00:00.000,147.719,147.943,147.55,147.94,0.149608378
20.08.2021 20:00:00.000,147.927,148.145,147.78,148.071,0.097345312
23.08.2021 14:00:00.000,148.078,148.763,147.872,148.628,0.37142587
23.08.2021 15:00:00.000,148.629,149.759,148.464,149.454,0.555073371
23.08.2021 16:00:00.000,149.46,149.929,149.394,149.871,0.274989964
23.08.2021 17:00:00.000,149.879,149.958,149.581,149.807,-0.048038751
23.08.2021 18:00:00.000,149.814,150.134,149.611,149.898,0.056069526
23.08.2021 19:00:00.000,149.895,150.169,149.841,150.002,0.071383302
23.08.2021 20:00:00.000,150.004,150.088,149.711,149.734,-0.1799952
24.08.2021 14:00:00.000,149.731,150.839,149.441,150.552,0.548316648
24.08.2021 15:00:00.000,150.562,150.719,149.891,149.965,-0.396514393
24.08.2021 16:00:00.000,149.968,149.988,149.28,149.816,-0.101354956
24.08.2021 17:00:00.000,149.817,149.919,149.5,149.548,-0.179552387
24.08.2021 18:00:00.000,149.534,149.799,149.461,149.622,0.058849492
24.08.2021 19:00:00.000,149.621,149.759,149.486,149.722,0.067503893
24.08.2021 20:00:00.000,149.724,149.889,149.432,149.476,-0.165638107
25.08.2021 14:00:00.000,149.66,150.047,149.14,149.292,-0.245890686
25.08.2021 15:00:00.000,149.305,149.409,148.112,148.37,-0.626234888
25.08.2021 16:00:00.000,148.391,148.707,148.148,148.24,-0.101758193
25.08.2021 17:00:00.000,148.232,148.428,148.052,148.321,0.060041017
25.08.2021 18:00:00.000,148.323,148.359,147.78,147.834,-0.329685888
25.08.2021 19:00:00.000,147.839,148.351,147.8,148.244,0.273946658
25.08.2021 20:00:00.000,148.258,148.737,148.205,148.488,0.155134967
26.08.2021 14:00:00.000,148.383,149.098,148.19,148.301,-0.055262395
26.08.2021 15:00:00.000,148.293,148.704,147.721,148.004,-0.194884452
26.08.2021 16:00:00.000,148.01,148.334,147.582,148.138,0.086480643
26.08.2021 17:00:00.000,148.118,148.639,148.112,148.331,0.143804264
26.08.2021 18:00:00.000,148.322,148.339,147.956,148.058,-0.177991127
26.08.2021 19:00:00.000,148.062,148.077,147.69,147.727,-0.226256568
26.08.2021 20:00:00.000,147.723,147.936,147.495,147.666,-0.038585731
27.08.2021 14:00:00.000,147.407,147.623,146.81,147.16,-0.167563277
27.08.2021 15:00:00.000,147.161,148.387,146.866,148.005,0.573521517
27.08.2021 16:00:00.000,148.003,148.504,147.75,148.49,0.329047384
27.08.2021 17:00:00.000,148.49,148.617,148.13,148.363,-0.085527645
27.08.2021 18:00:00.000,148.386,148.738,148.313,148.644,0.17387085
27.08.2021 19:00:00.000,148.648,148.723,148.48,148.537,-0.074673053
27.08.2021 20:00:00.000,148.527,148.659,148.379,148.526,-0.000673278
30.08.2021 14:00:00.000,148.747,150.915,148.714,150.744,1.342548085
30.08.2021 15:00:00.000,150.768,152.115,150.765,151.886,0.741536666
30.08.2021 16:00:00.000,151.898,152.489,151.788,152.483,0.385126861
30.08.2021 17:00:00.000,152.488,153.09,152.111,152.968,0.314778868
30.08.2021 18:00:00.000,152.953,153.405,152.841,153.381,0.279824521
30.08.2021 19:00:00.000,153.396,153.479,152.796,153.03,-0.238598138
30.08.2021 20:00:00.000,153.042,153.389,152.962,153.001,-0.026790031
31.08.2021 14:00:00.000,151.8,152.416,151.506,151.509,-0.191699605
31.08.2021 15:00:00.000,151.519,151.995,151.289,151.579,0.039598994
31.08.2021 16:00:00.000,151.579,152.29,151.534,152.094,0.339756826
31.08.2021 17:00:00.000,152.095,152.789,151.972,152.652,0.366218482
31.08.2021 18:00:00.000,152.642,152.718,152.039,152.343,-0.195883178
31.08.2021 19:00:00.000,152.332,152.548,152.171,152.354,0.01444214
31.08.2021 20:00:00.000,152.345,152.448,151.562,151.637,-0.464734648
01.09.2021 14:00:00.000,154.317,154.796,153.91,154.091,-0.146451784
01.09.2021 15:00:00.000,154.103,154.957,154.054,154.527,0.275140653
01.09.2021 16:00:00.000,154.515,154.929,154.37,154.484,-0.020062777
01.09.2021 17:00:00.000,154.491,154.605,153.642,153.649,-0.545015567
01.09.2021 18:00:00.000,153.646,153.988,153.534,153.78,0.087213465
01.09.2021 19:00:00.000,153.784,153.788,152.78,152.866,-0.596941164
01.09.2021 20:00:00.000,152.868,153.161,152.346,152.393,-0.310725593
02.09.2021 14:00:00.000,154.461,154.706,153.963,154.148,-0.202640149
02.09.2021 15:00:00.000,154.133,154.319,153.342,154.048,-0.055147178
02.09.2021 16:00:00.000,154.053,154.12,153.503,153.572,-0.312230206
02.09.2021 17:00:00.000,153.562,153.729,152.993,153.271,-0.189500007
02.09.2021 18:00:00.000,153.28,153.452,152.51,152.597,-0.44558977
02.09.2021 19:00:00.000,152.574,153.497,152.382,153.432,0.562350073
02.09.2021 20:00:00.000,153.459,153.809,153.29,153.537,0.050827908
03.09.2021 14:00:00.000,153.191,154.357,153.081,154.297,0.721974529
03.09.2021 15:00:00.000,154.309,154.577,153.68,153.865,-0.287734351
03.09.2021 16:00:00.000,153.869,154.228,153.73,153.962,0.060441025
03.09.2021 17:00:00.000,153.978,154.171,153.743,153.829,-0.096767071
03.09.2021 18:00:00.000,153.827,154.209,153.81,154.188,0.234679218
03.09.2021 19:00:00.000,154.177,154.229,153.774,154.055,-0.079129831
03.09.2021 20:00:00.000,154.042,154.408,154.02,154.19,0.096077693
07.09.2021 14:00:00.000,154.548,155.709,154.37,155.691,0.739576054
07.09.2021 15:00:00.000,155.729,156.219,155.291,156.016,0.184294512
07.09.2021 16:00:00.000,156.016,156.059,155.24,155.811,-0.13139678
07.09.2021 17:00:00.000,155.803,157.249,155.711,157.071,0.813848257
07.09.2021 18:00:00.000,157.078,157.114,156.739,156.81,-0.170615872
07.09.2021 19:00:00.000,156.823,157.087,156.592,156.894,0.045273971
07.09.2021 20:00:00.000,156.88,157.055,156.704,156.852,-0.017848037
08.09.2021 14:00:00.000,156.209,156.367,155.494,155.943,-0.170284683
08.09.2021 15:00:00.000,155.947,156.048,153.982,154.105,-1.181170526
08.09.2021 16:00:00.000,154.098,155.129,154.071,154.304,0.133681164
08.09.2021 17:00:00.000,154.294,154.869,154.095,154.336,0.02722076
08.09.2021 18:00:00.000,154.319,155.023,154.25,154.695,0.243651138
08.09.2021 19:00:00.000,154.699,155.059,154.6,154.731,0.020685331
08.09.2021 20:00:00.000,154.723,154.999,154.586,154.99,0.172566457
09.09.2021 14:00:00.000,156.051,156.089,154.717,155.288,-0.488942717
09.09.2021 15:00:00.000,155.28,155.753,155.082,155.245,-0.022539928
09.09.2021 16:00:00.000,155.259,155.386,154.731,154.919,-0.218988915
09.09.2021 17:00:00.000,154.929,155.219,154.771,154.881,-0.030981934
09.09.2021 18:00:00.000,154.895,155.065,154.234,154.416,-0.309241744
09.09.2021 19:00:00.000,154.417,154.535,154.07,154.477,0.038855825
09.09.2021 20:00:00.000,154.471,154.558,153.937,154.067,-0.261537764
10.09.2021 14:00:00.000,155.33,155.461,154.982,155.338,0.005150325
10.09.2021 15:00:00.000,155.338,155.413,153.934,154.325,-0.652126331
10.09.2021 16:00:00.000,154.32,154.369,148.707,149.17,-3.337221358
10.09.2021 17:00:00.000,149.188,150.783,148.898,150.26,0.718556452
10.09.2021 18:00:00.000,150.278,150.72,149.863,149.963,-0.20961152
10.09.2021 19:00:00.000,149.975,150.228,149.485,149.865,-0.073345558
10.09.2021 20:00:00.000,149.851,149.921,148.794,148.921,-0.620616479
13.09.2021 14:00:00.000,150.747,150.898,149.698,149.849,-0.59570008
13.09.2021 15:00:00.000,149.831,150.225,149.03,150.045,0.142827586
13.09.2021 16:00:00.000,150.028,150.38,149.434,149.469,-0.372597115
13.09.2021 17:00:00.000,149.479,150.096,149.382,150.008,0.353895865
13.09.2021 18:00:00.000,150.003,150.104,148.815,148.953,-0.699986
13.09.2021 19:00:00.000,148.952,149.278,148.73,149.255,0.203421236
13.09.2021 20:00:00.000,149.241,149.579,148.872,149.245,0.002680229
14.09.2021 14:00:00.000,150.269,150.769,149.678,149.863,-0.27018214
14.09.2021 15:00:00.000,149.869,150.006,149.18,149.646,-0.148796616
14.09.2021 16:00:00.000,149.645,150.427,149.56,150.24,0.397607671
14.09.2021 17:00:00.000,150.248,150.366,148.837,148.967,-0.852590384
14.09.2021 18:00:00.000,148.962,149.153,148.27,148.55,-0.276580604
14.09.2021 19:00:00.000,148.561,148.589,146.913,147.729,-0.56003931
14.09.2021 20:00:00.000,147.723,148.269,147.193,148.149,0.288377572
15.09.2021 14:00:00.000,148.375,148.443,146.97,147.434,-0.634203875
15.09.2021 15:00:00.000,147.442,147.551,146.351,147.206,-0.16006294
15.09.2021 16:00:00.000,147.209,147.384,146.751,147.253,0.029889477
15.09.2021 17:00:00.000,147.232,148.158,147.1,148.027,0.539964138
15.09.2021 18:00:00.000,148.027,148.537,147.847,148.127,0.067555243
15.09.2021 19:00:00.000,148.1,148.579,148.075,148.428,0.221471978
15.09.2021 20:00:00.000,148.442,149.407,148.33,149.066,0.420366204
16.09.2021 14:00:00.000,148.798,148.931,147.695,147.902,-0.602158631
16.09.2021 15:00:00.000,147.868,147.977,147.281,147.677,-0.129169259
16.09.2021 16:00:00.000,147.679,147.839,147.206,147.692,0.008802877
16.09.2021 17:00:00.000,147.699,148.237,147.631,148.088,0.263373483
16.09.2021 18:00:00.000,148.089,148.306,147.68,148.196,0.072253847
16.09.2021 19:00:00.000,148.214,148.476,148.011,148.405,0.128867718
16.09.2021 20:00:00.000,148.418,148.916,148.381,148.781,0.244579498
17.09.2021 14:00:00.000,147.861,147.897,146.932,147.264,-0.403757583
17.09.2021 15:00:00.000,147.273,147.336,146.531,146.747,-0.357159832
17.09.2021 16:00:00.000,146.739,146.955,146.161,146.392,-0.236474284
17.09.2021 17:00:00.000,146.396,146.947,146.359,146.75,0.241809886
17.09.2021 18:00:00.000,146.752,146.769,145.86,146.114,-0.434747056
17.09.2021 19:00:00.000,146.097,146.268,145.741,146.132,0.023956686
17.09.2021 20:00:00.000,146.148,146.269,145.84,146.11,-0.02600104
20.09.2021 14:00:00.000,144.323,144.726,143.355,143.82,-0.348523797
20.09.2021 15:00:00.000,143.778,143.932,142.46,142.736,-0.724728401
20.09.2021 16:00:00.000,142.727,143.319,142.46,142.479,-0.173758294
20.09.2021 17:00:00.000,142.486,142.729,142.071,142.181,-0.214056118
20.09.2021 18:00:00.000,142.195,142.619,141.832,142.322,0.08931397
20.09.2021 19:00:00.000,142.365,142.463,141.26,141.477,-0.623748815
20.09.2021 20:00:00.000,141.473,142.707,141.324,142.503,0.728054116
21.09.2021 14:00:00.000,143.31,144.584,143.302,144.09,0.544274649
21.09.2021 15:00:00.000,144.09,144.282,142.867,142.993,-0.761329724
21.09.2021 16:00:00.000,143.006,144.214,142.762,143.953,0.662209977
21.09.2021 17:00:00.000,143.968,144.343,143.702,143.848,-0.083351856
21.09.2021 18:00:00.000,143.843,143.945,143.28,143.449,-0.273909749
21.09.2021 19:00:00.000,143.438,144.097,143.173,143.834,0.276077469
21.09.2021 20:00:00.000,143.847,144.209,143.592,143.716,-0.091068983
22.09.2021 14:00:00.000,143.818,144.578,143.682,144.578,0.528445674
22.09.2021 15:00:00.000,144.624,145.269,144.574,144.899,0.190148246
22.09.2021 16:00:00.000,144.894,145.846,144.894,145.502,0.419617099
22.09.2021 17:00:00.000,145.513,145.669,145.17,145.221,-0.200669356
22.09.2021 18:00:00.000,145.227,145.379,145.013,145.25,0.015837275
22.09.2021 19:00:00.000,145.292,146.402,144.56,145.399,0.073644798
22.09.2021 20:00:00.000,145.342,146.405,145.192,146.167,0.567626701
23.09.2021 14:00:00.000,145.801,146.632,145.62,146.248,0.306582259
23.09.2021 15:00:00.000,146.273,147.069,146.2,146.925,0.445741866
23.09.2021 16:00:00.000,146.91,146.969,146.342,146.901,-0.0061262
23.09.2021 17:00:00.000,146.906,146.919,146.49,146.561,-0.23484405
23.09.2021 18:00:00.000,146.554,147.019,146.518,146.991,0.298183605
23.09.2021 19:00:00.000,147.009,147.016,146.693,146.949,-0.040813828
23.09.2021 20:00:00.000,146.944,146.969,146.69,146.893,-0.034707099
24.09.2021 14:00:00.000,145.881,146.258,145.752,146.126,0.167945106
24.09.2021 15:00:00.000,146.14,146.373,145.717,145.904,-0.161488983
24.09.2021 16:00:00.000,145.906,146.429,145.836,146.41,0.345427878
24.09.2021 17:00:00.000,146.417,146.786,146.27,146.591,0.118838659
24.09.2021 18:00:00.000,146.609,146.884,146.482,146.697,0.0600236
24.09.2021 19:00:00.000,146.681,147.019,146.67,146.986,0.207934225
24.09.2021 20:00:00.000,146.995,147.459,146.808,147.036,0.027892105
27.09.2021 14:00:00.000,144.21,144.49,143.813,144.3,0.062408987
27.09.2021 15:00:00.000,144.306,145.639,144.191,145.236,0.644463848
27.09.2021 16:00:00.000,145.233,145.579,144.513,144.799,-0.298830156
27.09.2021 17:00:00.000,144.775,145.199,144.63,145.041,0.183733379
27.09.2021 18:00:00.000,145.062,145.529,145.025,145.497,0.299871779
27.09.2021 19:00:00.000,145.5,145.749,145.421,145.539,0.026804124
27.09.2021 20:00:00.000,145.524,145.751,145.22,145.233,-0.199967016
28.09.2021 14:00:00.000,143.133,144.737,142.926,144.586,1.015139765
28.09.2021 15:00:00.000,144.575,144.575,142.75,142.861,-1.185543835
28.09.2021 16:00:00.000,142.842,143.076,142.412,142.724,-0.082608757
28.09.2021 17:00:00.000,142.726,142.915,141.9,141.985,-0.519176604
28.09.2021 18:00:00.000,141.967,142.451,141.793,141.924,-0.030288729
28.09.2021 19:00:00.000,141.939,142.759,141.69,142.634,0.489646961
28.09.2021 20:00:00.000,142.625,142.866,141.748,141.905,-0.504820333
29.09.2021 14:00:00.000,143.127,144.228,142.677,143.938,0.566629637
29.09.2021 15:00:00.000,143.938,144.436,143.57,144.164,0.157012047
29.09.2021 16:00:00.000,144.172,144.235,142.951,143.406,-0.531309824
29.09.2021 17:00:00.000,143.404,143.622,142.872,143.393,-0.007670637
29.09.2021 18:00:00.000,143.388,143.482,142.517,143.148,-0.167378023
29.09.2021 19:00:00.000,143.148,144.047,143.05,143.911,0.533014782
29.09.2021 20:00:00.000,143.91,143.998,142.784,142.823,-0.755333194
30.09.2021 14:00:00.000,144.015,144.358,143.195,143.359,-0.455508107
30.09.2021 15:00:00.000,143.347,143.448,142.495,142.621,-0.506463337
30.09.2021 16:00:00.000,142.587,143.098,141.885,142.106,-0.337337906
30.09.2021 17:00:00.000,142.097,142.153,141.301,141.757,-0.239273173
30.09.2021 18:00:00.000,141.768,142.275,141.643,142.256,0.344224367
30.09.2021 19:00:00.000,142.254,142.97,142.219,142.429,0.123019388
30.09.2021 20:00:00.000,142.443,143.028,141.576,141.697,-0.523718259
01.10.2021 14:00:00.000,140.719,141.52,140.24,140.519,-0.142127218
01.10.2021 15:00:00.000,140.508,140.669,139.101,140.041,-0.332365417
01.10.2021 16:00:00.000,140.032,140.407,139.565,140.306,0.195669561
01.10.2021 17:00:00.000,140.308,140.786,140.041,140.416,0.076973515
01.10.2021 18:00:00.000,140.438,141.544,140.285,141.331,0.635867785
01.10.2021 19:00:00.000,141.335,142.166,141.281,142.031,0.492447023
01.10.2021 20:00:00.000,142.046,142.879,141.978,142.811,0.538557932
04.10.2021 14:00:00.000,141.275,141.346,140.228,140.784,-0.347549106
04.10.2021 15:00:00.000,140.709,140.865,138.822,139.089,-1.151312283
04.10.2021 16:00:00.000,139.072,139.47,138.611,139.212,0.10066728
04.10.2021 17:00:00.000,139.219,139.238,138.29,138.503,-0.514297617
04.10.2021 18:00:00.000,138.491,138.969,138.263,138.546,0.039713772
04.10.2021 19:00:00.000,138.54,139.209,138.516,138.938,0.287281652
04.10.2021 20:00:00.000,138.949,139.302,138.452,138.594,-0.255489424
05.10.2021 14:00:00.000,139.93,140.156,139.332,139.777,-0.109340384
05.10.2021 15:00:00.000,139.754,140.555,139.569,140.518,0.546674872
05.10.2021 16:00:00.000,140.528,141.539,140.462,141.521,0.706620745
05.10.2021 17:00:00.000,141.519,141.963,141.322,141.927,0.288300511
05.10.2021 18:00:00.000,141.938,142.105,141.579,141.988,0.035226648
05.10.2021 19:00:00.000,141.985,142.227,141.84,141.985,0
05.10.2021 20:00:00.000,141.985,142.104,141.153,141.259,-0.511321618
06.10.2021 14:00:00.000,139.333,140.158,138.944,139.133,-0.143541013
06.10.2021 15:00:00.000,139.09,140.657,138.362,140.27,0.848371558
06.10.2021 16:00:00.000,140.262,140.437,139.573,140.387,0.089118935
06.10.2021 17:00:00.000,140.388,140.397,139.691,139.824,-0.401743739
06.10.2021 18:00:00.000,139.83,140.904,139.541,140.876,0.748051205
06.10.2021 19:00:00.000,140.896,141.639,140.708,141.139,0.172467636
06.10.2021 20:00:00.000,141.13,141.751,141.072,141.713,0.41309431
07.10.2021 14:00:00.000,143.593,143.831,142.961,143.823,0.160174939
07.10.2021 15:00:00.000,143.869,144.197,143.772,143.98,0.077153522
07.10.2021 16:00:00.000,143.983,144.139,143.521,144.115,0.09167749
07.10.2021 17:00:00.000,144.113,144.126,143.614,144.037,-0.052736394
07.10.2021 18:00:00.000,144.025,144.159,143.882,143.928,-0.067349419
07.10.2021 19:00:00.000,143.925,143.984,143.406,143.536,-0.27027966
07.10.2021 20:00:00.000,143.538,143.826,143.12,143.316,-0.154662877
08.10.2021 14:00:00.000,143.344,143.734,143.082,143.177,-0.116502958
08.10.2021 15:00:00.000,143.178,143.948,143.047,143.266,0.061461956
08.10.2021 16:00:00.000,143.285,143.479,142.93,143.004,-0.196112643
08.10.2021 17:00:00.000,143.005,143.226,142.782,142.968,-0.025873221
08.10.2021 18:00:00.000,142.966,143.049,142.531,142.843,-0.086034442
08.10.2021 19:00:00.000,142.84,143.387,142.8,143.05,0.147017642
08.10.2021 20:00:00.000,143.046,143.319,142.755,142.939,-0.074801113
11.10.2021 14:00:00.000,142.867,143.954,142.544,143.917,0.734949288
11.10.2021 15:00:00.000,143.936,144.793,143.915,144.443,0.352239884
11.10.2021 16:00:00.000,144.43,144.687,144.323,144.419,-0.007616146
11.10.2021 17:00:00.000,144.403,144.448,143.84,144.047,-0.246532274
11.10.2021 18:00:00.000,144.058,144.058,143.37,143.568,-0.340140777
11.10.2021 19:00:00.000,143.563,143.818,143.213,143.395,-0.117021795
11.10.2021 20:00:00.000,143.398,143.509,142.872,143.086,-0.217576256
12.10.2021 14:00:00.000,142.919,142.937,141.862,141.862,-0.739579762
12.10.2021 15:00:00.000,141.876,142.268,141.4,141.508,-0.259381432
12.10.2021 16:00:00.000,141.523,142.295,141.523,142.288,0.540548179
12.10.2021 17:00:00.000,142.296,142.937,141.78,141.842,-0.319053241
12.10.2021 18:00:00.000,141.832,142.099,141.61,141.888,0.039483332
12.10.2021 19:00:00.000,141.866,142.458,141.78,141.949,0.058505914
12.10.2021 20:00:00.000,141.942,141.992,141.34,141.491,-0.317735413
13.10.2021 14:00:00.000,140.479,140.745,139.537,139.721,-0.539582429
13.10.2021 15:00:00.000,139.728,140.167,139.492,139.798,0.050097332
13.10.2021 16:00:00.000,139.791,140.129,139.19,140.098,0.219613566
13.10.2021 17:00:00.000,140.118,140.132,139.781,140.012,-0.075650523
13.10.2021 18:00:00.000,139.996,140.663,139.982,140.412,0.297151347
13.10.2021 19:00:00.000,140.416,140.93,140.17,140.354,-0.044154512
13.10.2021 20:00:00.000,140.366,141.016,140.253,140.895,0.376871892
14.10.2021 14:00:00.000,141.984,142.861,141.848,142.761,0.54724476
14.10.2021 15:00:00.000,142.768,143.268,142.681,142.831,0.044127536
14.10.2021 16:00:00.000,142.862,143.207,142.62,143.178,0.221192479
14.10.2021 17:00:00.000,143.181,143.523,143.157,143.513,0.231874341
14.10.2021 18:00:00.000,143.515,143.629,143.301,143.572,0.039717103
14.10.2021 19:00:00.000,143.589,143.868,143.422,143.833,0.169929451
14.10.2021 20:00:00.000,143.838,143.838,143.32,143.744,-0.065351298
15.10.2021 14:00:00.000,143.763,144.667,143.705,144.31,0.38048733
15.10.2021 15:00:00.000,144.319,144.365,143.785,144.354,0.024251831
15.10.2021 16:00:00.000,144.357,144.425,143.636,143.728,-0.43572532
15.10.2021 17:00:00.000,143.715,144.259,143.651,144.219,0.350694082
15.10.2021 18:00:00.000,144.204,144.502,144.021,144.407,0.140772794
15.10.2021 19:00:00.000,144.404,144.659,144.34,144.618,0.148195341
15.10.2021 20:00:00.000,144.619,144.677,144.284,144.522,-0.067072791
18.10.2021 14:00:00.000,143.376,144.446,143.171,144.293,0.639577056
18.10.2021 15:00:00.000,144.289,144.864,144.143,144.8,0.354150351
18.10.2021 16:00:00.000,144.817,145.502,144.806,145.387,0.393600199
18.10.2021 17:00:00.000,145.384,145.459,145.055,145.2,-0.126561382
18.10.2021 18:00:00.000,145.204,146.041,144.945,145.865,0.455221619
18.10.2021 19:00:00.000,145.879,146.359,145.701,146.313,0.297506838
18.10.2021 20:00:00.000,146.319,146.829,146.217,146.491,0.117551377
19.10.2021 14:00:00.000,147.18,147.874,146.531,147.763,0.396113602
19.10.2021 15:00:00.000,147.774,149.026,147.614,148.907,0.766711329
19.10.2021 16:00:00.000,148.903,149.149,148.2,148.492,-0.276018616
19.10.2021 17:00:00.000,148.505,148.907,148.346,148.852,0.233662166
19.10.2021 18:00:00.000,148.851,149.035,148.691,148.825,-0.017467132
19.10.2021 19:00:00.000,148.828,148.858,148.311,148.642,-0.124976483
19.10.2021 20:00:00.000,148.648,148.822,148.242,148.558,-0.060545719
20.10.2021 14:00:00.000,149.01,149.736,148.753,148.988,-0.01476411
20.10.2021 15:00:00.000,148.989,149.473,148.68,149.215,0.151689051
20.10.2021 16:00:00.000,149.217,149.729,149.041,149.65,0.290181414
20.10.2021 17:00:00.000,149.656,149.689,149.012,149.181,-0.317394558
20.10.2021 18:00:00.000,149.182,149.248,148.091,148.474,-0.474588087
20.10.2021 19:00:00.000,148.46,148.849,148.422,148.803,0.231038664
20.10.2021 20:00:00.000,148.801,149.375,148.738,149.246,0.29905713
21.10.2021 14:00:00.000,145.84,145.84,145.84,145.84,0
21.10.2021 15:00:00.000,145.84,149.515,145.84,149.303,2.374520022
21.10.2021 16:00:00.000,149.307,149.507,149.081,149.259,-0.032148526
21.10.2021 17:00:00.000,149.262,149.395,147.883,148.552,-0.475673648
21.10.2021 18:00:00.000,148.547,148.589,148.342,148.447,-0.067318761
21.10.2021 19:00:00.000,148.444,149.088,148.35,149.01,0.381288567
21.10.2021 20:00:00.000,149.031,149.487,149.03,149.471,0.295240588
22.10.2021 14:00:00.000,149.431,150.153,149.421,149.856,0.284412204
22.10.2021 15:00:00.000,149.843,150.148,149.306,149.535,-0.205548474
22.10.2021 16:00:00.000,149.539,149.629,148.63,148.929,-0.407920342
22.10.2021 17:00:00.000,148.924,149.468,148.761,149.1,0.118181086
22.10.2021 18:00:00.000,149.096,149.289,148.886,148.928,-0.112679079
22.10.2021 19:00:00.000,148.921,149.659,148.91,149.088,0.112139994
22.10.2021 20:00:00.000,149.099,149.169,148.79,148.816,-0.189806773
25.10.2021 14:00:00.000,148.882,148.945,147.9,148.322,-0.376136806
25.10.2021 15:00:00.000,148.347,148.41,147.626,148.051,-0.199532178
25.10.2021 16:00:00.000,148.054,148.492,147.811,148.492,0.295838005
25.10.2021 17:00:00.000,148.513,149.067,148.471,148.953,0.29627036
25.10.2021 18:00:00.000,148.958,149.069,148.695,148.783,-0.11748278
25.10.2021 19:00:00.000,148.773,148.949,148.609,148.687,-0.057806188
25.10.2021 20:00:00.000,148.685,148.766,148.42,148.564,-0.081380099
26.10.2021 14:00:00.000,149.684,150.812,149.452,149.617,-0.044760963
26.10.2021 15:00:00.000,149.6,149.869,148.992,149.348,-0.168449198
26.10.2021 16:00:00.000,149.375,150.019,149.372,149.587,0.141924686
26.10.2021 17:00:00.000,149.56,149.84,149.181,149.444,-0.077560845
26.10.2021 18:00:00.000,149.439,149.885,149.27,149.6,0.107736267
26.10.2021 19:00:00.000,149.603,149.698,149.081,149.359,-0.163098334
26.10.2021 20:00:00.000,149.347,149.818,149.23,149.548,0.134585897
27.10.2021 14:00:00.000,148.893,149.51,148.478,149.369,0.319692665
27.10.2021 15:00:00.000,149.386,149.387,148.495,148.781,-0.404991097
27.10.2021 16:00:00.000,148.784,149.505,148.68,149.157,0.250699
27.10.2021 17:00:00.000,149.177,149.495,149.133,149.405,0.152838574
27.10.2021 18:00:00.000,149.417,149.705,149.379,149.573,0.104405791
27.10.2021 19:00:00.000,149.569,149.719,149.44,149.456,-0.075550415
27.10.2021 20:00:00.000,149.451,149.539,148.923,149.05,-0.268315368
28.10.2021 14:00:00.000,150.573,152.099,150.513,152.033,0.969629349
28.10.2021 15:00:00.000,152.051,152.908,151.682,152.535,0.31831425
28.10.2021 16:00:00.000,152.564,153.155,152.3,152.624,0.039327758
28.10.2021 17:00:00.000,152.625,152.823,151.956,152.173,-0.296150696
28.10.2021 18:00:00.000,152.185,152.689,152.131,152.478,0.19252883
28.10.2021 19:00:00.000,152.471,152.877,152.431,152.593,0.080015216
28.10.2021 20:00:00.000,152.6,152.6,152.162,152.552,-0.031454784
29.10.2021 14:00:00.000,147.124,147.326,146.416,147.084,-0.02718795
29.10.2021 15:00:00.000,147.106,147.791,146.892,147.238,0.089731214
29.10.2021 16:00:00.000,147.24,148.63,146.993,148.325,0.736892149
29.10.2021 17:00:00.000,148.316,149.489,148.268,149.358,0.702554006
29.10.2021 18:00:00.000,149.362,149.489,148.59,148.667,-0.465312462
29.10.2021 19:00:00.000,148.65,149.299,148.522,149.148,0.335015136
29.10.2021 20:00:00.000,149.13,149.839,148.96,149.781,0.436531885
01.11.2021 14:00:00.000,149.42,149.634,148.078,148.228,-0.797751305
01.11.2021 15:00:00.000,148.221,148.849,147.787,148.337,0.078261515
01.11.2021 16:00:00.000,148.329,149.029,148.235,148.873,0.366752287
01.11.2021 17:00:00.000,148.888,149.019,148.639,148.915,0.018134437
01.11.2021 18:00:00.000,148.923,149.009,148.49,148.557,-0.24576459
01.11.2021 19:00:00.000,148.534,148.689,148.25,148.325,-0.140708525
01.11.2021 20:00:00.000,148.335,148.968,148.291,148.633,0.200896619
02.11.2021 14:00:00.000,149.105,150.477,149.091,149.899,0.532510647
02.11.2021 15:00:00.000,149.932,150.884,149.325,150.832,0.600272123
02.11.2021 16:00:00.000,150.849,151.559,150.59,150.928,0.052370251
02.11.2021 17:00:00.000,150.913,151.468,150.57,151.39,0.31607615
02.11.2021 18:00:00.000,151.393,151.458,150.84,150.931,-0.305166025
02.11.2021 19:00:00.000,150.937,150.977,150.06,150.348,-0.390229036
02.11.2021 20:00:00.000,150.349,150.425,149.91,149.992,-0.237447539
03.11.2021 14:00:00.000,150.107,150.949,149.834,150.693,0.39038819
03.11.2021 15:00:00.000,150.755,150.807,150.095,150.245,-0.338297237
03.11.2021 16:00:00.000,150.248,150.569,150.142,150.493,0.163063735
03.11.2021 17:00:00.000,150.503,150.683,150.332,150.356,-0.097672472
03.11.2021 18:00:00.000,150.355,150.438,150.166,150.339,-0.010641482
03.11.2021 19:00:00.000,150.327,151.373,150.194,151.19,0.574081835
03.11.2021 20:00:00.000,151.212,151.948,151.002,151.632,0.277755734
04.11.2021 14:00:00.000,151.98,152.418,151.669,152.048,0.044742729
04.11.2021 15:00:00.000,152.063,152.08,151.532,151.901,-0.106534792
04.11.2021 16:00:00.000,151.89,151.93,150.821,151.358,-0.350253473
04.11.2021 17:00:00.000,151.358,151.659,151.134,151.197,-0.106370327
04.11.2021 18:00:00.000,151.207,151.559,151,151.518,0.205678309
04.11.2021 19:00:00.000,151.514,151.528,151.102,151.166,-0.229681746
04.11.2021 20:00:00.000,151.163,151.529,150.955,151.017,-0.096584482
05.11.2021 14:00:00.000,151.738,152.03,151.23,151.628,-0.072493377
05.11.2021 15:00:00.000,151.629,151.761,150.8,151.114,-0.339644791
05.11.2021 16:00:00.000,151.119,151.314,150.83,150.895,-0.148227556
05.11.2021 17:00:00.000,150.901,151.059,150.51,150.804,-0.064280555
05.11.2021 18:00:00.000,150.807,150.858,150.042,150.537,-0.179036782
05.11.2021 19:00:00.000,150.513,150.658,150.18,150.598,0.056473527
05.11.2021 20:00:00.000,150.615,151.429,150.324,151.077,0.306742356
08.11.2021 14:00:00.000,151.111,151.164,150.686,150.937,-0.115147143
08.11.2021 15:00:00.000,150.943,151.432,150.7,150.748,-0.129187839
08.11.2021 16:00:00.000,150.749,150.878,150.325,150.395,-0.234827428
08.11.2021 17:00:00.000,150.388,150.596,150.152,150.566,0.118360507
08.11.2021 18:00:00.000,150.579,150.999,150.516,150.578,-0.000664103
08.11.2021 19:00:00.000,150.574,150.779,150.487,150.659,0.056450649
08.11.2021 20:00:00.000,150.64,150.652,150.282,150.517,-0.08165162
09.11.2021 14:00:00.000,150.248,151.403,150.131,150.927,0.451919493
09.11.2021 15:00:00.000,150.902,151.188,150.147,150.839,-0.04174895
09.11.2021 16:00:00.000,150.865,151.159,150.554,150.852,-0.008616975
09.11.2021 17:00:00.000,150.852,151.218,150.48,150.994,0.094131997
09.11.2021 18:00:00.000,151.005,151.209,150.53,150.69,-0.208602364
09.11.2021 19:00:00.000,150.696,150.969,150.594,150.81,0.075648989
09.11.2021 20:00:00.000,150.804,151,150.61,150.855,0.033818732
10.11.2021 14:00:00.000,148.254,149.247,147.951,149.001,0.503864988
10.11.2021 15:00:00.000,149.003,149.592,148.693,148.967,-0.024160587
10.11.2021 16:00:00.000,148.96,149.065,148.67,149.055,0.06377551
10.11.2021 17:00:00.000,149.045,149.174,148.788,149.153,0.072461337
10.11.2021 18:00:00.000,149.159,149.169,148.313,148.488,-0.449855523
10.11.2021 19:00:00.000,148.462,148.519,147.911,148.145,-0.213522652
10.11.2021 20:00:00.000,148.14,148.284,147.93,147.97,-0.114756312
11.11.2021 14:00:00.000,148.351,148.791,148.133,148.645,0.198178644
11.11.2021 15:00:00.000,148.666,148.666,148.15,148.35,-0.212557007
11.11.2021 16:00:00.000,148.362,148.558,148.133,148.25,-0.075491029
11.11.2021 17:00:00.000,148.242,148.306,147.85,147.963,-0.188205772
11.11.2021 18:00:00.000,147.961,147.967,147.66,147.837,-0.083805868
11.11.2021 19:00:00.000,147.824,148.289,147.78,148.058,0.158296352
11.11.2021 20:00:00.000,148.053,148.132,147.741,147.805,-0.167507582
12.11.2021 14:00:00.000,147.772,148.127,147.466,147.966,0.131283328
12.11.2021 15:00:00.000,147.97,148.768,147.747,148.573,0.407515037
12.11.2021 16:00:00.000,148.585,150.09,148.515,149.792,0.812329643
12.11.2021 17:00:00.000,149.798,149.868,149.542,149.571,-0.151537404
12.11.2021 18:00:00.000,149.566,149.957,149.288,149.928,0.242033617
12.11.2021 19:00:00.000,149.932,150.022,149.733,149.897,-0.023343916
12.11.2021 20:00:00.000,149.89,150.391,149.748,149.879,-0.007338715
15.11.2021 14:00:00.000,151.301,151.878,150.877,150.944,-0.235953497
15.11.2021 15:00:00.000,150.966,151.001,150.267,150.32,-0.42791092
15.11.2021 16:00:00.000,150.321,150.5,149.439,149.763,-0.37120562
15.11.2021 17:00:00.000,149.75,150.235,149.523,150.045,0.196994992
15.11.2021 18:00:00.000,150.037,150.133,149.881,149.906,-0.087311796
15.11.2021 19:00:00.000,149.917,150.204,149.752,149.993,0.050694718
15.11.2021 20:00:00.000,149.965,150.26,149.752,149.798,-0.111359317
16.11.2021 14:00:00.000,149.74,150.346,149.675,149.84,0.066782423
16.11.2021 15:00:00.000,149.843,149.883,149.331,149.683,-0.106778428
16.11.2021 16:00:00.000,149.673,151.363,149.653,151.171,1.000848516
16.11.2021 17:00:00.000,151.176,151.484,151.047,151.122,-0.035719956
16.11.2021 18:00:00.000,151.137,151.469,150.994,151.371,0.154826416
16.11.2021 19:00:00.000,151.374,151.47,150.928,151.017,-0.235839708
16.11.2021 20:00:00.000,151.02,151.245,150.795,151.152,0.087405642
17.11.2021 14:00:00.000,151.932,152.765,151.638,152.059,0.083590027
17.11.2021 15:00:00.000,152.087,152.77,152.046,152.615,0.347169712
17.11.2021 16:00:00.000,152.613,154.992,152.601,154.977,1.549016139
17.11.2021 17:00:00.000,154.982,154.996,153.759,153.997,-0.635557678
17.11.2021 18:00:00.000,154.004,154.539,153.723,154.287,0.183761461
17.11.2021 19:00:00.000,154.287,154.546,153.774,154.099,-0.121850836
17.11.2021 20:00:00.000,154.105,154.243,153.611,153.611,-0.320560657
18.11.2021 14:00:00.000,153.271,154.607,153.04,154.404,0.73921355
18.11.2021 15:00:00.000,154.384,154.573,153.569,154.156,-0.147683698
18.11.2021 16:00:00.000,154.135,154.865,153.875,154.627,0.319200701
18.11.2021 17:00:00.000,154.614,157.847,154.532,157.202,1.673845835
18.11.2021 18:00:00.000,157.202,157.749,156.702,157.498,0.18829277
18.11.2021 19:00:00.000,157.487,158.386,157.369,157.627,0.088896226
18.11.2021 20:00:00.000,157.634,158.66,157.59,158.084,0.285471408
19.11.2021 14:00:00.000,157.102,159.017,157.076,158.931,1.164211786
19.11.2021 15:00:00.000,158.947,159.184,158.074,158.974,0.016986794
19.11.2021 16:00:00.000,158.983,160.125,158.866,159.858,0.55037331
19.11.2021 17:00:00.000,159.855,160.342,159.687,160.279,0.265240374
19.11.2021 18:00:00.000,160.283,160.704,159.779,160.673,0.243319628
19.11.2021 19:00:00.000,160.689,160.837,160.288,160.512,-0.110150664
19.11.2021 20:00:00.000,160.507,161.018,160.098,160.311,-0.122113054
22.11.2021 14:00:00.000,162.773,164.753,162.478,164.667,1.163583641
22.11.2021 15:00:00.000,164.687,165.696,164.517,164.733,0.027931774
22.11.2021 16:00:00.000,164.684,165.211,163.04,163.509,-0.713487649
22.11.2021 17:00:00.000,163.52,164.357,163.041,163.935,0.253791585
22.11.2021 18:00:00.000,163.942,163.982,163.318,163.678,-0.16103256
22.11.2021 19:00:00.000,163.694,164.277,163.594,163.779,0.051926155
22.11.2021 20:00:00.000,163.795,163.997,161.054,161.087,-1.65328612
23.11.2021 14:00:00.000,159.706,160.987,159.64,160.724,0.637421262
23.11.2021 15:00:00.000,160.713,160.824,159.065,159.957,-0.470403763
23.11.2021 16:00:00.000,159.946,160.482,159.233,159.816,-0.081277431
23.11.2021 17:00:00.000,159.802,160.599,159.426,159.779,-0.014392811
23.11.2021 18:00:00.000,159.765,160.08,159.076,160.005,0.150220637
23.11.2021 19:00:00.000,160.006,160.893,159.817,160.875,0.543104634
23.11.2021 20:00:00.000,160.879,161.573,160.53,161.263,0.238688704
24.11.2021 14:00:00.000,160.445,161.386,159.702,160.003,-0.275483811
24.11.2021 15:00:00.000,159.933,161.098,159.66,161.076,0.71467427
24.11.2021 16:00:00.000,161.058,161.974,160.69,161.264,0.127904233
24.11.2021 17:00:00.000,161.257,161.63,160.916,161.491,0.14510998
24.11.2021 18:00:00.000,161.502,161.727,160.907,160.989,-0.317643125
24.11.2021 19:00:00.000,160.987,161.281,160.487,161.005,0.011181027
24.11.2021 20:00:00.000,160.992,161.986,160.798,161.94,0.588849135
26.11.2021 14:00:00.000,160.214,160.292,158.362,158.755,-0.910656996
26.11.2021 15:00:00.000,158.738,158.959,157.423,157.619,-0.704935176
26.11.2021 16:00:00.000,157.606,158.166,156.898,158.1,0.313439844
26.11.2021 17:00:00.000,158.08,158.217,156.357,156.793,-0.814144737
29.11.2021 14:00:00.000,159.553,160.555,159.313,160.214,0.414282401
29.11.2021 15:00:00.000,160.225,160.526,158.8,159.188,-0.647214854
29.11.2021 16:00:00.000,159.189,160.428,158.938,160.356,0.733090854
29.11.2021 17:00:00.000,160.364,160.869,160.186,160.525,0.100396598
29.11.2021 18:00:00.000,160.53,161.175,160.444,160.991,0.287173737
29.11.2021 19:00:00.000,161.007,161.111,160.398,160.768,-0.148440751
29.11.2021 20:00:00.000,160.756,160.845,159.988,160.297,-0.28552589
30.11.2021 14:00:00.000,160.467,162.276,159.973,162.074,1.001452012
30.11.2021 15:00:00.000,162.078,164.547,162.022,162.159,0.049975938
30.11.2021 16:00:00.000,162.158,163.429,161.858,162.501,0.211522096
30.11.2021 17:00:00.000,162.525,164.239,162.033,163.572,0.644208583
30.11.2021 18:00:00.000,163.6,164.363,163.11,164.347,0.456601467
30.11.2021 19:00:00.000,164.328,164.906,163.936,164.238,-0.054768512
30.11.2021 20:00:00.000,164.181,164.791,163.352,164.596,0.252769809
01.12.2021 14:00:00.000,166.147,168.273,166.083,168.251,1.266348475
01.12.2021 15:00:00.000,168.258,169.484,167.123,169.304,0.621664349
01.12.2021 16:00:00.000,169.37,170.156,169.076,169.26,-0.064946567
01.12.2021 17:00:00.000,169.252,170.281,169.048,169.125,-0.075036041
01.12.2021 18:00:00.000,169.119,169.664,167.377,168.374,-0.440518215
01.12.2021 19:00:00.000,168.334,168.371,167.002,167.173,-0.689700239
01.12.2021 20:00:00.000,167.203,167.443,164.767,165.685,-0.907878447
02.12.2021 14:00:00.000,159.278,161.594,158.752,161.328,1.287057849
02.12.2021 15:00:00.000,161.349,161.349,159.035,160.478,-0.539823612
02.12.2021 16:00:00.000,160.448,162.465,160.211,162.358,1.190416833
02.12.2021 17:00:00.000,162.354,163.695,162.075,163.087,0.451482563
02.12.2021 18:00:00.000,163.124,163.524,162.571,163.41,0.175326745
02.12.2021 19:00:00.000,163.395,163.97,162.999,163.419,0.014688332
02.12.2021 20:00:00.000,163.459,164.192,163.126,163.469,0.006117742
03.12.2021 14:00:00.000,164.402,164.83,162.76,163.331,-0.651451929
03.12.2021 15:00:00.000,163.22,163.83,161.815,162.814,-0.248744026
03.12.2021 16:00:00.000,162.798,163.253,160.79,161.01,-1.098293591
03.12.2021 17:00:00.000,160.992,162.382,160.526,161.607,0.382006559
03.12.2021 18:00:00.000,161.57,161.575,159.769,159.923,-1.019372408
03.12.2021 19:00:00.000,159.931,160.708,159.754,160.069,0.086287211
03.12.2021 20:00:00.000,160.053,161.429,159.733,161.135,0.676026066
06.12.2021 14:00:00.000,165.121,167.15,164.345,167.097,1.196698179
06.12.2021 15:00:00.000,167.138,167.854,165.274,165.97,-0.698823727
06.12.2021 16:00:00.000,165.987,166.225,164.892,165.599,-0.233753246
06.12.2021 17:00:00.000,165.603,166.436,165.59,166.28,0.408809019
06.12.2021 18:00:00.000,166.274,166.413,165.563,166.184,-0.054127524
06.12.2021 19:00:00.000,166.187,166.491,165.278,165.544,-0.386913537
06.12.2021 20:00:00.000,165.542,165.819,164.98,165.421,-0.073093233
07.12.2021 14:00:00.000,169.203,170.748,168.812,170.122,0.543134578
07.12.2021 15:00:00.000,170.141,171.27,170.033,170.734,0.348534451
07.12.2021 16:00:00.000,170.744,171.469,170.482,171.057,0.183315373
07.12.2021 17:00:00.000,171.076,171.573,170.81,171.098,0.012859782
07.12.2021 18:00:00.000,171.096,171.129,170.311,170.441,-0.382826016
07.12.2021 19:00:00.000,170.438,170.438,169.449,169.934,-0.295708703
07.12.2021 20:00:00.000,169.895,170.732,169.808,170.692,0.469113276
08.12.2021 14:00:00.000,171.366,173.44,171.319,172.722,0.79128882
08.12.2021 15:00:00.000,172.662,174.433,172.567,173.907,0.721061959
08.12.2021 16:00:00.000,173.908,174.856,173.263,174.825,0.527290291
08.12.2021 17:00:00.000,174.822,174.822,173.745,174.272,-0.314605713
08.12.2021 18:00:00.000,174.268,174.819,174.023,174.529,0.149769321
08.12.2021 19:00:00.000,174.522,175.951,174.064,174.775,0.144967397
08.12.2021 20:00:00.000,174.772,175.053,174.043,175.053,0.160780903
09.12.2021 14:00:00.000,176.521,176.73,175.98,176.109,-0.233399992
09.12.2021 15:00:00.000,176.164,176.194,173.937,175.904,-0.147589746
09.12.2021 16:00:00.000,175.913,175.925,174.678,174.7,-0.6895454
09.12.2021 17:00:00.000,174.716,175.819,174.477,175.493,0.44472172
09.12.2021 18:00:00.000,175.491,175.952,175.136,175.638,0.083764979
09.12.2021 19:00:00.000,175.651,175.957,175.15,175.366,-0.16225356
09.12.2021 20:00:00.000,175.381,175.717,174.562,174.65,-0.416806838
10.12.2021 14:00:00.000,176.079,176.523,174.704,175.162,-0.520788964
10.12.2021 15:00:00.000,175.157,176.976,175.08,176.136,0.558927134
10.12.2021 16:00:00.000,176.106,176.734,175.396,176.699,0.336729015
10.12.2021 17:00:00.000,176.716,177.315,176.596,177.274,0.315760882
10.12.2021 18:00:00.000,177.254,177.8,177.03,177.678,0.239204757
10.12.2021 19:00:00.000,177.662,177.9,177.58,177.831,0.09512445
10.12.2021 20:00:00.000,177.829,179.076,177.67,179.076,0.701235457
13.12.2021 14:00:00.000,180.693,181.262,179.759,180.945,0.139463067
13.12.2021 15:00:00.000,180.973,182.084,178.145,179.772,-0.663634907
13.12.2021 16:00:00.000,179.744,179.993,177.093,177.842,-1.058171622
13.12.2021 17:00:00.000,177.819,179.397,177.737,178.713,0.502758423
13.12.2021 18:00:00.000,178.723,179.145,177.331,178.158,-0.316131667
13.12.2021 19:00:00.000,178.144,178.751,177.779,178.653,0.285723909
13.12.2021 20:00:00.000,178.644,178.848,175.531,175.646,-1.67819798
14.12.2021 14:00:00.000,177.088,177.704,175.641,175.855,-0.696264004
14.12.2021 15:00:00.000,175.864,176.049,173.183,173.347,-1.431219579
14.12.2021 16:00:00.000,173.274,173.589,172.376,173.24,-0.019622101
14.12.2021 17:00:00.000,173.242,173.463,172.2,173.435,0.111404856
14.12.2021 18:00:00.000,173.427,174.057,173.079,173.443,0.009225784
14.12.2021 19:00:00.000,173.447,174.698,173.372,174.522,0.619785871
14.12.2021 20:00:00.000,174.492,175.578,173.814,173.894,-0.342709121
15.12.2021 14:00:00.000,174.995,175.632,172.961,173.687,-0.747449927
15.12.2021 15:00:00.000,173.703,174.4,172.934,173.875,0.099019591
15.12.2021 16:00:00.000,173.831,173.899,172.409,172.435,-0.803078852
15.12.2021 17:00:00.000,172.433,173.42,172.305,173.417,0.570656429
15.12.2021 18:00:00.000,173.42,173.815,172.861,173.438,0.010379426
15.12.2021 19:00:00.000,173.451,178.256,172.392,177.831,2.525208849
15.12.2021 20:00:00.000,177.831,179.328,177.753,179.029,0.673673319
16.12.2021 14:00:00.000,180.782,181.124,176.507,176.507,-2.364726577
16.12.2021 15:00:00.000,176.544,176.55,174.534,175.78,-0.432753308
16.12.2021 16:00:00.000,175.784,175.784,174.236,174.783,-0.569448869
16.12.2021 17:00:00.000,174.75,175.319,173.112,173.14,-0.921316166
16.12.2021 18:00:00.000,173.142,174.426,173.142,173.591,0.259324716
16.12.2021 19:00:00.000,173.604,173.791,170.791,171.572,-1.170479943
16.12.2021 20:00:00.000,171.533,173.308,170.739,171.974,0.257093387
17.12.2021 14:00:00.000,171.235,173.036,169.934,171.919,0.399451047
17.12.2021 15:00:00.000,171.859,172.784,169.771,172.497,0.371234559
17.12.2021 16:00:00.000,172.518,173.462,170.354,171.025,-0.865416942
17.12.2021 17:00:00.000,170.994,171.307,169.862,170.798,-0.114623905
17.12.2021 18:00:00.000,170.741,172.458,170.474,172.443,0.996831458
17.12.2021 19:00:00.000,172.457,173.081,171.666,172.317,-0.081179656
17.12.2021 20:00:00.000,172.29,172.787,170.88,170.953,-0.77601718
20.12.2021 14:00:00.000,168.923,169.927,168.01,169.564,0.379462832
20.12.2021 15:00:00.000,169.503,169.535,167.744,168.376,-0.664884987
20.12.2021 16:00:00.000,168.383,169.679,167.956,169.523,0.677027966
20.12.2021 17:00:00.000,169.528,170.566,168.876,168.997,-0.313222594
20.12.2021 18:00:00.000,169.009,170.043,168.813,169.751,0.439029874
20.12.2021 19:00:00.000,169.746,170.284,169.349,169.938,0.113110176
20.12.2021 20:00:00.000,169.949,170.418,169.099,169.48,-0.275965142
21.12.2021 14:00:00.000,171.172,171.52,170.004,170.372,-0.467366158
21.12.2021 15:00:00.000,170.32,170.955,169.112,169.839,-0.282409582
21.12.2021 16:00:00.000,169.841,171.241,169.819,170.735,0.526374668
21.12.2021 17:00:00.000,170.726,171.524,170.448,170.972,0.144090531
21.12.2021 18:00:00.000,171.009,171.313,170.659,171.228,0.128063435
21.12.2021 19:00:00.000,171.247,173.025,171.193,172.941,0.98921441
21.12.2021 20:00:00.000,172.942,173.026,172.188,172.912,-0.017346856
22.12.2021 14:00:00.000,172.677,173.975,172.451,173.734,0.612125529
22.12.2021 15:00:00.000,173.724,174.511,172.889,174.467,0.427689899
22.12.2021 16:00:00.000,174.481,174.49,173.546,174.114,-0.210338088
22.12.2021 17:00:00.000,174.133,174.604,174.001,174.51,0.21650118
22.12.2021 18:00:00.000,174.509,174.749,173.763,174.097,-0.236090975
22.12.2021 19:00:00.000,174.11,174.58,173.483,174.507,0.228016771
22.12.2021 20:00:00.000,174.507,175.521,174.349,175.521,0.581065516
23.12.2021 14:00:00.000,175.981,176.27,175.327,175.88,-0.057392559
23.12.2021 15:00:00.000,175.907,176.502,175.747,176.469,0.319487002
23.12.2021 16:00:00.000,176.476,176.499,175.658,176.168,-0.174527981
23.12.2021 17:00:00.000,176.178,176.306,175.788,176.261,0.047111444
23.12.2021 18:00:00.000,176.256,176.334,175.984,175.988,-0.152051561
23.12.2021 19:00:00.000,175.985,176.632,175.742,176.498,0.291502117
23.12.2021 20:00:00.000,176.479,176.835,175.963,176.704,0.127493923
27.12.2021 14:00:00.000,177.649,178.474,177.274,177.288,-0.2032097
27.12.2021 15:00:00.000,177.31,178.469,177.143,178.451,0.643505724
27.12.2021 16:00:00.000,178.452,178.866,178.166,178.829,0.211261292
27.12.2021 17:00:00.000,178.834,179.363,178.771,179.256,0.235973025
27.12.2021 18:00:00.000,179.243,179.968,179.067,179.896,0.364309903
27.12.2021 19:00:00.000,179.884,180.222,179.537,179.898,0.007782793
27.12.2021 20:00:00.000,179.894,180.299,179.561,180.104,0.116735411
28.12.2021 14:00:00.000,179.781,180.213,178.895,179.975,0.107909067
28.12.2021 15:00:00.000,179.978,180.128,178.521,179.894,-0.046672371
28.12.2021 16:00:00.000,179.897,181.313,179.714,180.512,0.341862288
28.12.2021 17:00:00.000,180.509,180.659,179.276,179.481,-0.56950069
28.12.2021 18:00:00.000,179.465,180.013,179.276,179.738,0.152118798
28.12.2021 19:00:00.000,179.732,179.747,179.053,179.481,-0.139652371
28.12.2021 20:00:00.000,179.497,179.813,179.142,179.242,-0.142063656
29.12.2021 14:00:00.000,180.017,180.603,179.67,180.297,0.155540866
29.12.2021 15:00:00.000,180.331,180.36,178.147,179.824,-0.281149664
29.12.2021 16:00:00.000,179.81,179.936,178.842,179.077,-0.407652522
29.12.2021 17:00:00.000,179.087,179.368,178.673,179.307,0.122845321
29.12.2021 18:00:00.000,179.319,179.464,179.007,179.101,-0.121571055
29.12.2021 19:00:00.000,179.11,179.626,178.978,179.558,0.250125621
29.12.2021 20:00:00.000,179.548,179.795,179.344,179.63,0.045670239
30.12.2021 14:00:00.000,179.56,179.654,178.896,179.512,-0.026732012
30.12.2021 15:00:00.000,179.53,180.56,179.48,180.005,0.264579736
30.12.2021 16:00:00.000,180.002,180.154,179.581,179.796,-0.114443173
30.12.2021 17:00:00.000,179.797,179.956,179.52,179.824,0.015016936
30.12.2021 18:00:00.000,179.832,179.855,179.165,179.279,-0.307509231
30.12.2021 19:00:00.000,179.277,179.348,178.654,179.234,-0.02398523
30.12.2021 20:00:00.000,179.234,179.296,178.325,178.522,-0.397246058
31.12.2021 14:00:00.000,178.514,178.67,177.726,177.891,-0.348992236
31.12.2021 15:00:00.000,177.883,178.58,177.32,178.397,0.288953975
31.12.2021 16:00:00.000,178.385,178.424,177.646,177.694,-0.387364408
31.12.2021 17:00:00.000,177.723,177.834,177.275,177.552,-0.096217147
31.12.2021 18:00:00.000,177.558,177.909,177.348,177.552,-0.003379178
03.01.2022 14:00:00.000,178.954,180.925,178.928,180.434,0.827028175
03.01.2022 15:00:00.000,180.471,181.397,180.257,180.947,0.263754287
03.01.2022 16:00:00.000,180.947,181.759,180.386,181.458,0.282403135
03.01.2022 17:00:00.000,181.472,182.148,181.07,181.683,0.116271381
03.01.2022 18:00:00.000,181.699,182.872,181.639,182.354,0.360486299
03.01.2022 19:00:00.000,182.356,182.46,181.663,181.864,-0.269801926
03.01.2022 20:00:00.000,181.869,182.194,181.194,181.789,-0.043987705
04.01.2022 14:00:00.000,181.899,182.829,181.587,182.257,0.196812517
04.01.2022 15:00:00.000,182.26,182.661,180.985,181.015,-0.683090091
04.01.2022 16:00:00.000,180.996,181.035,179.482,179.803,-0.659130589
04.01.2022 17:00:00.000,179.809,180.363,179.2,179.323,-0.270286804
04.01.2022 18:00:00.000,179.321,179.956,179.14,179.446,0.069707396
04.01.2022 19:00:00.000,179.424,180.107,179.302,179.999,0.320469948
04.01.2022 20:00:00.000,180,180.466,179.856,179.987,-0.007222222
05.01.2022 14:00:00.000,178.734,179.31,178.045,179.277,0.303803417
05.01.2022 15:00:00.000,179.255,179.463,177.98,178.726,-0.295110318
05.01.2022 16:00:00.000,178.731,179.429,178.538,178.8,0.038605502
05.01.2022 17:00:00.000,178.818,179.235,178.254,178.334,-0.270666264
05.01.2022 18:00:00.000,178.334,178.53,177.674,178.033,-0.168784416
05.01.2022 19:00:00.000,178.032,178.695,176.08,176.483,-0.870068302
05.01.2022 20:00:00.000,176.498,176.83,175.263,175.515,-0.556946821
06.01.2022 14:00:00.000,174.2,175.278,173.609,173.958,-0.138920781
06.01.2022 15:00:00.000,173.926,174.283,172.178,173.526,-0.229982866
06.01.2022 16:00:00.000,173.529,174.216,172.746,172.95,-0.333661809
06.01.2022 17:00:00.000,172.971,173.647,172.566,172.895,-0.043938001
06.01.2022 18:00:00.000,172.892,173.413,172.691,173.378,0.28110034
06.01.2022 19:00:00.000,173.353,173.701,172.751,172.889,-0.267661938
06.01.2022 20:00:00.000,172.869,173.377,171.811,171.939,-0.537979626
07.01.2022 14:00:00.000,172.381,174.119,171.493,173.689,0.758784321
07.01.2022 15:00:00.000,173.694,173.762,171.029,171.419,-1.309774661
07.01.2022 16:00:00.000,171.442,172.706,171.038,172.513,0.624701065
07.01.2022 17:00:00.000,172.525,172.613,171.761,172.265,-0.150702797
07.01.2022 18:00:00.000,172.293,172.586,172.05,172.284,-0.00522366
07.01.2022 19:00:00.000,172.299,173.091,171.859,173.09,0.459085659
07.01.2022 20:00:00.000,173.084,173.683,172.254,172.26,-0.476069423
10.01.2022 14:00:00.000,169.925,171.17,169.25,169.456,-0.276004119
10.01.2022 15:00:00.000,169.416,169.702,168.175,168.682,-0.433253058
10.01.2022 16:00:00.000,168.68,170.009,168.446,169.082,0.238321081
10.01.2022 17:00:00.000,169.051,170.125,168.292,169.654,0.356697091
10.01.2022 18:00:00.000,169.649,171.437,169.542,171.153,0.886536319
10.01.2022 19:00:00.000,171.151,171.616,170.349,170.68,-0.275195588
10.01.2022 20:00:00.000,170.688,171.783,169.967,171.661,0.570045932
11.01.2022 14:00:00.000,171.65,172.452,170.82,171.556,-0.054762598
11.01.2022 15:00:00.000,171.546,172.628,170.963,171.523,-0.013407483
11.01.2022 16:00:00.000,171.539,174.968,171.481,174.819,1.912101621
11.01.2022 17:00:00.000,174.852,175.011,173.951,174.243,-0.348294558
11.01.2022 18:00:00.000,174.249,174.754,173.748,174.478,0.131421127
11.01.2022 19:00:00.000,174.471,175.092,173.966,174.831,0.206338016
11.01.2022 20:00:00.000,174.826,175.179,174.393,174.59,-0.134991363
12.01.2022 14:00:00.000,176.589,176.655,175.298,176.308,-0.159126559
12.01.2022 15:00:00.000,176.324,177.159,175.297,175.647,-0.38395227
12.01.2022 16:00:00.000,175.616,176.237,174.827,175.831,0.122426203
12.01.2022 17:00:00.000,175.84,176.382,175.298,176.226,0.219517743
12.01.2022 18:00:00.000,176.224,176.268,175.461,175.568,-0.372253496
12.01.2022 19:00:00.000,175.556,175.795,175.213,175.479,-0.043860648
12.01.2022 20:00:00.000,175.485,175.938,175.086,175.369,-0.066102516
13.01.2022 14:00:00.000,175.915,176.595,175.801,176.01,0.054003354
13.01.2022 15:00:00.000,176.016,176.161,174.702,175.42,-0.338605581
13.01.2022 16:00:00.000,175.406,175.466,174.535,175.357,-0.02793519
13.01.2022 17:00:00.000,175.332,175.526,172.819,173.295,-1.161795907
13.01.2022 18:00:00.000,173.271,173.971,172.991,173.882,0.35262681
13.01.2022 19:00:00.000,173.881,174.193,173.159,173.365,-0.296754677
13.01.2022 20:00:00.000,173.366,173.518,171.936,171.955,-0.813885076
14.01.2022 14:00:00.000,171.443,173.495,171.441,173.327,1.098907509
14.01.2022 15:00:00.000,173.338,173.775,171.686,172.319,-0.587868788
14.01.2022 16:00:00.000,172.319,172.933,171.253,172.697,0.219360604
14.01.2022 17:00:00.000,172.704,172.91,171.296,171.418,-0.744626644
14.01.2022 18:00:00.000,171.421,172.228,171.086,172.083,0.386183723
14.01.2022 19:00:00.000,172.062,172.573,171.789,172.067,0.002905929
14.01.2022 20:00:00.000,172.069,173.255,171.986,173.048,0.568957802
18.01.2022 14:00:00.000,171.651,172.399,170.611,171.127,-0.305270578
18.01.2022 15:00:00.000,171.084,172.31,170.798,171.083,-0.000584508
18.01.2022 16:00:00.000,171.112,171.227,170.201,171.128,0.009350601
18.01.2022 17:00:00.000,171.105,171.27,169.594,169.75,-0.791911399
18.01.2022 18:00:00.000,169.735,170.434,169.565,170.334,0.352903055
18.01.2022 19:00:00.000,170.322,170.739,169.998,170.57,0.145606557
18.01.2022 20:00:00.000,170.578,170.774,169.446,169.446,-0.663626024
19.01.2022 14:00:00.000,169.453,170.931,169.266,170.931,0.872218255
19.01.2022 15:00:00.000,170.923,171.061,168.629,168.886,-1.191764713
19.01.2022 16:00:00.000,168.887,169.239,167.362,168.336,-0.326253649
19.01.2022 17:00:00.000,168.328,169.356,168.325,169.064,0.437241576
19.01.2022 18:00:00.000,169.089,169.442,168.364,168.424,-0.39328401
19.01.2022 19:00:00.000,168.446,168.663,167.535,167.929,-0.306923287
19.01.2022 20:00:00.000,167.943,168.263,166.484,166.57,-0.817539284
20.01.2022 14:00:00.000,167.477,168.881,166.898,168.865,0.828770518
20.01.2022 15:00:00.000,168.874,169.64,168.459,169.216,0.202517854
20.01.2022 16:00:00.000,169.253,169.538,168.774,169.093,-0.094533036
20.01.2022 17:00:00.000,169.109,169.242,168.488,168.63,-0.283249265
20.01.2022 18:00:00.000,168.626,168.635,167.152,167.406,-0.723494598
20.01.2022 19:00:00.000,167.427,167.891,166.329,166.659,-0.458707377
20.01.2022 20:00:00.000,166.644,166.95,164.492,164.588,-1.233767792
21.01.2022 14:00:00.000,165.267,165.58,163.184,163.536,-1.047396032
21.01.2022 15:00:00.000,163.53,165.818,162.977,165.121,0.972910169
21.01.2022 16:00:00.000,165.169,166.283,164.024,164.428,-0.448631402
21.01.2022 17:00:00.000,164.423,164.654,163.254,163.956,-0.284023525
21.01.2022 18:00:00.000,163.928,164.768,163.38,163.77,-0.096383778
21.01.2022 19:00:00.000,163.758,164.318,163.061,163.097,-0.403644402
21.01.2022 20:00:00.000,163.099,163.879,162.403,162.628,-0.28878166
24.01.2022 14:00:00.000,160.037,160.843,159.214,159.287,-0.468641627
24.01.2022 15:00:00.000,159.268,160.088,157.64,158.474,-0.498530778
24.01.2022 16:00:00.000,158.455,158.479,156.402,157.172,-0.809693604
24.01.2022 17:00:00.000,157.17,157.416,154.699,156.938,-0.147610867
24.01.2022 18:00:00.000,156.914,158.869,156.793,158.841,1.228061231
24.01.2022 19:00:00.000,158.827,159.564,156.013,157.852,-0.613875475
24.01.2022 20:00:00.000,157.823,161.475,157.401,161.186,2.130868124
25.01.2022 14:00:00.000,158.331,159.202,157.275,157.613,-0.453480367
25.01.2022 15:00:00.000,157.586,159.746,157.018,158.404,0.519081644
25.01.2022 16:00:00.000,158.395,158.917,157.221,157.334,-0.669844376
25.01.2022 17:00:00.000,157.329,158.949,157.143,158.338,0.641331223
25.01.2022 18:00:00.000,158.362,160.527,157.937,160.501,1.35070282
25.01.2022 19:00:00.000,160.478,162.727,159.828,162.451,1.229452012
25.01.2022 20:00:00.000,162.466,162.548,159.396,159.604,-1.76159935
26.01.2022 14:00:00.000,162.772,163.223,161.588,162.133,-0.392573661
26.01.2022 15:00:00.000,162.126,162.928,161.372,162.187,0.037625057
26.01.2022 16:00:00.000,162.191,163.122,161.766,162.821,0.388430924
26.01.2022 17:00:00.000,162.83,163.537,162.712,163.227,0.243812565
26.01.2022 18:00:00.000,163.236,163.254,162.571,162.764,-0.289151903
26.01.2022 19:00:00.000,162.769,164.355,159.075,160.526,-1.378026528
26.01.2022 20:00:00.000,160.54,160.54,157.82,160.068,-0.294007724
27.01.2022 14:00:00.000,162.403,163.812,161.701,163.05,0.398391655
27.01.2022 15:00:00.000,163.084,163.796,161.681,162.971,-0.069289446
27.01.2022 16:00:00.000,162.96,163.374,162.179,162.657,-0.185935199
27.01.2022 17:00:00.000,162.675,162.683,160.079,160.904,-1.088673736
27.01.2022 18:00:00.000,160.896,161.12,158.649,159.753,-0.710396778
27.01.2022 19:00:00.000,159.73,160.631,158.758,159.358,-0.232893007
27.01.2022 20:00:00.000,159.353,159.955,158.273,159.421,0.042672557
28.01.2022 14:00:00.000,163.435,165.037,162.81,164.429,0.60819286
28.01.2022 15:00:00.000,164.433,166.834,164.013,166.827,1.455912134
28.01.2022 16:00:00.000,166.834,168.731,166.644,168.731,1.137058393
28.01.2022 17:00:00.000,168.736,169.123,167.681,168.112,-0.369808458
28.01.2022 18:00:00.000,168.107,168.858,167.728,168.435,0.195113826
28.01.2022 19:00:00.000,168.429,168.741,166.526,167.836,-0.352077136
28.01.2022 20:00:00.000,167.817,170.188,167.739,170.044,1.327040765
31.01.2022 14:00:00.000,171.02,172.876,170.576,172.497,0.863641679
31.01.2022 15:00:00.000,172.561,173.614,172.257,173.091,0.307137766
31.01.2022 16:00:00.000,173.076,173.569,172.382,173.285,0.1207562
31.01.2022 17:00:00.000,173.293,173.331,172.345,172.965,-0.189274812
31.01.2022 18:00:00.000,172.966,173.536,172.688,173.266,0.173444492
31.01.2022 19:00:00.000,173.291,173.73,173.144,173.478,0.107910971
31.01.2022 20:00:00.000,173.476,174.716,172.764,174.641,0.671562637
01.02.2022 14:00:00.000,173.581,173.776,172.298,173.262,-0.183775874
01.02.2022 15:00:00.000,173.265,173.743,172.338,173.736,0.271837936
01.02.2022 16:00:00.000,173.662,174.425,173.504,174.211,0.316131336
01.02.2022 17:00:00.000,174.193,174.257,172.977,173.385,-0.463853312
01.02.2022 18:00:00.000,173.36,173.378,172.559,173.069,-0.167858791
01.02.2022 19:00:00.000,173.075,173.311,172.504,173.16,0.049111657
01.02.2022 20:00:00.000,173.156,174.799,173.1,174.65,0.862805794
02.02.2022 14:00:00.000,175.077,175.453,173.929,174.667,-0.234182674
02.02.2022 15:00:00.000,174.711,175.558,174.315,174.713,0.001144748
02.02.2022 16:00:00.000,174.682,174.861,173.335,174.37,-0.178610275
02.02.2022 17:00:00.000,174.357,175.041,174.062,175.022,0.381401378
02.02.2022 18:00:00.000,175.011,175.04,174.292,174.766,-0.139991201
02.02.2022 19:00:00.000,174.773,175.359,174.286,175.058,0.163068666
02.02.2022 20:00:00.000,175.067,175.689,174.851,175.597,0.302741236
03.02.2022 14:00:00.000,174.454,174.956,173.836,174.735,0.161073979
03.02.2022 15:00:00.000,174.744,176.218,174.4,175.251,0.290138717
03.02.2022 16:00:00.000,175.249,176.015,174.545,174.565,-0.390301799
03.02.2022 17:00:00.000,174.558,175.462,174.338,175.286,0.417053358
03.02.2022 18:00:00.000,175.285,176.003,174.88,175.511,0.128932881
03.02.2022 19:00:00.000,175.5,175.796,174.304,174.471,-0.586324786
03.02.2022 20:00:00.000,174.45,174.93,172.146,172.686,-1.011177988
04.02.2022 14:00:00.000,171.051,172.367,170.691,172.173,0.655944718
04.02.2022 15:00:00.000,172.185,172.896,171.011,171.219,-0.561024479
04.02.2022 16:00:00.000,171.219,172.615,170.806,172.056,0.488847616
04.02.2022 17:00:00.000,172.054,172.596,171.657,172.469,0.241203343
04.02.2022 18:00:00.000,172.457,173.729,172.457,173.326,0.503893724
04.02.2022 19:00:00.000,173.328,173.448,172.511,173.22,-0.06230961
04.02.2022 20:00:00.000,173.227,174.079,172.569,172.951,-0.159328511
07.02.2022 14:00:00.000,172.784,173.936,172.742,173.431,0.374455968
07.02.2022 15:00:00.000,173.498,173.931,172.815,172.993,-0.291069638
07.02.2022 16:00:00.000,172.974,173.175,171.729,172.048,-0.535340571
07.02.2022 17:00:00.000,172.052,172.426,171.532,171.861,-0.11101295
07.02.2022 18:00:00.000,171.86,172.71,171.725,172.599,0.430001164
07.02.2022 19:00:00.000,172.597,172.831,171.977,172.603,0.003476306
07.02.2022 20:00:00.000,172.591,173.031,170.97,171.109,-0.858677451
08.02.2022 14:00:00.000,171.82,172.281,171.505,172.07,0.145501106
08.02.2022 15:00:00.000,172.077,172.845,171.425,172.68,0.350424519
08.02.2022 16:00:00.000,172.693,174.189,172.656,173.874,0.683872537
08.02.2022 17:00:00.000,173.875,175.264,173.683,174.646,0.443421999
08.02.2022 18:00:00.000,174.643,174.79,174.124,174.586,-0.03263801
08.02.2022 19:00:00.000,174.577,174.804,173.728,173.925,-0.373474169
08.02.2022 20:00:00.000,173.934,175.222,173.622,175.193,0.723837778
09.02.2022 14:00:00.000,176.229,176.643,175.092,175.252,-0.554392296
09.02.2022 15:00:00.000,175.297,176.165,175.192,175.782,0.276673303
09.02.2022 16:00:00.000,175.784,175.966,175.218,175.414,-0.210485596
09.02.2022 17:00:00.000,175.426,175.876,175.302,175.814,0.22117588
09.02.2022 18:00:00.000,175.807,175.903,175.422,175.601,-0.117173946
09.02.2022 19:00:00.000,175.592,176.118,175.583,175.66,0.038726138
09.02.2022 20:00:00.000,175.653,176.257,174.886,176.065,0.234553352
10.02.2022 14:00:00.000,174.296,175.357,173.832,175.07,0.444072153
10.02.2022 15:00:00.000,175.121,175.476,174.271,174.397,-0.413428429
10.02.2022 16:00:00.000,174.401,174.986,173.801,174.847,0.255732479
10.02.2022 17:00:00.000,174.855,175.049,173.365,174.103,-0.43007063
10.02.2022 18:00:00.000,174.074,174.498,172.748,173.378,-0.399829957
10.02.2022 19:00:00.000,173.426,173.565,172.518,172.841,-0.337319664
10.02.2022 20:00:00.000,172.851,173.13,171.567,171.836,-0.58721095
11.02.2022 14:00:00.000,172.242,172.848,171.619,171.819,-0.245584701
11.02.2022 15:00:00.000,171.849,172.674,171.02,172.08,0.134420334
11.02.2022 16:00:00.000,172.06,172.547,171.292,171.792,-0.155759619
11.02.2022 17:00:00.000,171.784,172.135,171.335,171.516,-0.156009873
11.02.2022 18:00:00.000,171.499,171.842,168.897,169.147,-1.371436568
11.02.2022 19:00:00.000,169.088,170,168.292,168.808,-0.165594247
11.02.2022 20:00:00.000,168.821,169.485,168.03,169.074,0.149862873
14.02.2022 14:00:00.000,168.197,168.999,167.6,168.413,0.12842084
14.02.2022 15:00:00.000,168.397,168.731,167.558,167.865,-0.315920117
14.02.2022 16:00:00.000,167.881,169.193,167.774,168.875,0.592086061
14.02.2022 17:00:00.000,168.878,169.472,168.718,169.274,0.234488803
14.02.2022 18:00:00.000,169.277,169.559,166.89,166.902,-1.40302581
14.02.2022 19:00:00.000,166.89,168.551,166.554,168.15,0.754988316
14.02.2022 20:00:00.000,168.152,169.276,167.749,168.274,0.072553404
15.02.2022 14:00:00.000,170.711,171.437,170.541,170.873,0.094897224
15.02.2022 15:00:00.000,170.897,171.363,170.497,171.171,0.160330491
15.02.2022 16:00:00.000,171.187,171.689,171.064,171.511,0.189266708
15.02.2022 17:00:00.000,171.516,171.642,170.349,170.552,-0.56204669
15.02.2022 18:00:00.000,170.559,172.034,170.509,171.751,0.698878394
15.02.2022 19:00:00.000,171.77,172.262,171.384,171.974,0.118763463
15.02.2022 20:00:00.000,171.98,172.72,171.745,172.45,0.273287592
16.02.2022 14:00:00.000,171.368,171.371,170.043,170.57,-0.465664535
16.02.2022 15:00:00.000,170.548,171.207,170.268,171.04,0.288481835
16.02.2022 16:00:00.000,171.052,171.181,170.346,171.095,0.025138554
16.02.2022 17:00:00.000,171.095,171.4,170.188,170.665,-0.251322365
16.02.2022 18:00:00.000,170.658,170.892,170.532,170.772,0.066800267
16.02.2022 19:00:00.000,170.76,172.87,170.547,172.869,1.23506676
16.02.2022 20:00:00.000,172.877,173.324,172.439,172.462,-0.240055068
17.02.2022 14:00:00.000,171.427,171.691,171.019,171.19,-0.138251267
17.02.2022 15:00:00.000,171.211,171.9,170.844,171.337,0.073593402
17.02.2022 16:00:00.000,171.329,171.594,170.996,171.199,-0.075877405
17.02.2022 17:00:00.000,171.201,171.257,170.753,170.984,-0.126751596
17.02.2022 18:00:00.000,170.994,171.048,170.189,170.419,-0.336269109
17.02.2022 19:00:00.000,170.424,170.424,169.301,169.514,-0.533962353
17.02.2022 20:00:00.000,169.517,169.529,168.466,168.664,-0.50319437
18.02.2022 14:00:00.000,169.62,169.654,167.958,169.006,-0.361985615
18.02.2022 15:00:00.000,169.027,169.093,167.667,168.04,-0.583930378
18.02.2022 16:00:00.000,168.054,168.358,167.207,167.293,-0.452830638
18.02.2022 17:00:00.000,167.279,168.071,166.628,166.655,-0.37302949
18.02.2022 18:00:00.000,166.653,167.292,166.206,167.054,0.240619731
18.02.2022 19:00:00.000,167.037,168.566,167.028,168.286,0.747738525
18.02.2022 20:00:00.000,168.282,168.654,166.772,167.286,-0.591863657
22.02.2022 14:00:00.000,164.281,166.489,163.846,165.709,0.869242335
22.02.2022 15:00:00.000,165.727,166.678,164.568,164.664,-0.641416305
22.02.2022 16:00:00.000,164.668,165.32,164.427,164.693,0.015182063
22.02.2022 17:00:00.000,164.661,165.037,163.89,164.081,-0.352238842
22.02.2022 18:00:00.000,164.101,164.347,162.73,162.93,-0.713584926
22.02.2022 19:00:00.000,162.929,164.455,162.144,164.205,0.783163218
22.02.2022 20:00:00.000,164.224,165.342,163.487,163.825,-0.242960834
23.02.2022 14:00:00.000,165.612,165.963,164.407,164.514,-0.662995435
23.02.2022 15:00:00.000,164.523,164.65,163.315,163.46,-0.64611027
23.02.2022 16:00:00.000,163.434,163.973,162.771,163.824,0.238628437
23.02.2022 17:00:00.000,163.835,164.467,163.189,163.305,-0.3234962
23.02.2022 18:00:00.000,163.295,163.296,161.821,162.192,-0.67546465
23.02.2022 19:00:00.000,162.174,162.423,160.673,160.95,-0.754744904
23.02.2022 20:00:00.000,160.949,161.065,159.759,160.015,-0.580308048
24.02.2022 14:00:00.000,153.831,156.889,153.414,156.445,1.699267378
24.02.2022 15:00:00.000,156.482,157.792,154.978,156.885,0.257537608
24.02.2022 16:00:00.000,156.889,158.667,156.735,158.432,0.983497887
24.02.2022 17:00:00.000,158.417,158.822,156.78,157.169,-0.787794239
24.02.2022 18:00:00.000,157.155,159.896,156.927,158.832,1.067099361
24.02.2022 19:00:00.000,158.807,160.903,158.288,160.497,1.064184828
24.02.2022 20:00:00.000,160.484,162.615,160.276,162.532,1.276139677
25.02.2022 14:00:00.000,162.532,162.893,161.125,161.262,-0.781384589
25.02.2022 15:00:00.000,161.246,163.525,160.871,163.159,1.186386019
25.02.2022 16:00:00.000,163.202,164.64,162.846,164.563,0.833935859
25.02.2022 17:00:00.000,164.567,164.823,163.853,164.075,-0.298966378
25.02.2022 18:00:00.000,164.073,164.995,163.483,164.528,0.277315585
25.02.2022 19:00:00.000,164.552,165,164.015,164.417,-0.082040935
25.02.2022 20:00:00.000,164.387,165.025,163.981,164.74,0.214737175
28.02.2022 14:00:00.000,163.48,164.8,163.199,164.727,0.762784438
28.02.2022 15:00:00.000,164.731,165.106,163.186,164.837,0.06434733
28.02.2022 16:00:00.000,164.869,165.404,164.601,164.956,0.052769168
28.02.2022 17:00:00.000,164.965,165.214,163.702,164.094,-0.527990786
28.02.2022 18:00:00.000,164.097,164.94,163.765,164.242,0.088362371
28.02.2022 19:00:00.000,164.248,164.257,162.43,163.444,-0.489503677
28.02.2022 20:00:00.000,163.403,164.854,162.642,164.803,0.856777415
01.03.2022 14:00:00.000,165.811,166.487,165.393,165.674,-0.082624193
01.03.2022 15:00:00.000,165.757,166.584,164.945,165.148,-0.367405298
01.03.2022 16:00:00.000,165.097,165.73,163.327,163.581,-0.91824806
01.03.2022 17:00:00.000,163.586,164.376,163.021,164.095,0.311151321
01.03.2022 18:00:00.000,164.08,164.368,162.507,162.977,-0.672233057
01.03.2022 19:00:00.000,162.989,163.497,162.562,162.721,-0.164428274
01.03.2022 20:00:00.000,162.719,163.883,161.969,163.024,0.187439697
02.03.2022 14:00:00.000,163.321,164.448,163.051,164.024,0.430440666
02.03.2022 15:00:00.000,164.034,165.171,162.949,164.591,0.339563749
02.03.2022 16:00:00.000,164.585,166.466,164.159,165.881,0.787435064
02.03.2022 17:00:00.000,165.894,166.726,165.702,166.179,0.171796448
02.03.2022 18:00:00.000,166.197,166.995,166.19,166.699,0.30205118
02.03.2022 19:00:00.000,166.695,167.247,166.595,166.739,0.026395513
02.03.2022 20:00:00.000,166.714,167.333,166.687,167.123,0.245330326
03.03.2022 14:00:00.000,168.15,168.327,167.508,168.042,-0.064228368
03.03.2022 15:00:00.000,168.12,168.384,166.011,166.027,-1.244944088
03.03.2022 16:00:00.000,166,167.014,165.72,166.81,0.487951807
03.03.2022 17:00:00.000,166.816,167.895,166.099,167.096,0.167849607
03.03.2022 18:00:00.000,167.09,167.786,166.876,167.373,0.169369801
03.03.2022 19:00:00.000,167.343,167.878,166.577,166.685,-0.393204377
03.03.2022 20:00:00.000,166.647,166.723,165.544,166.034,-0.367843406
04.03.2022 14:00:00.000,165.282,165.543,164.077,165.06,-0.134315896
04.03.2022 15:00:00.000,165.019,165.303,162.214,162.591,-1.471345724
04.03.2022 16:00:00.000,162.579,163.157,162.104,162.735,0.095953352
04.03.2022 17:00:00.000,162.745,163.933,162.48,163.684,0.576976251
04.03.2022 18:00:00.000,163.677,164.464,163.028,163.101,-0.351912608
04.03.2022 19:00:00.000,163.113,163.659,162.512,162.602,-0.313279751
04.03.2022 20:00:00.000,162.614,163.287,162.121,163.118,0.309936414
07.03.2022 14:00:00.000,163.724,164.484,162.589,162.654,-0.653538883
07.03.2022 15:00:00.000,162.612,162.92,161.371,162.369,-0.149435466
07.03.2022 16:00:00.000,162.348,163.973,162.275,163.063,0.440411955
07.03.2022 17:00:00.000,163.051,163.058,161.305,161.569,-0.908918069
07.03.2022 18:00:00.000,161.556,162.18,160.895,161.165,-0.242021342
07.03.2022 19:00:00.000,161.151,161.662,160.199,160.396,-0.468504694
07.03.2022 20:00:00.000,160.388,160.577,159.032,159.08,-0.815522358
08.03.2022 14:00:00.000,158.585,160.277,158.585,159.261,0.426269824
08.03.2022 15:00:00.000,159.243,159.243,156.049,157.957,-0.807570819
08.03.2022 16:00:00.000,157.988,158.361,155.787,156.898,-0.689925817
08.03.2022 17:00:00.000,156.908,162.114,156.841,161.728,3.071863767
08.03.2022 18:00:00.000,161.756,162.871,158.589,158.596,-1.953559682
08.03.2022 19:00:00.000,158.605,159.999,157.822,159.416,0.511333186
08.03.2022 20:00:00.000,159.436,160.473,157.44,157.792,-1.03113475
09.03.2022 14:00:00.000,159.805,160.836,159.419,160.416,0.382340978
09.03.2022 15:00:00.000,160.412,162.246,160.151,162.046,1.018627035
09.03.2022 16:00:00.000,162.044,162.148,161.022,161.962,-0.05060354
09.03.2022 17:00:00.000,161.984,162.68,161.562,162.656,0.414855788
09.03.2022 18:00:00.000,162.659,162.67,161.552,161.971,-0.422970755
09.03.2022 19:00:00.000,161.98,162.987,161.788,162.555,0.354982097
09.03.2022 20:00:00.000,162.583,163.395,162.269,162.787,0.125474373
10.03.2022 14:00:00.000,159.325,159.417,158.03,158.946,-0.23787855
10.03.2022 15:00:00.000,158.901,158.951,157.6,157.786,-0.701694766
10.03.2022 16:00:00.000,157.735,157.739,156.391,157.345,-0.247250135
10.03.2022 17:00:00.000,157.343,157.489,155.995,156.047,-0.823678206
10.03.2022 18:00:00.000,156.047,157.731,155.986,157.547,0.961248855
10.03.2022 19:00:00.000,157.542,159.175,157.417,159.001,0.926102246
10.03.2022 20:00:00.000,159.036,159.072,157.409,158.507,-0.33262909
11.03.2022 14:00:00.000,158.362,158.982,156.968,157.647,-0.451497203
11.03.2022 15:00:00.000,157.602,158.112,156.93,157.86,0.163703506
11.03.2022 16:00:00.000,157.858,157.865,154.773,155.51,-1.487412738
11.03.2022 17:00:00.000,155.495,155.606,154.742,155.378,-0.075243577
11.03.2022 18:00:00.000,155.373,156.791,155.274,156.086,0.45889569
11.03.2022 19:00:00.000,156.083,156.552,155.627,155.884,-0.127496268
11.03.2022 20:00:00.000,155.895,156.009,154.813,154.865,-0.660701113
14.03.2022 14:00:00.000,152.14,153.306,151.565,152.471,0.217562771
14.03.2022 15:00:00.000,152.455,153.986,152.125,153.971,0.994391788
14.03.2022 16:00:00.000,154.035,154.101,152.118,152.486,-1.005615607
14.03.2022 17:00:00.000,152.475,152.509,150.946,150.98,-0.980488605
14.03.2022 18:00:00.000,150.974,151.425,150.466,150.99,0.010597851
14.03.2022 19:00:00.000,150.991,151.341,150.418,151.134,0.094707632
14.03.2022 20:00:00.000,151.135,151.721,150.114,150.352,-0.518079862
15.03.2022 14:00:00.000,151.901,152.11,150.376,151.555,-0.227779936
15.03.2022 15:00:00.000,151.569,152.762,150.675,152.479,0.600386623
15.03.2022 16:00:00.000,152.517,154.201,152.286,153.33,0.533055332
15.03.2022 17:00:00.000,153.316,154.662,153.036,154.11,0.51788463
15.03.2022 18:00:00.000,154.114,154.176,153.121,153.683,-0.279663107
15.03.2022 19:00:00.000,153.679,154.441,152.827,154.393,0.464604793
15.03.2022 20:00:00.000,154.35,155.54,154.258,155.215,0.560414642
16.03.2022 14:00:00.000,156.035,157.485,156.026,157.35,0.842759637
16.03.2022 15:00:00.000,157.375,158.629,156.539,158.415,0.660841938
16.03.2022 16:00:00.000,158.419,158.48,157.63,158.073,-0.218408145
16.03.2022 17:00:00.000,158.095,158.29,157.205,157.296,-0.505392327
16.03.2022 18:00:00.000,157.318,157.437,156.524,157.346,0.017798345
16.03.2022 19:00:00.000,157.34,157.545,154.476,157.121,-0.139189017
16.03.2022 20:00:00.000,157.165,158.958,156.749,158.816,1.05048834
17.03.2022 14:00:00.000,158.214,159.54,157.721,159.477,0.798285866
17.03.2022 15:00:00.000,159.481,159.911,157.728,158.031,-0.909199215
17.03.2022 16:00:00.000,157.983,158.836,157.635,158.566,0.369027047
17.03.2022 17:00:00.000,158.61,159.295,158.326,159.01,0.252190909
17.03.2022 18:00:00.000,159.023,160.241,158.515,159.989,0.607459298
17.03.2022 19:00:00.000,160.01,160.107,159.256,159.899,-0.069370664
17.03.2022 20:00:00.000,159.903,160.43,159.318,160.188,0.178233054
18.03.2022 14:00:00.000,160.235,161.013,159.949,160.972,0.459949449
18.03.2022 15:00:00.000,160.991,161.912,160.815,161.235,0.151561267
18.03.2022 16:00:00.000,161.24,162.495,161.143,162.324,0.672289754
18.03.2022 17:00:00.000,162.338,162.881,162.087,162.583,0.150919686
18.03.2022 18:00:00.000,162.584,162.708,162.239,162.463,-0.074423067
18.03.2022 19:00:00.000,162.468,163.55,162.423,163.429,0.591501096
18.03.2022 20:00:00.000,163.433,164.479,163.311,163.602,0.103406289
21.03.2022 14:00:00.000,164.02,165.588,163.795,164.019,-0.000609682
21.03.2022 15:00:00.000,164.02,164.982,163.014,164.85,0.506035849
21.03.2022 16:00:00.000,164.867,166.34,164.526,166.239,0.832185944
21.03.2022 17:00:00.000,166.247,166.289,163.847,163.925,-1.396716933
21.03.2022 18:00:00.000,163.967,164.095,163.165,163.882,-0.051839699
21.03.2022 19:00:00.000,163.894,164.854,163.61,164.065,0.104335729
21.03.2022 20:00:00.000,164.055,165.01,163.904,164.999,0.575416781
22.03.2022 14:00:00.000,166.011,166.768,165.695,166.113,0.061441712
22.03.2022 15:00:00.000,166.159,168.785,166.159,168.4,1.348708165
22.03.2022 16:00:00.000,168.484,169.115,168.266,168.602,0.070036324
22.03.2022 17:00:00.000,168.645,168.949,168.176,168.841,0.116220463
22.03.2022 18:00:00.000,168.822,169.41,168.486,169.3,0.283138454
22.03.2022 19:00:00.000,169.31,169.366,168.327,168.599,-0.419939755
22.03.2022 20:00:00.000,168.6,169.225,168.558,168.704,0.06168446
23.03.2022 14:00:00.000,168.1,169.795,167.949,169.535,0.853658537
23.03.2022 15:00:00.000,169.495,170.74,169.205,170.389,0.527449187
23.03.2022 16:00:00.000,170.395,171.859,170.325,171.77,0.806948561
23.03.2022 17:00:00.000,171.793,172.201,171.17,171.73,-0.036672041
23.03.2022 18:00:00.000,171.72,172.631,171.68,172.324,0.351735383
23.03.2022 19:00:00.000,172.329,172.419,171.409,171.725,-0.350492372
23.03.2022 20:00:00.000,171.735,171.934,170.53,170.59,-0.666724896
24.03.2022 14:00:00.000,171.181,172.338,170.875,170.885,-0.172916387
24.03.2022 15:00:00.000,170.952,171.483,170.206,170.741,-0.123426459
24.03.2022 16:00:00.000,170.733,172.259,170.577,171.874,0.66829494
24.03.2022 17:00:00.000,171.865,171.904,171.011,171.344,-0.30314491
24.03.2022 18:00:00.000,171.348,172.814,171.275,172.157,0.472138572
24.03.2022 19:00:00.000,172.154,172.627,171.8,172.552,0.231188355
24.03.2022 20:00:00.000,172.555,173.768,172.382,173.641,0.62936455
25.03.2022 14:00:00.000,173.467,174.629,173.025,173.781,0.181014256
25.03.2022 15:00:00.000,173.776,175.272,173.543,174.547,0.443674616
25.03.2022 16:00:00.000,174.586,174.641,172.742,173.078,-0.86375769
25.03.2022 17:00:00.000,173.092,173.72,172.837,173.255,0.094169575
25.03.2022 18:00:00.000,173.265,174.326,172.917,174.279,0.585230716
25.03.2022 19:00:00.000,174.267,174.744,174.162,174.718,0.258798281
25.03.2022 20:00:00.000,174.717,174.767,173.335,174.565,-0.086997831
28.03.2022 14:00:00.000,173.557,174.991,173.367,174.457,0.518561625
28.03.2022 15:00:00.000,174.473,174.995,173.633,174.959,0.278553129
28.03.2022 16:00:00.000,174.958,174.985,173.096,173.158,-1.028818345
28.03.2022 17:00:00.000,173.145,174.081,173.085,174.031,0.511709839
28.03.2022 18:00:00.000,174.047,174.588,173.899,174.425,0.217182715
28.03.2022 19:00:00.000,174.435,175.038,174.334,175.038,0.345687505
28.03.2022 20:00:00.000,175.038,175.244,174.738,175.213,0.09997829
29.03.2022 14:00:00.000,177.41,178.11,176.86,177.569,0.089622907
29.03.2022 15:00:00.000,177.566,177.979,176.347,177.194,-0.209499566
29.03.2022 16:00:00.000,177.183,177.884,176.994,177.468,0.160850646
29.03.2022 17:00:00.000,177.49,177.5,176.72,177.175,-0.177474787
29.03.2022 18:00:00.000,177.18,178.088,176.8,178.072,0.503442827
29.03.2022 19:00:00.000,178.073,178.379,177.494,178.333,0.146007536
29.03.2022 20:00:00.000,178.357,178.981,178.272,178.782,0.238286134
30.03.2022 14:00:00.000,179.553,179.58,178.259,178.726,-0.460588239
30.03.2022 15:00:00.000,178.735,179.521,177.843,177.911,-0.461017708
30.03.2022 16:00:00.000,177.883,178.176,177.46,177.79,-0.052281556
30.03.2022 17:00:00.000,177.796,178.452,177.493,178.383,0.330153659
30.03.2022 18:00:00.000,178.388,178.969,178.053,178.138,-0.140143956
30.03.2022 19:00:00.000,178.128,178.466,177.608,177.653,-0.266662176
30.03.2022 20:00:00.000,177.665,177.696,176.693,176.961,-0.396251372
31.03.2022 14:00:00.000,177.05,177.136,175.615,176.216,-0.471053375
31.03.2022 15:00:00.000,176.219,177.163,175.515,176.941,0.409717454
31.03.2022 16:00:00.000,176.951,177.096,176.344,177.09,0.07855282
31.03.2022 17:00:00.000,177.08,177.245,176.443,176.501,-0.326970861
31.03.2022 18:00:00.000,176.512,176.975,176.134,176.62,0.061185642
31.03.2022 19:00:00.000,176.614,176.915,176.228,176.894,0.158537828
31.03.2022 20:00:00.000,176.92,177.235,174.738,174.815,-1.189803301
01.04.2022 14:00:00.000,174.09,174.17,172.596,172.811,-0.734677466
01.04.2022 15:00:00.000,172.78,174.171,172.501,173.88,0.63664776
01.04.2022 16:00:00.000,173.899,174.011,171.946,172.185,-0.98562959
01.04.2022 17:00:00.000,172.176,172.848,172.071,172.268,0.053433696
01.04.2022 18:00:00.000,172.268,172.801,172.106,172.538,0.156732533
01.04.2022 19:00:00.000,172.523,173.735,172.46,173.196,0.390092915
01.04.2022 20:00:00.000,173.17,174.356,172.769,174.305,0.655425305
04.04.2022 14:00:00.000,176.038,177.94,175.73,177.785,0.992399368
04.04.2022 15:00:00.000,177.75,178.196,176.721,177.366,-0.216033755
04.04.2022 16:00:00.000,177.316,177.836,177.098,177.251,-0.036657718
04.04.2022 17:00:00.000,177.231,177.827,177.013,177.201,-0.016927061
04.04.2022 18:00:00.000,177.19,177.605,176.916,177.537,0.195834979
04.04.2022 19:00:00.000,177.519,177.808,177.007,177.75,0.130126916
04.04.2022 20:00:00.000,177.744,178.458,177.69,178.193,0.252610496
05.04.2022 14:00:00.000,177.48,178.288,177.046,177.645,0.092968222
05.04.2022 15:00:00.000,177.59,178.109,176.206,176.866,-0.407680613
05.04.2022 16:00:00.000,176.866,177.099,175.676,175.682,-0.669433356
05.04.2022 17:00:00.000,175.658,175.953,175.037,175.544,-0.064898838
05.04.2022 18:00:00.000,175.541,176.111,174.918,175.255,-0.162924901
05.04.2022 19:00:00.000,175.251,175.743,174.98,175.046,-0.116975081
05.04.2022 20:00:00.000,175.054,175.203,174.415,175.1,0.026277606
06.04.2022 14:00:00.000,172.723,172.785,171.215,171.598,-0.651331901
06.04.2022 15:00:00.000,171.615,171.65,170.809,170.887,-0.424205343
06.04.2022 16:00:00.000,170.861,171.696,170.115,171.613,0.440123843
06.04.2022 17:00:00.000,171.614,171.697,170.829,171.337,-0.161408743
06.04.2022 18:00:00.000,171.336,172.382,171.018,171.924,0.34318532
06.04.2022 19:00:00.000,171.975,173.373,170.927,173.088,0.647187091
06.04.2022 20:00:00.000,173.108,173.62,171.553,171.884,-0.707073041
07.04.2022 14:00:00.000,172.263,172.681,171.268,172.468,0.119004081
07.04.2022 15:00:00.000,172.465,173.117,171.135,171.408,-0.612877975
07.04.2022 16:00:00.000,171.345,171.791,170.396,170.699,-0.377017129
07.04.2022 17:00:00.000,170.68,171.536,169.865,170.28,-0.234356691
07.04.2022 18:00:00.000,170.272,171.741,170.215,171.663,0.816928209
07.04.2022 19:00:00.000,171.646,172.7,171.412,172.694,0.610558941
07.04.2022 20:00:00.000,172.658,173.327,172.294,172.418,-0.139003116
08.04.2022 14:00:00.000,170.743,170.749,169.228,169.24,-0.880270348
08.04.2022 15:00:00.000,169.255,170.925,169.248,170.925,0.986676908
08.04.2022 16:00:00.000,170.915,171.366,170.325,171.321,0.237544978
08.04.2022 17:00:00.000,171.31,171.77,171.105,171.626,0.184460919
08.04.2022 18:00:00.000,171.626,171.638,170.103,170.169,-0.848938972
08.04.2022 19:00:00.000,170.15,170.756,169.774,170.472,0.189244784
08.04.2022 20:00:00.000,170.461,170.97,169.875,170.044,-0.244630737
11.04.2022 14:00:00.000,167.737,168.482,166.882,166.977,-0.453090254
11.04.2022 15:00:00.000,166.957,167.302,166.099,166.152,-0.482160077
11.04.2022 16:00:00.000,166.1,167.194,166.1,167.027,0.558097532
11.04.2022 17:00:00.000,167.024,167.137,166.48,167.016,-0.004789731
11.04.2022 18:00:00.000,167.012,167.459,166.767,166.986,-0.015567744
11.04.2022 19:00:00.000,166.98,167.237,166.48,166.825,-0.092825488
11.04.2022 20:00:00.000,166.801,167.095,165.5,165.525,-0.764983423
12.04.2022 14:00:00.000,167.55,169.758,166.935,169.291,1.039092808
12.04.2022 15:00:00.000,169.343,169.855,168.061,168.112,-0.726927006
12.04.2022 16:00:00.000,168.097,169.372,167.82,168.82,0.430108806
12.04.2022 17:00:00.000,168.842,168.87,167.698,168.252,-0.349439121
12.04.2022 18:00:00.000,168.215,168.513,167.035,167.168,-0.622417739
12.04.2022 19:00:00.000,167.143,167.735,166.63,167.459,0.189059667
12.04.2022 20:00:00.000,167.45,168.08,166.678,167.928,0.285458346
13.04.2022 14:00:00.000,167.016,168.463,167.016,167.843,0.49516214
13.04.2022 15:00:00.000,167.855,169.03,167.633,168.608,0.448601472
13.04.2022 16:00:00.000,168.59,170.209,168.59,169.795,0.714751765
13.04.2022 17:00:00.000,169.796,170.952,169.592,170.654,0.505312257
13.04.2022 18:00:00.000,170.666,170.972,169.952,170.282,-0.225000879
13.04.2022 19:00:00.000,170.286,170.549,170.051,170.495,0.122734693
13.04.2022 20:00:00.000,170.512,171.036,170.112,170.549,0.021699353
14.04.2022 14:00:00.000,171.04,171.245,169.272,169.392,-0.963517306
14.04.2022 15:00:00.000,169.361,169.595,167.756,167.998,-0.804789769
14.04.2022 16:00:00.000,168.004,168.317,167.349,167.452,-0.328563606
14.04.2022 17:00:00.000,167.442,167.834,166.575,166.845,-0.35654137
14.04.2022 18:00:00.000,166.84,167.161,166.456,167.132,0.175017981
14.04.2022 19:00:00.000,167.135,167.329,165.925,165.945,-0.711999282
14.04.2022 20:00:00.000,165.936,166.263,165.192,165.34,-0.359174622
18.04.2022 14:00:00.000,165.185,165.71,164.14,164.479,-0.427399582
18.04.2022 15:00:00.000,164.478,166.588,164.095,165.51,0.627439536
18.04.2022 16:00:00.000,165.502,165.615,164.289,164.741,-0.459813174
18.04.2022 17:00:00.000,164.739,164.836,163.69,163.961,-0.472262184
18.04.2022 18:00:00.000,163.967,165.606,163.804,165.316,0.822726524
18.04.2022 19:00:00.000,165.339,165.809,164.903,165.246,-0.056248072
18.04.2022 20:00:00.000,165.243,165.326,163.989,164.366,-0.530733526
19.04.2022 14:00:00.000,164.465,165.125,163.912,165.081,0.374547776
19.04.2022 15:00:00.000,165.073,167.265,164.893,166.754,1.018337342
19.04.2022 16:00:00.000,166.776,167.437,166.512,166.996,0.131913465
19.04.2022 17:00:00.000,166.993,167.038,166.251,166.458,-0.32037271
19.04.2022 18:00:00.000,166.466,166.674,166.105,166.474,0.004805786
19.04.2022 19:00:00.000,166.475,166.646,165.862,166.6,0.075086349
19.04.2022 20:00:00.000,166.607,167.81,166.488,167.346,0.443558794
20.04.2022 14:00:00.000,167.77,168.075,166.508,166.7,-0.63777791
20.04.2022 15:00:00.000,166.658,168.375,166.568,167.778,0.672034946
20.04.2022 16:00:00.000,167.746,167.812,166.46,166.781,-0.575274522
20.04.2022 17:00:00.000,166.763,167.272,166.096,167.076,0.187691514
20.04.2022 18:00:00.000,167.076,168.081,166.943,167.763,0.411190117
20.04.2022 19:00:00.000,167.752,167.81,166.451,166.872,-0.52458391
20.04.2022 20:00:00.000,166.878,167.934,166.817,167.175,0.177974329
21.04.2022 14:00:00.000,170.053,170.864,169.883,170.008,-0.026462338
21.04.2022 15:00:00.000,170.037,170.987,169.796,170.541,0.296406076
21.04.2022 16:00:00.000,170.525,171.522,169.9,169.926,-0.351268143
21.04.2022 17:00:00.000,169.928,170.433,169.241,169.31,-0.363683442
21.04.2022 18:00:00.000,169.327,169.425,167.866,167.998,-0.784871875
21.04.2022 19:00:00.000,167.959,168.031,166.043,166.323,-0.974047238
21.04.2022 20:00:00.000,166.311,167.1,165.895,166.83,0.312065949
22.04.2022 14:00:00.000,167.57,167.675,165.795,166.305,-0.754908396
22.04.2022 15:00:00.000,166.285,167.034,165.235,165.915,-0.222509547
22.04.2022 16:00:00.000,165.905,166.535,164.5,164.522,-0.833609596
22.04.2022 17:00:00.000,164.513,165.335,164.13,164.711,0.12035523
22.04.2022 18:00:00.000,164.698,164.748,163.713,163.715,-0.596849992
22.04.2022 19:00:00.000,163.707,164.254,162.555,162.962,-0.455081334
22.04.2022 20:00:00.000,162.954,164.119,161.729,161.935,-0.625329848
25.04.2022 14:00:00.000,159.92,160.855,159.071,159.343,-0.360805403
25.04.2022 15:00:00.000,159.372,161.765,159.027,159.749,0.236553472
25.04.2022 16:00:00.000,159.757,160.613,158.457,158.861,-0.560851794
25.04.2022 17:00:00.000,158.843,160.539,158.6,159.68,0.526935402
25.04.2022 18:00:00.000,159.715,160.625,159.252,159.868,0.095795636
25.04.2022 19:00:00.000,159.89,161.937,159.405,161.42,0.956907874
25.04.2022 20:00:00.000,161.421,162.932,160.437,162.877,0.901989208
26.04.2022 14:00:00.000,161.05,161.608,160.141,160.621,-0.266376902
26.04.2022 15:00:00.000,160.648,160.788,158.71,158.71,-1.206364225
26.04.2022 16:00:00.000,158.67,159.386,158.073,158.172,-0.313858953
26.04.2022 17:00:00.000,158.205,159.89,158.165,159.624,0.896937518
26.04.2022 18:00:00.000,159.62,159.643,158.33,158.405,-0.761182809
26.04.2022 19:00:00.000,158.381,159.016,158.13,158.91,0.33400471
26.04.2022 20:00:00.000,158.9,159.123,156.888,156.888,-1.26620516
27.04.2022 14:00:00.000,157.695,158.905,157.12,158.08,0.244142173
27.04.2022 15:00:00.000,158.145,158.345,155.38,157.349,-0.503335546
27.04.2022 16:00:00.000,157.404,158.66,157.333,157.602,0.125790958
27.04.2022 17:00:00.000,157.624,159.78,157.033,159.039,0.897705933
27.04.2022 18:00:00.000,159.04,159.086,157.99,158.948,-0.057847082
27.04.2022 19:00:00.000,158.939,158.986,156.504,156.724,-1.393616419
27.04.2022 20:00:00.000,156.735,157.369,156.186,156.496,-0.152486681
28.04.2022 14:00:00.000,160.229,160.659,159.225,159.7,-0.330152469
28.04.2022 15:00:00.000,159.675,161.33,158.925,160.725,0.657585721
28.04.2022 16:00:00.000,160.725,162.525,160.055,160.503,-0.138124125
28.04.2022 17:00:00.000,160.495,163.265,160.472,162.76,1.411258918
28.04.2022 18:00:00.000,162.791,163.988,162.489,163.63,0.515384757
28.04.2022 19:00:00.000,163.63,163.892,162.87,163.34,-0.177229114
28.04.2022 20:00:00.000,163.34,164.507,163.055,163.305,-0.021427697
29.04.2022 14:00:00.000,163.665,165.981,162.04,165.95,1.396144564
29.04.2022 15:00:00.000,165.963,166.095,161.715,162.345,-2.180003977
29.04.2022 16:00:00.000,162.31,162.555,161.145,161.539,-0.475016943
29.04.2022 17:00:00.000,161.519,161.623,159.786,160.06,-0.903299302
29.04.2022 18:00:00.000,160.035,160.705,159.594,159.985,-0.031243166
29.04.2022 19:00:00.000,159.994,160.38,159.281,159.758,-0.147505531
29.04.2022 20:00:00.000,159.734,159.75,157.293,157.529,-1.380419948
02.05.2022 14:00:00.000,156.706,157.78,155.314,156.885,0.114226641
02.05.2022 15:00:00.000,156.765,157.615,154.578,156.269,-0.316397155
02.05.2022 16:00:00.000,156.28,156.577,155.015,155.836,-0.284105452
02.05.2022 17:00:00.000,155.836,156.567,154.835,155.092,-0.477424985
02.05.2022 18:00:00.000,155.132,155.324,153.699,154.042,-0.70262744
02.05.2022 19:00:00.000,154.061,154.708,153.274,153.847,-0.138906018
02.05.2022 20:00:00.000,153.79,157.936,153.789,157.815,2.61720528
03.05.2022 14:00:00.000,157.06,158.13,156.319,158.1,0.662167325
03.05.2022 15:00:00.000,158.175,158.625,157.01,157.585,-0.373004584
03.05.2022 16:00:00.000,157.57,159.816,157.299,159.335,1.120137082
03.05.2022 17:00:00.000,159.344,159.865,158.569,159.331,-0.00815845
03.05.2022 18:00:00.000,159.314,160.563,159.105,159.918,0.379125501
03.05.2022 19:00:00.000,159.895,159.97,158.215,159.639,-0.160105069
03.05.2022 20:00:00.000,159.624,159.9,158.54,159.335,-0.181050469
04.05.2022 14:00:00.000,160.06,161.298,159.705,160.417,0.223041359
04.05.2022 15:00:00.000,160.41,160.8,159.48,160.187,-0.139018764
04.05.2022 16:00:00.000,160.19,161.039,159.247,160.774,0.364567077
04.05.2022 17:00:00.000,160.772,161.926,160.315,161.91,0.707834698
04.05.2022 18:00:00.000,161.915,162.887,161.543,162.557,0.396504339
04.05.2022 19:00:00.000,162.486,164.08,159.697,163.8,0.808685056
04.05.2022 20:00:00.000,163.832,166.457,163.295,165.972,1.306216124
05.05.2022 14:00:00.000,163.475,163.645,161.225,161.631,-1.128001223
05.05.2022 15:00:00.000,161.62,161.748,159.206,160.185,-0.887885163
05.05.2022 16:00:00.000,160.163,160.335,157.727,157.727,-1.520950532
05.05.2022 17:00:00.000,157.718,158.508,156.569,157.503,-0.136319253
05.05.2022 18:00:00.000,157.512,158.306,156.484,156.781,-0.464091625
05.05.2022 19:00:00.000,156.784,157.545,156.249,156.369,-0.264695377
05.05.2022 20:00:00.000,156.378,157.131,154.948,155.978,-0.255790456
06.05.2022 14:00:00.000,155.46,155.537,154.195,154.702,-0.487585231
06.05.2022 15:00:00.000,154.697,159.14,154.558,158.54,2.484211071
06.05.2022 16:00:00.000,158.46,159.412,157.31,157.51,-0.599520384
06.05.2022 17:00:00.000,157.507,159.396,157.313,159.02,0.960592228
06.05.2022 18:00:00.000,159.052,159.332,157.252,157.395,-1.041797651
06.05.2022 19:00:00.000,157.38,157.817,156.265,156.598,-0.496886517
06.05.2022 20:00:00.000,156.566,158.685,155.797,157.406,0.536514952
09.05.2022 14:00:00.000,155.007,155.815,153.375,153.497,-0.974149555
09.05.2022 15:00:00.000,153.542,154.5,152.785,152.852,-0.449388441
09.05.2022 16:00:00.000,152.84,153.29,151.952,152.147,-0.453415336
09.05.2022 17:00:00.000,152.164,153.657,151.557,152.407,0.159696117
09.05.2022 18:00:00.000,152.408,153.535,152.105,152.554,0.095795496
09.05.2022 19:00:00.000,152.53,153.192,151.805,153.04,0.334360454
09.05.2022 20:00:00.000,153.056,153.597,151.496,151.61,-0.944752248
10.05.2022 14:00:00.000,155.96,156.207,154.135,155.785,-0.112208259
10.05.2022 15:00:00.000,155.814,156.381,153.95,154.48,-0.856148998
10.05.2022 16:00:00.000,154.444,154.74,153.044,153.753,-0.447411359
10.05.2022 17:00:00.000,153.779,154.32,152.96,153.365,-0.269217513
10.05.2022 18:00:00.000,153.37,156.71,153.249,156.685,2.161439656
10.05.2022 19:00:00.000,156.685,156.714,155.23,156.034,-0.415483295
10.05.2022 20:00:00.000,156.054,156.595,154.035,154.43,-1.040665411
11.05.2022 14:00:00.000,152.178,155.437,151.362,153.836,1.089513596
11.05.2022 15:00:00.000,153.85,154.185,152.355,152.747,-0.716932077
11.05.2022 16:00:00.000,152.777,153.808,151.902,152.512,-0.173455429
11.05.2022 17:00:00.000,152.515,152.515,149.559,149.96,-1.675245058
11.05.2022 18:00:00.000,149.908,149.967,146.817,146.992,-1.945193052
11.05.2022 19:00:00.000,147.015,148.242,146.511,146.9,-0.078223311
11.05.2022 20:00:00.000,146.88,146.965,145.861,146.302,-0.393518519
12.05.2022 14:00:00.000,141.665,143.628,140.25,141,-0.469417287
12.05.2022 15:00:00.000,140.945,146.11,140.093,145.58,3.288516797
12.05.2022 16:00:00.000,145.62,146.168,141.241,141.244,-3.00508172
12.05.2022 17:00:00.000,141.24,142.582,140.61,141.745,0.357547437
12.05.2022 18:00:00.000,141.774,142.432,139.982,140.271,-1.060137966
12.05.2022 19:00:00.000,140.2,140.467,138.799,139.586,-0.437945792
12.05.2022 20:00:00.000,139.618,142.109,139.389,141.82,1.577160538
13.05.2022 14:00:00.000,143.353,145.241,143.115,144.96,1.121008978
13.05.2022 15:00:00.000,144.97,146.906,144.97,146.87,1.31061599
13.05.2022 16:00:00.000,146.876,147.824,146.56,146.97,0.063999564
13.05.2022 17:00:00.000,147.036,148.091,146.805,147.255,0.148943116
13.05.2022 18:00:00.000,147.261,147.474,145.998,146.205,-0.717094139
13.05.2022 19:00:00.000,146.19,146.906,144.798,146.861,0.458991723
13.05.2022 20:00:00.000,146.877,147.807,145.915,146.644,-0.158636138
16.05.2022 14:00:00.000,145.061,146.156,144.42,145.018,-0.029642702
16.05.2022 15:00:00.000,144.965,146.628,144.42,144.436,-0.364915669
16.05.2022 16:00:00.000,144.417,146.918,144.189,146.62,1.52544368
16.05.2022 17:00:00.000,146.65,146.767,145.228,145.37,-0.872826458
16.05.2022 18:00:00.000,145.35,146.722,145.148,146.292,0.648090815
16.05.2022 19:00:00.000,146.301,147.506,146.054,146.943,0.438821334
16.05.2022 20:00:00.000,146.937,147.158,145.217,145.307,-1.10931896
17.05.2022 14:00:00.000,148.685,149.119,147.621,147.79,-0.601943706
17.05.2022 15:00:00.000,147.79,148.295,146.672,147.315,-0.321401989
17.05.2022 16:00:00.000,147.338,148.67,147.035,147.99,0.44251992
17.05.2022 17:00:00.000,147.995,148.399,147.447,147.961,-0.022973749
17.05.2022 18:00:00.000,147.975,148.824,147.641,148.541,0.382497043
17.05.2022 19:00:00.000,148.529,149.327,147.298,149.099,0.38376344
17.05.2022 20:00:00.000,149.093,149.756,148.789,149.115,0.014755891
18.05.2022 14:00:00.000,146.993,147.22,145.791,145.906,-0.739490996
18.05.2022 15:00:00.000,145.905,146.591,144.821,145.404,-0.343374113
18.05.2022 16:00:00.000,145.406,145.406,142.755,142.759,-1.820420065
18.05.2022 17:00:00.000,142.765,143.658,142.129,143.55,0.549854656
18.05.2022 18:00:00.000,143.56,143.56,141.379,141.726,-1.277514628
18.05.2022 19:00:00.000,141.714,141.914,139.958,140.114,-1.129034534
18.05.2022 20:00:00.000,140.096,141.186,140.063,140.365,0.192011192
19.05.2022 14:00:00.000,141.135,141.648,138.693,139.503,-1.156339675
19.05.2022 15:00:00.000,139.471,140.98,137.854,138.686,-0.562841021
19.05.2022 16:00:00.000,138.668,140.36,137.998,139.429,0.5487928
19.05.2022 17:00:00.000,139.44,140.027,137.788,138.09,-0.968158348
19.05.2022 18:00:00.000,138.095,138.441,136.595,137.8,-0.213621058
19.05.2022 19:00:00.000,137.781,139.141,136.993,138.79,0.732321583
19.05.2022 20:00:00.000,138.792,139.395,136.675,137.245,-1.114617557
20.05.2022 14:00:00.000,138.685,140.337,138.075,139.875,0.858059632
20.05.2022 15:00:00.000,139.859,140.464,137.052,137.177,-1.917645629
20.05.2022 16:00:00.000,137.197,137.466,136.33,136.781,-0.303213627
20.05.2022 17:00:00.000,136.76,136.85,133.598,134.332,-1.775372916
20.05.2022 18:00:00.000,134.32,134.432,132.61,134.138,-0.13549732
20.05.2022 19:00:00.000,134.15,134.932,133.381,134.364,0.159522922
20.05.2022 20:00:00.000,134.37,137.63,133.757,137.302,2.18203468
23.05.2022 14:00:00.000,138.84,141.025,138.105,139.794,0.687121867
23.05.2022 15:00:00.000,139.786,141.666,138.7,140.446,0.472150287
23.05.2022 16:00:00.000,140.455,142.06,140.25,141.975,1.082197145
23.05.2022 17:00:00.000,141.975,143.241,141.813,142.369,0.277513647
23.05.2022 18:00:00.000,142.37,142.854,141.516,142.621,0.176301187
23.05.2022 19:00:00.000,142.64,142.91,142.066,142.208,-0.302860348
23.05.2022 20:00:00.000,142.23,142.875,141.893,142.648,0.293890178
24.05.2022 14:00:00.000,141.575,141.681,139.226,139.325,-1.589263641
24.05.2022 15:00:00.000,139.285,139.285,137.323,138.159,-0.808414402
24.05.2022 16:00:00.000,138.134,139.549,137.858,139.168,0.748548511
24.05.2022 17:00:00.000,139.168,140.245,138.519,139.115,-0.038083467
24.05.2022 18:00:00.000,139.09,139.689,138.141,139.314,0.161046804
24.05.2022 19:00:00.000,139.325,140.195,138.69,139.093,-0.166517136
24.05.2022 20:00:00.000,139.09,140.935,138.948,140.043,0.685167877
25.05.2022 14:00:00.000,139.62,140.31,139.121,139.334,-0.204841713
25.05.2022 15:00:00.000,139.315,141.365,138.959,140.175,0.617306105
25.05.2022 16:00:00.000,140.178,140.625,139.468,139.905,-0.194752386
25.05.2022 17:00:00.000,139.91,140.17,138.852,139.44,-0.335930241
25.05.2022 18:00:00.000,139.422,139.758,138.512,139.418,-0.002868988
25.05.2022 19:00:00.000,139.435,141.188,138.558,141.091,1.18765016
25.05.2022 20:00:00.000,141.099,141.771,139.931,140.277,-0.582569685
26.05.2022 14:00:00.000,138.243,140.746,138.178,140.603,1.707138879
26.05.2022 15:00:00.000,140.655,141.953,140.36,141.858,0.855284206
26.05.2022 16:00:00.000,141.874,143.089,141.795,142.951,0.759124293
26.05.2022 17:00:00.000,142.95,144.337,142.818,144.003,0.736621196
26.05.2022 18:00:00.000,144.001,144.327,143.372,143.775,-0.156943355
26.05.2022 19:00:00.000,143.74,144.055,143.47,143.894,0.107137888
26.05.2022 20:00:00.000,143.894,144.32,143.078,143.983,0.061851085
27.05.2022 14:00:00.000,145.786,147.311,145.786,147.069,0.88005707
27.05.2022 15:00:00.000,147.042,148.531,146.925,147.416,0.254349098
27.05.2022 16:00:00.000,147.427,148.686,147.24,148.594,0.791578205
27.05.2022 17:00:00.000,148.594,148.824,147.944,148.31,-0.19112481
27.05.2022 18:00:00.000,148.3,148.699,148.06,148.287,-0.008766015
27.05.2022 19:00:00.000,148.29,148.831,148.176,148.759,0.316272169
27.05.2022 20:00:00.000,148.76,149.233,148.561,149.149,0.261495026
31.05.2022 14:00:00.000,148.3,148.76,147.57,147.864,-0.293998651
31.05.2022 15:00:00.000,147.855,148.778,146.839,148.504,0.43894356
31.05.2022 16:00:00.000,148.506,150.234,147.845,149.97,0.985818755
31.05.2022 17:00:00.000,149.963,150.565,149.234,149.954,-0.00600148
31.05.2022 18:00:00.000,149.94,150.635,149.354,150.245,0.203414699
31.05.2022 19:00:00.000,150.23,150.48,148.769,149.094,-0.756173867
31.05.2022 20:00:00.000,149.09,150.47,148.803,149.46,0.248172245
01.06.2022 14:00:00.000,150.535,151.505,150.263,151.345,0.538080845
01.06.2022 15:00:00.000,151.34,151.71,148.658,149.804,-1.014933263
01.06.2022 16:00:00.000,149.784,149.791,147.904,148.226,-1.040164504
01.06.2022 17:00:00.000,148.219,148.566,147.671,148.245,0.017541611
01.06.2022 18:00:00.000,148.245,148.871,148.008,148.568,0.217882559
01.06.2022 19:00:00.000,148.549,149.838,148.508,149.21,0.44497102
01.06.2022 20:00:00.000,149.205,149.985,148.813,148.985,-0.147448142
02.06.2022 14:00:00.000,147.748,148.484,147.12,148.145,0.268700761
02.06.2022 15:00:00.000,148.154,149.019,147.24,148.211,0.03847348
02.06.2022 16:00:00.000,148.21,149.929,148.118,149.435,0.826529924
02.06.2022 17:00:00.000,149.449,150.681,149.355,150.474,0.685852699
02.06.2022 18:00:00.000,150.489,150.61,149.97,150.3,-0.125590575
02.06.2022 19:00:00.000,150.314,150.82,150.059,150.095,-0.145695012
02.06.2022 20:00:00.000,150.1,151.063,150.054,150.977,0.584277149
03.06.2022 14:00:00.000,147.627,147.685,145.715,147.117,-0.34546526
03.06.2022 15:00:00.000,147.185,147.449,145.297,145.531,-1.123755818
03.06.2022 16:00:00.000,145.523,145.572,144.457,145.131,-0.269373226
03.06.2022 17:00:00.000,145.126,146.092,145.005,145.936,0.558135689
03.06.2022 18:00:00.000,145.947,146.329,144.837,145.034,-0.625569556
03.06.2022 19:00:00.000,145.041,145.716,144.906,145.475,0.299225736
03.06.2022 20:00:00.000,145.477,145.726,144.815,145.422,-0.037806664
06.06.2022 14:00:00.000,147.83,148.28,147.145,147.834,0.002705811
06.06.2022 15:00:00.000,147.82,148.56,147.743,148.169,0.236097957
06.06.2022 16:00:00.000,148.178,148.318,146.004,146.507,-1.127697769
06.06.2022 17:00:00.000,146.518,146.551,145.201,146.067,-0.307812009
06.06.2022 18:00:00.000,146.066,146.721,145.6,146.644,0.395711528
06.06.2022 19:00:00.000,146.656,146.887,145.058,145.378,-0.871427013
06.06.2022 20:00:00.000,145.376,146.196,144.887,146.142,0.526909531
07.06.2022 14:00:00.000,145.525,147.088,145.35,146.608,0.744202027
07.06.2022 15:00:00.000,146.603,148.271,145.93,147.748,0.781020852
07.06.2022 16:00:00.000,147.779,147.84,146.781,147.563,-0.146164205
07.06.2022 17:00:00.000,147.58,147.873,147.088,147.673,0.063016669
07.06.2022 18:00:00.000,147.665,148.348,147.611,148.129,0.314224766
07.06.2022 19:00:00.000,148.13,148.956,148.018,148.355,0.151893607
07.06.2022 20:00:00.000,148.363,148.97,148.323,148.809,0.300614034
08.06.2022 14:00:00.000,148.994,149.839,148.925,149.704,0.476529256
08.06.2022 15:00:00.000,149.708,149.738,148.571,148.994,-0.476928421
08.06.2022 16:00:00.000,148.999,149.634,148.658,149.046,0.031543836
08.06.2022 17:00:00.000,149.055,149.364,147.744,148.22,-0.560195901
08.06.2022 18:00:00.000,148.208,148.366,147.455,148.245,0.024964914
08.06.2022 19:00:00.000,148.235,148.415,147.56,147.865,-0.24960367
08.06.2022 20:00:00.000,147.871,148.44,147.553,147.804,-0.045309763
09.06.2022 14:00:00.000,147.428,147.925,146.381,147.595,0.113275633
09.06.2022 15:00:00.000,147.613,147.613,146.137,146.424,-0.805484612
09.06.2022 16:00:00.000,146.407,146.891,145.955,146.314,-0.063521553
09.06.2022 17:00:00.000,146.325,146.506,145.798,146.375,0.034170511
09.06.2022 18:00:00.000,146.403,146.615,145.569,146.03,-0.2547762
09.06.2022 19:00:00.000,146.03,146.033,144.727,144.755,-0.873108265
09.06.2022 20:00:00.000,144.734,144.772,142.913,143.171,-1.079912115
10.06.2022 14:00:00.000,139.525,140.359,138.318,138.49,-0.741802544
10.06.2022 15:00:00.000,138.325,138.53,137.378,137.65,-0.487981204
10.06.2022 16:00:00.000,137.63,138.051,137.26,137.84,0.152583012
10.06.2022 17:00:00.000,137.839,138.196,137.456,137.766,-0.052960338
10.06.2022 18:00:00.000,137.765,138.73,137.455,138.193,0.310673974
10.06.2022 19:00:00.000,138.196,139.011,137.782,138.723,0.381342441
10.06.2022 20:00:00.000,138.781,139.154,137.456,137.664,-0.804865219
13.06.2022 14:00:00.000,133.076,134.645,132.59,134.588,1.136192852
13.06.2022 15:00:00.000,134.59,135.186,132.574,133.082,-1.120439854
13.06.2022 16:00:00.000,133.062,134.525,132.675,133.709,0.486239497
13.06.2022 17:00:00.000,133.695,135.035,133.504,133.714,0.014211451
13.06.2022 18:00:00.000,133.729,134.305,133.138,134.223,0.369403794
13.06.2022 19:00:00.000,134.21,134.25,132.709,132.739,-1.096043514
13.06.2022 20:00:00.000,132.718,133.288,131.433,131.921,-0.600521406
14.06.2022 14:00:00.000,132.379,133.189,131.524,133.124,0.562778084
14.06.2022 15:00:00.000,133.109,133.255,131.489,132.579,-0.398169921
14.06.2022 16:00:00.000,132.559,132.94,131.831,132.805,0.185577743
14.06.2022 17:00:00.000,132.83,132.83,131.915,132.506,-0.243920801
14.06.2022 18:00:00.000,132.487,133.881,132.28,132.473,-0.010567075
14.06.2022 19:00:00.000,132.479,133.116,132.285,132.385,-0.070954642
14.06.2022 20:00:00.000,132.39,133.479,131.705,132.863,0.35727774
15.06.2022 14:00:00.000,133.953,134.681,133.71,134.178,0.167969362
15.06.2022 15:00:00.000,134.195,134.601,133.368,133.805,-0.290621856
15.06.2022 16:00:00.000,133.818,134.478,133.612,134.411,0.443139189
15.06.2022 17:00:00.000,134.423,134.876,133.531,133.616,-0.600343691
15.06.2022 18:00:00.000,133.6,134.535,133.485,134.358,0.567365269
15.06.2022 19:00:00.000,134.345,136.471,132.165,134.88,0.398228442
15.06.2022 20:00:00.000,134.845,137.309,134.658,135.076,0.171307798
16.06.2022 14:00:00.000,131.13,131.769,130.498,131.199,0.052619538
16.06.2022 15:00:00.000,131.209,131.429,129.881,130.115,-0.833784268
16.06.2022 16:00:00.000,130.128,131.154,130.076,130.899,0.592493545
16.06.2022 17:00:00.000,130.884,131.179,130.177,130.98,0.073347392
16.06.2022 18:00:00.000,131.02,131.515,129.995,130.01,-0.770874676
16.06.2022 19:00:00.000,130.002,130.2,129.28,129.52,-0.370763527
16.06.2022 20:00:00.000,129.53,130.293,129.065,129.479,-0.039373118
17.06.2022 14:00:00.000,131.485,132.645,131.33,132.092,0.461649618
17.06.2022 15:00:00.000,132.06,132.129,129.819,130.585,-1.116916553
17.06.2022 16:00:00.000,130.59,132.82,130.2,131.342,0.575848074
17.06.2022 17:00:00.000,131.365,132.312,131.069,131.962,0.45445895
17.06.2022 18:00:00.000,131.962,133.067,131.648,132.059,0.073506009
17.06.2022 19:00:00.000,132.087,132.536,131.759,131.837,-0.189269194
17.06.2022 20:00:00.000,131.214,132.127,131.167,131.695,0.366576737
21.06.2022 14:00:00.000,135.059,136.435,135.059,136.296,0.915896016
21.06.2022 15:00:00.000,136.35,136.885,135.789,136.795,0.32636597
21.06.2022 16:00:00.000,136.805,137.039,135.985,135.989,-0.596469427
21.06.2022 17:00:00.000,135.984,136.233,135.693,136.066,0.060301212
21.06.2022 18:00:00.000,136.07,136.17,135.64,135.814,-0.188138458
21.06.2022 19:00:00.000,135.805,136.219,135.461,136.189,0.282758367
21.06.2022 20:00:00.000,136.191,136.4,135.855,136.094,-0.071223502
22.06.2022 14:00:00.000,134.575,135.935,133.896,135.67,0.813672673
22.06.2022 15:00:00.000,135.713,137.75,135.246,136.796,0.79800756
22.06.2022 16:00:00.000,136.814,136.971,135.298,135.485,-0.971391817
22.06.2022 17:00:00.000,135.465,136.06,135.13,136.025,0.413390913
22.06.2022 18:00:00.000,136.026,136.45,135.638,136.061,0.025730375
22.06.2022 19:00:00.000,136.061,136.957,136.033,136.44,0.278551532
22.06.2022 20:00:00.000,136.453,136.631,134.986,135.775,-0.496874382
23.06.2022 14:00:00.000,136.591,136.776,135.62,136.585,-0.004392676
23.06.2022 15:00:00.000,136.62,137.763,136.401,137.675,0.772214903
23.06.2022 16:00:00.000,137.656,138.24,136.907,137.093,-0.408990527
23.06.2022 17:00:00.000,137.055,137.138,136.111,136.41,-0.470613987
23.06.2022 18:00:00.000,136.397,137.021,136.035,137.008,0.447957067
23.06.2022 19:00:00.000,136.995,137.717,136.889,137.622,0.457680937
23.06.2022 20:00:00.000,137.613,138.578,137.351,138.076,0.336450771
24.06.2022 14:00:00.000,140.63,141.055,139.945,139.98,-0.462205788
24.06.2022 15:00:00.000,140.045,141.466,140.045,140.305,0.185654611
24.06.2022 16:00:00.000,140.299,140.49,139.77,140.241,-0.04134028
24.06.2022 17:00:00.000,140.241,140.397,139.827,140.117,-0.088419221
24.06.2022 18:00:00.000,140.115,140.256,139.807,139.903,-0.151304286
24.06.2022 19:00:00.000,139.902,140.472,139.855,140.442,0.385984475
24.06.2022 20:00:00.000,140.444,141.134,140.039,141.132,0.489874968
27.06.2022 14:00:00.000,142.115,142.565,141.284,141.87,-0.172395595
27.06.2022 15:00:00.000,141.872,142.94,141.717,142.83,0.675256569
27.06.2022 16:00:00.000,142.827,143.076,142.212,143.035,0.145630728
27.06.2022 17:00:00.000,143.045,143.07,142.065,142.533,-0.357929323
27.06.2022 18:00:00.000,142.531,142.577,141.55,141.665,-0.607587121
27.06.2022 19:00:00.000,141.67,142.054,141.489,141.6,-0.049410602
27.06.2022 20:00:00.000,141.619,141.844,140.96,141.167,-0.319166214
28.06.2022 14:00:00.000,143.349,143.405,142.145,142.39,-0.668996645
28.06.2022 15:00:00.000,142.389,142.512,140.364,140.788,-1.124384608
28.06.2022 16:00:00.000,140.757,141.012,138.831,139.047,-1.214859652
28.06.2022 17:00:00.000,139.058,139.414,138.65,139.296,0.171151606
28.06.2022 18:00:00.000,139.292,139.295,138.499,138.815,-0.342446084
28.06.2022 19:00:00.000,138.806,139.069,137.573,137.997,-0.582827832
28.06.2022 20:00:00.000,138.007,138.224,137.325,137.802,-0.14854319
29.06.2022 14:00:00.000,136.743,139.603,136.69,139.54,2.045442911
29.06.2022 15:00:00.000,139.516,140.662,138.747,140.071,0.397803836
29.06.2022 16:00:00.000,140.065,140.256,139.433,139.99,-0.053546568
29.06.2022 17:00:00.000,139.986,140.032,138.698,139.123,-0.61649022
29.06.2022 18:00:00.000,139.123,139.688,138.727,139.637,0.369457243
29.06.2022 19:00:00.000,139.644,140.151,138.925,139.16,-0.346595629
29.06.2022 20:00:00.000,139.149,140.032,138.813,139.028,-0.086957147
30.06.2022 14:00:00.000,136.987,137.231,134.921,134.931,-1.500872346
30.06.2022 15:00:00.000,134.936,135.583,133.774,135.505,0.42168139
30.06.2022 16:00:00.000,135.475,137.678,135.212,137.38,1.406163499
30.06.2022 17:00:00.000,137.376,138.33,136.477,137.71,0.243128348
30.06.2022 18:00:00.000,137.71,138.109,136.865,137.961,0.182267083
30.06.2022 19:00:00.000,137.961,138.135,136.484,136.625,-0.968389617
30.06.2022 20:00:00.000,136.596,137.418,135.691,136.036,-0.409968081
01.07.2022 14:00:00.000,136.793,138.118,136.025,137.751,0.700328233
01.07.2022 15:00:00.000,137.721,138.269,135.69,136.58,-0.828486578
01.07.2022 16:00:00.000,136.552,137.241,136.168,136.369,-0.134014881
01.07.2022 17:00:00.000,136.346,137.178,136.066,136.546,0.146685638
01.07.2022 18:00:00.000,136.508,137.709,136.428,137.702,0.874674012
01.07.2022 19:00:00.000,137.701,138.544,137.242,138.374,0.488740096
01.07.2022 20:00:00.000,138.37,138.696,137.845,138.558,0.135867601
05.07.2022 14:00:00.000,137.29,138.834,137.053,138.265,0.710175541
05.07.2022 15:00:00.000,138.195,139.65,137.813,138.874,0.491334708
05.07.2022 16:00:00.000,138.843,139.732,138.168,139.321,0.344273748
05.07.2022 17:00:00.000,139.321,139.996,138.943,138.964,-0.256242777
05.07.2022 18:00:00.000,138.957,140.17,138.879,140.035,0.775779558
05.07.2022 19:00:00.000,140.041,141.439,139.889,140.907,0.618390329
05.07.2022 20:00:00.000,140.91,141.485,140.567,141.302,0.278191754
06.07.2022 14:00:00.000,142.133,142.861,141.308,142.775,0.451689615
06.07.2022 15:00:00.000,142.684,143.746,142.015,142.218,-0.326595834
06.07.2022 16:00:00.000,142.188,142.406,141.079,141.691,-0.349537232
06.07.2022 17:00:00.000,141.7,142.063,141.52,141.88,0.127028934
06.07.2022 18:00:00.000,141.89,142.539,141.868,142.43,0.380576503
06.07.2022 19:00:00.000,142.42,143.623,141.87,143.605,0.832046061
06.07.2022 20:00:00.000,143.6,144.116,142.365,142.484,-0.777158774
07.07.2022 14:00:00.000,144.125,145.394,143.935,145.192,0.740329575
07.07.2022 15:00:00.000,145.215,145.981,144.898,145.346,0.090211066
07.07.2022 16:00:00.000,145.371,145.65,145.02,145.53,0.109375322
07.07.2022 17:00:00.000,145.53,145.979,145.45,145.883,0.242561671
07.07.2022 18:00:00.000,145.898,146.488,145.518,146.35,0.309805481
07.07.2022 19:00:00.000,146.351,146.546,146.003,146.19,-0.110009498
07.07.2022 20:00:00.000,146.196,146.537,146.106,146.254,0.039672768
08.07.2022 14:00:00.000,145.718,146.61,145.327,145.755,0.02539151
08.07.2022 15:00:00.000,145.736,147.263,145.474,146.864,0.774002306
08.07.2022 16:00:00.000,146.873,147.45,146.811,147.238,0.248514022
08.07.2022 17:00:00.000,147.243,147.296,145.532,145.786,-0.989520724
08.07.2022 18:00:00.000,145.787,147.092,145.541,146.84,0.722286624
08.07.2022 19:00:00.000,146.842,147.541,146.612,147.45,0.414050476
08.07.2022 20:00:00.000,147.452,147.528,147.06,147.217,-0.159373898
11.07.2022 14:00:00.000,145.39,145.51,143.782,144.302,-0.748332072
11.07.2022 15:00:00.000,144.297,145.617,144.044,145.058,0.527384492
11.07.2022 16:00:00.000,145.067,145.655,144.897,145.148,0.055836269
11.07.2022 17:00:00.000,145.135,145.637,144.992,145.485,0.241154787
11.07.2022 18:00:00.000,145.487,146.632,145.422,146.405,0.630984212
11.07.2022 19:00:00.000,146.41,146.46,145.344,145.344,-0.728092343
11.07.2022 20:00:00.000,145.32,145.457,144.402,144.557,-0.52504817
12.07.2022 14:00:00.000,146.645,147.982,146.17,146.17,-0.323911487
12.07.2022 15:00:00.000,146.134,147.645,145.56,146.966,0.569340468
12.07.2022 16:00:00.000,146.988,148.167,146.835,147.794,0.548344083
12.07.2022 17:00:00.000,147.784,148.44,147.321,148.038,0.171872463
12.07.2022 18:00:00.000,148.042,148.321,147.345,148.137,0.064170979
12.07.2022 19:00:00.000,148.148,148.195,146.71,146.747,-0.945675946
12.07.2022 20:00:00.000,146.761,146.761,145.05,146.02,-0.504902529
13.07.2022 14:00:00.000,143.122,145.305,142.702,145.015,1.322647811
13.07.2022 15:00:00.000,145.01,146.385,143.873,145.61,0.413764568
13.07.2022 16:00:00.000,145.62,146.085,144.797,145.211,-0.280868013
13.07.2022 17:00:00.000,145.233,146.013,145.148,145.997,0.526051242
13.07.2022 18:00:00.000,145.989,146.43,145.423,146.143,0.1054874
13.07.2022 19:00:00.000,146.142,146.393,145.193,146.376,0.160118241
13.07.2022 20:00:00.000,146.39,146.401,145.397,145.793,-0.407814741
14.07.2022 14:00:00.000,143.785,144.75,143.247,144.33,0.379038147
14.07.2022 15:00:00.000,143.957,145.037,143.606,144.82,0.599484568
14.07.2022 16:00:00.000,144.81,147.157,144.782,147.145,1.612457703
14.07.2022 17:00:00.000,147.154,147.308,146.101,146.617,-0.364923821
14.07.2022 18:00:00.000,146.622,147.633,146.32,147.555,0.636330155
14.07.2022 19:00:00.000,147.54,148.829,147.473,148.674,0.768605124
14.07.2022 20:00:00.000,148.675,148.943,148.027,148.52,-0.104254246
15.07.2022 14:00:00.000,150.34,150.675,148.768,149.293,-0.696421445
15.07.2022 15:00:00.000,149.331,150.5,148.83,149.258,-0.048884692
15.07.2022 16:00:00.000,149.229,149.567,148.794,148.807,-0.282786858
15.07.2022 17:00:00.000,148.79,149.053,148.195,148.908,0.079306405
15.07.2022 18:00:00.000,148.898,149.506,148.795,149.127,0.153796559
15.07.2022 19:00:00.000,149.13,149.565,148.845,149.342,0.142157849
15.07.2022 20:00:00.000,149.344,149.98,149.06,149.873,0.35421577
18.07.2022 14:00:00.000,150.795,151.365,150.295,151.085,0.192314069
18.07.2022 15:00:00.000,151.12,151.55,150.585,151.191,0.04698253
18.07.2022 16:00:00.000,151.19,151.426,150.814,151.399,0.138236656
18.07.2022 17:00:00.000,151.408,151.408,150.708,150.744,-0.438550143
18.07.2022 18:00:00.000,150.736,150.792,147.198,147.785,-1.957727417
18.07.2022 19:00:00.000,147.76,148.236,147.2,147.287,-0.320113698
18.07.2022 20:00:00.000,147.256,147.833,146.747,147.076,-0.122236106
19.07.2022 14:00:00.000,148.093,148.22,146.905,147.985,-0.072927147
19.07.2022 15:00:00.000,147.996,149.398,147.3,149.391,0.942593043
19.07.2022 16:00:00.000,149.393,150.213,149.393,149.8,0.27243579
19.07.2022 17:00:00.000,149.802,150.201,149.347,150.08,0.185578297
19.07.2022 18:00:00.000,150.076,150.825,149.669,150.815,0.492417175
19.07.2022 19:00:00.000,150.795,150.911,150.317,150.668,-0.084220299
19.07.2022 20:00:00.000,150.683,150.978,150.371,150.873,0.126092525
20.07.2022 14:00:00.000,151.06,151.682,150.849,151.031,-0.01919767
20.07.2022 15:00:00.000,151.026,153.592,150.819,153.382,1.559996292
20.07.2022 16:00:00.000,153.369,153.478,152.881,153.171,-0.129100405
20.07.2022 17:00:00.000,153.161,153.701,152.63,153.132,-0.018934324
20.07.2022 18:00:00.000,153.132,153.246,152.068,152.172,-0.626910117
20.07.2022 19:00:00.000,152.181,153.36,152.17,153.265,0.712309684
20.07.2022 20:00:00.000,153.256,153.68,152.926,153.005,-0.163778253
21.07.2022 14:00:00.000,153.33,154.109,153.001,153.37,0.026087524
21.07.2022 15:00:00.000,153.385,153.941,151.927,153.257,-0.083450142
21.07.2022 16:00:00.000,153.247,154.093,152.956,153.965,0.468524669
21.07.2022 17:00:00.000,153.96,155.245,153.895,155.147,0.770979475
21.07.2022 18:00:00.000,155.153,155.468,154.528,155.149,-0.0025781
21.07.2022 19:00:00.000,155.138,155.437,154.9,155.26,0.078639663
21.07.2022 20:00:00.000,155.261,155.562,154.697,155.123,-0.088882591
22.07.2022 14:00:00.000,155.221,156.251,154.92,155.253,0.020615767
22.07.2022 15:00:00.000,155.271,155.97,154.973,155.665,0.253749895
22.07.2022 16:00:00.000,155.658,155.705,154.063,154.611,-0.672628455
22.07.2022 17:00:00.000,154.597,154.911,153.952,154.504,-0.060156407
22.07.2022 18:00:00.000,154.517,154.521,153.402,154.004,-0.332002304
22.07.2022 19:00:00.000,153.998,154.04,153.41,153.791,-0.13441733
22.07.2022 20:00:00.000,153.793,154.496,153.574,153.97,0.115089764
25.07.2022 14:00:00.000,154.82,155.016,153.505,153.525,-0.836455238
25.07.2022 15:00:00.000,153.509,153.945,152.45,153.083,-0.277508159
25.07.2022 16:00:00.000,153.084,153.713,152.346,153.64,0.363199289
25.07.2022 17:00:00.000,153.635,154.065,153.251,153.708,0.047515215
25.07.2022 18:00:00.000,153.716,153.959,153.245,153.264,-0.294048765
25.07.2022 19:00:00.000,153.279,153.305,152.489,152.593,-0.447549893
25.07.2022 20:00:00.000,152.593,152.831,152.274,152.685,0.060291101
26.07.2022 14:00:00.000,152.257,152.365,151.535,152.18,-0.050572387
26.07.2022 15:00:00.000,152.145,152.444,151.18,151.595,-0.361497256
26.07.2022 16:00:00.000,151.592,151.673,150.851,150.985,-0.400416909
26.07.2022 17:00:00.000,150.993,151.684,150.8,151.626,0.419224732
26.07.2022 18:00:00.000,151.61,152.168,151.54,151.847,0.156322142
26.07.2022 19:00:00.000,151.86,152.471,151.34,151.577,-0.186355854
26.07.2022 20:00:00.000,151.58,151.669,151.141,151.545,-0.023090117
27.07.2022 14:00:00.000,152.32,154.786,152.215,154.38,1.352415966
27.07.2022 15:00:00.000,154.349,154.751,154.095,154.388,0.025267413
27.07.2022 16:00:00.000,154.383,154.571,153.569,154.153,-0.148980134
27.07.2022 17:00:00.000,154.148,154.521,154.01,154.257,0.070711264
27.07.2022 18:00:00.000,154.253,154.584,154.155,154.392,0.0901117
27.07.2022 19:00:00.000,154.415,156.219,153.925,155.89,0.955218081
27.07.2022 20:00:00.000,155.91,157.331,155.708,156.935,0.657430569
28.07.2022 14:00:00.000,156.548,156.67,154.788,155.391,-0.739070445
28.07.2022 15:00:00.000,155.388,155.937,154.403,155.882,0.317913867
28.07.2022 16:00:00.000,155.895,157.077,155.869,156.878,0.630552616
28.07.2022 17:00:00.000,156.906,157.153,156.435,156.443,-0.295081131
28.07.2022 18:00:00.000,156.447,157.639,156.157,157.35,0.577192276
28.07.2022 19:00:00.000,157.345,157.388,156.607,157.263,-0.05211478
28.07.2022 20:00:00.000,157.263,157.587,156.647,157.197,-0.041967914
29.07.2022 14:00:00.000,160.265,162.985,159.5,161.95,1.051383646
29.07.2022 15:00:00.000,161.961,163.626,161.63,162.39,0.264878582
29.07.2022 16:00:00.000,162.405,162.553,160.575,162.127,-0.171176996
29.07.2022 17:00:00.000,162.144,162.633,161.718,162.554,0.252861654
29.07.2022 18:00:00.000,162.554,162.943,162.1,162.729,0.107656533
29.07.2022 19:00:00.000,162.725,163.113,162.513,162.624,-0.062067906
29.07.2022 20:00:00.000,162.624,163.135,162.582,162.694,0.043044077
01.08.2022 14:00:00.000,161.64,163.095,161.605,162.725,0.671244741
01.08.2022 15:00:00.000,162.652,163.577,162.179,163.194,0.333226766
01.08.2022 16:00:00.000,163.221,163.361,162.7,163.168,-0.032471312
01.08.2022 17:00:00.000,163.178,163.236,161.945,162.1,-0.660628271
01.08.2022 18:00:00.000,162.111,162.13,160.881,161.336,-0.478067497
01.08.2022 19:00:00.000,161.335,162.242,160.982,162.169,0.516936809
01.08.2022 20:00:00.000,162.161,162.241,161.326,161.378,-0.48285346
02.08.2022 14:00:00.000,160.56,161.063,159.931,160.54,-0.012456403
02.08.2022 15:00:00.000,160.545,161.715,159.635,161.249,0.438506338
02.08.2022 16:00:00.000,161.23,161.472,160.54,161.15,-0.049618557
02.08.2022 17:00:00.000,161.159,162.405,161.1,162.194,0.642222898
02.08.2022 18:00:00.000,162.199,162.272,160.071,160.394,-1.112830535
02.08.2022 19:00:00.000,160.394,161.287,160.241,160.654,0.162100827
02.08.2022 20:00:00.000,160.63,160.867,159.975,160.111,-0.323102783
03.08.2022 14:00:00.000,161.99,163.31,161.905,163.222,0.760540774
03.08.2022 15:00:00.000,163.226,164.417,162.825,164.016,0.483991521
03.08.2022 16:00:00.000,164.028,165.167,163.998,165.064,0.631599483
03.08.2022 17:00:00.000,165.063,166.028,164.448,165.852,0.477999309
03.08.2022 18:00:00.000,165.856,166.423,165.613,166.071,0.129630523
03.08.2022 19:00:00.000,166.068,166.553,166.001,166.134,0.039742756
03.08.2022 20:00:00.000,166.122,166.584,165.802,166.312,0.114373773
04.08.2022 14:00:00.000,166.255,167.185,165.689,166.212,-0.025863884
04.08.2022 15:00:00.000,166.222,166.567,164.56,165.312,-0.547460625
04.08.2022 16:00:00.000,165.304,165.476,164.425,165.383,0.047790737
04.08.2022 17:00:00.000,165.385,165.73,164.795,164.953,-0.261208695
04.08.2022 18:00:00.000,164.954,165.555,164.944,165.264,0.187931181
04.08.2022 19:00:00.000,165.262,165.609,164.998,165.555,0.177294236
04.08.2022 20:00:00.000,165.544,166.054,165.284,165.483,-0.03684821
05.08.2022 14:00:00.000,163.99,164.973,163.975,164.735,0.454295994
05.08.2022 15:00:00.000,164.748,165.835,164.475,164.737,-0.006676864
05.08.2022 16:00:00.000,164.739,164.79,163.391,164.161,-0.350858024
05.08.2022 17:00:00.000,164.18,164.999,164.09,164.915,0.447679376
05.08.2022 18:00:00.000,164.896,165.442,164.52,164.725,-0.103701727
05.08.2022 19:00:00.000,164.728,164.994,164.371,164.655,-0.044315478
05.08.2022 20:00:00.000,164.65,165.405,164.487,165.27,0.376556332
08.08.2022 14:00:00.000,166.73,167.763,166.11,167.455,0.434834763
08.08.2022 15:00:00.000,167.436,167.784,166.44,166.574,-0.514823574
08.08.2022 16:00:00.000,166.601,167.06,165.111,165.681,-0.552217574
08.08.2022 17:00:00.000,165.675,165.754,164.546,165.049,-0.377848197
08.08.2022 18:00:00.000,165.043,165.54,164.686,165.279,0.142993038
08.08.2022 19:00:00.000,165.285,165.303,164.195,164.577,-0.42835103
08.08.2022 20:00:00.000,164.564,165.162,164.495,164.966,0.24428186
09.08.2022 14:00:00.000,164.245,164.797,163.742,163.889,-0.216749368
09.08.2022 15:00:00.000,163.907,164.984,163.761,164.512,0.369111752
09.08.2022 16:00:00.000,164.521,165.803,163.995,165.102,0.353146407
09.08.2022 17:00:00.000,165.095,165.303,164.456,165.007,-0.053302644
09.08.2022 18:00:00.000,164.986,165.54,164.835,165.372,0.233959245
09.08.2022 19:00:00.000,165.38,165.594,164.865,165.125,-0.154190349
09.08.2022 20:00:00.000,165.135,165.434,164.774,164.912,-0.135041027
10.08.2022 14:00:00.000,168.021,168.616,167.438,168.44,0.24937359
10.08.2022 15:00:00.000,168.448,168.45,166.892,167.744,-0.417933131
10.08.2022 16:00:00.000,167.751,168.241,167.556,168.146,0.235468045
10.08.2022 17:00:00.000,168.148,168.293,167.647,168.067,-0.048171849
10.08.2022 18:00:00.000,168.076,168.473,167.868,168.283,0.123158571
10.08.2022 19:00:00.000,168.276,168.733,168.194,168.458,0.108155649
10.08.2022 20:00:00.000,168.452,169.25,168.35,169.196,0.441668843
11.08.2022 14:00:00.000,169.665,170.366,169.665,170.244,0.34126072
11.08.2022 15:00:00.000,170.244,170.987,169.705,169.76,-0.284297831
11.08.2022 16:00:00.000,169.777,169.892,168.971,169.215,-0.331022459
11.08.2022 17:00:00.000,169.223,169.751,168.89,169.61,0.228692317
11.08.2022 18:00:00.000,169.616,169.724,169.152,169.234,-0.225214602
11.08.2022 19:00:00.000,169.234,169.234,168.385,168.771,-0.273585686
11.08.2022 20:00:00.000,168.772,168.906,168.275,168.675,-0.057473989
12.08.2022 14:00:00.000,169.861,170.177,169.413,170.148,0.16896168
12.08.2022 15:00:00.000,170.067,170.591,169.696,170.492,0.249901509
12.08.2022 16:00:00.000,170.526,171.099,170.415,170.92,0.231049811
12.08.2022 17:00:00.000,170.918,171.33,170.825,170.879,-0.022817959
12.08.2022 18:00:00.000,170.858,171.519,170.802,171.266,0.238794789
12.08.2022 19:00:00.000,171.256,171.769,171.235,171.687,0.251670014
12.08.2022 20:00:00.000,171.693,171.995,171.647,171.877,0.107168027
15.08.2022 14:00:00.000,171.77,172.361,171.35,172.153,0.22297258
15.08.2022 15:00:00.000,172.155,172.445,171.652,171.827,-0.190525979
15.08.2022 16:00:00.000,171.84,173.241,171.702,173.023,0.688431099
15.08.2022 17:00:00.000,173.016,173.294,172.745,173.098,0.047394461
15.08.2022 18:00:00.000,173.105,173.264,172.905,173.11,0.00288842
15.08.2022 19:00:00.000,173.102,173.121,172.829,172.992,-0.063546348
15.08.2022 20:00:00.000,172.988,173.381,172.929,172.99,0.00115615
16.08.2022 14:00:00.000,172.424,172.784,172.14,172.33,-0.054516773
16.08.2022 15:00:00.000,172.31,172.593,171.662,172.367,0.033079914
16.08.2022 16:00:00.000,172.37,173.486,172.337,173.34,0.562742937
16.08.2022 17:00:00.000,173.335,173.375,172.579,172.824,-0.294804858
16.08.2022 18:00:00.000,172.822,173.296,172.709,173.085,0.152179699
16.08.2022 19:00:00.000,173.085,173.705,171.849,172.391,-0.400959066
16.08.2022 20:00:00.000,172.39,173.16,172.034,172.83,0.255235222
17.08.2022 14:00:00.000,173.14,174.305,173.095,174.165,0.592006469
17.08.2022 15:00:00.000,174.168,174.44,173.097,173.165,-0.575880759
17.08.2022 16:00:00.000,173.165,173.991,173.075,173.324,0.091819941
17.08.2022 17:00:00.000,173.328,174.482,173.261,174.064,0.42462845
17.08.2022 18:00:00.000,174.067,174.771,173.919,174.257,0.109153372
17.08.2022 19:00:00.000,174.26,176.138,174.105,175.328,0.61287731
17.08.2022 20:00:00.000,175.334,175.795,174.23,174.584,-0.427755028
18.08.2022 14:00:00.000,173.37,174.561,173.332,173.408,0.02191844
18.08.2022 15:00:00.000,173.405,174.343,173.111,174.002,0.34428073
18.08.2022 16:00:00.000,174.007,174.701,173.568,174.356,0.200566644
18.08.2022 17:00:00.000,174.356,174.631,173.564,173.984,-0.213356581
18.08.2022 18:00:00.000,173.977,174.537,173.78,174.299,0.185081936
18.08.2022 19:00:00.000,174.304,174.489,173.927,174.25,-0.030980356
18.08.2022 20:00:00.000,174.257,174.885,174.053,174.064,-0.110755952
19.08.2022 14:00:00.000,173.317,173.402,172.56,172.769,-0.31618364
19.08.2022 15:00:00.000,172.732,173.079,171.722,171.83,-0.522196235
19.08.2022 16:00:00.000,171.829,172.441,171.648,172.167,0.196707191
19.08.2022 17:00:00.000,172.157,172.928,171.86,172.741,0.339225242
19.08.2022 18:00:00.000,172.742,173.013,171.734,172.174,-0.32881407
19.08.2022 19:00:00.000,172.169,172.26,171.76,171.842,-0.189929662
19.08.2022 20:00:00.000,171.848,171.943,171.309,171.688,-0.093105535
22.08.2022 14:00:00.000,169.035,169.265,168.495,168.948,-0.051468631
22.08.2022 15:00:00.000,168.93,169.285,168.057,168.063,-0.513230332
22.08.2022 16:00:00.000,168.065,168.889,168.005,168.759,0.412935471
22.08.2022 17:00:00.000,168.759,169.042,168.568,168.915,0.092439514
22.08.2022 18:00:00.000,168.915,168.975,168.139,168.195,-0.426249889
22.08.2022 19:00:00.000,168.203,168.345,167.406,167.608,-0.353739232
22.08.2022 20:00:00.000,167.608,167.924,167.13,167.365,-0.144981146
23.08.2022 14:00:00.000,167.875,168.392,167.135,167.994,0.070886076
23.08.2022 15:00:00.000,168.002,168.702,167.026,167.072,-0.553564839
23.08.2022 16:00:00.000,167.07,167.82,166.644,167.798,0.435745496
23.08.2022 17:00:00.000,167.81,168.045,167.204,167.881,0.042309755
23.08.2022 18:00:00.000,167.88,168.165,167.308,167.578,-0.179890398
23.08.2022 19:00:00.000,167.573,168.046,167.417,167.773,0.119350969
23.08.2022 20:00:00.000,167.776,167.998,166.84,167.142,-0.377884799
24.08.2022 14:00:00.000,166.819,167.24,166.415,166.718,-0.060544662
24.08.2022 15:00:00.000,166.719,167.273,166.36,166.634,-0.050983991
24.08.2022 16:00:00.000,166.655,167.779,166.234,167.536,0.528637005
24.08.2022 17:00:00.000,167.54,167.974,167.165,167.371,-0.100871434
24.08.2022 18:00:00.000,167.368,167.696,167.075,167.572,0.121887099
24.08.2022 19:00:00.000,167.565,167.832,167.316,167.759,0.115775968
24.08.2022 20:00:00.000,167.762,168.101,167.484,167.535,-0.135310738
25.08.2022 14:00:00.000,169.135,169.75,168.935,169.562,0.252461052
25.08.2022 15:00:00.000,169.565,169.909,169.202,169.255,-0.182820747
25.08.2022 16:00:00.000,169.265,169.265,168.45,169.05,-0.127019762
25.08.2022 17:00:00.000,169.048,169.055,168.34,168.653,-0.233661445
25.08.2022 18:00:00.000,168.655,169.414,168.527,169.21,0.329074145
25.08.2022 19:00:00.000,169.207,169.383,168.901,169.238,0.018320755
25.08.2022 20:00:00.000,169.235,169.909,169.028,169.765,0.313173989
26.08.2022 14:00:00.000,170.179,170.434,169.738,170.275,0.056411191
26.08.2022 15:00:00.000,170.285,170.995,167.314,167.596,-1.579117362
26.08.2022 16:00:00.000,167.585,167.665,166.37,166.841,-0.443953814
26.08.2022 17:00:00.000,166.838,166.851,165.768,166.293,-0.326664189
26.08.2022 18:00:00.000,166.274,166.545,164.723,164.909,-0.820934121
26.08.2022 19:00:00.000,164.891,165.051,164.54,164.685,-0.124931015
26.08.2022 20:00:00.000,164.686,164.955,163.554,163.783,-0.54831619
29.08.2022 14:00:00.000,162.37,162.73,161.601,161.855,-0.317176818
29.08.2022 15:00:00.000,161.816,162.87,160.065,160.213,-0.990631334
29.08.2022 16:00:00.000,160.185,161.3,159.835,161.209,0.639260855
29.08.2022 17:00:00.000,161.214,162.18,160.948,161.934,0.446611336
29.08.2022 18:00:00.000,161.928,162.604,161.584,162.086,0.097574231
29.08.2022 19:00:00.000,162.094,162.25,161.565,161.975,-0.073414192
29.08.2022 20:00:00.000,161.975,162.535,161.396,161.409,-0.349436641
30.08.2022 14:00:00.000,161.97,162.386,160.975,161.246,-0.446996357
30.08.2022 15:00:00.000,161.195,161.48,158.229,159.17,-1.256242439
30.08.2022 16:00:00.000,159.144,159.435,158.6,159.18,0.022621022
30.08.2022 17:00:00.000,159.188,159.645,158.315,158.783,-0.254416162
30.08.2022 18:00:00.000,158.778,158.89,157.71,158.48,-0.187683432
30.08.2022 19:00:00.000,158.473,158.805,158.171,158.455,-0.011358402
30.08.2022 20:00:00.000,158.44,159.428,158.12,158.39,-0.031557687
31.08.2022 14:00:00.000,159.261,160.557,158.874,160.122,0.540621998
31.08.2022 15:00:00.000,160.114,160.197,158.867,159.032,-0.675768515
31.08.2022 16:00:00.000,159.027,159.741,158.407,159.577,0.34585322
31.08.2022 17:00:00.000,159.6,159.7,158.723,159.04,-0.350877193
31.08.2022 18:00:00.000,159.042,159.341,158.238,158.486,-0.349593189
31.08.2022 19:00:00.000,158.48,158.732,157.692,157.923,-0.351463907
31.08.2022 20:00:00.000,157.919,159.194,157.555,157.637,-0.178572559
01.09.2022 14:00:00.000,156.242,157.478,156.13,157.38,0.728357292
01.09.2022 15:00:00.000,157.33,157.62,155.751,155.751,-1.003622958
01.09.2022 16:00:00.000,155.739,156.405,155.168,155.512,-0.145756683
01.09.2022 17:00:00.000,155.51,156.015,154.674,154.972,-0.345958459
01.09.2022 18:00:00.000,154.963,155.982,154.82,155.874,0.587882269
01.09.2022 19:00:00.000,155.879,157.407,155.79,156.852,0.624202105
01.09.2022 20:00:00.000,156.849,157.571,156.726,157.56,0.453302221
02.09.2022 14:00:00.000,159.206,159.854,159.136,159.313,0.067208522
02.09.2022 15:00:00.000,159.314,160.365,158.651,159.453,0.08724908
02.09.2022 16:00:00.000,159.475,160.103,159.295,159.76,0.178711397
02.09.2022 17:00:00.000,159.787,159.894,157.214,157.726,-1.289842102
02.09.2022 18:00:00.000,157.701,157.701,155.644,155.679,-1.282173227
02.09.2022 19:00:00.000,155.659,156.557,155.659,155.973,0.201722997
02.09.2022 20:00:00.000,155.956,156.499,154.96,155.803,-0.098104594
06.09.2022 14:00:00.000,156.39,156.7,155.049,155.23,-0.741735405
06.09.2022 15:00:00.000,155.224,156.395,153.722,156.11,0.570788022
06.09.2022 16:00:00.000,156.135,156.525,155.475,156.065,-0.044832997
06.09.2022 17:00:00.000,156.082,156.263,154.642,155.2,-0.565087582
06.09.2022 18:00:00.000,155.205,155.253,153.904,154.514,-0.445217615
06.09.2022 19:00:00.000,154.481,155.093,154.199,154.304,-0.114577197
06.09.2022 20:00:00.000,154.329,155.085,153.986,154.314,-0.009719495
07.09.2022 14:00:00.000,155.223,155.883,155.097,155.309,0.05540416
07.09.2022 15:00:00.000,155.315,155.445,153.611,154.116,-0.771979525
07.09.2022 16:00:00.000,154.108,155.24,153.894,154.744,0.412697589
07.09.2022 17:00:00.000,154.746,155.32,154.228,154.85,0.067206907
07.09.2022 18:00:00.000,154.848,155.7,154.546,155.515,0.430744989
07.09.2022 19:00:00.000,155.53,156.211,154.761,155.737,0.133093294
07.09.2022 20:00:00.000,155.743,156.655,155.655,156.132,0.249770455
08.09.2022 14:00:00.000,154.4,155.82,154.37,155.36,0.621761658
08.09.2022 15:00:00.000,155.355,155.79,154.37,155.79,0.280003862
08.09.2022 16:00:00.000,155.764,156.352,155.372,155.524,-0.154079248
08.09.2022 17:00:00.000,155.521,155.67,152.67,153.173,-1.509763955
08.09.2022 18:00:00.000,153.181,154.11,152.695,153.545,0.237627382
08.09.2022 19:00:00.000,153.54,154.364,153.384,153.8,0.169336981
08.09.2022 20:00:00.000,153.784,154.353,153.489,154.245,0.299771108
09.09.2022 14:00:00.000,155.015,156.063,154.747,156.052,0.668967519
09.09.2022 15:00:00.000,156.065,156.831,155.895,156.647,0.372921539
09.09.2022 16:00:00.000,156.632,157.165,156.456,156.844,0.135349099
09.09.2022 17:00:00.000,156.86,156.924,156.089,156.857,-0.001912533
09.09.2022 18:00:00.000,156.854,157.31,156.702,157.08,0.144083033
09.09.2022 19:00:00.000,157.077,157.516,156.762,157.16,0.052840327
09.09.2022 20:00:00.000,157.152,157.798,157.051,157.585,0.275529424
12.09.2022 14:00:00.000,160.307,161.666,160.077,161.597,0.80470597
12.09.2022 15:00:00.000,161.598,162.031,161.208,161.377,-0.136759118
12.09.2022 16:00:00.000,161.374,162.882,161.216,161.879,0.312937648
12.09.2022 17:00:00.000,161.905,163.136,161.727,163.077,0.723881288
12.09.2022 18:00:00.000,163.074,164.246,162.754,164.117,0.639586936
12.09.2022 19:00:00.000,164.132,164.169,163.275,163.564,-0.346062925
12.09.2022 20:00:00.000,163.566,163.956,163.062,163.238,-0.200530673
13.09.2022 14:00:00.000,159.369,159.866,158.27,158.27,-0.689594589
13.09.2022 15:00:00.000,158.265,158.355,156.836,157.205,-0.66976274
13.09.2022 16:00:00.000,157.223,157.266,156.246,156.32,-0.574343448
13.09.2022 17:00:00.000,156.291,156.757,156.137,156.303,0.007677985
13.09.2022 18:00:00.000,156.266,156.65,155.76,155.774,-0.31484776
13.09.2022 19:00:00.000,155.78,155.87,154.591,154.792,-0.634227757
13.09.2022 20:00:00.000,154.803,154.884,153.38,153.925,-0.567172471
14.09.2022 14:00:00.000,154.165,156.173,154.027,156.042,1.217526676
14.09.2022 15:00:00.000,156.067,156.585,154.878,156.542,0.304356462
14.09.2022 16:00:00.000,156.548,157.093,155.729,155.792,-0.482918977
14.09.2022 17:00:00.000,155.8,155.863,154.92,155.132,-0.428754814
14.09.2022 18:00:00.000,155.137,155.292,154.156,154.32,-0.5266313
14.09.2022 19:00:00.000,154.316,154.625,153.873,154.121,-0.126364084
14.09.2022 20:00:00.000,154.099,155.274,153.607,155.234,0.736539497
15.09.2022 14:00:00.000,154.645,155.198,154.089,154.855,0.135794885
15.09.2022 15:00:00.000,154.897,155.196,151.784,152.069,-1.825729356
15.09.2022 16:00:00.000,152.056,153.056,151.91,152.63,0.377492503
15.09.2022 17:00:00.000,152.627,153.242,152.258,153.226,0.39246005
15.09.2022 18:00:00.000,153.23,154.284,153.202,153.42,0.123996606
15.09.2022 19:00:00.000,153.433,153.435,152.305,152.382,-0.684989539
15.09.2022 20:00:00.000,152.387,152.647,151.375,152.225,-0.106308281
16.09.2022 14:00:00.000,150.582,150.582,148.37,148.46,-1.409198975
16.09.2022 15:00:00.000,148.491,150.532,148.491,148.978,0.327966005
16.09.2022 16:00:00.000,148.985,149.948,148.725,149.88,0.600731617
16.09.2022 17:00:00.000,149.85,149.903,148.665,149.404,-0.297630964
16.09.2022 18:00:00.000,149.394,149.893,149.006,149.32,-0.049533448
16.09.2022 19:00:00.000,149.331,150.803,149.252,150.503,0.784833692
16.09.2022 20:00:00.000,150.481,151.337,150.295,150.437,-0.029239572
19.09.2022 14:00:00.000,149.515,151.105,149.18,151.091,1.054074842
19.09.2022 15:00:00.000,151.122,152.385,150.566,152.088,0.639218645
19.09.2022 16:00:00.000,152.091,152.817,151.74,151.937,-0.10125517
19.09.2022 17:00:00.000,151.926,153.328,151.41,153.143,0.801047879
19.09.2022 18:00:00.000,153.169,153.438,152.688,152.952,-0.141673576
19.09.2022 19:00:00.000,152.945,153.18,152.597,153.092,0.096112982
19.09.2022 20:00:00.000,153.095,154.423,153.095,154.394,0.848492766
20.09.2022 14:00:00.000,154.173,154.85,153.602,154.744,0.370363163
20.09.2022 15:00:00.000,154.685,155.431,154.125,155.378,0.448007241
20.09.2022 16:00:00.000,155.386,157.864,155.216,157.825,1.569639478
20.09.2022 17:00:00.000,157.82,158.069,156.633,157.051,-0.487263972
20.09.2022 18:00:00.000,157.051,157.051,155.394,155.603,-0.921993493
20.09.2022 19:00:00.000,155.562,156.576,155.523,156.41,0.545120274
20.09.2022 20:00:00.000,156.41,157.723,156.205,157.163,0.481427019
21.09.2022 14:00:00.000,157.715,158.358,156.526,157.021,-0.440034239
21.09.2022 15:00:00.000,157.018,157.414,156.315,156.458,-0.356647009
21.09.2022 16:00:00.000,156.453,156.522,155.932,156.28,-0.110576339
21.09.2022 17:00:00.000,156.288,157.357,156.15,157.095,0.516354423
21.09.2022 18:00:00.000,157.093,158.032,156.961,157.825,0.46596602
21.09.2022 19:00:00.000,157.81,158.685,154.482,158.28,0.2978265
21.09.2022 20:00:00.000,158.375,158.583,154.125,154.497,-2.448618785
22.09.2022 14:00:00.000,153.085,153.517,151.667,152.119,-0.631021981
22.09.2022 15:00:00.000,152.11,153.085,151.706,151.746,-0.239300506
22.09.2022 16:00:00.000,151.736,152.245,150.896,151.826,0.059313545
22.09.2022 17:00:00.000,151.81,152.901,151.504,152.554,0.490086292
22.09.2022 18:00:00.000,152.548,152.936,151.879,152.682,0.087841204
22.09.2022 19:00:00.000,152.692,152.871,151.952,152.82,0.083828884
22.09.2022 20:00:00.000,152.815,154.382,152.815,153.317,0.328501783
23.09.2022 14:00:00.000,151.364,151.365,149.849,150.02,-0.887925795
23.09.2022 15:00:00.000,149.988,150.485,149.307,149.953,-0.0233352
23.09.2022 16:00:00.000,149.951,150.629,149.755,150.252,0.200732239
23.09.2022 17:00:00.000,150.241,150.363,149.413,150.145,-0.063897338
23.09.2022 18:00:00.000,150.166,150.311,149.447,149.703,-0.308325453
23.09.2022 19:00:00.000,149.703,149.965,148.554,148.685,-0.680013093
23.09.2022 20:00:00.000,148.686,150.529,148.662,150.182,1.006147183
26.09.2022 14:00:00.000,150.887,152.729,150.72,152.682,1.189631976
26.09.2022 15:00:00.000,152.702,153.765,152.294,152.525,-0.115912038
26.09.2022 16:00:00.000,152.521,152.822,150.919,151.887,-0.415680464
26.09.2022 17:00:00.000,151.915,152.087,150.532,151.375,-0.355461936
26.09.2022 18:00:00.000,151.376,151.427,150.037,150.1,-0.842934151
26.09.2022 19:00:00.000,150.067,151.687,150.04,151.515,0.964902344
26.09.2022 20:00:00.000,151.526,151.994,150.885,151.575,0.032337685
27.09.2022 14:00:00.000,154.093,154.66,153.287,153.921,-0.111620904
27.09.2022 15:00:00.000,153.935,154.016,152.49,153.454,-0.312469549
27.09.2022 16:00:00.000,153.462,153.55,151.526,151.565,-1.236136633
27.09.2022 17:00:00.000,151.572,151.786,149.927,151.702,0.08576782
27.09.2022 18:00:00.000,151.691,151.691,150.717,151.079,-0.403451754
27.09.2022 19:00:00.000,151.068,152.409,150.857,151.998,0.615616808
27.09.2022 20:00:00.000,152.037,152.065,151.025,151.964,-0.048014628
28.09.2022 14:00:00.000,146.395,146.605,144.829,145.809,-0.400286895
28.09.2022 15:00:00.000,145.786,147.415,145.157,146.21,0.290837255
28.09.2022 16:00:00.000,146.239,147.41,146.072,147.36,0.766553382
28.09.2022 17:00:00.000,147.365,147.75,146.935,147.745,0.257863129
28.09.2022 18:00:00.000,147.745,148.354,147.204,147.394,-0.237571491
28.09.2022 19:00:00.000,147.395,149.085,147.347,148.799,0.952542488
28.09.2022 20:00:00.000,148.783,150.643,148.736,150.327,1.037752969
29.09.2022 14:00:00.000,146.095,146.231,143.729,144.098,-1.366918786
29.09.2022 15:00:00.000,144.088,144.278,142.722,143.2,-0.616290045
29.09.2022 16:00:00.000,143.198,143.854,142.344,143.587,0.271651839
29.09.2022 17:00:00.000,143.601,143.924,142.119,142.145,-1.013920516
29.09.2022 18:00:00.000,142.144,142.721,141.436,141.48,-0.467131923
29.09.2022 19:00:00.000,141.476,141.65,140.679,140.735,-0.523763748
29.09.2022 20:00:00.000,140.728,142.371,140.725,142.201,1.046700017
30.09.2022 14:00:00.000,142.285,142.619,140.611,142.111,-0.122289771
30.09.2022 15:00:00.000,142.155,142.875,141.356,142.265,0.077380324
30.09.2022 16:00:00.000,142.315,143.082,141.032,141.307,-0.708287953
30.09.2022 17:00:00.000,141.32,141.744,140.854,141.172,-0.104726861
30.09.2022 18:00:00.000,141.165,141.285,140.168,140.362,-0.568837885
30.09.2022 19:00:00.000,140.354,140.83,139.61,139.696,-0.468814569
30.09.2022 20:00:00.000,139.68,140.317,138.62,138.649,-0.738115693
03.10.2022 14:00:00.000,138.754,139.424,137.735,139.35,0.429537166
03.10.2022 15:00:00.000,139.37,141.565,139.37,141.223,1.329554423
03.10.2022 16:00:00.000,141.249,141.56,140.075,140.826,-0.299471147
03.10.2022 17:00:00.000,140.83,141.42,140.789,141.412,0.413264219
03.10.2022 18:00:00.000,141.409,142.233,141.373,142.09,0.481581795
03.10.2022 19:00:00.000,142.112,143.066,142.062,142.89,0.547455528
03.10.2022 20:00:00.000,142.905,143.067,142.253,142.435,-0.328889822
04.10.2022 14:00:00.000,144.755,145.302,144.508,145.064,0.213464129
04.10.2022 15:00:00.000,145.073,146.205,145.045,145.751,0.46735092
04.10.2022 16:00:00.000,145.745,145.776,144.965,145.28,-0.319050396
04.10.2022 17:00:00.000,145.28,145.66,144.85,144.855,-0.292538546
04.10.2022 18:00:00.000,144.858,145.514,144.263,145.24,0.263706526
04.10.2022 19:00:00.000,145.24,146.079,145.037,145.864,0.42963371
04.10.2022 20:00:00.000,145.855,146.049,145.11,146.041,0.127523911
05.10.2022 14:00:00.000,144.618,145.313,143.917,145.174,0.384461132
05.10.2022 15:00:00.000,145.183,145.282,143.015,143.59,-1.097235902
05.10.2022 16:00:00.000,143.578,144.477,143.545,144.378,0.557188427
05.10.2022 17:00:00.000,144.403,145.9,144,145.432,0.712589074
05.10.2022 18:00:00.000,145.441,146.235,145.308,145.341,-0.068756403
05.10.2022 19:00:00.000,145.332,146.452,145.271,146.41,0.741749924
05.10.2022 20:00:00.000,146.405,147.375,145.867,146.035,-0.252723609
06.10.2022 14:00:00.000,146.7,147.52,146.37,146.71,0.006816633
06.10.2022 15:00:00.000,146.713,146.73,145.603,146.614,-0.067478683
06.10.2022 16:00:00.000,146.631,146.905,145.711,145.885,-0.508760085
06.10.2022 17:00:00.000,145.868,146.469,145.557,146.254,0.26462281
06.10.2022 18:00:00.000,146.254,146.535,145.928,146.408,0.105296265
06.10.2022 19:00:00.000,146.425,146.428,145.288,145.688,-0.503329349
06.10.2022 20:00:00.000,145.667,146.035,145.243,145.651,-0.010983957
07.10.2022 14:00:00.000,141.572,141.586,141.379,141.526,-0.032492301
07.10.2022 15:00:00.000,141.51,141.84,140.892,141.319,-0.134972793
07.10.2022 16:00:00.000,141.323,141.626,140.79,141.126,-0.139396984
07.10.2022 17:00:00.000,141.12,141.355,140.175,140.3,-0.58106576
07.10.2022 18:00:00.000,140.299,140.598,139.946,140.136,-0.116180443
07.10.2022 19:00:00.000,140.13,140.556,139.914,140.173,0.030685792
07.10.2022 20:00:00.000,140.178,140.529,139.441,140.099,-0.056356918
10.10.2022 14:00:00.000,139.879,140.05,138.67,138.766,-0.795687702
10.10.2022 15:00:00.000,138.786,140.444,138.575,139.578,0.570662747
10.10.2022 16:00:00.000,139.537,140.805,139.228,140.456,0.658606678
10.10.2022 17:00:00.000,140.462,140.515,139.553,139.58,-0.627927838
10.10.2022 18:00:00.000,139.569,141.864,139.048,141.265,1.215169558
10.10.2022 19:00:00.000,141.255,141.391,140.408,140.764,-0.347598315
10.10.2022 20:00:00.000,140.774,141.531,140.588,140.915,0.100160541
11.10.2022 14:00:00.000,139.755,139.759,138.84,138.885,-0.622517978
11.10.2022 15:00:00.000,138.864,139.815,138.37,139.075,0.151947229
11.10.2022 16:00:00.000,139.081,140.745,139.019,140.384,0.93686413
11.10.2022 17:00:00.000,140.426,141.339,140.065,140.764,0.240696167
11.10.2022 18:00:00.000,140.768,140.92,139.821,140.43,-0.240111389
11.10.2022 19:00:00.000,140.429,140.544,138.519,138.639,-1.274665489
11.10.2022 20:00:00.000,138.605,139.235,138.22,138.746,0.101727932
12.10.2022 14:00:00.000,139,140.335,139,139.898,0.646043165
12.10.2022 15:00:00.000,139.931,140.176,138.826,139.418,-0.366609257
12.10.2022 16:00:00.000,139.413,140.137,139.044,139.981,0.40742255
12.10.2022 17:00:00.000,139.971,140.08,138.931,139.463,-0.362932322
12.10.2022 18:00:00.000,139.458,139.597,138.367,138.524,-0.669735691
12.10.2022 19:00:00.000,138.513,139.338,138.256,138.5,-0.009385401
12.10.2022 20:00:00.000,138.505,138.791,138.147,138.554,0.035377784
13.10.2022 14:00:00.000,135.916,136.387,134.967,136.24,0.23838253
13.10.2022 15:00:00.000,136.24,136.878,135.622,136.259,0.013945978
13.10.2022 16:00:00.000,136.225,142.581,135.975,140.91,3.439163149
13.10.2022 17:00:00.000,140.926,141.36,140.068,140.555,-0.263258732
13.10.2022 18:00:00.000,140.574,142.35,140.569,141.807,0.877118101
13.10.2022 19:00:00.000,141.77,142.98,140.903,142.814,0.736404035
13.10.2022 20:00:00.000,142.805,143.522,142.065,143.243,0.30671195
14.10.2022 14:00:00.000,142.826,143.471,141.39,142.125,-0.490806996
14.10.2022 15:00:00.000,142.096,142.096,139.501,140.313,-1.254785497
14.10.2022 16:00:00.000,140.321,140.926,139.24,139.631,-0.491729677
14.10.2022 17:00:00.000,139.583,140.195,139.006,139.131,-0.323821669
14.10.2022 18:00:00.000,139.134,139.625,138.942,139.483,0.250837322
14.10.2022 19:00:00.000,139.483,139.483,138.385,138.8,-0.489665407
14.10.2022 20:00:00.000,138.8,139.166,138.306,138.753,-0.033861671
17.10.2022 14:00:00.000,141.67,142.655,141.505,141.994,0.228700501
17.10.2022 15:00:00.000,142.037,142.209,140.703,140.969,-0.751916754
17.10.2022 16:00:00.000,140.965,141.876,140.269,141.675,0.503671124
17.10.2022 17:00:00.000,141.676,141.92,141.2,141.82,0.101640363
17.10.2022 18:00:00.000,141.82,142.582,141.668,142.359,0.38005923
17.10.2022 19:00:00.000,142.339,142.825,142.159,142.68,0.239568916
17.10.2022 20:00:00.000,142.665,142.879,142.309,142.57,-0.066589563
18.10.2022 14:00:00.000,146.24,146.56,145.42,145.563,-0.462937637
18.10.2022 15:00:00.000,145.581,145.94,144.819,145.084,-0.341390703
18.10.2022 16:00:00.000,145.069,145.156,142.976,144.007,-0.732065431
18.10.2022 17:00:00.000,143.982,145.294,143.61,144.724,0.515342196
18.10.2022 18:00:00.000,144.779,145.581,144.147,145.318,0.372291562
18.10.2022 19:00:00.000,145.315,145.384,140.65,142.48,-1.950934177
18.10.2022 20:00:00.000,142.463,143.561,141.541,143.318,0.60015583
19.10.2022 14:00:00.000,143.39,144.058,142.58,143.435,0.031382942
19.10.2022 15:00:00.000,143.414,144.936,143.145,143.597,0.127602605
19.10.2022 16:00:00.000,143.591,144.337,143.218,143.929,0.235390797
19.10.2022 17:00:00.000,143.923,143.973,142.848,143.056,-0.602405453
19.10.2022 18:00:00.000,143.056,143.145,142.177,142.8,-0.1789509
19.10.2022 19:00:00.000,142.787,143.57,142.645,142.948,0.112755363
19.10.2022 20:00:00.000,142.96,143.742,142.82,143.57,0.426692781
20.10.2022 14:00:00.000,143.874,145.286,143.295,144.62,0.518509251
20.10.2022 15:00:00.000,144.651,145.877,144.574,145.697,0.723119785
20.10.2022 16:00:00.000,145.686,145.827,144.835,145.367,-0.218964073
20.10.2022 17:00:00.000,145.375,145.399,144.243,144.631,-0.51177988
20.10.2022 18:00:00.000,144.622,144.682,143.329,143.557,-0.736402484
20.10.2022 19:00:00.000,143.56,143.627,142.642,143.296,-0.183895235
20.10.2022 20:00:00.000,143.302,143.769,142.99,143.608,0.213535052
21.10.2022 14:00:00.000,142.815,144.87,142.641,144.87,1.438924483
21.10.2022 15:00:00.000,144.878,145.329,144.011,144.096,-0.539764492
21.10.2022 16:00:00.000,144.093,145.573,143.563,145.573,1.027114433
21.10.2022 17:00:00.000,145.598,146.085,145.037,145.78,0.125001717
21.10.2022 18:00:00.000,145.78,146.28,145.628,146.229,0.307998354
21.10.2022 19:00:00.000,146.235,146.64,145.935,146.64,0.276951482
21.10.2022 20:00:00.000,146.642,147.842,146.598,147.524,0.601464792
24.10.2022 14:00:00.000,146.63,148.321,146.609,148.254,1.107549615
24.10.2022 15:00:00.000,148.278,148.313,145.999,147.685,-0.399924466
24.10.2022 16:00:00.000,147.681,148.484,147.419,148.452,0.522071221
24.10.2022 17:00:00.000,148.47,148.8,148.186,148.48,0.006735367
24.10.2022 18:00:00.000,148.485,148.69,147.899,148.55,0.043775466
24.10.2022 19:00:00.000,148.551,149.852,148.499,149.771,0.82126677
24.10.2022 20:00:00.000,149.768,150.224,149.13,149.158,-0.407296619
25.10.2022 14:00:00.000,149.87,151.412,149.37,151.349,0.986855275
25.10.2022 15:00:00.000,151.35,151.475,150.622,150.914,-0.288074001
25.10.2022 16:00:00.000,150.91,151.859,150.8,151.675,0.506924657
25.10.2022 17:00:00.000,151.672,151.871,151.458,151.556,-0.076480827
25.10.2022 18:00:00.000,151.542,151.752,151.142,151.43,-0.073906904
25.10.2022 19:00:00.000,151.425,152.207,151.4,151.805,0.250949315
25.10.2022 20:00:00.000,151.775,152.422,151.766,152.066,0.191731181
26.10.2022 14:00:00.000,150.9,150.9,149.53,149.623,-0.846255799
26.10.2022 15:00:00.000,149.615,150.95,149.615,150.478,0.576813822
26.10.2022 16:00:00.000,150.517,151.875,150.506,151.555,0.689623099
26.10.2022 17:00:00.000,151.551,151.985,150.494,150.559,-0.65456513
26.10.2022 18:00:00.000,150.545,150.545,148.869,149.445,-0.730678535
26.10.2022 19:00:00.000,149.433,149.504,148.039,148.794,-0.42761639
26.10.2022 20:00:00.000,148.762,149.332,148.484,149.267,0.339468413
27.10.2022 14:00:00.000,148.223,148.37,145.539,146.31,-1.290622913
27.10.2022 15:00:00.000,146.308,148.282,146.165,146.532,0.153101676
27.10.2022 16:00:00.000,146.515,147.258,145.805,146.141,-0.255263966
27.10.2022 17:00:00.000,146.137,146.675,145.181,145.287,-0.58164599
27.10.2022 18:00:00.000,145.3,145.798,144.56,144.653,-0.445285616
27.10.2022 19:00:00.000,144.649,144.749,144.124,144.51,-0.096094684
27.10.2022 20:00:00.000,144.464,145.366,144.266,144.577,0.078220179
28.10.2022 14:00:00.000,150.063,151.908,150.048,151.27,0.804328849
28.10.2022 15:00:00.000,151.285,156.016,151.285,155.673,2.900485838
28.10.2022 16:00:00.000,155.712,156.466,154.963,155.064,-0.416152898
28.10.2022 17:00:00.000,155.063,156.986,154.79,156.729,1.074402017
28.10.2022 18:00:00.000,156.758,157.489,156.398,156.445,-0.19967083
28.10.2022 19:00:00.000,156.448,156.581,155.613,156.106,-0.218602986
28.10.2022 20:00:00.000,156.131,156.235,155.375,156.101,-0.019214634
31.10.2022 14:00:00.000,152.715,154.042,152.337,153.017,0.197753986
31.10.2022 15:00:00.000,152.94,153.386,151.946,152.675,-0.173270564
31.10.2022 16:00:00.000,152.675,153.993,152.558,153.252,0.377926969
31.10.2022 17:00:00.000,153.272,154.143,153.01,153.57,0.194425596
31.10.2022 18:00:00.000,153.57,154.105,153.37,153.717,0.095721821
31.10.2022 19:00:00.000,153.72,154.234,153.288,153.569,-0.098230549
31.10.2022 20:00:00.000,153.605,153.622,152.777,152.931,-0.4387878
01.11.2022 14:00:00.000,154.72,154.994,152.685,152.874,-1.193123061
01.11.2022 15:00:00.000,152.871,152.954,149.645,150.049,-1.846000877
01.11.2022 16:00:00.000,150.054,150.296,149.15,150.046,-0.005331414
01.11.2022 17:00:00.000,150.054,150.485,149.609,150.05,-0.002665707
01.11.2022 18:00:00.000,150.059,150.367,149.607,150.094,0.023324159
01.11.2022 19:00:00.000,150.092,151.088,149.954,150.963,0.580310743
01.11.2022 20:00:00.000,150.949,151.033,150.416,150.866,-0.054985459
02.11.2022 14:00:00.000,149.737,150.33,148.671,148.672,-0.711247053
02.11.2022 15:00:00.000,148.68,149.625,148.677,149.285,0.406914178
02.11.2022 16:00:00.000,149.288,149.44,148.323,148.909,-0.253871711
02.11.2022 17:00:00.000,148.897,149.247,148.18,149.19,0.196780325
02.11.2022 18:00:00.000,149.208,149.65,148.694,149,-0.139402713
02.11.2022 19:00:00.000,148.992,152.107,147.382,147.787,-0.808768256
02.11.2022 20:00:00.000,147.703,148.8,144.992,145.248,-1.662119253
03.11.2022 14:00:00.000,142.635,142.71,139.385,139.66,-2.085743331
03.11.2022 15:00:00.000,139.715,141.307,139.66,141.04,0.94835916
03.11.2022 16:00:00.000,141.04,141.126,139.259,139.472,-1.11174135
03.11.2022 17:00:00.000,139.467,140.76,139.267,140.639,0.84034216
03.11.2022 18:00:00.000,140.632,140.78,139.51,139.514,-0.79498265
03.11.2022 19:00:00.000,139.517,140.327,139.076,140.227,0.508898557
03.11.2022 20:00:00.000,140.233,140.326,139.151,139.227,-0.717377507
04.11.2022 14:00:00.000,140.351,140.622,136.58,138.913,-1.024574103
04.11.2022 15:00:00.000,138.908,140.166,137.773,138.185,-0.520488381
04.11.2022 16:00:00.000,138.212,138.275,134.902,135.026,-2.3051544
04.11.2022 17:00:00.000,135.026,136.54,134.485,134.803,-0.165153378
04.11.2022 18:00:00.000,134.796,135.633,134.447,134.872,0.056381495
04.11.2022 19:00:00.000,134.86,136.86,134.371,136.74,1.394038262
04.11.2022 20:00:00.000,136.76,138.329,136.62,137.659,0.657355952
07.11.2022 14:00:00.000,136.946,137,135.67,136.271,-0.49289501
07.11.2022 15:00:00.000,136.274,137.55,136.07,136.976,0.515138618
07.11.2022 16:00:00.000,136.984,137.801,136.366,136.414,-0.416106991
07.11.2022 17:00:00.000,136.414,137.611,136.253,137.295,0.645828141
07.11.2022 18:00:00.000,137.299,137.639,136.839,137.339,0.029133497
07.11.2022 19:00:00.000,137.341,138.821,137.341,138.159,0.595597819
07.11.2022 20:00:00.000,138.169,139.13,137.715,138.891,0.522548473
08.11.2022 14:00:00.000,139.149,139.487,138.46,139.265,0.083363876
08.11.2022 15:00:00.000,139.255,139.512,138.034,139.494,0.17162759
08.11.2022 16:00:00.000,139.491,140.885,139.195,140.875,0.992178707
08.11.2022 17:00:00.000,140.89,141.303,140.381,141.118,0.161828377
08.11.2022 18:00:00.000,141.115,141.422,138.489,138.763,-1.66672572
08.11.2022 19:00:00.000,138.73,139.145,137.48,138.603,-0.091544727
08.11.2022 20:00:00.000,138.61,140.625,138.543,139.797,0.85635957
09.11.2022 14:00:00.000,138.068,138.35,136.997,137.256,-0.588116001
09.11.2022 15:00:00.000,137.226,137.937,136.142,136.497,-0.531240435
09.11.2022 16:00:00.000,136.499,137.398,136.405,136.615,0.084982308
09.11.2022 17:00:00.000,136.609,136.706,136.13,136.331,-0.203500501
09.11.2022 18:00:00.000,136.342,136.566,134.992,135.207,-0.832465418
09.11.2022 19:00:00.000,135.215,135.525,134.694,134.771,-0.328365936
09.11.2022 20:00:00.000,134.771,135.46,134.589,134.925,0.114267906
10.11.2022 14:00:00.000,141.471,143.282,140.39,143.259,1.263863265
10.11.2022 15:00:00.000,143.32,143.665,142.584,143.23,-0.062796539
10.11.2022 16:00:00.000,143.208,143.415,142.162,143.11,-0.068431931
10.11.2022 17:00:00.000,143.112,143.632,142.721,142.823,-0.20193974
10.11.2022 18:00:00.000,142.877,143.999,142.846,143.855,0.684504854
10.11.2022 19:00:00.000,143.86,144.602,143.826,144.532,0.467120812
10.11.2022 20:00:00.000,144.527,146.483,144.415,146.423,1.311865603
11.11.2022 14:00:00.000,144.691,146.463,144.465,145.436,0.514890353
11.11.2022 15:00:00.000,145.17,148.556,144.735,148.108,2.023834126
11.11.2022 16:00:00.000,148.11,148.725,146.444,147.378,-0.494227264
11.11.2022 17:00:00.000,147.36,148.494,147.165,148.255,0.607356135
11.11.2022 18:00:00.000,148.254,149.73,148.21,149.601,0.908575823
11.11.2022 19:00:00.000,149.605,149.996,149.436,149.97,0.243975803
11.11.2022 20:00:00.000,149.977,149.99,148.755,149.738,-0.159357768
14.11.2022 14:00:00.000,149.059,149.085,147.415,147.889,-0.78492409
14.11.2022 15:00:00.000,147.891,148.635,147.705,148.225,0.225842005
14.11.2022 16:00:00.000,148.225,148.536,147.559,148.415,0.128183505
14.11.2022 17:00:00.000,148.414,149.266,148.271,148.834,0.282992171
14.11.2022 18:00:00.000,148.846,150.19,148.704,150.18,0.896228317
14.11.2022 19:00:00.000,150.164,150.265,149.497,149.535,-0.418875363
14.11.2022 20:00:00.000,149.55,150.144,148.58,148.584,-0.645937813
15.11.2022 14:00:00.000,152.435,153.01,151.665,152.636,0.131859481
15.11.2022 15:00:00.000,152.65,153.567,152.105,152.485,-0.108090403
15.11.2022 16:00:00.000,152.472,153.01,151.786,152.722,0.163964531
15.11.2022 17:00:00.000,152.72,152.758,151.201,151.403,-0.862362493
15.11.2022 18:00:00.000,151.407,151.685,148.681,149.49,-1.266123759
15.11.2022 19:00:00.000,149.476,150.72,148.552,150.464,0.660975675
15.11.2022 20:00:00.000,150.457,150.873,149.634,149.78,-0.449962448
16.11.2022 14:00:00.000,149.691,149.77,147.963,148.251,-0.961981682
16.11.2022 15:00:00.000,148.225,148.885,147.286,147.735,-0.330578512
16.11.2022 16:00:00.000,147.74,148.743,147.667,148.41,0.453499391
16.11.2022 17:00:00.000,148.407,149.445,148.187,148.745,0.22775206
16.11.2022 18:00:00.000,148.726,149.3,148.515,148.6,-0.084719551
16.11.2022 19:00:00.000,148.589,149.063,148.272,149.035,0.300156808
16.11.2022 20:00:00.000,149.037,149.239,148.345,149.16,0.082529842
17.11.2022 14:00:00.000,147.23,148,147.035,147.485,0.173198397
17.11.2022 15:00:00.000,147.45,148.8,147.311,148.148,0.473380807
17.11.2022 16:00:00.000,148.126,150.046,148.101,149.964,1.240835505
17.11.2022 17:00:00.000,149.974,151.315,149.605,151.16,0.790803739
17.11.2022 18:00:00.000,151.14,151.471,150.784,151.08,-0.039698293
17.11.2022 19:00:00.000,151.073,151.161,149.53,150.22,-0.564627697
17.11.2022 20:00:00.000,150.185,150.565,149.525,150.118,-0.044611646
18.11.2022 14:00:00.000,151.32,151.675,150.77,151.475,0.102431932
18.11.2022 15:00:00.000,151.445,151.493,149.956,150.971,-0.312984912
18.11.2022 16:00:00.000,150.955,151.963,150.57,151.39,0.288165347
18.11.2022 17:00:00.000,151.414,151.592,150.36,150.65,-0.504576856
18.11.2022 18:00:00.000,150.639,151.266,150.52,150.994,0.235662743
18.11.2022 19:00:00.000,150.985,151.296,150.854,151.23,0.162267775
18.11.2022 20:00:00.000,151.211,151.9,150.846,150.906,-0.201704902
21.11.2022 14:00:00.000,149.164,149.78,148.465,149.64,0.31911185
21.11.2022 15:00:00.000,149.67,149.959,147.784,148.054,-1.079708692
21.11.2022 16:00:00.000,148.049,148.715,147.745,148.069,0.013509041
21.11.2022 17:00:00.000,148.068,148.35,147.711,147.974,-0.063484345
21.11.2022 18:00:00.000,147.954,149.02,147.914,148.501,0.369709504
21.11.2022 19:00:00.000,148.505,148.76,148.223,148.395,-0.07407158
21.11.2022 20:00:00.000,148.384,148.582,147.92,148.115,-0.181286392
22.11.2022 14:00:00.000,148.122,148.16,146.926,147.527,-0.401695899
22.11.2022 15:00:00.000,147.487,148.825,147.402,148.71,0.829225627
22.11.2022 16:00:00.000,148.71,148.967,148.381,148.86,0.10086746
22.11.2022 17:00:00.000,148.861,149.521,148.835,149.193,0.223026851
22.11.2022 18:00:00.000,149.196,150.033,149.045,149.972,0.520121183
22.11.2022 19:00:00.000,149.97,150.023,149.451,149.772,-0.132026405
22.11.2022 20:00:00.000,149.776,150.228,149.74,150.155,0.253044547
23.11.2022 14:00:00.000,150.315,151.415,150.276,151.07,0.502278548
23.11.2022 15:00:00.000,151.115,151.785,150.62,151.58,0.307712669
23.11.2022 16:00:00.000,151.58,151.751,149.79,150.085,-0.986277873
23.11.2022 17:00:00.000,150.072,150.395,149.342,149.635,-0.29119356
23.11.2022 18:00:00.000,149.635,150.447,149.514,150.295,0.441073278
23.11.2022 19:00:00.000,150.285,151.28,149.759,150.979,0.461789267
23.11.2022 20:00:00.000,150.978,151.41,150.625,150.883,-0.062923075
25.11.2022 14:00:00.000,147.315,148.72,147.115,148.64,0.899433187
25.11.2022 15:00:00.000,148.62,148.865,147.954,148.145,-0.319607052
25.11.2022 16:00:00.000,148.146,148.38,147.595,148.29,0.097201409
25.11.2022 17:00:00.000,148.293,148.404,147.8,148.115,-0.120032638
28.11.2022 14:00:00.000,146.09,146.619,145.834,145.955,-0.092408789
28.11.2022 15:00:00.000,145.95,146.179,144.814,145.005,-0.647482014
28.11.2022 16:00:00.000,144.995,145.464,144.77,145.155,0.110348633
28.11.2022 17:00:00.000,145.155,145.744,144.743,144.819,-0.231476697
28.11.2022 18:00:00.000,144.831,145.074,143.929,143.96,-0.601390586
28.11.2022 19:00:00.000,143.955,144.074,143.371,143.934,-0.014587892
28.11.2022 20:00:00.000,143.931,144.15,143.645,144.128,0.13687114
29.11.2022 14:00:00.000,143.957,143.961,142.98,143.126,-0.577255708
29.11.2022 15:00:00.000,143.124,144.812,143.075,144.265,0.79721081
29.11.2022 16:00:00.000,144.252,144.31,141.187,142.1,-1.491833735
29.11.2022 17:00:00.000,142.095,142.105,141.29,141.53,-0.39762131
29.11.2022 18:00:00.000,141.535,141.555,140.495,141.135,-0.282615607
29.11.2022 19:00:00.000,141.14,141.587,140.375,140.575,-0.400311747
29.11.2022 20:00:00.000,140.582,141.039,140.351,140.937,0.25252166
30.11.2022 14:00:00.000,141.15,142.355,140.789,141.945,0.563230606
30.11.2022 15:00:00.000,141.942,142.135,140.98,141.14,-0.565019515
30.11.2022 16:00:00.000,141.179,141.996,141.07,141.57,0.276953371
30.11.2022 17:00:00.000,141.561,141.604,140.69,141.244,-0.223931733
30.11.2022 18:00:00.000,141.248,144.37,141.125,144.21,2.097020843
30.11.2022 19:00:00.000,144.17,146.505,144.17,146.078,1.323437608
30.11.2022 20:00:00.000,146.081,147.781,145.973,147.475,0.954265099
01.12.2022 14:00:00.000,148.236,149.105,147.798,148.243,0.0047222
01.12.2022 15:00:00.000,148.278,148.443,146.614,148.206,-0.048557439
01.12.2022 16:00:00.000,148.21,148.245,147.425,147.646,-0.380541124
01.12.2022 17:00:00.000,147.646,147.995,147.103,147.91,0.178806063
01.12.2022 18:00:00.000,147.907,148.439,147.557,148.196,0.195393051
01.12.2022 19:00:00.000,148.191,148.842,147.95,148.831,0.43187508
01.12.2022 20:00:00.000,148.823,148.988,148.276,148.691,-0.088695968
02.12.2022 14:00:00.000,146.439,146.886,145.774,146.27,-0.115406415
02.12.2022 15:00:00.000,146.25,146.869,145.645,146.2,-0.034188034
02.12.2022 16:00:00.000,146.201,146.961,145.879,146.618,0.285223767
02.12.2022 17:00:00.000,146.631,146.931,146.106,146.245,-0.263245835
02.12.2022 18:00:00.000,146.229,146.593,146.038,146.459,0.157287542
02.12.2022 19:00:00.000,146.454,146.945,146.088,146.913,0.313408988
02.12.2022 20:00:00.000,146.915,147.985,146.831,147.32,0.275669605
05.12.2022 14:00:00.000,148.946,150.904,148.946,149.968,0.686154714
05.12.2022 15:00:00.000,149.913,150.021,147.608,147.89,-1.349449347
05.12.2022 16:00:00.000,147.893,148.195,146.371,146.46,-0.968943763
05.12.2022 17:00:00.000,146.458,147.276,146.418,146.651,0.131778394
05.12.2022 18:00:00.000,146.65,146.887,146.111,146.164,-0.331401296
05.12.2022 19:00:00.000,146.146,146.431,145.77,146.03,-0.079372682
05.12.2022 20:00:00.000,146.03,146.41,145.786,146.372,0.234198452
06.12.2022 14:00:00.000,146.445,146.708,145.119,145.119,-0.905459387
06.12.2022 15:00:00.000,145.085,145.34,143.57,144.12,-0.665127339
06.12.2022 16:00:00.000,144.11,145.007,143.84,144.566,0.316424953
06.12.2022 17:00:00.000,144.547,144.882,143.861,143.958,-0.40747992
06.12.2022 18:00:00.000,143.965,144.186,143.125,143.57,-0.274372243
06.12.2022 19:00:00.000,143.572,143.586,141.956,142.449,-0.782185942
06.12.2022 20:00:00.000,142.474,142.99,141.989,142.863,0.273032273
07.12.2022 14:00:00.000,143.195,143.362,140.7,140.859,-1.631341876
07.12.2022 15:00:00.000,140.82,142.217,140.585,141.87,0.745632723
07.12.2022 16:00:00.000,141.896,142.137,140.608,141.082,-0.573659582
07.12.2022 17:00:00.000,141.068,141.355,140.691,140.88,-0.133269062
07.12.2022 18:00:00.000,140.875,141.414,140.723,140.862,-0.009228039
07.12.2022 19:00:00.000,140.86,141.44,140.62,140.74,-0.08519097
07.12.2022 20:00:00.000,140.74,140.955,139.991,140.95,0.149211312
08.12.2022 14:00:00.000,142.094,142.47,141.091,142.47,0.264613566
08.12.2022 15:00:00.000,142.475,143.508,142.185,142.985,0.357957536
08.12.2022 16:00:00.000,143,143.237,142.144,142.802,-0.138461538
08.12.2022 17:00:00.000,142.793,143.025,141.893,142.414,-0.265419173
08.12.2022 18:00:00.000,142.435,143.266,142.181,142.604,0.118650613
08.12.2022 19:00:00.000,142.61,142.715,141.563,142.425,-0.129724423
08.12.2022 20:00:00.000,142.41,142.992,142.063,142.436,0.018257145
09.12.2022 14:00:00.000,141.265,142.232,141.077,141.703,0.310055569
09.12.2022 15:00:00.000,141.708,144.306,141.197,144.306,1.833347447
09.12.2022 16:00:00.000,144.303,145.11,143.835,144.991,0.476774565
09.12.2022 17:00:00.000,144.995,145.549,144.368,144.425,-0.393117004
09.12.2022 18:00:00.000,144.43,144.453,143.845,144.198,-0.160631448
09.12.2022 19:00:00.000,144.195,144.305,143.74,143.84,-0.24619439
09.12.2022 20:00:00.000,143.834,144.142,142.376,142.534,-0.903819681
12.12.2022 14:00:00.000,142.587,142.74,141.637,142.675,0.061716706
12.12.2022 15:00:00.000,142.675,142.865,141.057,141.754,-0.645523042
12.12.2022 16:00:00.000,141.78,142.467,141.734,141.932,0.107208351
12.12.2022 17:00:00.000,141.934,142.426,141.832,142.27,0.236729748
12.12.2022 18:00:00.000,142.275,142.88,142.035,142.69,0.291688631
12.12.2022 19:00:00.000,142.687,143.92,142.392,143.815,0.790541535
12.12.2022 20:00:00.000,143.815,144.135,143.485,143.929,0.079268505
13.12.2022 14:00:00.000,149.08,149.946,148.775,149.269,0.126777569
13.12.2022 15:00:00.000,149.297,149.348,146.913,147.823,-0.987293784
13.12.2022 16:00:00.000,147.847,148.329,145.66,146.184,-1.12481146
13.12.2022 17:00:00.000,146.214,146.36,144.248,145.062,-0.787886249
13.12.2022 18:00:00.000,145.057,145.761,144.55,145.284,0.156490207
13.12.2022 19:00:00.000,145.29,146.113,144.276,145.13,-0.110124578
13.12.2022 20:00:00.000,145.116,145.953,144.32,145.758,0.442404697
14.12.2022 14:00:00.000,145.728,146.412,145.413,146.288,0.384277558
14.12.2022 15:00:00.000,146.274,146.64,145.64,145.979,-0.201676306
14.12.2022 16:00:00.000,145.986,146.345,145.583,145.931,-0.037674846
14.12.2022 17:00:00.000,145.922,145.925,145.253,145.291,-0.432422801
14.12.2022 18:00:00.000,145.31,146.625,145.256,146.25,0.64689285
14.12.2022 19:00:00.000,146.273,146.278,141.52,142.675,-2.459784102
14.12.2022 20:00:00.000,142.685,145.035,142.182,143.475,0.553667169
15.12.2022 14:00:00.000,140.35,140.535,138.905,139.104,-0.887780549
15.12.2022 15:00:00.000,139.065,139.374,138.453,138.777,-0.2070974
15.12.2022 16:00:00.000,138.769,139.075,137.715,137.855,-0.658648545
15.12.2022 17:00:00.000,137.855,138.21,137.215,137.266,-0.427260527
15.12.2022 18:00:00.000,137.283,137.372,136.5,136.777,-0.368581689
15.12.2022 19:00:00.000,136.774,137.079,136.184,136.905,0.095778437
15.12.2022 20:00:00.000,136.876,137.247,136.017,136.43,-0.325842368
16.12.2022 14:00:00.000,136.603,137.621,135.683,136.627,0.01756916
16.12.2022 15:00:00.000,136.606,136.655,134.681,135.13,-1.080479628
16.12.2022 16:00:00.000,135.143,135.223,134.352,134.516,-0.463952998
16.12.2022 17:00:00.000,134.53,135.32,134.256,134.306,-0.166505612
16.12.2022 18:00:00.000,134.306,134.416,133.938,134.296,-0.007445684
16.12.2022 19:00:00.000,134.306,134.514,133.728,134.36,0.040206692
16.12.2022 20:00:00.000,134.358,135.392,134.126,134.85,0.366185862
19.12.2022 14:00:00.000,133.998,134.736,133.017,133.25,-0.558217287
19.12.2022 15:00:00.000,133.235,133.24,131.773,131.853,-1.037264983
19.12.2022 16:00:00.000,131.896,132.606,131.45,132.351,0.344968763
19.12.2022 17:00:00.000,132.348,133.238,132.34,132.843,0.374013963
19.12.2022 18:00:00.000,132.848,132.915,132.262,132.33,-0.389919306
19.12.2022 19:00:00.000,132.302,132.678,132.012,132.186,-0.087678191
19.12.2022 20:00:00.000,132.178,132.265,131.33,132.248,0.052958889
20.12.2022 14:00:00.000,130.258,131.421,129.925,131.326,0.819911253
20.12.2022 15:00:00.000,131.328,133.254,131.188,132.255,0.705866228
20.12.2022 16:00:00.000,132.24,132.475,130.843,132.078,-0.122504537
20.12.2022 17:00:00.000,132.084,132.719,132.007,132.498,0.313436904
20.12.2022 18:00:00.000,132.499,132.746,131.763,131.905,-0.44830527
20.12.2022 19:00:00.000,131.894,132.129,131.611,131.823,-0.053831107
20.12.2022 20:00:00.000,131.82,132.426,131.518,132.306,0.36868457
21.12.2022 14:00:00.000,133.375,134.419,133.36,133.52,0.108716026
21.12.2022 15:00:00.000,133.534,136.667,133.49,136.597,2.293797834
21.12.2022 16:00:00.000,136.632,136.79,135.287,135.522,-0.812401194
21.12.2022 17:00:00.000,135.541,135.998,135.066,135.984,0.326838374
21.12.2022 18:00:00.000,135.993,136.154,135.149,135.47,-0.384578618
21.12.2022 19:00:00.000,135.479,136.112,135.107,135.378,-0.074550299
21.12.2022 20:00:00.000,135.406,135.59,135.01,135.586,0.132933548
22.12.2022 14:00:00.000,133.274,133.84,133.245,133.525,0.188333809
22.12.2022 15:00:00.000,133.527,133.527,131.142,131.53,-1.495577673
22.12.2022 16:00:00.000,131.533,131.988,131.045,131.702,0.128484867
22.12.2022 17:00:00.000,131.697,131.762,130.7,131.007,-0.52392993
22.12.2022 18:00:00.000,131.009,131.047,130.313,130.79,-0.167164088
22.12.2022 19:00:00.000,130.795,131.541,130.647,131.492,0.532894988
22.12.2022 20:00:00.000,131.5,132.275,131.157,132.204,0.535361217
23.12.2022 14:00:00.000,130.6,130.901,129.629,129.985,-0.470903522
23.12.2022 15:00:00.000,129.995,132.413,129.66,130.87,0.673102812
23.12.2022 16:00:00.000,130.871,131.675,130.243,130.886,0.011461668
23.12.2022 17:00:00.000,130.878,131.749,130.821,131.124,0.187961307
23.12.2022 18:00:00.000,131.136,131.496,130.8,131.168,0.024402147
23.12.2022 19:00:00.000,131.16,131.758,130.926,131.713,0.421622446
23.12.2022 20:00:00.000,131.718,131.992,131.185,131.795,0.058458221
27.12.2022 14:00:00.000,130.861,130.861,129.17,129.356,-1.150075271
27.12.2022 15:00:00.000,129.323,130.41,128.735,129.828,0.390495117
27.12.2022 16:00:00.000,129.835,130.136,129.168,129.929,0.072399584
27.12.2022 17:00:00.000,129.929,130.517,129.683,130.122,0.148542666
27.12.2022 18:00:00.000,130.127,130.359,129.61,129.67,-0.351195371
27.12.2022 19:00:00.000,129.667,130.305,129.643,130.173,0.390230359
27.12.2022 20:00:00.000,130.172,130.578,129.962,130.11,-0.04762929
28.12.2022 14:00:00.000,130.568,131.023,129.8,129.956,-0.468721279
28.12.2022 15:00:00.000,129.975,130.49,128.056,128.065,-1.469513368
28.12.2022 16:00:00.000,128.051,128.21,126.455,126.618,-1.119085364
28.12.2022 17:00:00.000,126.62,127.723,126.401,127.619,0.788974885
28.12.2022 18:00:00.000,127.638,128.385,126.84,127.084,-0.434040019
28.12.2022 19:00:00.000,127.064,127.485,126.801,126.83,-0.184159164
28.12.2022 20:00:00.000,126.821,126.843,125.875,126.035,-0.619771174
29.12.2022 14:00:00.000,128.7,129.761,128.628,128.733,0.025641026
29.12.2022 15:00:00.000,128.81,129.967,128.175,129.948,0.88347178
29.12.2022 16:00:00.000,129.948,130.471,129.437,130.093,0.111583095
29.12.2022 17:00:00.000,130.106,130.368,129.504,129.846,-0.199837056
29.12.2022 18:00:00.000,129.833,130.067,129.318,130.023,0.146341839
29.12.2022 19:00:00.000,130.019,130.237,129.728,129.764,-0.196125182
29.12.2022 20:00:00.000,129.764,130.203,129.695,129.907,0.110200055
30.12.2022 14:00:00.000,128.519,128.62,127.47,127.873,-0.502649414
30.12.2022 15:00:00.000,127.871,129.241,127.434,128.831,0.750756622
30.12.2022 16:00:00.000,128.828,129.04,128.073,128.99,0.125749061
30.12.2022 17:00:00.000,128.99,129.076,128.629,128.943,-0.036436933
30.12.2022 18:00:00.000,128.935,128.956,128.017,128.363,-0.443634389
30.12.2022 19:00:00.000,128.367,128.39,127.964,128.268,-0.077122625
30.12.2022 20:00:00.000,128.28,129.76,128.249,129.759,1.152946679
